product_name,source_store,target_store,state_source_stock,state_target_stock,state_source_sales_30d,state_target_sales_30d,state_inbound_days,state_unit_cost,state_distance_km,state_transfer_cost,state_promotion_net_cost,suggested_qty,estimated_cost,final_recommendation,heuristic_score,heuristic_grade,greedy_rank,is_greedy_selected,action,reward_disposal_saving,reward_holding_saving,reward_sales_opportunity,reward_balance_effect,reward_transport_penalty,reward_promotion_penalty,reward_time_penalty,reward,scenario_id,scenario_name,created_at,uploaded_excel_name
고메 치즈함박스테이크,명동점,홍대2점,272.0,222.0,174.0,474.0,0.0,4040.0,8.14,8826.0,194714.0,243.0,8826.0,재배치 추천,77.4,우선 추천,38,False,transfer,115098.207,1979.6,98172.0,0.547,0.883,19.471,0.0,215230.0,d51f2a3d,expiry,2026-05-25 04:49:50,
유어스 닭가슴살샌드위치,신림점,강남2점,272.0,212.0,354.0,474.0,0.0,2710.0,12.5,12750.0,138417.0,260.0,12750.0,재배치 추천,77.0,우선 추천,39,False,transfer,40604.068,0.0,70460.0,0.161,1.275,13.842,0.0,111049.112,d51f2a3d,expiry,2026-05-25 04:49:50,
유어스 불고기피자,명동점,홍대4점,275.0,235.0,165.0,465.0,0.0,2260.0,6.74,7566.0,102840.0,230.0,7566.0,재배치 추천,76.7,우선 추천,40,False,transfer,64975.0,1243.0,51980.0,0.581,0.757,10.284,0.0,118187.54,d51f2a3d,expiry,2026-05-25 04:49:50,
혜자로운 햄구이도시락,신촌점,종로점,259.0,219.0,393.0,453.0,0.0,3650.0,7.16,7944.0,167964.0,232.0,7944.0,재배치 추천,76.7,우선 추천,41,False,transfer,41855.191,0.0,84680.0,0.088,0.794,16.796,0.0,126517.688,d51f2a3d,expiry,2026-05-25 04:49:50,
롯데 카스타드,신촌2점,용산점,265.0,245.0,105.0,465.0,0.0,1650.0,5.45,6405.0,70576.0,220.0,6405.0,재배치 추천,76.3,우선 추천,43,False,transfer,54450.0,1320.0,36300.0,0.998,0.64,7.058,0.0,92063.3,d51f2a3d,expiry,2026-05-25 04:49:50,
롯데 카스타드,종로점,용산점,275.0,245.0,225.0,465.0,0.0,1650.0,7.08,7872.0,68973.0,220.0,7872.0,재배치 추천,75.4,우선 추천,44,False,transfer,33275.0,412.5,36300.0,0.348,0.787,6.897,0.0,69980.163,d51f2a3d,expiry,2026-05-25 04:49:50,
롯데 카스타드,방배점,용산점,275.0,245.0,285.0,465.0,0.0,1650.0,8.14,8826.0,70482.0,220.0,8826.0,재배치 추천,74.9,우선 추천,45,False,transfer,26269.737,0.0,36300.0,0.219,0.883,7.048,0.0,62562.025,d51f2a3d,expiry,2026-05-25 04:49:50,
혜자로운 햄구이도시락,마포점,종로점,279.0,219.0,393.0,453.0,0.0,3650.0,11.18,11562.0,168886.0,234.0,11562.0,재배치 추천,74.9,우선 추천,46,False,transfer,45475.935,0.0,85410.0,0.113,1.156,16.889,0.0,130868.004,d51f2a3d,expiry,2026-05-25 04:49:50,
오뚜기 진라면컵,성수점,이태원점,277.0,217.0,309.0,429.0,0.0,2630.0,7.22,7998.0,109763.0,212.0,7998.0,재배치 추천,74.5,우선 추천,47,False,transfer,37486.437,0.0,55756.0,0.195,0.8,10.976,0.0,93230.856,d51f2a3d,expiry,2026-05-25 04:49:50,
유어스 닭가슴살샌드위치,여의도2점,강남2점,272.0,212.0,414.0,474.0,0.0,2710.0,14.12,14208.0,129221.0,244.0,14208.0,재배치 추천,74.5,우선 추천,48,False,transfer,32582.841,0.0,66124.0,0.105,1.421,12.922,0.0,98692.603,d51f2a3d,expiry,2026-05-25 04:49:50,
고메 치즈함박스테이크,홍대점,홍대2점,272.0,222.0,114.0,474.0,0.0,4040.0,0.0,15789.0,201411.0,252.0,15789.0,재배치 추천,74.4,우선 추천,49,False,transfer,152712.0,3191.6,101808.0,0.959,1.579,20.141,0.0,257690.839,d51f2a3d,expiry,2026-05-25 04:49:50,
유어스 국물떡볶이,역삼점,압구정점,279.0,199.0,333.0,393.0,0.0,3110.0,4.46,5514.0,118710.0,194.0,5514.0,재배치 추천,74.0,우선 추천,50,False,transfer,37912.581,0.0,60334.0,0.166,0.551,11.871,0.0,98234.324,d51f2a3d,expiry,2026-05-25 04:49:50,
해태 홈런볼,구로점,합정점,256.0,246.0,222.0,462.0,0.0,2500.0,9.06,9654.0,104423.0,216.0,9654.0,재배치 추천,74.0,우선 추천,51,False,transfer,46702.703,425.0,54000.0,0.31,0.965,10.442,0.0,101116.605,d51f2a3d,expiry,2026-05-25 04:49:50,
오뚜기 진라면컵,사당점,이태원점,277.0,217.0,369.0,429.0,0.0,2630.0,8.51,9159.0,109321.0,212.0,9159.0,재배치 추천,73.8,우선 추천,52,False,transfer,31391.081,0.0,55756.0,0.122,0.916,10.932,0.0,87135.356,d51f2a3d,expiry,2026-05-25 04:49:50,
게토레이 레몬,잠실점,강남점,261.0,231.0,207.0,447.0,0.0,1190.0,9.55,10095.0,48476.0,216.0,10095.0,재배치 추천,73.8,우선 추천,53,False,transfer,24307.043,321.3,25704.0,0.372,1.01,4.848,0.0,50326.858,d51f2a3d,expiry,2026-05-25 04:49:50,
게토레이 레몬,신촌2점,용산점,271.0,251.0,87.0,447.0,0.0,1190.0,5.45,6405.0,44662.0,196.0,6405.0,재배치 추천,73.7,우선 추천,54,False,transfer,34986.0,1094.8,23324.0,1.277,0.64,4.466,0.0,59400.97,d51f2a3d,expiry,2026-05-25 04:49:50,
혜자로운 집밥 함박스테이크,잠실4점,건대4점,270.0,275.0,270.0,465.0,0.0,2820.0,4.39,5451.0,106540.0,190.0,5451.0,재배치 추천,73.6,우선 추천,55,False,transfer,40185.0,0.0,53580.0,0.204,0.545,10.654,0.0,93754.005,d51f2a3d,expiry,2026-05-25 04:49:50,
유어스 스파클링 자몽,여의도점,상암점,263.0,203.0,291.0,411.0,0.0,850.0,8.84,9456.0,34047.0,208.0,9456.0,재배치 추천,73.2,우선 추천,56,False,transfer,11984.124,0.0,17680.0,0.205,0.946,3.405,0.0,29659.978,d51f2a3d,expiry,2026-05-25 04:49:50,
유어스 샐러드랩,종로점,용산점,258.0,228.0,186.0,426.0,0.0,2800.0,7.08,7872.0,107649.0,198.0,7872.0,재배치 추천,73.1,우선 추천,57,False,transfer,57675.484,1008.0,55440.0,0.426,0.787,10.765,0.0,114112.358,d51f2a3d,expiry,2026-05-25 04:49:50,
유어스 샐러드랩,홍대2점,용산점,278.0,228.0,246.0,426.0,0.0,2800.0,7.09,7881.0,108203.0,198.0,7881.0,재배치 추천,73.1,우선 추천,58,False,transfer,46988.78,448.0,55440.0,0.297,0.788,10.82,0.0,102865.47,d51f2a3d,expiry,2026-05-25 04:49:50,
고메 치즈함박스테이크,마포점,홍대2점,262.0,222.0,354.0,474.0,0.0,4040.0,0.0,17850.0,199974.0,250.0,17850.0,재배치 추천,73.0,우선 추천,59,False,transfer,56063.559,0.0,101000.0,0.136,1.785,19.997,0.0,157041.913,d51f2a3d,expiry,2026-05-25 04:49:50,
카페25 헤이즐넛라떼,방배점,이태원점,273.0,243.0,201.0,441.0,0.0,1510.0,7.69,8421.0,58786.0,198.0,8421.0,재배치 추천,72.7,우선 추천,60,False,transfer,30455.799,543.6,29898.0,0.404,0.842,5.879,0.0,60891.081,d51f2a3d,expiry,2026-05-25 04:49:50,
유어스 샐러드랩,압구정점,용산점,278.0,228.0,186.0,426.0,0.0,2800.0,8.14,8826.0,108824.0,198.0,8826.0,재배치 추천,72.5,우선 추천,61,False,transfer,62146.452,1288.0,55440.0,0.48,0.883,10.882,0.0,118863.166,d51f2a3d,expiry,2026-05-25 04:49:50,
카페25 헤이즐넛라떼,여의도6점,이태원점,273.0,243.0,141.0,441.0,0.0,1510.0,8.21,8889.0,58424.0,198.0,8889.0,재배치 추천,72.5,우선 추천,62,False,transfer,43415.713,996.6,29898.0,0.693,0.889,5.842,0.0,74304.274,d51f2a3d,expiry,2026-05-25 04:49:50,
코카콜라 제로,홍대2점,신촌점,253.0,273.0,141.0,441.0,0.0,840.0,2.09,3381.0,26933.0,168.0,3381.0,재배치 추천,72.3,우선 추천,63,False,transfer,18991.149,470.4,14112.0,0.588,0.338,2.693,0.0,33571.105,d51f2a3d,expiry,2026-05-25 04:49:50,
서울우유 요구르트,용산점,합정점,279.0,229.0,123.0,423.0,0.0,970.0,7.76,8484.0,34352.0,194.0,8484.0,재배치 추천,72.3,우선 추천,64,False,transfer,28227.0,756.6,18818.0,0.863,0.848,3.435,0.0,47798.18,d51f2a3d,expiry,2026-05-25 04:49:50,
유어스 새우롤샌드,건대점,동대문점,273.0,213.0,291.0,411.0,0.0,3050.0,8.61,9249.0,117651.0,198.0,9249.0,재배치 추천,72.3,우선 추천,65,False,transfer,42490.902,0.0,60390.0,0.21,0.925,11.765,0.0,102868.422,d51f2a3d,expiry,2026-05-25 04:49:50,
게토레이 레몬,신촌2점,강남점,271.0,231.0,87.0,447.0,0.0,1190.0,12.61,12849.0,49220.0,216.0,12849.0,재배치 추천,72.2,우선 추천,66,False,transfer,38556.0,1094.8,25704.0,1.299,1.285,4.922,0.0,65349.892,d51f2a3d,expiry,2026-05-25 04:49:50,
유어스 고르곤졸라피자,안양4점,성남5점,278.0,223.0,66.0,471.0,0.0,2220.0,19.72,19248.0,109156.0,248.0,19248.0,재배치 추천,72.0,우선 추천,67,False,transfer,82584.0,2353.2,55056.0,1.869,1.925,10.916,0.0,139982.229,d51f2a3d,expiry,2026-05-25 04:49:50,
게토레이 레몬,문래점,용산점,261.0,251.0,267.0,447.0,0.0,1190.0,8.93,9537.0,45142.0,196.0,9537.0,재배치 추천,71.9,우선 추천,68,False,transfer,17099.899,0.0,23324.0,0.208,0.954,4.514,0.0,40418.639,d51f2a3d,expiry,2026-05-25 04:49:50,
농심 육개장사발면,명동점,신촌점,277.0,247.0,249.0,429.0,0.0,1790.0,6.5,7350.0,63433.0,182.0,7350.0,재배치 추천,71.6,우선 추천,69,False,transfer,27181.042,250.6,32578.0,0.268,0.735,6.343,0.0,60002.832,d51f2a3d,expiry,2026-05-25 04:49:50,
롯데 카스타드,신촌2점,목동점,265.0,265.0,105.0,465.0,0.0,1650.0,10.77,11193.0,64160.0,200.0,11193.0,재배치 추천,71.4,우선 추천,70,False,transfer,49500.0,1320.0,33000.0,0.977,1.119,6.416,0.0,83813.442,d51f2a3d,expiry,2026-05-25 04:49:50,
브레디크 우유생크림빵,신촌2점,용산점,277.0,257.0,69.0,429.0,0.0,2390.0,5.45,6405.0,81104.0,172.0,6405.0,재배치 추천,71.1,우선 추천,71,False,transfer,61662.0,2485.6,41108.0,1.708,0.64,8.11,0.0,105248.557,d51f2a3d,expiry,2026-05-25 04:49:50,
유어스 불고기피자,명동점,압구정점,275.0,225.0,165.0,405.0,0.0,2260.0,7.14,7926.0,80484.0,180.0,7926.0,재배치 추천,71.1,우선 추천,72,False,transfer,50850.0,1243.0,40680.0,0.556,0.793,8.048,0.0,92764.715,d51f2a3d,expiry,2026-05-25 04:49:50,
유어스 스파클링 자몽,여의도점,이태원점,263.0,223.0,291.0,411.0,0.0,850.0,8.78,9402.0,30773.0,188.0,9402.0,재배치 추천,71.1,우선 추천,73,False,transfer,10831.804,0.0,15980.0,0.181,0.94,3.077,0.0,26807.967,d51f2a3d,expiry,2026-05-25 04:49:50,
유어스 닭가슴살샌드위치,강남점,강남2점,262.0,212.0,114.0,474.0,0.0,2710.0,0.0,20505.0,129433.0,246.0,20505.0,재배치 추천,71.1,우선 추천,74,False,transfer,99999.0,2005.4,66666.0,0.925,2.05,12.943,0.0,168656.332,d51f2a3d,expiry,2026-05-25 04:49:50,
서울우유 요구르트,용산점,잠원점,279.0,249.0,123.0,423.0,0.0,970.0,5.93,6837.0,30811.0,174.0,6837.0,재배치 추천,71.0,우선 추천,75,False,transfer,25317.0,756.6,16878.0,0.84,0.684,3.081,0.0,42948.675,d51f2a3d,expiry,2026-05-25 04:49:50,
카페25 헤이즐넛라떼,여의도6점,신촌2점,273.0,263.0,141.0,441.0,0.0,1510.0,6.83,7647.0,52522.0,178.0,7647.0,재배치 추천,71.0,우선 추천,76,False,transfer,39030.287,996.6,26878.0,0.67,0.765,5.252,0.0,66899.54,d51f2a3d,expiry,2026-05-25 04:49:50,
심플리쿡 리코타치즈샐러드,신촌7점,강남3점,267.0,217.0,249.0,429.0,0.0,3460.0,14.08,14172.0,145083.0,212.0,14172.0,재배치 추천,71.0,우선 추천,77,False,transfer,58990.916,311.4,73352.0,0.283,1.417,14.508,0.0,132638.673,d51f2a3d,expiry,2026-05-25 04:49:50,
유어스 스파클링 자몽,청량리점,이태원점,263.0,223.0,351.0,411.0,0.0,850.0,9.11,9699.0,30566.0,188.0,9699.0,재배치 추천,70.9,우선 추천,78,False,transfer,8980.214,0.0,15980.0,0.103,0.97,3.057,0.0,24956.291,d51f2a3d,expiry,2026-05-25 04:49:50,
CJ 비비고 왕교자,홍대2점,신촌2점,276.0,246.0,162.0,402.0,0.0,5400.0,2.63,3867.0,166647.0,156.0,3867.0,재배치 추천,70.8,우선 추천,79,False,transfer,107640.0,3078.0,84240.0,0.546,0.387,16.665,0.0,194941.494,d51f2a3d,expiry,2026-05-25 04:49:50,
유어스 새우롤샌드,역삼점,동대문점,273.0,213.0,351.0,411.0,0.0,3050.0,11.5,11850.0,118962.0,198.0,11850.0,재배치 추천,70.8,우선 추천,80,False,transfer,35227.5,0.0,60390.0,0.13,1.185,11.896,0.0,95604.549,d51f2a3d,expiry,2026-05-25 04:49:50,
해태 홈런볼,강남점,합정점,276.0,246.0,162.0,462.0,0.0,2500.0,15.41,15369.0,104145.0,216.0,15369.0,재배치 추천,70.8,우선 추천,81,False,transfer,69000.0,1425.0,54000.0,0.586,1.537,10.415,0.0,124413.634,d51f2a3d,expiry,2026-05-25 04:49:50,
유어스 스파클링 자몽,여의도점,신촌2점,263.0,243.0,291.0,411.0,0.0,850.0,5.6,6540.0,27500.0,168.0,6540.0,재배치 추천,70.6,우선 추천,82,False,transfer,9679.485,0.0,14280.0,0.156,0.654,2.75,0.0,23956.237,d51f2a3d,expiry,2026-05-25 04:49:50,
농심 육개장사발면,혜화점,신촌점,267.0,247.0,69.0,429.0,0.0,1790.0,8.67,9303.0,63511.0,182.0,9303.0,재배치 추천,70.5,우선 추천,83,False,transfer,48867.0,1772.1,32578.0,1.647,0.93,6.351,0.0,83211.466,d51f2a3d,expiry,2026-05-25 04:49:50,
서울우유 요구르트,이태원점,합정점,279.0,229.0,183.0,423.0,0.0,970.0,11.18,11562.0,35711.0,194.0,11562.0,재배치 추천,70.5,우선 추천,84,False,transfer,21517.303,465.6,18818.0,0.492,1.156,3.571,0.0,40796.668,d51f2a3d,expiry,2026-05-25 04:49:50,
게토레이 레몬,문래점,강남점,261.0,231.0,267.0,447.0,0.0,1190.0,15.95,15855.0,49748.0,216.0,15855.0,재배치 추천,70.5,우선 추천,85,False,transfer,18844.787,0.0,25704.0,0.23,1.585,4.975,0.0,44542.457,d51f2a3d,expiry,2026-05-25 04:49:50,
유어스 샐러드랩,홍대2점,목동점,278.0,248.0,246.0,426.0,0.0,2800.0,8.37,9033.0,97274.0,178.0,9033.0,재배치 추천,70.2,우선 추천,86,False,transfer,42242.439,448.0,49840.0,0.274,0.903,9.727,0.0,92520.082,d51f2a3d,expiry,2026-05-25 04:49:50,
혜자로운 햄구이도시락,혜화점,종로점,279.0,219.0,453.0,453.0,0.0,3650.0,0.0,19614.0,168640.0,233.0,19614.0,재배치 추천,70.2,우선 추천,87,False,transfer,39284.031,0.0,85045.0,0.066,1.961,16.864,0.0,124310.272,d51f2a3d,expiry,2026-05-25 04:49:50,
오뚜기 진라면컵,압구정점,신촌2점,267.0,237.0,129.0,429.0,0.0,2630.0,11.51,11859.0,99491.0,192.0,11859.0,재배치 추천,70.1,우선 추천,88,False,transfer,75744.0,1814.7,50496.0,0.759,1.186,9.949,0.0,128044.324,d51f2a3d,expiry,2026-05-25 04:49:50,
오뚜기 진라면컵,압구정점,이태원점,267.0,217.0,129.0,429.0,0.0,2630.0,0.0,16140.0,109855.0,212.0,16140.0,재배치 추천,69.9,검토 가능,89,False,transfer,83634.0,1814.7,55756.0,0.782,1.614,10.986,0.0,141192.882,d51f2a3d,expiry,2026-05-25 04:49:50,
유어스 방울토마토,동대문점,신촌점,270.0,270.0,90.0,450.0,0.0,3530.0,9.56,10104.0,125134.0,180.0,10104.0,재배치 추천,69.8,검토 가능,90,False,transfer,95310.0,3177.0,63540.0,1.2,1.01,12.513,0.0,162014.676,d51f2a3d,expiry,2026-05-25 04:49:50,
유어스 새우롤샌드,노원점,동대문점,263.0,213.0,111.0,411.0,0.0,3050.0,13.46,13614.0,117778.0,198.0,13614.0,재배치 추천,69.8,검토 가능,91,False,transfer,90585.0,2318.0,60390.0,0.926,1.361,11.778,0.0,153280.786,d51f2a3d,expiry,2026-05-25 04:49:50,
카페25 아이스카페라떼,홍대6점,홍대점,261.0,241.0,267.0,447.0,0.0,1370.0,0.0,15402.0,54113.0,206.0,15402.0,재배치 추천,69.7,검토 가능,92,False,transfer,20690.848,0.0,28222.0,0.219,1.54,5.411,0.0,48906.116,d51f2a3d,expiry,2026-05-25 04:49:50,
유어스 새우롤샌드,건대점,혜화점,273.0,233.0,291.0,411.0,0.0,3050.0,9.68,10212.0,105767.0,178.0,10212.0,재배치 추천,69.6,검토 가능,93,False,transfer,38198.892,0.0,54290.0,0.186,1.021,10.577,0.0,92477.479,d51f2a3d,expiry,2026-05-25 04:49:50,
브레디크 우유생크림빵,신촌2점,강남점,277.0,237.0,69.0,429.0,0.0,2390.0,12.61,12849.0,90535.0,192.0,12849.0,재배치 추천,69.6,검토 가능,94,False,transfer,68832.0,2485.6,45888.0,1.731,1.285,9.053,0.0,117196.993,d51f2a3d,expiry,2026-05-25 04:49:50,
혜자로운 참치마요김밥,강남점,건대3점,277.0,237.0,69.0,399.0,0.0,2810.0,6.43,7287.0,89962.0,162.0,7287.0,재배치 추천,69.5,검토 가능,95,False,transfer,68283.0,2922.4,45522.0,1.71,0.729,8.996,0.0,116719.385,d51f2a3d,expiry,2026-05-25 04:49:50,
유어스 고르곤졸라피자,여의도5점,광명6점,273.0,248.0,291.0,426.0,0.0,2220.0,9.72,10248.0,77181.0,178.0,10248.0,재배치 추천,69.5,검토 가능,96,False,transfer,27803.784,0.0,39516.0,0.178,1.025,7.718,0.0,67311.219,d51f2a3d,expiry,2026-05-25 04:49:50,
브레디크 모찌롤,홍대점,동대문점,269.0,239.0,123.0,423.0,0.0,2820.0,11.31,11679.0,102478.0,184.0,11679.0,재배치 추천,69.4,검토 가능,97,False,transfer,77832.0,2058.6,51888.0,0.811,1.168,10.248,0.0,131767.995,d51f2a3d,expiry,2026-05-25 04:49:50,
유어스 방울토마토,동대문점,신촌2점,270.0,220.0,90.0,390.0,0.0,3530.0,8.48,9132.0,118182.0,170.0,9132.0,재배치 추천,69.3,검토 가능,98,False,transfer,90015.0,3177.0,60010.0,1.218,0.913,11.818,0.0,153190.487,d51f2a3d,expiry,2026-05-25 04:49:50,
브레디크 우유생크림빵,문래점,용산점,267.0,257.0,249.0,429.0,0.0,2390.0,8.93,9537.0,80864.0,172.0,9537.0,재배치 추천,69.3,검토 가능,99,False,transfer,33059.747,215.1,41108.0,0.237,0.954,8.086,0.0,74374.043,d51f2a3d,expiry,2026-05-25 04:49:50,
서울우유 요구르트,용산점,여의도2점,279.0,269.0,123.0,423.0,0.0,970.0,5.34,6306.0,27269.0,154.0,6306.0,재배치 추천,69.2,검토 가능,100,False,transfer,22407.0,756.6,14938.0,0.816,0.631,2.727,0.0,38099.059,d51f2a3d,expiry,2026-05-25 04:49:50,
서울우유 딸기우유,신촌점,광명6점,265.0,265.0,375.0,465.0,0.0,970.0,15.03,15027.0,37730.0,200.0,15027.0,재배치 추천,69.2,검토 가능,101,False,transfer,10282.0,0.0,19400.0,0.068,1.503,3.773,0.0,29676.793,d51f2a3d,expiry,2026-05-25 04:49:50,
카페25 아이스카페라떼,역삼점,홍대점,271.0,241.0,267.0,447.0,0.0,1370.0,16.27,16143.0,52762.0,206.0,16143.0,재배치 추천,69.2,검토 가능,102,False,transfer,21483.601,27.4,28222.0,0.238,1.614,5.276,0.0,49726.349,d51f2a3d,expiry,2026-05-25 04:49:50,
심플리쿡 리코타치즈샐러드,안양5점,강남3점,272.0,217.0,354.0,429.0,0.0,3460.0,17.59,17331.0,143686.0,212.0,17331.0,재배치 추천,69.2,검토 가능,103,False,transfer,42270.644,0.0,73352.0,0.131,1.733,14.369,0.0,115606.674,d51f2a3d,expiry,2026-05-25 04:49:50,
CJ 비비고 왕교자,홍대2점,이태원점,276.0,226.0,162.0,402.0,0.0,5400.0,10.2,10680.0,188011.0,176.0,10680.0,재배치 추천,69.1,검토 가능,104,False,transfer,121440.0,3078.0,95040.0,0.571,1.068,18.801,0.0,219538.702,d51f2a3d,expiry,2026-05-25 04:49:50,
유어스 샐러드랩,종로점,청량리점,258.0,268.0,186.0,426.0,0.0,2800.0,6.57,7413.0,85902.0,158.0,7413.0,재배치 추천,69.0,검토 가능,105,False,transfer,46023.871,1008.0,44240.0,0.379,0.741,8.59,0.0,91262.918,d51f2a3d,expiry,2026-05-25 04:49:50,
광동 옥수수수염차,구로점,합정점,245.0,235.0,165.0,405.0,0.0,1360.0,9.06,9654.0,44077.0,170.0,9654.0,재배치 추천,69.0,검토 가능,106,False,transfer,25747.273,544.0,23120.0,0.452,0.965,4.408,0.0,49406.352,d51f2a3d,expiry,2026-05-25 04:49:50,
오뚜기 진라면컵,사당점,신촌2점,277.0,237.0,369.0,429.0,0.0,2630.0,13.7,13830.0,99007.0,192.0,13830.0,재배치 추천,69.0,검토 가능,107,False,transfer,28429.659,0.0,50496.0,0.099,1.383,9.901,0.0,78914.474,d51f2a3d,expiry,2026-05-25 04:49:50,
오뚜기 진라면컵,성수점,신촌2점,277.0,237.0,309.0,429.0,0.0,2630.0,13.91,14019.0,99408.0,192.0,14019.0,재배치 추천,68.9,검토 가능,108,False,transfer,33949.981,0.0,50496.0,0.172,1.402,9.941,0.0,84434.81,d51f2a3d,expiry,2026-05-25 04:49:50,
유어스 샐러드랩,압구정점,청량리점,278.0,268.0,186.0,426.0,0.0,2800.0,6.93,7737.0,86840.0,158.0,7737.0,재배치 추천,68.8,검토 가능,109,False,transfer,49591.613,1288.0,44240.0,0.433,0.774,8.684,0.0,95110.588,d51f2a3d,expiry,2026-05-25 04:49:50,
유어스 치즈핫도그,구로점,합정점,268.0,258.0,186.0,426.0,0.0,4400.0,9.06,9654.0,146292.0,168.0,9654.0,재배치 추천,68.8,검토 가능,110,False,transfer,79881.29,1804.0,73920.0,0.418,0.965,14.629,0.0,155590.113,d51f2a3d,expiry,2026-05-25 04:49:50,
게토레이 레몬,신촌2점,목동점,271.0,271.0,87.0,447.0,0.0,1190.0,10.77,11193.0,40105.0,176.0,11193.0,재배치 추천,68.8,검토 가능,111,False,transfer,31416.0,1094.8,20944.0,1.254,1.119,4.011,0.0,53450.925,d51f2a3d,expiry,2026-05-25 04:49:50,
브레디크 모찌롤,교대점,동대문점,249.0,239.0,183.0,423.0,0.0,2820.0,12.36,12624.0,102636.0,184.0,12624.0,재배치 추천,68.8,검토 가능,112,False,transfer,52951.279,930.6,51888.0,0.398,1.262,10.264,0.0,105758.751,d51f2a3d,expiry,2026-05-25 04:49:50,
유어스 스트링치즈,문래점,합정점,278.0,218.0,306.0,366.0,0.0,780.0,5.05,6045.0,21358.0,148.0,6045.0,재배치 추천,68.7,검토 가능,113,False,transfer,7865.765,0.0,11544.0,0.156,0.605,2.136,0.0,19407.181,d51f2a3d,expiry,2026-05-25 04:49:50,
농심 육개장사발면,교대점,신촌점,257.0,247.0,249.0,429.0,0.0,1790.0,12.21,12489.0,62433.0,182.0,12489.0,재배치 추천,68.7,검토 가능,114,False,transfer,25218.512,71.6,32578.0,0.228,1.249,6.243,0.0,57860.848,d51f2a3d,expiry,2026-05-25 04:49:50,
해태 홈런볼,구로점,잠원점,256.0,266.0,222.0,462.0,0.0,2500.0,15.23,15207.0,94755.0,196.0,15207.0,재배치 추천,68.7,검토 가능,115,False,transfer,42378.378,425.0,49000.0,0.289,1.521,9.476,0.0,91792.671,d51f2a3d,expiry,2026-05-25 04:49:50,
브레디크 골든슈크림빵,강남2점,안양4점,275.0,255.0,135.0,465.0,0.0,1620.0,18.25,17925.0,66826.0,210.0,17925.0,재배치 추천,68.7,검토 가능,116,False,transfer,51030.0,1134.0,34020.0,0.744,1.792,6.683,0.0,86176.269,d51f2a3d,expiry,2026-05-25 04:49:50,
코카콜라 제로,동대문점,신촌점,273.0,273.0,81.0,441.0,0.0,840.0,9.56,10104.0,26716.0,168.0,10104.0,재배치 추천,68.5,검토 가능,117,False,transfer,21168.0,806.4,14112.0,1.376,1.01,2.672,0.0,36084.094,d51f2a3d,expiry,2026-05-25 04:49:50,
유어스 스파클링 자몽,압구정점,상암점,273.0,203.0,111.0,411.0,0.0,850.0,18.04,17736.0,33684.0,208.0,17736.0,재배치 추천,68.5,검토 가능,118,False,transfer,26520.0,688.5,17680.0,0.983,1.774,3.368,0.0,44884.341,d51f2a3d,expiry,2026-05-25 04:49:50,
서울우유 요구르트,강남점,합정점,259.0,229.0,123.0,423.0,0.0,970.0,15.41,15369.0,34206.0,194.0,15369.0,재배치 추천,68.4,검토 가능,119,False,transfer,28227.0,659.6,18818.0,0.782,1.537,3.421,0.0,47700.425,d51f2a3d,expiry,2026-05-25 04:49:50,
유어스 스파클링 자몽,청량리점,상암점,263.0,203.0,351.0,411.0,0.0,850.0,18.27,17943.0,33818.0,208.0,17943.0,재배치 추천,68.4,검토 가능,120,False,transfer,9935.556,0.0,17680.0,0.128,1.794,3.382,0.0,27610.507,d51f2a3d,expiry,2026-05-25 04:49:50,
유어스 새우롤샌드,역삼점,혜화점,273.0,233.0,351.0,411.0,0.0,3050.0,12.12,12408.0,106946.0,178.0,12408.0,재배치 추천,68.3,검토 가능,121,False,transfer,31669.167,0.0,54290.0,0.105,1.241,10.695,0.0,85947.337,d51f2a3d,expiry,2026-05-25 04:49:50,
롯데 카스타드,종로점,목동점,275.0,265.0,225.0,465.0,0.0,1650.0,16.83,16647.0,62703.0,200.0,16647.0,재배치 추천,68.3,검토 가능,122,False,transfer,30250.0,412.5,33000.0,0.326,1.665,6.27,0.0,63654.891,d51f2a3d,expiry,2026-05-25 04:49:50,
카페25 아이스카페라떼,건대점,홍대점,271.0,241.0,207.0,447.0,0.0,1370.0,18.15,17835.0,55111.0,206.0,17835.0,재배치 추천,68.3,검토 가능,123,False,transfer,27710.732,438.4,28222.0,0.385,1.784,5.511,0.0,56364.222,d51f2a3d,expiry,2026-05-25 04:49:50,
해태 홈런볼,상암점,합정점,276.0,246.0,222.0,462.0,0.0,2500.0,0.0,19767.0,105725.0,216.0,19767.0,재배치 추천,68.3,검토 가능,124,False,transfer,50351.351,675.0,54000.0,0.355,1.977,10.572,0.0,105014.158,d51f2a3d,expiry,2026-05-25 04:49:50,
게토레이 레몬,잠실점,용산점,261.0,251.0,207.0,447.0,0.0,1190.0,16.23,16107.0,43988.0,196.0,16107.0,재배치 추천,68.2,검토 가능,125,False,transfer,22056.391,321.3,23324.0,0.35,1.611,4.399,0.0,45696.031,d51f2a3d,expiry,2026-05-25 04:49:50,
브레디크 골든슈크림빵,판교3점,안양4점,275.0,255.0,225.0,465.0,0.0,1620.0,19.24,18816.0,65762.0,210.0,18816.0,재배치 추천,68.1,검토 가능,126,False,transfer,31185.0,405.0,34020.0,0.337,1.882,6.576,0.0,65601.879,d51f2a3d,expiry,2026-05-25 04:49:50,
유어스 방울토마토,사당점,신촌점,260.0,270.0,330.0,450.0,0.0,3530.0,13.09,13281.0,125250.0,180.0,13281.0,재배치 추천,68.0,검토 가능,127,False,transfer,37546.364,0.0,63540.0,0.094,1.328,12.525,0.0,101072.604,d51f2a3d,expiry,2026-05-25 04:49:50,
유어스 고르곤졸라피자,여의도5점,성남5점,273.0,223.0,291.0,471.0,0.0,2220.0,27.55,26295.0,107533.0,248.0,26295.0,재배치 추천,68.0,검토 가능,128,False,transfer,38737.856,0.0,55056.0,0.232,2.63,10.753,0.0,93780.705,d51f2a3d,expiry,2026-05-25 04:49:50,
유어스 에그마요샌드위치,홍대점,혜화점,246.0,236.0,102.0,402.0,0.0,1710.0,10.36,10824.0,54434.0,166.0,10824.0,재배치 추천,67.9,검토 가능,129,False,transfer,42579.0,1231.2,28386.0,0.912,1.082,5.443,0.0,72190.587,d51f2a3d,expiry,2026-05-25 04:49:50,
브레디크 우유생크림빵,문래점,강남점,267.0,237.0,249.0,429.0,0.0,2390.0,15.95,15855.0,90266.0,192.0,15855.0,재배치 추천,67.9,검토 가능,130,False,transfer,36903.904,215.1,45888.0,0.26,1.585,9.027,0.0,82996.651,d51f2a3d,expiry,2026-05-25 04:49:50,
유어스 에그마요샌드위치,홍대점,신촌점,246.0,216.0,102.0,342.0,0.0,1710.0,1.99,3291.0,41317.0,126.0,3291.0,재배치 추천,67.8,검토 가능,131,False,transfer,32319.0,1231.2,21546.0,0.89,0.329,4.132,0.0,55092.629,d51f2a3d,expiry,2026-05-25 04:49:50,
브레디크 모찌롤,홍대점,혜화점,269.0,259.0,123.0,423.0,0.0,2820.0,10.36,10824.0,91339.0,164.0,10824.0,재배치 추천,67.7,검토 가능,132,False,transfer,69372.0,2058.6,46248.0,0.787,1.082,9.134,0.0,117669.171,d51f2a3d,expiry,2026-05-25 04:49:50,
브레디크 모찌롤,홍대점,신촌점,269.0,239.0,123.0,363.0,0.0,2820.0,1.99,3291.0,69061.0,124.0,3291.0,재배치 추천,67.6,검토 가능,133,False,transfer,52452.0,2058.6,34968.0,0.764,0.329,6.906,0.0,89472.129,d51f2a3d,expiry,2026-05-25 04:49:50,
카페25 헤이즐넛라떼,방배점,신촌2점,273.0,263.0,201.0,441.0,0.0,1510.0,13.59,13731.0,52848.0,178.0,13731.0,재배치 추천,67.6,검토 가능,134,False,transfer,27379.455,543.6,26878.0,0.381,1.373,5.285,0.0,54794.778,d51f2a3d,expiry,2026-05-25 04:49:50,
해태 홈런볼,상암점,잠원점,276.0,266.0,222.0,462.0,0.0,2500.0,17.3,17070.0,95935.0,196.0,17070.0,재배치 추천,67.6,검토 가능,135,False,transfer,45689.189,675.0,49000.0,0.334,1.707,9.594,0.0,95353.222,d51f2a3d,expiry,2026-05-25 04:49:50,
롯데 카스타드,방배점,목동점,275.0,265.0,285.0,465.0,0.0,1650.0,18.16,17844.0,64074.0,200.0,17844.0,재배치 추천,67.6,검토 가능,136,False,transfer,23881.579,0.0,33000.0,0.198,1.784,6.407,0.0,56873.585,d51f2a3d,expiry,2026-05-25 04:49:50,
유어스 스파클링 자몽,압구정점,신촌2점,273.0,243.0,111.0,411.0,0.0,850.0,11.51,11859.0,27206.0,168.0,11859.0,재배치 추천,67.5,검토 가능,137,False,transfer,21420.0,688.5,14280.0,0.934,1.186,2.721,0.0,36385.528,d51f2a3d,expiry,2026-05-25 04:49:50,
유어스 새우롤샌드,노원점,혜화점,263.0,233.0,111.0,411.0,0.0,3050.0,13.66,13794.0,105882.0,178.0,13794.0,재배치 추천,67.5,검토 가능,138,False,transfer,81435.0,2318.0,54290.0,0.901,1.379,10.588,0.0,138031.934,d51f2a3d,expiry,2026-05-25 04:49:50,
유어스 스트링치즈,용산점,합정점,268.0,218.0,66.0,366.0,0.0,780.0,7.76,8484.0,21796.0,148.0,8484.0,재배치 추천,67.3,검토 가능,139,False,transfer,17316.0,787.8,11544.0,1.732,0.848,2.18,0.0,29646.504,d51f2a3d,expiry,2026-05-25 04:49:50,
코카콜라 제로,압구정점,신촌점,253.0,273.0,81.0,441.0,0.0,840.0,11.95,12255.0,27134.0,168.0,12255.0,재배치 추천,67.3,검토 가능,140,False,transfer,21168.0,722.4,14112.0,1.252,1.226,2.713,0.0,35999.713,d51f2a3d,expiry,2026-05-25 04:49:50,
유어스 방울토마토,성수점,신촌점,260.0,270.0,270.0,450.0,0.0,3530.0,14.53,14577.0,125615.0,180.0,14577.0,재배치 추천,67.3,검토 가능,141,False,transfer,45890.0,0.0,63540.0,0.181,1.458,12.562,0.0,109416.162,d51f2a3d,expiry,2026-05-25 04:49:50,
유어스 스파클링 자몽,압구정점,이태원점,273.0,223.0,111.0,411.0,0.0,850.0,0.0,16140.0,30445.0,188.0,16140.0,재배치 추천,67.3,검토 가능,142,False,transfer,23970.0,688.5,15980.0,0.958,1.614,3.045,0.0,40634.8,d51f2a3d,expiry,2026-05-25 04:49:50,
유어스 국물떡볶이,선릉점,압구정점,259.0,199.0,333.0,393.0,0.0,3110.0,0.0,17319.0,119264.0,194.0,17319.0,재배치 추천,67.3,검토 가능,143,False,transfer,35194.833,0.0,60334.0,0.136,1.732,11.926,0.0,95515.311,d51f2a3d,expiry,2026-05-25 04:49:50,
농심 육개장사발면,명동점,마포점,277.0,267.0,249.0,429.0,0.0,1790.0,10.85,11265.0,56462.0,162.0,11265.0,재배치 추천,67.2,검토 가능,144,False,transfer,24194.114,250.6,28998.0,0.245,1.127,5.646,0.0,53436.187,d51f2a3d,expiry,2026-05-25 04:49:50,
서울우유 요구르트,이태원점,여의도2점,279.0,269.0,183.0,423.0,0.0,970.0,9.29,9861.0,28348.0,154.0,9861.0,재배치 추천,67.1,검토 가능,145,False,transfer,17080.746,465.6,14938.0,0.444,0.986,2.835,0.0,32480.969,d51f2a3d,expiry,2026-05-25 04:49:50,
유어스 스파클링 자몽,청량리점,신촌2점,263.0,243.0,351.0,411.0,0.0,850.0,12.66,12894.0,27314.0,168.0,12894.0,재배치 추천,66.9,검토 가능,146,False,transfer,8024.872,0.0,14280.0,0.079,1.289,2.731,0.0,22300.93,d51f2a3d,expiry,2026-05-25 04:49:50,
유어스 치즈핫도그,건대점,노원점,248.0,238.0,186.0,426.0,0.0,4400.0,17.3,17070.0,164189.0,188.0,17070.0,재배치 추천,66.7,검토 가능,147,False,transfer,82720.0,1364.0,82720.0,0.387,1.707,16.419,0.0,166786.261,d51f2a3d,expiry,2026-05-25 04:49:50,
유어스 에그마요샌드위치,강남2점,혜화점,266.0,236.0,162.0,402.0,0.0,1710.0,12.92,13128.0,54898.0,166.0,13128.0,재배치 추천,66.6,검토 가능,148,False,transfer,34956.833,889.2,28386.0,0.527,1.313,5.49,0.0,64225.758,d51f2a3d,expiry,2026-05-25 04:49:50,
유어스 방울토마토,사당점,신촌2점,260.0,220.0,330.0,390.0,0.0,3530.0,13.7,13830.0,118292.0,170.0,13830.0,재배치 추천,66.6,검토 가능,149,False,transfer,35460.455,0.0,60010.0,0.112,1.383,11.829,0.0,95457.354,d51f2a3d,expiry,2026-05-25 04:49:50,
혜자로운 집밥 함박스테이크,성남4점,건대4점,275.0,275.0,375.0,465.0,0.0,2820.0,17.95,17655.0,104978.0,190.0,17655.0,재배치 추천,66.6,검토 가능,150,False,transfer,29469.0,0.0,53580.0,0.071,1.766,10.498,0.0,83036.808,d51f2a3d,expiry,2026-05-25 04:49:50,
유어스 불고기피자,안양4점,홍대4점,275.0,235.0,75.0,465.0,0.0,2260.0,26.53,25377.0,102209.0,230.0,25377.0,재배치 추천,66.6,검토 가능,151,False,transfer,77970.0,2260.0,51980.0,1.581,2.538,10.221,0.0,132198.822,d51f2a3d,expiry,2026-05-25 04:49:50,
브레디크 골든단팥빵,상암점,신촌5점,274.0,244.0,138.0,378.0,0.0,1360.0,6.28,7152.0,35582.0,134.0,7152.0,재배치 추천,66.5,검토 가능,152,False,transfer,27137.913,924.8,18224.0,0.67,0.715,3.558,0.0,46283.11,d51f2a3d,expiry,2026-05-25 04:49:50,
카페25 헤이즐넛라떼,종로점,용산점,273.0,243.0,141.0,381.0,0.0,1510.0,7.08,7872.0,40690.0,138.0,7872.0,재배치 추천,66.5,검토 가능,153,False,transfer,30259.436,996.6,20838.0,0.649,0.787,4.069,0.0,52089.829,d51f2a3d,expiry,2026-05-25 04:49:50,
농심 육개장사발면,혜화점,마포점,267.0,267.0,69.0,429.0,0.0,1790.0,12.27,12543.0,56532.0,162.0,12543.0,재배치 추천,66.5,검토 가능,154,False,transfer,43497.0,1772.1,28998.0,1.624,1.254,5.653,0.0,74261.816,d51f2a3d,expiry,2026-05-25 04:49:50,
브레디크 모찌롤,교대점,혜화점,249.0,259.0,183.0,423.0,0.0,2820.0,12.64,12876.0,91480.0,164.0,12876.0,재배치 추천,66.5,검토 가능,155,False,transfer,47195.705,930.6,46248.0,0.374,1.288,9.148,0.0,94364.243,d51f2a3d,expiry,2026-05-25 04:49:50,
유어스 방울토마토,성수점,신촌2점,260.0,220.0,270.0,390.0,0.0,3530.0,13.91,14019.0,118636.0,170.0,14019.0,재배치 추천,66.5,검토 가능,156,False,transfer,43340.556,0.0,60010.0,0.199,1.402,11.864,0.0,103337.489,d51f2a3d,expiry,2026-05-25 04:49:50,
유어스 치즈핫도그,건대점,잠원점,248.0,278.0,186.0,426.0,0.0,4400.0,9.47,10023.0,129256.0,148.0,10023.0,재배치 추천,66.4,검토 가능,157,False,transfer,65120.0,1364.0,65120.0,0.34,1.002,12.926,0.0,131590.412,d51f2a3d,expiry,2026-05-25 04:49:50,
브레디크 우유생크림빵,이태원점,강남점,257.0,237.0,69.0,429.0,0.0,2390.0,0.0,18444.0,90390.0,192.0,18444.0,재배치 추천,66.4,검토 가능,158,False,transfer,68832.0,2246.6,45888.0,1.586,1.844,9.039,0.0,116957.303,d51f2a3d,expiry,2026-05-25 04:49:50,
유어스 국물떡볶이,노원점,압구정점,269.0,199.0,93.0,393.0,0.0,3110.0,19.22,18798.0,119181.0,194.0,18798.0,재배치 추천,66.4,검토 가능,159,False,transfer,90501.0,2736.8,60334.0,1.193,1.88,11.918,0.0,153559.195,d51f2a3d,expiry,2026-05-25 04:49:50,
카페25 헤이즐넛라떼,종로점,이태원점,273.0,243.0,141.0,441.0,0.0,1510.0,0.0,19695.0,58381.0,198.0,19695.0,재배치 추천,66.3,검토 가능,160,False,transfer,43415.713,996.6,29898.0,0.693,1.97,5.838,0.0,74303.198,d51f2a3d,expiry,2026-05-25 04:49:50,
유어스 불고기피자,평촌5점,홍대4점,275.0,235.0,165.0,465.0,0.0,2260.0,27.11,25899.0,101185.0,230.0,25899.0,재배치 추천,66.3,검토 가능,161,False,transfer,64975.0,1243.0,51980.0,0.581,2.59,10.118,0.0,118185.872,d51f2a3d,expiry,2026-05-25 04:49:50,
브레디크 우유생크림빵,신촌2점,목동점,277.0,277.0,69.0,429.0,0.0,2390.0,10.77,11193.0,71674.0,152.0,11193.0,재배치 추천,66.2,검토 가능,162,False,transfer,54492.0,2485.6,36328.0,1.684,1.119,7.167,0.0,93298.998,d51f2a3d,expiry,2026-05-25 04:49:50,
CJ 비비고 왕교자,압구정점,신촌2점,276.0,246.0,102.0,402.0,0.0,5400.0,11.51,11859.0,167508.0,156.0,11859.0,재배치 추천,66.2,검토 가능,163,False,transfer,126360.0,4698.0,84240.0,1.047,1.186,16.751,0.0,215281.11,d51f2a3d,expiry,2026-05-25 04:49:50,
유어스 에그마요샌드위치,노원점,혜화점,266.0,236.0,102.0,402.0,0.0,1710.0,13.66,13794.0,55297.0,166.0,13794.0,재배치 추천,66.2,검토 가능,164,False,transfer,42579.0,1402.2,28386.0,1.01,1.379,5.53,0.0,72361.301,d51f2a3d,expiry,2026-05-25 04:49:50,
유어스 스트링치즈,용산점,잠원점,268.0,238.0,66.0,366.0,0.0,780.0,5.93,6837.0,18850.0,128.0,6837.0,재배치 추천,66.0,검토 가능,165,False,transfer,14976.0,787.8,9984.0,1.705,0.684,1.885,0.0,25746.936,d51f2a3d,expiry,2026-05-25 04:49:50,
카페25 헤이즐넛라떼,방배점,용산점,273.0,243.0,201.0,381.0,0.0,1510.0,8.14,8826.0,40972.0,138.0,8826.0,재배치 추천,66.0,검토 가능,166,False,transfer,21226.769,543.6,20838.0,0.36,0.883,4.097,0.0,42603.749,d51f2a3d,expiry,2026-05-25 04:49:50,
CJ 비비고 왕교자,압구정점,이태원점,276.0,226.0,102.0,402.0,0.0,5400.0,0.0,16140.0,188983.0,176.0,16140.0,재배치 추천,66.0,검토 가능,167,False,transfer,142560.0,4698.0,95040.0,1.072,1.614,18.898,0.0,242278.56,d51f2a3d,expiry,2026-05-25 04:49:50,
혜자로운 집밥 함박스테이크,신림점,건대4점,270.0,275.0,270.0,465.0,0.0,2820.0,19.1,18690.0,106189.0,190.0,18690.0,재배치 추천,66.0,검토 가능,168,False,transfer,40185.0,0.0,53580.0,0.204,1.869,10.619,0.0,93752.716,d51f2a3d,expiry,2026-05-25 04:49:50,
광동 옥수수수염차,구로점,여의도2점,245.0,275.0,165.0,405.0,0.0,1360.0,6.57,7413.0,33706.0,130.0,7413.0,재배치 추천,65.9,검토 가능,169,False,transfer,19689.091,544.0,17680.0,0.403,0.741,3.371,0.0,37909.382,d51f2a3d,expiry,2026-05-25 04:49:50,
유어스 과일컵,동대문점,신촌점,279.0,279.0,63.0,423.0,0.0,3260.0,9.56,10104.0,93124.0,144.0,10104.0,재배치 추천,65.9,검토 가능,170,False,transfer,70416.0,3520.8,46944.0,1.884,1.01,9.312,0.0,120872.362,d51f2a3d,expiry,2026-05-25 04:49:50,
유어스 샐러드랩,종로점,목동점,258.0,248.0,186.0,426.0,0.0,2800.0,16.83,16647.0,96776.0,178.0,16647.0,재배치 추천,65.9,검토 가능,171,False,transfer,51849.677,1008.0,49840.0,0.402,1.665,9.678,0.0,102686.738,d51f2a3d,expiry,2026-05-25 04:49:50,
광동 옥수수수염차,강남점,합정점,265.0,235.0,105.0,405.0,0.0,1360.0,15.41,15369.0,43858.0,170.0,15369.0,재배치 추천,65.8,검토 가능,172,False,transfer,34680.0,1088.0,23120.0,0.972,1.537,4.386,0.0,58883.049,d51f2a3d,expiry,2026-05-25 04:49:50,
해태 홈런볼,강남점,왕십리점,276.0,266.0,162.0,402.0,0.0,2500.0,8.41,9069.0,65573.0,136.0,9069.0,재배치 추천,65.6,검토 가능,173,False,transfer,43444.444,1425.0,34000.0,0.521,0.907,6.557,0.0,78862.501,d51f2a3d,expiry,2026-05-25 04:49:50,
서울우유 딸기우유,신촌점,건대5점,265.0,235.0,375.0,405.0,0.0,970.0,15.84,15756.0,32070.0,170.0,15756.0,재배치 추천,65.5,검토 가능,174,False,transfer,8739.7,0.0,16490.0,0.063,1.576,3.207,0.0,25224.981,d51f2a3d,expiry,2026-05-25 04:49:50,
유어스 스파클링 레몬,여의도3점,안양4점,263.0,238.0,291.0,426.0,0.0,1100.0,19.72,19248.0,39622.0,188.0,19248.0,재배치 추천,65.5,검토 가능,175,False,transfer,14017.629,0.0,20680.0,0.173,1.925,3.962,0.0,34691.914,d51f2a3d,expiry,2026-05-25 04:49:50,
서울우유 요구르트,강남점,여의도2점,259.0,269.0,123.0,423.0,0.0,970.0,12.66,12894.0,27153.0,154.0,12894.0,재배치 추천,65.4,검토 가능,176,False,transfer,22407.0,659.6,14938.0,0.735,1.289,2.715,0.0,38001.33,d51f2a3d,expiry,2026-05-25 04:49:50,
유어스 고르곤졸라피자,안양4점,광명6점,278.0,248.0,66.0,426.0,0.0,2220.0,17.75,17475.0,78346.0,178.0,17475.0,재배치 추천,65.4,검토 가능,177,False,transfer,59274.0,2353.2,39516.0,1.815,1.748,7.835,0.0,101135.433,d51f2a3d,expiry,2026-05-25 04:49:50,
브레디크 모찌롤,명동점,신촌점,269.0,239.0,183.0,363.0,0.0,2820.0,6.5,7350.0,68878.0,124.0,7350.0,재배치 추천,65.3,검토 가능,178,False,transfer,38550.787,1212.6,34968.0,0.406,0.735,6.888,0.0,74724.17,d51f2a3d,expiry,2026-05-25 04:49:50,
혜자로운 집밥 함박스테이크,신림점,평촌4점,270.0,245.0,270.0,405.0,0.0,2820.0,14.09,14181.0,89422.0,160.0,14181.0,재배치 추천,65.3,검토 가능,179,False,transfer,33840.0,0.0,45120.0,0.198,1.418,8.942,0.0,78949.837,d51f2a3d,expiry,2026-05-25 04:49:50,
광동 옥수수수염차,상암점,여의도2점,265.0,275.0,165.0,405.0,0.0,1360.0,8.03,8727.0,34323.0,130.0,8727.0,재배치 추천,65.2,검토 가능,180,False,transfer,21296.364,680.0,17680.0,0.464,0.873,3.432,0.0,39652.522,d51f2a3d,expiry,2026-05-25 04:49:50,
유어스 치즈핫도그,잠실2점,잠원점,268.0,278.0,246.0,426.0,0.0,4400.0,11.87,12183.0,129179.0,148.0,12183.0,재배치 추천,65.2,검토 가능,181,False,transfer,53207.805,484.0,65120.0,0.218,1.218,12.918,0.0,118797.887,d51f2a3d,expiry,2026-05-25 04:49:50,
서울우유 요구르트,이태원점,잠원점,279.0,249.0,183.0,423.0,0.0,970.0,0.0,17292.0,32029.0,174.0,17292.0,재배치 추천,65.1,검토 가능,182,False,transfer,19299.025,465.6,16878.0,0.468,1.729,3.203,0.0,36638.16,d51f2a3d,expiry,2026-05-25 04:49:50,
유어스 컵과일 파인애플,구로점,건대3점,271.0,251.0,177.0,447.0,0.0,2490.0,22.2,21480.0,96160.0,196.0,21480.0,재배치 추천,65.1,검토 가능,183,False,transfer,56041.881,1170.3,48804.0,0.485,2.148,9.616,0.0,106004.902,d51f2a3d,expiry,2026-05-25 04:49:50,
해태 홈런볼,강남점,잠원점,276.0,266.0,162.0,462.0,0.0,2500.0,0.0,21684.0,94502.0,196.0,21684.0,재배치 추천,65.0,검토 가능,184,False,transfer,62611.111,1425.0,49000.0,0.564,2.168,9.45,0.0,113025.056,d51f2a3d,expiry,2026-05-25 04:49:50,
서울우유 흰우유,구로점,합정점,277.0,267.0,159.0,399.0,0.0,1090.0,9.06,9654.0,26510.0,132.0,9654.0,재배치 추천,64.9,검토 가능,185,False,transfer,18799.415,643.1,14388.0,0.536,0.965,2.651,0.0,33827.435,d51f2a3d,expiry,2026-05-25 04:49:50,
남양 불가리스,합정점,혜화점,269.0,219.0,63.0,363.0,0.0,1300.0,11.5,11850.0,36248.0,144.0,11850.0,재배치 추천,64.9,검토 가능,186,False,transfer,28080.0,1339.0,18720.0,1.833,1.185,3.625,0.0,48136.023,d51f2a3d,expiry,2026-05-25 04:49:50,
서울우유 흰우유,구리3점,노원점,257.0,247.0,99.0,399.0,0.0,1090.0,13.35,13515.0,32211.0,152.0,13515.0,재배치 추천,64.9,검토 가능,187,False,transfer,24852.0,861.1,16568.0,0.988,1.351,3.221,0.0,42277.516,d51f2a3d,expiry,2026-05-25 04:49:50,
브레디크 초코크림빵,강남3점,군포6점,271.0,256.0,117.0,462.0,0.0,2070.0,24.73,23757.0,83430.0,206.0,23757.0,재배치 추천,64.9,검토 가능,188,False,transfer,63963.0,1593.9,42642.0,0.881,2.376,8.343,0.0,108189.062,d51f2a3d,expiry,2026-05-25 04:49:50,
풀무원 얇은피만두,건대2점,의정부4점,265.0,245.0,225.0,465.0,0.0,3520.0,27.75,26475.0,152697.0,220.0,26475.0,재배치 추천,64.9,검토 가능,189,False,transfer,68405.333,704.0,77440.0,0.325,2.647,15.27,0.0,146531.742,d51f2a3d,expiry,2026-05-25 04:49:50,
유어스 에그마요샌드위치,홍대점,마포점,246.0,236.0,102.0,342.0,0.0,1710.0,3.9,5010.0,34759.0,106.0,5010.0,재배치 추천,64.7,검토 가능,190,False,transfer,27189.0,1231.2,18126.0,0.861,0.501,3.476,0.0,46543.084,d51f2a3d,expiry,2026-05-25 04:49:50,
매일 바이오 플레인요거트,용산점,잠원점,271.0,241.0,477.0,357.0,0.0,2280.0,5.93,6837.0,52026.0,116.0,6837.0,재배치 추천,64.7,검토 가능,191,False,transfer,11269.509,0.0,26448.0,0.0,0.684,5.203,0.0,37711.623,d51f2a3d,expiry,2026-05-25 04:49:50,
서울우유 흰우유,구로점,신촌5점,277.0,267.0,159.0,399.0,0.0,1090.0,9.49,10041.0,26510.0,132.0,10041.0,재배치 추천,64.7,검토 가능,192,False,transfer,18799.415,643.1,14388.0,0.536,1.004,2.651,0.0,33827.396,d51f2a3d,expiry,2026-05-25 04:49:50,
브레디크 모찌롤,명동점,동대문점,269.0,239.0,183.0,423.0,0.0,2820.0,0.0,20010.0,102206.0,184.0,20010.0,재배치 추천,64.6,검토 가능,193,False,transfer,57204.393,1212.6,51888.0,0.452,2.001,10.221,0.0,110293.224,d51f2a3d,expiry,2026-05-25 04:49:50,
유어스 샐러드랩,홍대2점,청량리점,278.0,268.0,246.0,426.0,0.0,2800.0,15.24,15216.0,86344.0,158.0,15216.0,재배치 추천,64.5,검토 가능,194,False,transfer,37496.098,448.0,44240.0,0.25,1.522,8.634,0.0,82174.192,d51f2a3d,expiry,2026-05-25 04:49:50,
유어스 스파클링 레몬,여의도3점,시흥6점,263.0,263.0,291.0,471.0,0.0,1100.0,26.02,24918.0,43837.0,208.0,24918.0,재배치 추천,64.5,검토 가능,195,False,transfer,15508.866,0.0,22880.0,0.173,2.492,4.384,0.0,38382.163,d51f2a3d,expiry,2026-05-25 04:49:50,
롯데 카스타드,종로점,잠원점,275.0,215.0,225.0,345.0,0.0,1650.0,9.51,10059.0,40757.0,130.0,10059.0,재배치 추천,64.4,검토 가능,196,False,transfer,19662.5,412.5,21450.0,0.3,1.006,4.076,0.0,41520.218,d51f2a3d,expiry,2026-05-25 04:49:50,
브레디크 우유생크림빵,이태원점,용산점,257.0,257.0,69.0,429.0,0.0,2390.0,0.0,18219.0,80975.0,172.0,18219.0,재배치 추천,64.4,검토 가능,197,False,transfer,61662.0,2246.6,41108.0,1.563,1.822,8.098,0.0,105008.243,d51f2a3d,expiry,2026-05-25 04:49:50,
유어스 치즈핫도그,잠실2점,노원점,268.0,238.0,246.0,426.0,0.0,4400.0,22.17,21453.0,164092.0,188.0,21453.0,재배치 추천,64.3,검토 가능,198,False,transfer,67588.293,484.0,82720.0,0.265,2.145,16.409,0.0,150774.004,d51f2a3d,expiry,2026-05-25 04:49:50,
유어스 스트링치즈,용산점,여의도2점,268.0,258.0,66.0,366.0,0.0,780.0,5.34,6306.0,15905.0,108.0,6306.0,재배치 추천,64.2,검토 가능,199,False,transfer,12636.0,787.8,8424.0,1.678,0.631,1.591,0.0,21847.257,d51f2a3d,expiry,2026-05-25 04:49:50,
유어스 스파클링 레몬,여의도3점,홍대5점,263.0,263.0,291.0,381.0,0.0,1100.0,7.3,8070.0,24869.0,118.0,8070.0,재배치 추천,64.2,검토 가능,200,False,transfer,8798.299,0.0,12980.0,0.107,0.807,2.487,0.0,21775.112,d51f2a3d,expiry,2026-05-25 04:49:50,
남양 불가리스,강남2점,혜화점,249.0,219.0,123.0,363.0,0.0,1300.0,12.92,13128.0,36372.0,144.0,13128.0,재배치 추천,64.2,검토 가능,201,False,transfer,28080.0,819.0,18720.0,0.711,1.313,3.637,0.0,47614.761,d51f2a3d,expiry,2026-05-25 04:49:50,
카페25 아이스아메리카노,평촌4점,시흥6점,279.0,249.0,63.0,423.0,0.0,1210.0,19.63,19167.0,41517.0,174.0,19167.0,재배치 추천,64.0,검토 가능,202,False,transfer,31581.0,1306.8,21054.0,1.92,1.917,4.152,0.0,53937.652,d51f2a3d,expiry,2026-05-25 04:49:50,
브레디크 초코크림빵,화성6점,군포6점,276.0,256.0,222.0,462.0,0.0,2070.0,26.53,25377.0,82072.0,206.0,25377.0,재배치 추천,64.0,검토 가능,203,False,transfer,39760.784,558.9,42642.0,0.345,2.538,8.207,0.0,82951.283,d51f2a3d,expiry,2026-05-25 04:49:50,
유어스 샐러드랩,압구정점,목동점,278.0,248.0,186.0,426.0,0.0,2800.0,20.76,20184.0,97832.0,178.0,20184.0,재배치 추천,63.9,검토 가능,204,False,transfer,55869.032,1288.0,49840.0,0.456,2.018,9.783,0.0,106985.687,d51f2a3d,expiry,2026-05-25 04:49:50,
롯데 카스타드,신촌2점,잠원점,265.0,215.0,105.0,345.0,0.0,1650.0,10.99,11391.0,41704.0,130.0,11391.0,재배치 추천,63.7,검토 가능,205,False,transfer,32175.0,1320.0,21450.0,0.95,1.139,4.17,0.0,54940.641,d51f2a3d,expiry,2026-05-25 04:49:50,
광동 옥수수수염차,구로점,잠원점,245.0,255.0,165.0,405.0,0.0,1360.0,15.23,15207.0,38892.0,150.0,15207.0,재배치 추천,63.7,검토 가능,206,False,transfer,22718.182,544.0,20400.0,0.428,1.521,3.889,0.0,43657.2,d51f2a3d,expiry,2026-05-25 04:49:50,
농심 육개장사발면,교대점,마포점,257.0,267.0,249.0,429.0,0.0,1790.0,17.72,17448.0,55572.0,162.0,17448.0,재배치 추천,63.7,검토 가능,207,False,transfer,22447.247,71.6,28998.0,0.205,1.745,5.557,0.0,51509.75,d51f2a3d,expiry,2026-05-25 04:49:50,
유어스 치즈핫도그,구로점,잠원점,268.0,278.0,186.0,426.0,0.0,4400.0,15.23,15207.0,128876.0,148.0,15207.0,재배치 추천,63.5,검토 가능,208,False,transfer,70371.613,1804.0,65120.0,0.394,1.521,12.888,0.0,137281.599,d51f2a3d,expiry,2026-05-25 04:49:50,
유어스 치즈핫도그,건대점,합정점,248.0,258.0,186.0,426.0,0.0,4400.0,19.35,18915.0,146722.0,168.0,18915.0,재배치 추천,63.5,검토 가능,209,False,transfer,73920.0,1364.0,73920.0,0.364,1.891,14.672,0.0,149187.8,d51f2a3d,expiry,2026-05-25 04:49:50,
유어스 스트링치즈,잠실점,잠원점,278.0,238.0,246.0,366.0,0.0,780.0,11.05,11445.0,18795.0,128.0,11445.0,재배치 추천,63.4,검토 가능,210,False,transfer,8462.049,124.8,9984.0,0.24,1.145,1.879,0.0,18568.065,d51f2a3d,expiry,2026-05-25 04:49:50,
광동 옥수수수염차,상암점,합정점,265.0,235.0,165.0,405.0,0.0,1360.0,0.0,19767.0,44884.0,170.0,19767.0,재배치 추천,63.3,검토 가능,211,False,transfer,27849.091,680.0,23120.0,0.513,1.977,4.488,0.0,51643.139,d51f2a3d,expiry,2026-05-25 04:49:50,
브레디크 골든단팥빵,강남점,신촌5점,274.0,244.0,78.0,378.0,0.0,1360.0,12.82,13038.0,35308.0,134.0,13038.0,재배치 추천,63.2,검토 가능,212,False,transfer,27336.0,1332.8,18224.0,1.434,1.304,3.531,0.0,46889.399,d51f2a3d,expiry,2026-05-25 04:49:50,
브레디크 우유생크림빵,이태원점,목동점,257.0,277.0,69.0,429.0,0.0,2390.0,16.6,16440.0,71559.0,152.0,16440.0,재배치 추천,63.2,검토 가능,213,False,transfer,54492.0,2246.6,36328.0,1.539,1.644,7.156,0.0,93059.34,d51f2a3d,expiry,2026-05-25 04:49:50,
유어스 과일컵,광명6점,신촌점,279.0,279.0,93.0,423.0,0.0,3260.0,15.03,15027.0,92196.0,144.0,15027.0,재배치 추천,63.1,검토 가능,214,False,transfer,70416.0,3031.8,46944.0,1.17,1.503,9.22,0.0,120382.248,d51f2a3d,expiry,2026-05-25 04:49:50,
유어스 복숭아아이스티,강남점,합정점,271.0,241.0,87.0,387.0,0.0,1420.0,15.41,15369.0,40457.0,146.0,15369.0,재배치 추천,63.1,검토 가능,215,False,transfer,31098.0,1306.4,20732.0,1.246,1.537,4.046,0.0,53132.064,d51f2a3d,expiry,2026-05-25 04:49:50,
심플리쿡 닭가슴살샐러드,일산4점,부천4점,278.0,243.0,186.0,441.0,0.0,2450.0,26.51,25359.0,93981.0,198.0,25359.0,재배치 추천,63.1,검토 가능,216,False,transfer,54378.145,1127.0,48510.0,0.472,2.536,9.398,0.0,104003.683,d51f2a3d,expiry,2026-05-25 04:49:50,
브레디크 모찌롤,명동점,혜화점,269.0,259.0,183.0,423.0,0.0,2820.0,0.0,19128.0,91096.0,164.0,19128.0,재배치 추천,63.0,검토 가능,217,False,transfer,50986.525,1212.6,46248.0,0.429,1.913,9.11,0.0,98436.531,d51f2a3d,expiry,2026-05-25 04:49:50,
풀무원 얇은피만두,과천3점,부천4점,275.0,240.0,105.0,450.0,0.0,3520.0,29.38,27942.0,146434.0,210.0,27942.0,재배치 추천,63.0,검토 가능,218,False,transfer,110880.0,2992.0,73920.0,1.043,2.794,14.643,0.0,187775.605,d51f2a3d,expiry,2026-05-25 04:49:50,
매일 바이오 플레인요거트,용산점,여의도2점,271.0,261.0,477.0,357.0,0.0,2280.0,5.34,6306.0,43056.0,96.0,6306.0,재배치 추천,62.9,검토 가능,219,False,transfer,9326.491,0.0,21888.0,0.0,0.631,4.306,0.0,31209.554,d51f2a3d,expiry,2026-05-25 04:49:50,
유어스 스파클링 레몬,건대3점,안양4점,268.0,238.0,66.0,426.0,0.0,1100.0,24.78,23802.0,38940.0,188.0,23802.0,재배치 추천,62.9,검토 가능,220,False,transfer,31020.0,1111.0,20680.0,1.751,2.38,3.894,0.0,52806.477,d51f2a3d,expiry,2026-05-25 04:49:50,
유어스 복숭아아이스티,잠실2점,잠원점,251.0,261.0,207.0,387.0,0.0,1420.0,11.87,12183.0,34901.0,126.0,12183.0,재배치 추천,62.8,검토 가능,221,False,transfer,16271.348,312.4,17892.0,0.269,1.218,3.49,0.0,34471.308,d51f2a3d,expiry,2026-05-25 04:49:50,
광동 옥수수수염차,강남점,여의도2점,265.0,275.0,105.0,405.0,0.0,1360.0,12.66,12894.0,33538.0,130.0,12894.0,재배치 추천,62.8,검토 가능,222,False,transfer,26520.0,1088.0,17680.0,0.922,1.289,3.354,0.0,45284.279,d51f2a3d,expiry,2026-05-25 04:49:50,
유어스 불고기피자,안양4점,압구정점,275.0,225.0,75.0,405.0,0.0,2260.0,23.39,22551.0,79990.0,180.0,22551.0,재배치 추천,62.8,검토 가능,223,False,transfer,61020.0,2260.0,40680.0,1.556,2.255,7.999,0.0,103951.301,d51f2a3d,expiry,2026-05-25 04:49:50,
유어스 불고기피자,평촌5점,압구정점,275.0,225.0,165.0,405.0,0.0,2260.0,23.4,22560.0,79188.0,180.0,22560.0,재배치 추천,62.8,검토 가능,224,False,transfer,50850.0,1243.0,40680.0,0.556,2.256,7.919,0.0,92763.381,d51f2a3d,expiry,2026-05-25 04:49:50,
비비고 김치왕교자,압구정점,청량리점,247.0,237.0,99.0,339.0,0.0,3520.0,6.93,7737.0,70441.0,102.0,7737.0,재배치 추천,62.7,검토 가능,225,False,transfer,53856.0,2604.8,35904.0,0.898,0.774,7.044,0.0,92357.88,d51f2a3d,expiry,2026-05-25 04:49:50,
광동 옥수수수염차,상암점,잠원점,265.0,255.0,165.0,405.0,0.0,1360.0,17.3,17070.0,39603.0,150.0,17070.0,재배치 추천,62.6,검토 가능,226,False,transfer,24572.727,680.0,20400.0,0.488,1.707,3.96,0.0,45647.548,d51f2a3d,expiry,2026-05-25 04:49:50,
서울우유 요구르트,강남점,잠원점,259.0,249.0,123.0,423.0,0.0,970.0,0.0,21684.0,30680.0,174.0,21684.0,재배치 추천,62.6,검토 가능,227,False,transfer,25317.0,659.6,16878.0,0.759,2.168,3.068,0.0,42850.122,d51f2a3d,expiry,2026-05-25 04:49:50,
브레디크 모찌롤,교대점,신촌점,249.0,239.0,183.0,363.0,0.0,2820.0,12.21,12489.0,69168.0,124.0,12489.0,재배치 추천,62.4,검토 가능,228,False,transfer,35684.557,930.6,34968.0,0.351,1.249,6.917,0.0,71575.343,d51f2a3d,expiry,2026-05-25 04:49:50,
풀무원 얇은피만두,군포6점,부천4점,270.0,240.0,90.0,450.0,0.0,3520.0,30.98,29382.0,145615.0,210.0,29382.0,재배치 추천,62.1,검토 가능,229,False,transfer,110880.0,3168.0,73920.0,1.233,2.938,14.562,0.0,187951.734,d51f2a3d,expiry,2026-05-25 04:49:50,
유어스 복숭아아이스티,잠실2점,노원점,251.0,221.0,207.0,387.0,0.0,1420.0,22.17,21453.0,45980.0,166.0,21453.0,재배치 추천,61.9,검토 가능,230,False,transfer,21436.855,312.4,23572.0,0.321,2.145,4.598,0.0,45314.833,d51f2a3d,expiry,2026-05-25 04:49:50,
유어스 스트링치즈,문래점,잠원점,278.0,238.0,306.0,366.0,0.0,780.0,14.25,14325.0,18472.0,128.0,14325.0,재배치 추천,61.8,검토 가능,231,False,transfer,6802.824,0.0,9984.0,0.129,1.433,1.847,0.0,16783.673,d51f2a3d,expiry,2026-05-25 04:49:50,
브레디크 골든단팥빵,강남점,합정점,274.0,244.0,78.0,378.0,0.0,1360.0,15.41,15369.0,35308.0,134.0,15369.0,재배치 추천,61.8,검토 가능,232,False,transfer,27336.0,1332.8,18224.0,1.434,1.537,3.531,0.0,46889.166,d51f2a3d,expiry,2026-05-25 04:49:50,
혜자로운 참치마요김밥,상암점,건대3점,277.0,237.0,129.0,399.0,0.0,2810.0,21.4,20760.0,88115.0,162.0,20760.0,재배치 추천,61.8,검토 가능,233,False,transfer,68283.0,2079.4,45522.0,0.777,2.076,8.812,0.0,115874.289,d51f2a3d,expiry,2026-05-25 04:49:50,
유어스 스트링치즈,잠실점,합정점,278.0,218.0,246.0,366.0,0.0,780.0,23.52,22668.0,21732.0,148.0,21732.0,프로모션 추천,61.8,검토 가능,234,False,promotion,9784.244,124.8,11544.0,0.267,2.267,2.173,0.0,21448.871,d51f2a3d,expiry,2026-05-25 04:49:50,
유어스 컵과일 파인애플,군포3점,건대3점,271.0,251.0,207.0,447.0,0.0,2490.0,28.7,27330.0,96382.0,196.0,27330.0,재배치 추천,61.8,검토 가능,235,False,transfer,47919.87,796.8,48804.0,0.374,2.733,9.638,0.0,97508.672,d51f2a3d,expiry,2026-05-25 04:49:50,
브레디크 초코크림빵,잠실6점,군포6점,246.0,256.0,162.0,462.0,0.0,2070.0,30.75,29175.0,82848.0,206.0,29175.0,재배치 추천,61.8,검토 가능,236,False,transfer,48564.5,869.4,42642.0,0.482,2.917,8.285,0.0,92065.18,d51f2a3d,expiry,2026-05-25 04:49:50,
서울우유 초코우유,홍대4점,홍대7점,272.0,277.0,114.0,399.0,0.0,1590.0,0.0,13260.0,37755.0,122.0,13260.0,재배치 추천,61.7,검토 가능,237,False,transfer,29097.0,1256.1,19398.0,0.846,1.326,3.776,0.0,49746.844,d51f2a3d,expiry,2026-05-25 04:49:50,
유어스 복숭아아이스티,상암점,노원점,271.0,221.0,147.0,387.0,0.0,1420.0,22.56,21804.0,45766.0,166.0,21804.0,재배치 추천,61.7,검토 가능,238,False,transfer,32591.898,880.4,23572.0,0.636,2.18,4.577,0.0,57038.177,d51f2a3d,expiry,2026-05-25 04:49:50,
매일 소화가잘되는우유,이태원점,합정점,277.0,227.0,99.0,339.0,0.0,1610.0,11.18,11562.0,35442.0,112.0,11562.0,재배치 추천,61.6,검토 가능,239,False,transfer,27048.0,1432.9,18032.0,1.064,1.156,3.544,0.0,46509.264,d51f2a3d,expiry,2026-05-25 04:49:50,
유어스 에그마요샌드위치,강남2점,신촌점,266.0,216.0,162.0,342.0,0.0,1710.0,14.19,14271.0,41670.0,126.0,14271.0,재배치 추천,61.6,검토 가능,240,False,transfer,26533.5,889.2,21546.0,0.505,1.427,4.167,0.0,48963.611,d51f2a3d,expiry,2026-05-25 04:49:50,
매일 바이오 플레인요거트,상암점,여의도2점,251.0,261.0,117.0,357.0,0.0,2280.0,8.03,8727.0,43138.0,96.0,8727.0,재배치 추천,61.5,검토 가능,241,False,transfer,32832.0,1527.6,21888.0,0.707,0.873,4.314,0.0,56243.121,d51f2a3d,expiry,2026-05-25 04:49:50,
코카콜라 제로,홍대2점,목동점,253.0,223.0,141.0,321.0,0.0,840.0,8.37,9033.0,15711.0,98.0,9033.0,재배치 추천,61.5,검토 가능,242,False,transfer,11078.17,470.4,8232.0,0.55,0.903,1.571,0.0,19778.646,d51f2a3d,expiry,2026-05-25 04:49:50,
혜자로운 집밥 함박스테이크,성남4점,평촌4점,275.0,245.0,375.0,405.0,0.0,2820.0,21.7,21030.0,88403.0,160.0,21030.0,재배치 추천,61.5,검토 가능,243,False,transfer,24816.0,0.0,45120.0,0.064,2.103,8.84,0.0,69925.121,d51f2a3d,expiry,2026-05-25 04:49:50,
남양 불가리스,구로점,혜화점,279.0,219.0,243.0,363.0,0.0,1300.0,18.68,18312.0,36186.0,144.0,18312.0,재배치 추천,61.3,검토 가능,244,False,transfer,16120.0,234.0,18720.0,0.272,1.831,3.619,0.0,35068.823,d51f2a3d,expiry,2026-05-25 04:49:50,
매일 소화가잘되는우유,이태원점,광명5점,277.0,257.0,99.0,399.0,0.0,1610.0,18.44,18096.0,44936.0,142.0,18096.0,재배치 추천,61.2,검토 가능,245,False,transfer,34293.0,1432.9,22862.0,1.077,1.81,4.494,0.0,58582.674,d51f2a3d,expiry,2026-05-25 04:49:50,
유어스 치즈핫도그,잠실2점,합정점,268.0,258.0,246.0,426.0,0.0,4400.0,24.11,23199.0,146635.0,168.0,23199.0,재배치 추천,61.1,검토 가능,246,False,transfer,60398.049,484.0,73920.0,0.242,2.32,14.664,0.0,134785.307,d51f2a3d,expiry,2026-05-25 04:49:50,
빙그레 붕어싸만코,구로점,마포점,273.0,213.0,261.0,321.0,0.0,2390.0,11.57,11913.0,49818.0,108.0,11913.0,재배치 추천,61.0,검토 가능,247,False,transfer,20249.069,143.4,25812.0,0.191,1.191,4.982,0.0,46198.487,d51f2a3d,expiry,2026-05-25 04:49:50,
유어스 복숭아아이스티,강남점,노원점,271.0,221.0,87.0,387.0,0.0,1420.0,23.78,22902.0,46000.0,166.0,22902.0,재배치 추천,61.0,검토 가능,248,False,transfer,35358.0,1306.4,23572.0,1.272,2.29,4.6,0.0,60230.782,d51f2a3d,expiry,2026-05-25 04:49:50,
유어스 스트링치즈,문래점,여의도2점,278.0,258.0,306.0,366.0,0.0,780.0,0.0,22188.0,15585.0,108.0,15585.0,프로모션 추천,60.9,검토 가능,249,False,promotion,5739.882,0.0,8424.0,0.102,2.219,1.558,0.0,14160.207,d51f2a3d,expiry,2026-05-25 04:49:50,
카페25 헤이즐넛라떼,종로점,신촌2점,273.0,263.0,141.0,441.0,0.0,1510.0,0.0,25383.0,52484.0,178.0,25383.0,재배치 추천,60.9,검토 가능,250,False,transfer,39030.287,996.6,26878.0,0.67,2.538,5.248,0.0,66897.77,d51f2a3d,expiry,2026-05-25 04:49:50,
카페25 아이스카페라떼,홍대6점,시흥6점,261.0,266.0,267.0,462.0,0.0,1370.0,30.52,28968.0,51486.0,196.0,28968.0,재배치 추천,60.9,검토 가능,251,False,transfer,19686.438,0.0,26852.0,0.201,2.897,5.149,0.0,46530.594,d51f2a3d,expiry,2026-05-25 04:49:50,
매일 바이오 플레인요거트,이태원점,여의도2점,271.0,261.0,117.0,357.0,0.0,2280.0,9.29,9861.0,42891.0,96.0,9861.0,재배치 추천,60.8,검토 가능,252,False,transfer,32832.0,1755.6,21888.0,0.793,0.986,4.289,0.0,56471.117,d51f2a3d,expiry,2026-05-25 04:49:50,
CJ 비비고 왕교자,분당5점,이태원점,271.0,226.0,267.0,402.0,0.0,5400.0,26.44,25296.0,188008.0,176.0,25296.0,재배치 추천,60.8,검토 가능,253,False,transfer,72347.865,108.0,95040.0,0.226,2.53,18.801,0.0,167474.761,d51f2a3d,expiry,2026-05-25 04:49:50,
브레디크 소금버터롤,강남2점,남양주3점,264.0,229.0,78.0,423.0,0.0,2090.0,30.12,28608.0,79101.0,194.0,28608.0,재배치 추천,60.8,검토 가능,254,False,transfer,60819.0,1943.7,40546.0,1.422,2.861,7.91,0.0,103299.351,d51f2a3d,expiry,2026-05-25 04:49:50,
심플리쿡 닭가슴살샐러드,군포6점,부천4점,273.0,243.0,81.0,441.0,0.0,2450.0,30.98,29382.0,95286.0,198.0,29382.0,재배치 추천,60.8,검토 가능,255,False,transfer,72765.0,2352.0,48510.0,1.41,2.938,9.529,0.0,123615.943,d51f2a3d,expiry,2026-05-25 04:49:50,
유어스 스트링치즈,잠실점,여의도2점,278.0,258.0,246.0,366.0,0.0,780.0,21.56,20904.0,15858.0,108.0,15858.0,프로모션 추천,60.7,검토 가능,256,False,promotion,7139.854,124.8,8424.0,0.213,2.09,1.586,0.0,15685.19,d51f2a3d,expiry,2026-05-25 04:49:50,
해태 홈런볼,상암점,왕십리점,276.0,266.0,222.0,402.0,0.0,2500.0,18.0,17700.0,66567.0,136.0,17700.0,재배치 추천,60.7,검토 가능,257,False,transfer,31702.703,675.0,34000.0,0.291,1.77,6.657,0.0,66369.567,d51f2a3d,expiry,2026-05-25 04:49:50,
유어스 복숭아아이스티,상암점,합정점,271.0,241.0,147.0,387.0,0.0,1420.0,0.0,19767.0,40252.0,146.0,19767.0,재배치 추천,60.7,검토 가능,258,False,transfer,28665.163,880.4,20732.0,0.61,1.977,4.025,0.0,50272.172,d51f2a3d,expiry,2026-05-25 04:49:50,
심플리쿡 닭가슴살샐러드,군포6점,광명3점,273.0,233.0,81.0,381.0,0.0,2450.0,20.59,20031.0,71224.0,148.0,20031.0,재배치 추천,60.7,검토 가능,259,False,transfer,54390.0,2352.0,36260.0,1.379,2.003,7.122,0.0,92994.254,d51f2a3d,expiry,2026-05-25 04:49:50,
심플리쿡 리코타치즈샐러드,의정부3점,강남3점,277.0,217.0,459.0,429.0,0.0,3460.0,34.5,32550.0,145140.0,212.0,32550.0,재배치 추천,60.6,검토 가능,260,False,transfer,33200.17,0.0,73352.0,0.049,3.255,14.514,0.0,106534.45,d51f2a3d,expiry,2026-05-25 04:49:50,
유어스 마카롱,신촌2점,여의도2점,274.0,244.0,78.0,318.0,0.0,1070.0,5.26,6234.0,15222.0,74.0,6234.0,재배치 추천,60.5,검토 가능,261,False,transfer,11877.0,1048.6,7918.0,1.373,0.623,1.522,0.0,20842.827,d51f2a3d,expiry,2026-05-25 04:49:50,
유어스 햄치즈샌드위치,이태원점,왕십리점,265.0,235.0,135.0,315.0,0.0,2920.0,6.53,7377.0,46033.0,80.0,7377.0,재배치 추천,60.5,검토 가능,262,False,transfer,34391.111,1898.0,23360.0,0.608,0.738,4.603,0.0,59644.379,d51f2a3d,expiry,2026-05-25 04:49:50,
혜자로운 집밥 함박스테이크,잠실4점,평촌4점,270.0,245.0,270.0,405.0,0.0,2820.0,23.53,22677.0,89718.0,160.0,22677.0,재배치 추천,60.5,검토 가능,263,False,transfer,33840.0,0.0,45120.0,0.198,2.268,8.972,0.0,78948.958,d51f2a3d,expiry,2026-05-25 04:49:50,
오리온 초코파이,목동점,여의도점,251.0,271.0,417.0,357.0,0.0,1780.0,7.94,8646.0,29426.0,86.0,8646.0,재배치 추천,60.4,검토 가능,264,False,transfer,6910.626,0.0,15308.0,0.0,0.865,2.943,0.0,22214.819,d51f2a3d,expiry,2026-05-25 04:49:50,
서울우유 흰우유,잠실2점,노원점,277.0,247.0,219.0,399.0,0.0,1090.0,22.17,21453.0,31604.0,152.0,21453.0,재배치 추천,60.3,검토 가능,265,False,transfer,15716.904,316.1,16568.0,0.323,2.145,3.16,0.0,32596.021,d51f2a3d,expiry,2026-05-25 04:49:50,
유어스 고르곤졸라피자,부천3점,성남5점,268.0,223.0,186.0,471.0,0.0,2220.0,42.66,39894.0,107880.0,248.0,39894.0,재배치 추천,60.3,검토 가능,266,False,transfer,59496.0,910.2,55056.0,0.484,3.989,10.788,0.0,115447.906,d51f2a3d,expiry,2026-05-25 04:49:50,
카페25 아이스카페라떼,홍대6점,고양3점,261.0,256.0,267.0,402.0,0.0,1370.0,21.22,20598.0,38352.0,146.0,20598.0,재배치 추천,60.2,검토 가능,267,False,transfer,14664.388,0.0,20002.0,0.17,2.06,3.835,0.0,34660.663,d51f2a3d,expiry,2026-05-25 04:49:50,
혜자로운 집밥 치킨마요덮밥,압구정점,군포6점,279.0,239.0,93.0,423.0,0.0,2720.0,29.18,27762.0,96813.0,184.0,27762.0,재배치 추천,60.2,검토 가능,268,False,transfer,75072.0,2529.6,50048.0,1.217,2.776,9.681,0.0,127638.36,d51f2a3d,expiry,2026-05-25 04:49:50,
코카콜라 제로,압구정점,청량리점,253.0,243.0,81.0,321.0,0.0,840.0,6.93,7737.0,12598.0,78.0,7737.0,재배치 추천,60.1,검토 가능,269,False,transfer,9828.0,722.4,6552.0,1.183,0.774,1.26,0.0,17101.55,d51f2a3d,expiry,2026-05-25 04:49:50,
유어스 복숭아아이스티,상암점,잠원점,271.0,261.0,147.0,387.0,0.0,1420.0,17.3,17070.0,34738.0,126.0,17070.0,재배치 추천,60.0,검토 가능,270,False,transfer,24738.429,880.4,17892.0,0.585,1.707,3.474,0.0,43506.232,d51f2a3d,expiry,2026-05-25 04:49:50,
광동 옥수수수염차,강남점,잠원점,265.0,255.0,105.0,405.0,0.0,1360.0,0.0,21684.0,38698.0,150.0,21684.0,재배치 추천,60.0,검토 가능,271,False,transfer,30600.0,1088.0,20400.0,0.947,2.168,3.87,0.0,52082.909,d51f2a3d,expiry,2026-05-25 04:49:50,
유어스 마카롱,신촌2점,잠원점,274.0,224.0,78.0,318.0,0.0,1070.0,10.99,11391.0,19336.0,94.0,11391.0,재배치 추천,59.8,검토 가능,272,False,transfer,15087.0,1048.6,10058.0,1.404,1.139,1.934,0.0,26191.932,d51f2a3d,expiry,2026-05-25 04:49:50,
코카콜라 제로,동대문점,목동점,273.0,223.0,81.0,321.0,0.0,840.0,19.23,18807.0,15585.0,98.0,15585.0,프로모션 추천,59.8,검토 가능,273,False,promotion,12348.0,806.4,8232.0,1.338,1.881,1.558,0.0,21384.299,d51f2a3d,expiry,2026-05-25 04:49:50,
빙그레 바나나맛우유,노원점,고양3점,278.0,273.0,66.0,441.0,0.0,1140.0,26.72,25548.0,37298.0,168.0,25548.0,재배치 추천,59.8,검토 가능,274,False,transfer,28728.0,1208.4,19152.0,1.797,2.555,3.73,0.0,49083.912,d51f2a3d,expiry,2026-05-25 04:49:50,
오리온 초코파이,목동점,여의도2점,251.0,221.0,417.0,297.0,0.0,1780.0,7.33,8097.0,26004.0,76.0,8097.0,재배치 추천,59.7,검토 가능,275,False,transfer,6107.065,0.0,13528.0,0.0,0.81,2.6,0.0,19631.655,d51f2a3d,expiry,2026-05-25 04:49:50,
코카콜라 제로,압구정점,목동점,253.0,223.0,81.0,321.0,0.0,840.0,20.76,20184.0,15828.0,98.0,15828.0,프로모션 추천,59.7,검토 가능,276,False,promotion,12348.0,722.4,8232.0,1.214,2.018,1.583,0.0,21300.013,d51f2a3d,expiry,2026-05-25 04:49:50,
풀무원 얇은피만두,건대2점,부천4점,265.0,240.0,225.0,450.0,0.0,3520.0,35.83,33747.0,145756.0,210.0,33747.0,재배치 추천,59.7,검토 가능,277,False,transfer,65296.0,704.0,73920.0,0.322,3.375,14.576,0.0,139902.372,d51f2a3d,expiry,2026-05-25 04:49:50,
유어스 과일컵,고양4점,신촌점,279.0,279.0,183.0,423.0,0.0,3260.0,21.87,21183.0,91776.0,144.0,21183.0,재배치 추천,59.6,검토 가능,278,False,transfer,53677.77,1564.8,46944.0,0.433,2.118,9.178,0.0,102175.707,d51f2a3d,expiry,2026-05-25 04:49:50,
유어스 햄치즈샌드위치,용산점,신림점,265.0,255.0,75.0,315.0,0.0,2920.0,7.14,7926.0,42111.0,74.0,7926.0,재배치 추천,59.5,검토 가능,279,False,transfer,32412.0,2774.0,17520.0,1.362,0.793,4.211,0.0,52702.358,d51f2a3d,expiry,2026-05-25 04:49:50,
유어스 마카롱,목동점,여의도2점,274.0,244.0,438.0,318.0,0.0,1070.0,7.33,8097.0,15071.0,74.0,8097.0,재배치 추천,59.5,검토 가능,280,False,transfer,3714.952,0.0,7918.0,0.0,0.81,1.507,0.0,11630.635,d51f2a3d,expiry,2026-05-25 04:49:50,
게토레이 레몬,잠실점,목동점,261.0,271.0,207.0,447.0,0.0,1190.0,28.88,27492.0,39499.0,176.0,27492.0,재배치 추천,59.5,검토 가능,281,False,transfer,19805.739,321.3,20944.0,0.327,2.749,3.95,0.0,41064.667,d51f2a3d,expiry,2026-05-25 04:49:50,
코카콜라 제로,동대문점,청량리점,273.0,243.0,81.0,321.0,0.0,840.0,0.0,24402.0,12404.0,78.0,12404.0,프로모션 추천,59.4,검토 가능,282,False,promotion,9828.0,806.4,6552.0,1.307,2.44,1.24,0.0,17184.026,d51f2a3d,expiry,2026-05-25 04:49:50,
코카콜라 제로,홍대2점,청량리점,253.0,243.0,141.0,321.0,0.0,840.0,15.24,15216.0,12505.0,78.0,12505.0,프로모션 추천,59.4,검토 가능,283,False,promotion,8817.319,470.4,6552.0,0.519,1.522,1.25,0.0,15837.466,d51f2a3d,expiry,2026-05-25 04:49:50,
게토레이 레몬,문래점,목동점,261.0,271.0,267.0,447.0,0.0,1190.0,0.0,27723.0,40536.0,176.0,27723.0,재배치 추천,59.4,검토 가능,284,False,transfer,15355.011,0.0,20944.0,0.186,2.772,4.054,0.0,36292.371,d51f2a3d,expiry,2026-05-25 04:49:50,
유어스 치즈핫도그,구로점,노원점,268.0,238.0,186.0,426.0,0.0,4400.0,31.63,29967.0,163707.0,188.0,29967.0,재배치 추천,59.4,검토 가능,285,False,transfer,89390.968,1804.0,82720.0,0.441,2.997,16.371,0.0,173896.041,d51f2a3d,expiry,2026-05-25 04:49:50,
비비고 김치왕교자,신촌점,청량리점,267.0,237.0,459.0,339.0,0.0,3520.0,13.67,13803.0,70309.0,102.0,13803.0,재배치 추천,59.3,검토 가능,286,False,transfer,15664.0,0.0,35904.0,0.0,1.38,7.031,0.0,51559.589,d51f2a3d,expiry,2026-05-25 04:49:50,
브레디크 골든단팥빵,상암점,합정점,274.0,244.0,138.0,378.0,0.0,1360.0,0.0,19767.0,35582.0,134.0,19767.0,재배치 추천,59.3,검토 가능,287,False,transfer,27137.913,924.8,18224.0,0.67,1.977,3.558,0.0,46281.848,d51f2a3d,expiry,2026-05-25 04:49:50,
카페25 아이스아메리카노,평촌4점,군포4점,279.0,264.0,63.0,318.0,0.0,1210.0,5.74,6666.0,15271.0,64.0,6666.0,재배치 추천,59.2,검토 가능,288,False,transfer,11616.0,1306.8,6534.0,1.799,0.667,1.527,0.0,19456.405,d51f2a3d,expiry,2026-05-25 04:49:50,
오리온 초코파이,종로점,여의도점,261.0,271.0,177.0,357.0,0.0,1780.0,10.47,10923.0,29370.0,86.0,10923.0,재배치 추천,59.2,검토 가능,289,False,transfer,16929.61,747.6,15308.0,0.358,1.092,2.937,0.0,32981.539,d51f2a3d,expiry,2026-05-25 04:49:50,
해태 홈런볼,구로점,왕십리점,256.0,266.0,222.0,402.0,0.0,2500.0,21.08,20472.0,65748.0,136.0,20472.0,재배치 추천,59.2,검토 가능,290,False,transfer,29405.405,425.0,34000.0,0.246,2.047,6.575,0.0,63822.029,d51f2a3d,expiry,2026-05-25 04:49:50,
혜자로운 집밥 치킨마요덮밥,건대5점,군포6점,269.0,239.0,63.0,423.0,0.0,2720.0,31.25,29625.0,97853.0,184.0,29625.0,재배치 추천,59.2,검토 가능,291,False,transfer,75072.0,2801.6,50048.0,1.852,2.962,9.785,0.0,127910.705,d51f2a3d,expiry,2026-05-25 04:49:50,
카페25 헤이즐넛라떼,여의도6점,용산점,273.0,243.0,141.0,381.0,0.0,1510.0,0.0,20982.0,40720.0,138.0,20982.0,재배치 추천,59.1,검토 가능,292,False,transfer,30259.436,996.6,20838.0,0.649,2.098,4.072,0.0,52088.515,d51f2a3d,expiry,2026-05-25 04:49:50,
빙그레 바나나맛우유,수원3점,화성7점,263.0,268.0,141.0,426.0,0.0,1140.0,25.91,24819.0,34545.0,158.0,24819.0,재배치 추천,59.1,검토 가능,293,False,transfer,25197.638,695.4,18012.0,0.618,2.482,3.454,0.0,43899.72,d51f2a3d,expiry,2026-05-25 04:49:50,
서울우유 딸기우유,화성4점,광명6점,260.0,265.0,270.0,465.0,0.0,970.0,40.68,38112.0,36401.0,200.0,36401.0,프로모션 추천,59.1,검토 가능,294,False,promotion,14011.111,0.0,19400.0,0.197,3.811,3.64,0.0,33403.856,d51f2a3d,expiry,2026-05-25 04:49:50,
유어스 국물떡볶이,선릉점,건대점,259.0,279.0,333.0,273.0,0.0,3110.0,6.27,7143.0,39345.0,64.0,7143.0,재배치 추천,58.9,검토 가능,295,False,transfer,11610.667,0.0,0.0,0.0,0.714,3.934,0.0,11606.018,d51f2a3d,expiry,2026-05-25 04:49:50,
매일 바이오 플레인요거트,상암점,잠원점,251.0,241.0,117.0,357.0,0.0,2280.0,17.3,17070.0,52125.0,116.0,17070.0,재배치 추천,58.9,검토 가능,296,False,transfer,39672.0,1527.6,26448.0,0.735,1.707,5.213,0.0,67641.416,d51f2a3d,expiry,2026-05-25 04:49:50,
서울우유 딸기우유,화성4점,건대5점,260.0,235.0,270.0,405.0,0.0,970.0,56.61,52449.0,30941.0,170.0,30941.0,프로모션 추천,58.9,검토 가능,297,False,promotion,11909.444,0.0,16490.0,0.191,5.245,3.094,0.0,28391.297,d51f2a3d,expiry,2026-05-25 04:49:50,
비비고 김치왕교자,압구정점,사당점,247.0,257.0,99.0,339.0,0.0,3520.0,10.39,10851.0,56629.0,82.0,10851.0,재배치 추천,58.8,검토 가능,298,False,transfer,43296.0,2604.8,28864.0,0.868,1.085,5.663,0.0,74758.92,d51f2a3d,expiry,2026-05-25 04:49:50,
매일 바이오 플레인요거트,이태원점,잠원점,271.0,241.0,117.0,357.0,0.0,2280.0,0.0,17292.0,51827.0,116.0,17292.0,재배치 추천,58.8,검토 가능,299,False,transfer,39672.0,1755.6,26448.0,0.821,1.729,5.183,0.0,67869.509,d51f2a3d,expiry,2026-05-25 04:49:50,
유어스 햄치즈샌드위치,용산점,왕십리점,265.0,235.0,75.0,315.0,0.0,2920.0,10.12,10608.0,45526.0,80.0,10608.0,재배치 추천,58.7,검토 가능,300,False,transfer,35040.0,2774.0,23360.0,1.394,1.061,4.553,0.0,61169.78,d51f2a3d,expiry,2026-05-25 04:49:50,
브레디크 골든단팥빵,상암점,잠원점,274.0,264.0,138.0,378.0,0.0,1360.0,17.3,17070.0,30271.0,114.0,17070.0,재배치 추천,58.7,검토 가능,301,False,transfer,23087.478,924.8,15504.0,0.644,1.707,3.027,0.0,39512.188,d51f2a3d,expiry,2026-05-25 04:49:50,
유어스 복숭아아이스티,잠실2점,합정점,251.0,241.0,207.0,387.0,0.0,1420.0,24.11,23199.0,40440.0,146.0,23199.0,재배치 추천,58.7,검토 가능,302,False,transfer,18854.101,312.4,20732.0,0.295,2.32,4.044,0.0,39892.432,d51f2a3d,expiry,2026-05-25 04:49:50,
유어스 햄치즈샌드위치,용산점,문래점,265.0,275.0,75.0,315.0,0.0,2920.0,8.93,9537.0,42111.0,74.0,9537.0,재배치 추천,58.6,검토 가능,303,False,transfer,32412.0,2774.0,11680.0,1.33,0.954,4.211,0.0,46862.165,d51f2a3d,expiry,2026-05-25 04:49:50,
유어스 스파클링 레몬,건대3점,홍대5점,268.0,263.0,66.0,381.0,0.0,1100.0,18.43,18087.0,24441.0,118.0,18087.0,재배치 추천,58.6,검토 가능,304,False,transfer,19470.0,1111.0,12980.0,1.685,1.809,2.444,0.0,33558.432,d51f2a3d,expiry,2026-05-25 04:49:50,
유어스 컵과일 파인애플,구로점,군포5점,271.0,276.0,177.0,402.0,0.0,2490.0,20.19,19671.0,61817.0,126.0,19671.0,재배치 추천,58.5,검토 가능,305,False,transfer,36026.924,1170.3,31374.0,0.422,1.967,6.182,0.0,68563.497,d51f2a3d,expiry,2026-05-25 04:49:50,
서울우유 흰우유,잠실2점,신촌5점,277.0,267.0,219.0,399.0,0.0,1090.0,21.51,20859.0,27446.0,132.0,20859.0,재배치 추천,58.5,검토 가능,306,False,transfer,13648.89,316.1,14388.0,0.298,2.086,2.745,0.0,28348.458,d51f2a3d,expiry,2026-05-25 04:49:50,
카페25 아이스카페라떼,역삼점,시흥6점,271.0,266.0,267.0,462.0,0.0,1370.0,35.09,33081.0,50200.0,196.0,33081.0,재배치 추천,58.5,검토 가능,307,False,transfer,20440.708,27.4,26852.0,0.22,3.308,5.02,0.0,47311.999,d51f2a3d,expiry,2026-05-25 04:49:50,
제주삼다수,왕십리점,선릉점,269.0,219.0,393.0,273.0,0.0,1420.0,7.3,8070.0,17193.0,64.0,8070.0,재배치 추천,58.4,검토 가능,308,False,transfer,4665.405,0.0,7668.0,0.0,0.807,1.719,0.0,12330.878,d51f2a3d,expiry,2026-05-25 04:49:50,
유어스 마카롱,이태원점,여의도2점,254.0,244.0,78.0,318.0,0.0,1070.0,9.29,9861.0,15167.0,74.0,9861.0,재배치 추천,58.4,검토 가능,309,False,transfer,11877.0,941.6,7918.0,1.245,0.986,1.517,0.0,20735.342,d51f2a3d,expiry,2026-05-25 04:49:50,
남양 불가리스,구로점,마포점,279.0,219.0,243.0,303.0,0.0,1300.0,11.57,11913.0,21109.0,84.0,11913.0,재배치 추천,58.4,검토 가능,310,False,transfer,9403.333,234.0,10920.0,0.213,1.191,2.111,0.0,20554.244,d51f2a3d,expiry,2026-05-25 04:49:50,
서울우유 딸기우유,화성4점,분당3점,260.0,235.0,270.0,315.0,0.0,970.0,42.48,39732.0,14560.0,80.0,14560.0,프로모션 추천,58.4,검토 가능,311,False,promotion,5604.444,0.0,7760.0,0.108,3.973,1.456,0.0,13359.124,d51f2a3d,expiry,2026-05-25 04:49:50,
빙그레 바나나맛우유,시흥5점,화성7점,273.0,268.0,111.0,426.0,0.0,1140.0,27.31,26079.0,34785.0,158.0,26079.0,재배치 추천,58.4,검토 가능,312,False,transfer,27018.0,923.4,18012.0,0.915,2.608,3.478,0.0,45948.229,d51f2a3d,expiry,2026-05-25 04:49:50,
덴마크 드링킹요구르트,잠원점,선릉점,275.0,225.0,435.0,255.0,0.0,1280.0,4.69,5721.0,12564.0,51.0,5721.0,재배치 추천,58.3,검토 가능,313,False,transfer,3095.172,0.0,3840.0,0.0,0.572,1.256,0.0,6933.344,d51f2a3d,expiry,2026-05-25 04:49:50,
유어스 국물떡볶이,역삼점,건대점,279.0,279.0,333.0,273.0,0.0,3110.0,7.37,8133.0,39162.0,64.0,8133.0,재배치 추천,58.3,검토 가능,314,False,transfer,12507.243,0.0,0.0,0.0,0.813,3.916,0.0,12502.514,d51f2a3d,expiry,2026-05-25 04:49:50,
서울우유 딸기우유,화성3점,건대5점,265.0,235.0,375.0,405.0,0.0,970.0,58.45,54105.0,32107.0,170.0,32107.0,프로모션 추천,58.3,검토 가능,315,False,promotion,8739.7,0.0,16490.0,0.063,5.41,3.211,0.0,25221.142,d51f2a3d,expiry,2026-05-25 04:49:50,
서울우유 딸기우유,화성3점,광명6점,265.0,265.0,375.0,465.0,0.0,970.0,42.21,39489.0,37773.0,200.0,37773.0,프로모션 추천,58.3,검토 가능,316,False,promotion,10282.0,0.0,19400.0,0.068,3.949,3.777,0.0,29674.342,d51f2a3d,expiry,2026-05-25 04:49:50,
매일 바이오 플레인요거트,이태원점,왕십리점,271.0,241.0,117.0,297.0,0.0,2280.0,6.53,7377.0,26360.0,59.0,7377.0,재배치 추천,58.2,검토 가능,317,False,transfer,20178.0,1755.6,12768.0,0.752,0.738,2.636,0.0,34698.979,d51f2a3d,expiry,2026-05-25 04:49:50,
심플리쿡 닭가슴살샐러드,의정부5점,건대4점,263.0,258.0,111.0,426.0,0.0,2450.0,29.78,28302.0,80645.0,168.0,28302.0,재배치 추천,58.2,검토 가능,318,False,transfer,61740.0,1862.0,41160.0,0.882,2.83,8.065,0.0,104751.987,d51f2a3d,expiry,2026-05-25 04:49:50,
서울우유 딸기우유,신촌점,분당3점,265.0,235.0,375.0,315.0,0.0,970.0,34.68,32712.0,15092.0,80.0,15092.0,프로모션 추천,58.1,검토 가능,319,False,promotion,4112.8,0.0,7760.0,0.0,3.271,1.509,0.0,11868.02,d51f2a3d,expiry,2026-05-25 04:49:50,
서울우유 딸기우유,화성3점,분당3점,265.0,235.0,375.0,315.0,0.0,970.0,44.29,41361.0,15109.0,80.0,15109.0,프로모션 추천,58.1,검토 가능,320,False,promotion,4112.8,0.0,7760.0,0.0,4.136,1.511,0.0,11867.153,d51f2a3d,expiry,2026-05-25 04:49:50,
브레디크 초코크림빵,강남3점,부천4점,271.0,226.0,117.0,402.0,0.0,2070.0,31.71,30039.0,71280.0,176.0,30039.0,재배치 추천,58.1,검토 가능,321,False,transfer,54648.0,1593.9,36432.0,0.877,3.004,7.128,0.0,92664.645,d51f2a3d,expiry,2026-05-25 04:49:50,
제주삼다수,왕십리점,역삼점,269.0,239.0,393.0,273.0,0.0,1420.0,8.03,8727.0,17193.0,64.0,8727.0,재배치 추천,58.0,검토 가능,322,False,transfer,4665.405,0.0,4828.0,0.0,0.873,1.719,0.0,9490.813,d51f2a3d,expiry,2026-05-25 04:49:50,
오리온 초코파이,종로점,여의도2점,261.0,221.0,177.0,297.0,0.0,1780.0,10.5,10950.0,25955.0,76.0,10950.0,재배치 추천,58.0,검토 가능,323,False,transfer,14961.051,747.6,13528.0,0.365,1.095,2.595,0.0,29233.326,d51f2a3d,expiry,2026-05-25 04:49:50,
비비고 김치왕교자,신촌점,여의도점,267.0,237.0,459.0,279.0,0.0,3520.0,4.37,5433.0,31708.0,46.0,5433.0,재배치 추천,57.9,검토 가능,324,False,transfer,7064.157,0.0,14784.0,0.0,0.543,3.171,0.0,21844.443,d51f2a3d,expiry,2026-05-25 04:49:50,
유어스 햄치즈샌드위치,이태원점,신림점,265.0,255.0,135.0,315.0,0.0,2920.0,10.38,10842.0,42580.0,74.0,10842.0,재배치 추천,57.9,검토 가능,325,False,transfer,31811.778,1898.0,17520.0,0.577,1.084,4.258,0.0,51225.012,d51f2a3d,expiry,2026-05-25 04:49:50,
카페25 아이스아메리카노,수원4점,시흥6점,269.0,249.0,183.0,423.0,0.0,1210.0,31.72,30048.0,40660.0,174.0,30048.0,재배치 추천,57.9,검토 가능,326,False,transfer,23211.172,520.3,21054.0,0.441,3.005,4.066,0.0,44778.842,d51f2a3d,expiry,2026-05-25 04:49:50,
유어스 마카롱,목동점,왕십리점,274.0,224.0,438.0,258.0,0.0,1070.0,22.09,21381.0,8758.0,43.0,8758.0,프로모션 추천,57.7,검토 가능,327,False,promotion,2158.688,0.0,3638.0,0.0,2.138,0.876,0.0,5793.674,d51f2a3d,expiry,2026-05-25 04:49:50,
유어스 마카롱,신촌2점,왕십리점,274.0,224.0,78.0,258.0,0.0,1070.0,11.81,12129.0,8845.0,43.0,8845.0,프로모션 추천,57.7,검토 가능,328,False,promotion,6901.5,1048.6,3638.0,1.322,1.213,0.884,0.0,11587.325,d51f2a3d,expiry,2026-05-25 04:49:50,
브레디크 골든슈크림빵,강남2점,신촌점,275.0,225.0,135.0,315.0,0.0,1620.0,14.19,14271.0,28640.0,90.0,14271.0,재배치 추천,57.7,검토 가능,329,False,transfer,21870.0,1134.0,14580.0,0.661,1.427,2.864,0.0,37580.37,d51f2a3d,expiry,2026-05-25 04:49:50,
서울우유 초코우유,홍대4점,목동점,272.0,232.0,114.0,294.0,0.0,1590.0,10.03,10527.0,21353.0,69.0,10527.0,재배치 추천,57.5,검토 가능,330,False,transfer,16456.5,1256.1,9858.0,0.798,1.053,2.135,0.0,27568.21,d51f2a3d,expiry,2026-05-25 04:49:50,
유어스 스파클링 레몬,건대3점,시흥6점,268.0,263.0,66.0,471.0,0.0,1100.0,39.65,37185.0,43082.0,208.0,37185.0,재배치 추천,57.5,검토 가능,331,False,transfer,34320.0,1111.0,22880.0,1.751,3.719,4.308,0.0,58304.724,d51f2a3d,expiry,2026-05-25 04:49:50,
비비고 김치왕교자,신촌점,사당점,267.0,257.0,459.0,339.0,0.0,3520.0,13.09,13281.0,56523.0,82.0,13281.0,재배치 추천,57.4,검토 가능,332,False,transfer,12592.627,0.0,28864.0,0.0,1.328,5.652,0.0,41449.647,d51f2a3d,expiry,2026-05-25 04:49:50,
유어스 복숭아아이스티,강남점,잠원점,271.0,261.0,87.0,387.0,0.0,1420.0,0.0,21684.0,34915.0,126.0,21684.0,재배치 추천,57.4,검토 가능,333,False,transfer,26838.0,1306.4,17892.0,1.22,2.168,3.491,0.0,46031.96,d51f2a3d,expiry,2026-05-25 04:49:50,
제주삼다수,왕십리점,잠실2점,269.0,259.0,393.0,273.0,0.0,1420.0,9.63,10167.0,17193.0,64.0,10167.0,재배치 추천,57.2,검토 가능,334,False,transfer,4665.405,0.0,1988.0,0.0,1.017,1.719,0.0,6650.669,d51f2a3d,expiry,2026-05-25 04:49:50,
서울우유 흰우유,잠실2점,합정점,277.0,267.0,219.0,399.0,0.0,1090.0,24.11,23199.0,27446.0,132.0,23199.0,재배치 추천,57.2,검토 가능,335,False,transfer,13648.89,316.1,14388.0,0.298,2.32,2.745,0.0,28348.224,d51f2a3d,expiry,2026-05-25 04:49:50,
유어스 컵과일 파인애플,시흥3점,건대3점,266.0,251.0,102.0,447.0,0.0,2490.0,37.77,35493.0,95037.0,196.0,35493.0,재배치 추천,57.2,검토 가능,336,False,transfer,73206.0,2041.8,48804.0,1.023,3.549,9.504,0.0,124039.77,d51f2a3d,expiry,2026-05-25 04:49:50,
덴마크 드링킹요구르트,왕십리점,선릉점,275.0,225.0,375.0,255.0,0.0,1280.0,7.3,8070.0,12658.0,51.0,8070.0,재배치 추천,57.0,검토 가능,337,False,transfer,3590.4,0.0,3840.0,0.0,0.807,1.266,0.0,7428.327,d51f2a3d,expiry,2026-05-25 04:49:50,
유어스 과일컵,동대문점,성남6점,279.0,234.0,63.0,378.0,0.0,3260.0,26.97,25773.0,93124.0,144.0,25773.0,재배치 추천,57.0,검토 가능,338,False,transfer,70416.0,3520.8,46944.0,1.905,2.577,9.312,0.0,120870.815,d51f2a3d,expiry,2026-05-25 04:49:50,
심플리쿡 닭가슴살샐러드,군포6점,건대4점,273.0,258.0,81.0,426.0,0.0,2450.0,32.1,30390.0,80849.0,168.0,30390.0,재배치 추천,57.0,검토 가능,339,False,transfer,61740.0,2352.0,41160.0,1.382,3.039,8.085,0.0,105242.258,d51f2a3d,expiry,2026-05-25 04:49:50,
빙그레 붕어싸만코,합정점,마포점,263.0,213.0,81.0,321.0,0.0,2390.0,0.0,19137.0,49888.0,108.0,19137.0,재배치 추천,56.9,검토 가능,340,False,transfer,38718.0,2174.9,25812.0,1.292,1.914,4.989,0.0,66699.289,d51f2a3d,expiry,2026-05-25 04:49:50,
서울우유 흰우유,구리3점,신촌5점,257.0,267.0,99.0,399.0,0.0,1090.0,24.6,23640.0,27972.0,132.0,23640.0,재배치 추천,56.9,검토 가능,341,False,transfer,21582.0,861.1,14388.0,0.963,2.364,2.797,0.0,36826.902,d51f2a3d,expiry,2026-05-25 04:49:50,
제주삼다수,강남점,잠실2점,279.0,259.0,153.0,273.0,0.0,1420.0,10.42,10878.0,17151.0,64.0,10878.0,재배치 추천,56.8,검토 가능,342,False,transfer,12429.176,894.6,1988.0,0.437,1.088,1.715,0.0,15309.411,d51f2a3d,expiry,2026-05-25 04:49:50,
브레디크 우유생크림빵,문래점,목동점,267.0,277.0,249.0,429.0,0.0,2390.0,0.0,27723.0,71461.0,152.0,27723.0,재배치 추천,56.8,검토 가능,343,False,transfer,29215.59,215.1,36328.0,0.213,2.772,7.146,0.0,65748.985,d51f2a3d,expiry,2026-05-25 04:49:50,
혜자로운 집밥 치킨마요덮밥,청량리점,군포6점,269.0,239.0,333.0,423.0,0.0,2720.0,36.03,33927.0,96932.0,184.0,33927.0,재배치 추천,56.7,검토 가능,344,False,transfer,30321.874,0.0,50048.0,0.121,3.393,9.693,0.0,80356.909,d51f2a3d,expiry,2026-05-25 04:49:50,
고메 치즈함박스테이크,명동점,청량리점,272.0,212.0,174.0,234.0,0.0,4040.0,7.16,7944.0,37661.0,47.0,7944.0,재배치 추천,56.6,검토 가능,345,False,transfer,22261.793,1979.6,8888.0,0.329,0.794,3.766,0.0,33125.161,d51f2a3d,expiry,2026-05-25 04:49:50,
덴마크 드링킹요구르트,왕십리점,역삼점,275.0,245.0,375.0,255.0,0.0,1280.0,8.03,8727.0,12658.0,51.0,8727.0,재배치 추천,56.6,검토 가능,346,False,transfer,3590.4,0.0,1280.0,0.0,0.873,1.266,0.0,4868.261,d51f2a3d,expiry,2026-05-25 04:49:50,
유어스 햄치즈샌드위치,이태원점,문래점,265.0,275.0,135.0,315.0,0.0,2920.0,12.89,13101.0,42580.0,74.0,13101.0,재배치 추천,56.6,검토 가능,347,False,transfer,31811.778,1898.0,11680.0,0.545,1.31,4.258,0.0,45384.755,d51f2a3d,expiry,2026-05-25 04:49:50,
카페25 아이스아메리카노,시흥3점,의정부7점,269.0,219.0,93.0,273.0,0.0,1210.0,60.68,56112.0,14766.0,64.0,14766.0,프로모션 추천,56.6,검토 가능,348,False,promotion,11616.0,1064.8,6534.0,1.045,5.611,1.477,0.0,19208.757,d51f2a3d,expiry,2026-05-25 04:49:50,
카페25 아이스아메리카노,시흥3점,군포4점,269.0,264.0,93.0,318.0,0.0,1210.0,0.0,61446.0,14766.0,64.0,14766.0,프로모션 추천,56.6,검토 가능,349,False,promotion,11616.0,1064.8,6534.0,1.031,6.145,1.477,0.0,19208.21,d51f2a3d,expiry,2026-05-25 04:49:50,
유어스 에그마요샌드위치,강남2점,마포점,266.0,236.0,162.0,342.0,0.0,1710.0,19.76,19284.0,35056.0,106.0,19284.0,재배치 추천,56.6,검토 가능,350,False,transfer,22321.833,889.2,18126.0,0.476,1.928,3.506,0.0,41332.075,d51f2a3d,expiry,2026-05-25 04:49:50,
롯데 카스타드,방배점,잠원점,275.0,215.0,285.0,345.0,0.0,1650.0,0.0,23907.0,41648.0,130.0,23907.0,재배치 추천,56.6,검토 가능,351,False,transfer,15523.026,0.0,21450.0,0.171,2.391,4.165,0.0,36966.642,d51f2a3d,expiry,2026-05-25 04:49:50,
CJ 비비고 왕교자,압구정점,분당3점,276.0,266.0,102.0,402.0,0.0,5400.0,26.01,24909.0,146033.0,136.0,24909.0,재배치 추천,56.6,검토 가능,352,False,transfer,110160.0,4698.0,73440.0,1.022,2.491,14.603,0.0,188281.928,d51f2a3d,expiry,2026-05-25 04:49:50,
유어스 마카롱,이태원점,왕십리점,254.0,224.0,78.0,258.0,0.0,1070.0,6.53,7377.0,8813.0,43.0,7377.0,재배치 추천,56.5,검토 가능,353,False,transfer,6901.5,941.6,3638.0,1.194,0.738,0.881,0.0,11480.675,d51f2a3d,expiry,2026-05-25 04:49:50,
카페25 아이스아메리카노,수원4점,군포4점,269.0,264.0,183.0,318.0,0.0,1210.0,18.61,18249.0,14956.0,64.0,14956.0,프로모션 추천,56.5,검토 가능,354,False,promotion,8537.443,520.3,6534.0,0.32,1.825,1.496,0.0,15588.742,d51f2a3d,expiry,2026-05-25 04:49:50,
카페25 아이스아메리카노,수원4점,의정부7점,269.0,219.0,183.0,273.0,0.0,1210.0,70.7,65130.0,14956.0,64.0,14956.0,프로모션 추천,56.5,검토 가능,355,False,promotion,8537.443,520.3,6534.0,0.334,6.513,1.496,0.0,15584.068,d51f2a3d,expiry,2026-05-25 04:49:50,
매일 바이오 플레인요거트,용산점,왕십리점,271.0,241.0,477.0,297.0,0.0,2280.0,10.12,10608.0,26461.0,59.0,10608.0,재배치 추천,56.4,검토 가능,356,False,transfer,5731.906,0.0,12768.0,0.0,1.061,2.646,0.0,18496.199,d51f2a3d,expiry,2026-05-25 04:49:50,
덴마크 드링킹요구르트,잠원점,역삼점,275.0,245.0,435.0,255.0,0.0,1280.0,0.0,20622.0,12564.0,51.0,12564.0,프로모션 추천,56.4,검토 가능,357,False,promotion,3095.172,0.0,1280.0,0.0,2.062,1.256,0.0,4371.854,d51f2a3d,expiry,2026-05-25 04:49:50,
브레디크 초코크림빵,강남3점,홍대3점,271.0,271.0,117.0,357.0,0.0,2070.0,15.91,15819.0,34830.0,86.0,15819.0,재배치 추천,56.4,검토 가능,358,False,transfer,26703.0,1593.9,17802.0,0.779,1.582,3.483,0.0,46094.614,d51f2a3d,expiry,2026-05-25 04:49:50,
유어스 마카롱,이태원점,잠원점,254.0,224.0,78.0,318.0,0.0,1070.0,0.0,17292.0,19266.0,94.0,17292.0,재배치 추천,56.4,검토 가능,359,False,transfer,15087.0,941.6,10058.0,1.276,1.729,1.927,0.0,26084.22,d51f2a3d,expiry,2026-05-25 04:49:50,
브레디크 골든슈크림빵,노원점,안양4점,275.0,255.0,75.0,465.0,0.0,1620.0,42.15,39435.0,66396.0,210.0,39435.0,재배치 추천,56.4,검토 가능,360,False,transfer,51030.0,1620.0,34020.0,1.559,3.943,6.64,0.0,86660.976,d51f2a3d,expiry,2026-05-25 04:49:50,
심플리쿡 리코타치즈샐러드,신촌7점,신촌4점,267.0,242.0,249.0,294.0,0.0,3460.0,0.0,12612.0,47220.0,69.0,12612.0,재배치 추천,56.3,검토 가능,361,False,transfer,19199.873,311.4,17992.0,0.125,1.261,4.722,0.0,37497.415,d51f2a3d,expiry,2026-05-25 04:49:50,
덴마크 드링킹요구르트,구로점,역삼점,265.0,245.0,195.0,255.0,0.0,1280.0,18.99,18591.0,12680.0,51.0,12680.0,프로모션 추천,56.3,검토 가능,362,False,promotion,6653.538,448.0,1280.0,0.199,1.859,1.268,0.0,8378.61,d51f2a3d,expiry,2026-05-25 04:49:50,
덴마크 드링킹요구르트,구로점,선릉점,265.0,225.0,195.0,255.0,0.0,1280.0,19.91,19419.0,12680.0,51.0,12680.0,프로모션 추천,56.3,검토 가능,363,False,promotion,6653.538,448.0,3840.0,0.238,1.942,1.268,0.0,10938.567,d51f2a3d,expiry,2026-05-25 04:49:50,
덴마크 드링킹요구르트,구로점,잠실2점,265.0,265.0,195.0,255.0,0.0,1280.0,27.1,25890.0,12680.0,51.0,12680.0,프로모션 추천,56.3,검토 가능,364,False,promotion,6653.538,448.0,0.0,0.16,2.589,1.268,0.0,7097.841,d51f2a3d,expiry,2026-05-25 04:49:50,
카페25 아이스아메리카노,평촌4점,의정부7점,279.0,219.0,63.0,273.0,0.0,1210.0,52.46,48714.0,15271.0,64.0,15271.0,프로모션 추천,56.3,검토 가능,365,False,promotion,11616.0,1306.8,6534.0,1.813,4.871,1.527,0.0,19452.215,d51f2a3d,expiry,2026-05-25 04:49:50,
유어스 햄치즈샌드위치,여의도2점,왕십리점,255.0,235.0,375.0,315.0,0.0,2920.0,15.05,15045.0,46067.0,80.0,15045.0,재배치 추천,56.2,검토 가능,366,False,transfer,11913.6,0.0,23360.0,0.0,1.504,4.607,0.0,35267.489,d51f2a3d,expiry,2026-05-25 04:49:50,
비비고 김치왕교자,동대문점,사당점,267.0,257.0,99.0,339.0,0.0,3520.0,15.55,15495.0,57037.0,82.0,15495.0,재배치 추천,56.1,검토 가능,367,False,transfer,43296.0,2956.8,28864.0,0.969,1.55,5.704,0.0,75110.516,d51f2a3d,expiry,2026-05-25 04:49:50,
오리온 초코파이,청량리점,여의도점,271.0,271.0,417.0,357.0,0.0,1780.0,16.5,16350.0,29866.0,86.0,16350.0,재배치 추천,56.1,검토 가능,368,False,transfer,7461.273,0.0,15308.0,0.0,1.635,2.987,0.0,22764.652,d51f2a3d,expiry,2026-05-25 04:49:50,
유어스 마카롱,목동점,잠원점,274.0,224.0,438.0,318.0,0.0,1070.0,18.14,17826.0,19144.0,94.0,17826.0,재배치 추천,56.1,검토 가능,369,False,transfer,4718.993,0.0,10058.0,0.0,1.783,1.914,0.0,14773.296,d51f2a3d,expiry,2026-05-25 04:49:50,
브레디크 골든단팥빵,강남점,잠원점,274.0,264.0,78.0,378.0,0.0,1360.0,0.0,21684.0,30038.0,114.0,21684.0,재배치 추천,56.1,검토 가능,370,False,transfer,23256.0,1332.8,15504.0,1.407,2.168,3.004,0.0,40089.035,d51f2a3d,expiry,2026-05-25 04:49:50,
빙그레 바나나맛우유,수원3점,의정부3점,263.0,243.0,141.0,381.0,0.0,1140.0,71.21,65589.0,30172.0,138.0,30172.0,프로모션 추천,55.9,검토 가능,371,False,promotion,22008.064,695.4,15732.0,0.614,6.559,3.017,0.0,38426.501,d51f2a3d,expiry,2026-05-25 04:49:50,
유어스 국물떡볶이,역삼점,사당점,279.0,209.0,333.0,213.0,0.0,3110.0,7.79,8511.0,26312.0,43.0,8511.0,재배치 추천,55.8,검토 가능,372,False,transfer,8403.304,0.0,1244.0,0.0,0.851,2.631,0.0,9643.822,d51f2a3d,expiry,2026-05-25 04:49:50,
덴마크 드링킹요구르트,왕십리점,잠실2점,275.0,265.0,375.0,255.0,0.0,1280.0,9.63,10167.0,12658.0,51.0,10167.0,재배치 추천,55.8,검토 가능,373,False,transfer,3590.4,0.0,0.0,0.0,1.017,1.266,0.0,3588.117,d51f2a3d,expiry,2026-05-25 04:49:50,
남양 불가리스,구로점,선릉점,279.0,239.0,243.0,303.0,0.0,1300.0,19.91,19419.0,16083.0,64.0,16083.0,프로모션 추천,55.8,검토 가능,374,False,promotion,7164.444,234.0,8320.0,0.18,1.942,1.608,0.0,15715.074,d51f2a3d,expiry,2026-05-25 04:49:50,
남양 불가리스,합정점,선릉점,269.0,239.0,63.0,303.0,0.0,1300.0,17.83,17547.0,16110.0,64.0,16110.0,프로모션 추천,55.8,검토 가능,375,False,promotion,12480.0,1339.0,8320.0,1.741,1.755,1.611,0.0,22137.375,d51f2a3d,expiry,2026-05-25 04:49:50,
남양 불가리스,강남2점,선릉점,249.0,239.0,123.0,303.0,0.0,1300.0,0.0,17643.0,16166.0,64.0,16166.0,프로모션 추천,55.8,검토 가능,376,False,promotion,12480.0,819.0,8320.0,0.618,1.764,1.617,0.0,21616.237,d51f2a3d,expiry,2026-05-25 04:49:50,
서울우유 흰우유,구리3점,합정점,257.0,267.0,99.0,399.0,0.0,1090.0,26.74,25566.0,27972.0,132.0,25566.0,재배치 추천,55.8,검토 가능,377,False,transfer,21582.0,861.1,14388.0,0.963,2.557,2.797,0.0,36826.71,d51f2a3d,expiry,2026-05-25 04:49:50,
빙그레 바나나맛우유,시흥5점,의정부3점,273.0,243.0,111.0,381.0,0.0,1140.0,58.31,53979.0,30381.0,138.0,30381.0,프로모션 추천,55.8,검토 가능,378,False,promotion,23598.0,923.4,15732.0,0.911,5.398,3.038,0.0,40245.875,d51f2a3d,expiry,2026-05-25 04:49:50,
농심 육개장사발면,명동점,홍대점,277.0,277.0,249.0,189.0,0.0,1790.0,8.35,9015.0,15335.0,44.0,9015.0,재배치 추천,55.7,검토 가능,379,False,transfer,6571.241,250.6,0.0,0.0,0.901,1.534,0.0,6819.406,d51f2a3d,expiry,2026-05-25 04:49:50,
빙그레 붕어싸만코,합정점,선릉점,263.0,233.0,81.0,321.0,0.0,2390.0,17.83,17547.0,40649.0,88.0,17547.0,재배치 추천,55.6,검토 가능,380,False,transfer,31548.0,2174.9,21032.0,1.261,1.755,4.065,0.0,54750.341,d51f2a3d,expiry,2026-05-25 04:49:50,
매일 소화가잘되는우유,잠실6점,광명5점,277.0,257.0,249.0,399.0,0.0,1610.0,29.29,27861.0,43737.0,142.0,27861.0,재배치 추천,55.6,검토 가능,381,False,transfer,19074.62,225.4,22862.0,0.234,2.786,4.374,0.0,42155.095,d51f2a3d,expiry,2026-05-25 04:49:50,
빙그레 바나나맛우유,노원점,의정부3점,278.0,243.0,66.0,381.0,0.0,1140.0,0.0,48495.0,30638.0,138.0,30638.0,프로모션 추천,55.6,검토 가능,382,False,promotion,23598.0,1208.4,15732.0,1.787,4.849,3.064,0.0,40532.274,d51f2a3d,expiry,2026-05-25 04:49:50,
빙그레 붕어싸만코,노원점,마포점,243.0,213.0,81.0,321.0,0.0,2390.0,22.32,21588.0,49807.0,108.0,21588.0,재배치 추천,55.5,검토 가능,383,False,transfer,38718.0,1935.9,25812.0,1.168,2.159,4.981,0.0,66459.929,d51f2a3d,expiry,2026-05-25 04:49:50,
매일 소화가잘되는우유,잠실6점,합정점,277.0,227.0,249.0,339.0,0.0,1610.0,23.22,22398.0,34497.0,112.0,22398.0,재배치 추천,55.5,검토 가능,384,False,transfer,15044.771,225.4,18032.0,0.221,2.24,3.45,0.0,33296.703,d51f2a3d,expiry,2026-05-25 04:49:50,
서울우유 흰우유,구로점,노원점,277.0,247.0,159.0,399.0,0.0,1090.0,31.63,29967.0,30526.0,152.0,29967.0,재배치 추천,55.5,검토 가능,385,False,transfer,21647.811,643.1,16568.0,0.562,2.997,3.053,0.0,38853.424,d51f2a3d,expiry,2026-05-25 04:49:50,
브레디크 소금버터롤,과천4점,남양주3점,279.0,229.0,333.0,423.0,0.0,2090.0,40.49,37941.0,79175.0,194.0,37941.0,재배치 추천,55.5,검토 가능,386,False,transfer,25478.23,0.0,40546.0,0.148,3.794,7.918,0.0,66012.666,d51f2a3d,expiry,2026-05-25 04:49:50,
혜자로운 햄구이도시락,신촌점,사당점,259.0,249.0,393.0,273.0,0.0,3650.0,13.09,13281.0,46335.0,64.0,13281.0,재배치 추천,55.4,검토 가능,387,False,transfer,11546.26,0.0,8760.0,0.0,1.328,4.633,0.0,20300.298,d51f2a3d,expiry,2026-05-25 04:49:50,
유어스 컵과일 파인애플,시흥3점,화성7점,266.0,231.0,102.0,357.0,0.0,2490.0,26.28,25152.0,61095.0,126.0,25152.0,재배치 추천,55.4,검토 가능,388,False,transfer,47061.0,2041.8,31374.0,0.98,2.515,6.109,0.0,80469.156,d51f2a3d,expiry,2026-05-25 04:49:50,
빙그레 바나나맛우유,수원3점,고양3점,263.0,273.0,141.0,441.0,0.0,1140.0,65.89,60801.0,36732.0,168.0,36732.0,프로모션 추천,55.4,검토 가능,389,False,promotion,26792.426,695.4,19152.0,0.623,6.08,3.673,0.0,46630.695,d51f2a3d,expiry,2026-05-25 04:49:50,
유어스 국물떡볶이,선릉점,사당점,259.0,209.0,333.0,213.0,0.0,3110.0,8.94,9546.0,26435.0,43.0,9546.0,재배치 추천,55.3,검토 가능,390,False,transfer,7800.917,0.0,1244.0,0.0,0.955,2.643,0.0,9041.319,d51f2a3d,expiry,2026-05-25 04:49:50,
유어스 에그마요샌드위치,노원점,마포점,266.0,236.0,102.0,342.0,0.0,1710.0,22.32,21588.0,35310.0,106.0,21588.0,재배치 추천,55.3,검토 가능,391,False,transfer,27189.0,1402.2,18126.0,0.959,2.159,3.531,0.0,46712.469,d51f2a3d,expiry,2026-05-25 04:49:50,
빙그레 바나나맛우유,노원점,화성7점,278.0,268.0,66.0,426.0,0.0,1140.0,73.04,67236.0,35078.0,158.0,35078.0,프로모션 추천,55.3,검토 가능,392,False,promotion,27018.0,1208.4,18012.0,1.792,6.724,3.508,0.0,46229.96,d51f2a3d,expiry,2026-05-25 04:49:50,
빙그레 바나나맛우유,시흥5점,고양3점,273.0,273.0,111.0,441.0,0.0,1140.0,41.59,38931.0,36986.0,168.0,36986.0,프로모션 추천,55.3,검토 가능,393,False,promotion,28728.0,923.4,19152.0,0.92,3.893,3.699,0.0,48796.729,d51f2a3d,expiry,2026-05-25 04:49:50,
제주삼다수,강남점,선릉점,279.0,219.0,153.0,273.0,0.0,1420.0,0.0,18372.0,17151.0,64.0,17151.0,프로모션 추천,55.2,검토 가능,394,False,promotion,12429.176,894.6,7668.0,0.511,1.837,1.715,0.0,20988.735,d51f2a3d,expiry,2026-05-25 04:49:50,
제주삼다수,강남점,역삼점,279.0,239.0,153.0,273.0,0.0,1420.0,0.0,19281.0,17151.0,64.0,17151.0,프로모션 추천,55.2,검토 가능,395,False,promotion,12429.176,894.6,4828.0,0.474,1.928,1.715,0.0,18148.607,d51f2a3d,expiry,2026-05-25 04:49:50,
혜자로운 햄구이도시락,신촌점,청량리점,259.0,229.0,393.0,273.0,0.0,3650.0,13.67,13803.0,46335.0,64.0,13803.0,재배치 추천,55.1,검토 가능,396,False,transfer,11546.26,0.0,16060.0,0.0,1.38,4.633,0.0,27600.246,d51f2a3d,expiry,2026-05-25 04:49:50,
카페25 아이스카페라떼,건대점,시흥6점,271.0,266.0,207.0,462.0,0.0,1370.0,41.81,39129.0,52435.0,196.0,39129.0,재배치 추천,55.1,검토 가능,397,False,transfer,26365.551,438.4,26852.0,0.367,3.913,5.244,0.0,53647.161,d51f2a3d,expiry,2026-05-25 04:49:50,
제주삼다수,상암점,역삼점,279.0,239.0,213.0,273.0,0.0,1420.0,20.79,20211.0,17580.0,64.0,17580.0,프로모션 추천,55.0,검토 가능,398,False,promotion,8928.0,468.6,4828.0,0.217,2.021,1.758,0.0,14221.038,d51f2a3d,expiry,2026-05-25 04:49:50,
제주삼다수,상암점,선릉점,279.0,219.0,213.0,273.0,0.0,1420.0,21.15,20535.0,17580.0,64.0,17580.0,프로모션 추천,55.0,검토 가능,399,False,promotion,8928.0,468.6,7668.0,0.254,2.054,1.758,0.0,17061.042,d51f2a3d,expiry,2026-05-25 04:49:50,
제주삼다수,상암점,잠실2점,279.0,259.0,213.0,273.0,0.0,1420.0,26.98,25782.0,17580.0,64.0,17580.0,프로모션 추천,55.0,검토 가능,400,False,promotion,8928.0,468.6,1988.0,0.181,2.578,1.758,0.0,11380.444,d51f2a3d,expiry,2026-05-25 04:49:50,
풀무원 얇은피만두,과천3점,의정부4점,275.0,245.0,105.0,465.0,0.0,3520.0,47.08,43872.0,153407.0,220.0,43872.0,재배치 추천,55.0,검토 가능,401,False,transfer,116160.0,2992.0,77440.0,1.046,4.387,15.341,0.0,196573.318,d51f2a3d,expiry,2026-05-25 04:49:50,
유어스 닭가슴살샌드위치,강남점,잠실2점,262.0,242.0,114.0,234.0,0.0,2710.0,10.42,10878.0,24729.0,47.0,10878.0,재배치 추천,54.9,후순위,402,False,transfer,19105.5,2005.4,0.0,0.632,1.088,2.473,0.0,21107.971,d51f2a3d,expiry,2026-05-25 04:49:50,
오리온 초코파이,청량리점,여의도2점,271.0,221.0,417.0,297.0,0.0,1780.0,16.68,16512.0,26393.0,76.0,16512.0,재배치 추천,54.9,후순위,403,False,transfer,6593.683,0.0,13528.0,0.0,1.651,2.639,0.0,20117.393,d51f2a3d,expiry,2026-05-25 04:49:50,
CJ 비비고 왕교자,분당5점,신촌2점,271.0,246.0,267.0,402.0,0.0,5400.0,33.73,31857.0,166644.0,156.0,31857.0,재배치 추천,54.9,후순위,404,False,transfer,64126.517,108.0,84240.0,0.202,3.186,16.664,0.0,148454.868,d51f2a3d,expiry,2026-05-25 04:49:50,
유어스 컵과일 파인애플,군포3점,화성7점,271.0,231.0,207.0,357.0,0.0,2490.0,27.54,26286.0,61960.0,126.0,26286.0,재배치 추천,54.8,후순위,405,False,transfer,30805.63,796.8,31374.0,0.331,2.629,6.196,0.0,62967.937,d51f2a3d,expiry,2026-05-25 04:49:50,
혜자로운 집밥 치킨마요덮밥,압구정점,홍대3점,279.0,254.0,93.0,318.0,0.0,2720.0,14.48,14532.0,33674.0,64.0,14532.0,재배치 추천,54.7,후순위,406,False,transfer,26112.0,2529.6,17408.0,1.101,1.453,3.367,0.0,46045.88,d51f2a3d,expiry,2026-05-25 04:49:50,
농심 육개장사발면,혜화점,홍대점,267.0,277.0,69.0,189.0,0.0,1790.0,10.36,10824.0,15354.0,44.0,10824.0,재배치 추천,54.6,후순위,407,False,transfer,11814.0,1772.1,0.0,1.202,1.082,1.535,0.0,13584.684,d51f2a3d,expiry,2026-05-25 04:49:50,
덴마크 드링킹요구르트,잠원점,잠실2점,275.0,265.0,435.0,255.0,0.0,1280.0,11.87,12183.0,12564.0,51.0,12183.0,재배치 추천,54.6,후순위,408,False,transfer,3095.172,0.0,0.0,0.0,1.218,1.256,0.0,3092.698,d51f2a3d,expiry,2026-05-25 04:49:50,
오리온 초코파이,종로점,신림점,261.0,221.0,177.0,237.0,0.0,1780.0,14.12,14208.0,13661.0,40.0,13661.0,프로모션 추천,54.6,후순위,409,False,promotion,7874.237,747.6,2848.0,0.271,1.421,1.366,0.0,11467.321,d51f2a3d,expiry,2026-05-25 04:49:50,
오리온 초코파이,청량리점,신림점,271.0,221.0,417.0,237.0,0.0,1780.0,19.28,18852.0,13891.0,40.0,13891.0,프로모션 추천,54.5,후순위,410,False,promotion,3470.36,0.0,2848.0,0.0,1.885,1.389,0.0,6315.085,d51f2a3d,expiry,2026-05-25 04:49:50,
혜자로운 참치마요김밥,강남점,홍대5점,277.0,232.0,69.0,294.0,0.0,2810.0,15.9,15810.0,38317.0,69.0,15810.0,재배치 추천,54.5,후순위,411,False,transfer,29083.5,2922.4,17422.0,1.613,1.581,3.832,0.0,49424.1,d51f2a3d,expiry,2026-05-25 04:49:50,
풀무원 얇은피만두,건대2점,여의도7점,265.0,265.0,225.0,315.0,0.0,3520.0,16.98,16782.0,51362.0,74.0,16782.0,재배치 추천,54.5,후순위,412,False,transfer,23009.067,704.0,17600.0,0.168,1.678,5.136,0.0,41306.421,d51f2a3d,expiry,2026-05-25 04:49:50,
빙그레 붕어싸만코,구로점,선릉점,273.0,233.0,261.0,321.0,0.0,2390.0,19.91,19419.0,40593.0,88.0,19419.0,재배치 추천,54.5,후순위,413,False,transfer,16499.241,143.4,21032.0,0.16,1.942,4.059,0.0,37668.8,d51f2a3d,expiry,2026-05-25 04:49:50,
오리온 초코파이,목동점,신림점,251.0,221.0,417.0,237.0,0.0,1780.0,10.07,10563.0,13686.0,40.0,10563.0,재배치 추천,54.4,후순위,414,False,transfer,3214.245,0.0,2848.0,0.0,1.056,1.369,0.0,6059.82,d51f2a3d,expiry,2026-05-25 04:49:50,
혜자로운 참치마요김밥,부천4점,건대3점,277.0,237.0,99.0,399.0,0.0,2810.0,35.86,33774.0,90469.0,162.0,33774.0,재배치 추천,54.4,후순위,415,False,transfer,68283.0,2500.9,45522.0,1.102,3.377,9.047,0.0,116294.578,d51f2a3d,expiry,2026-05-25 04:49:50,
남양 불가리스,합정점,마포점,269.0,219.0,63.0,303.0,0.0,1300.0,0.0,19137.0,21145.0,84.0,19137.0,재배치 추천,54.3,후순위,416,False,transfer,16380.0,1339.0,10920.0,1.774,1.914,2.115,0.0,28636.745,d51f2a3d,expiry,2026-05-25 04:49:50,
브레디크 골든단팥빵,의정부4점,신촌5점,279.0,244.0,123.0,378.0,0.0,1360.0,30.2,28680.0,34955.0,134.0,28680.0,재배치 추천,54.3,후순위,417,False,transfer,27336.0,1060.8,18224.0,0.811,2.868,3.495,0.0,46615.248,d51f2a3d,expiry,2026-05-25 04:49:50,
혜자로운 집밥 제육볶음도시락,평촌5점,남양주3점,261.0,246.0,117.0,462.0,0.0,2650.0,47.59,44331.0,112162.0,216.0,44331.0,재배치 추천,54.3,후순위,418,False,transfer,85860.0,1908.0,57240.0,0.849,4.433,11.216,0.0,144993.2,d51f2a3d,expiry,2026-05-25 04:49:50,
남양 불가리스,강남2점,마포점,249.0,219.0,123.0,303.0,0.0,1300.0,19.76,19284.0,21217.0,84.0,19284.0,재배치 추천,54.2,후순위,419,False,transfer,16380.0,819.0,10920.0,0.651,1.928,2.122,0.0,28115.601,d51f2a3d,expiry,2026-05-25 04:49:50,
브레디크 골든단팥빵,의정부4점,합정점,279.0,244.0,123.0,378.0,0.0,1360.0,30.4,28860.0,34955.0,134.0,28860.0,재배치 추천,54.2,후순위,420,False,transfer,27336.0,1060.8,18224.0,0.811,2.886,3.495,0.0,46615.23,d51f2a3d,expiry,2026-05-25 04:49:50,
혜자로운 햄구이도시락,혜화점,사당점,279.0,249.0,453.0,273.0,0.0,3650.0,15.64,15576.0,46322.0,64.0,15576.0,재배치 추천,54.1,후순위,421,False,transfer,10790.464,0.0,8760.0,0.0,1.558,4.632,0.0,19544.274,d51f2a3d,expiry,2026-05-25 04:49:50,
카페25 아이스아메리카노,시흥3점,시흥6점,269.0,249.0,93.0,423.0,0.0,1210.0,0.0,61428.0,40146.0,174.0,40146.0,프로모션 추천,54.1,후순위,422,False,promotion,31581.0,1064.8,21054.0,1.152,6.143,4.015,0.0,53690.795,d51f2a3d,expiry,2026-05-25 04:49:50,
혜자로운 집밥 치킨마요덮밥,청량리점,홍대3점,269.0,254.0,333.0,318.0,0.0,2720.0,15.85,15765.0,33716.0,64.0,15765.0,재배치 추천,54.0,후순위,423,False,transfer,10546.739,0.0,17408.0,0.005,1.577,3.372,0.0,27949.795,d51f2a3d,expiry,2026-05-25 04:49:50,
혜자로운 집밥 제육볶음도시락,평촌5점,동대문점,261.0,231.0,117.0,357.0,0.0,2650.0,28.99,27591.0,65428.0,126.0,27591.0,재배치 추천,54.0,후순위,424,False,transfer,50085.0,1908.0,33390.0,0.792,2.759,6.543,0.0,85374.49,d51f2a3d,expiry,2026-05-25 04:49:50,
혜자로운 집밥 함박스테이크,신림점,군포5점,270.0,245.0,270.0,315.0,0.0,2820.0,18.28,17952.0,41358.0,74.0,17952.0,재배치 추천,53.9,후순위,425,False,transfer,15651.0,0.0,19740.0,0.111,1.795,4.136,0.0,35385.18,d51f2a3d,expiry,2026-05-25 04:49:50,
브레디크 소금버터롤,강남2점,하남3점,264.0,224.0,78.0,318.0,0.0,2090.0,22.52,21768.0,38327.0,94.0,21768.0,재배치 추천,53.9,후순위,426,False,transfer,29469.0,1943.7,19646.0,1.34,2.177,3.833,0.0,51054.031,d51f2a3d,expiry,2026-05-25 04:49:50,
심플리쿡 닭가슴살샐러드,일산4점,광명3점,278.0,233.0,186.0,381.0,0.0,2450.0,33.96,32064.0,70248.0,148.0,32064.0,재배치 추천,53.9,후순위,427,False,transfer,40646.29,1127.0,36260.0,0.442,3.206,7.025,0.0,78023.501,d51f2a3d,expiry,2026-05-25 04:49:50,
브레디크 초코크림빵,잠실6점,부천4점,246.0,226.0,162.0,402.0,0.0,2070.0,39.87,37383.0,70783.0,176.0,37383.0,재배치 추천,53.9,후순위,428,False,transfer,41492.0,869.4,36432.0,0.478,3.738,7.078,0.0,78783.062,d51f2a3d,expiry,2026-05-25 04:49:50,
풀무원 얇은피만두,과천3점,여의도7점,275.0,265.0,105.0,315.0,0.0,3520.0,18.48,18132.0,51600.0,74.0,18132.0,재배치 추천,53.8,후순위,429,False,transfer,39072.0,2992.0,17600.0,0.889,1.813,5.16,0.0,59657.916,d51f2a3d,expiry,2026-05-25 04:49:50,
빙그레 붕어싸만코,합정점,역삼점,263.0,253.0,81.0,321.0,0.0,2390.0,17.34,17106.0,31411.0,68.0,17106.0,재배치 추천,53.7,후순위,430,False,transfer,24378.0,2174.9,16252.0,1.229,1.711,3.141,0.0,42801.278,d51f2a3d,expiry,2026-05-25 04:49:50,
비비고 김치왕교자,동대문점,여의도점,267.0,237.0,99.0,279.0,0.0,3520.0,12.8,13020.0,31996.0,46.0,13020.0,재배치 추천,53.6,후순위,431,False,transfer,24288.0,2956.8,14784.0,0.924,1.302,3.2,0.0,42025.222,d51f2a3d,expiry,2026-05-25 04:49:50,
카페25 아이스카페라떼,건대점,고양3점,271.0,256.0,207.0,402.0,0.0,1370.0,34.12,32208.0,39059.0,146.0,32208.0,재배치 추천,53.6,후순위,432,False,transfer,19639.645,438.4,20002.0,0.336,3.221,3.906,0.0,40073.254,d51f2a3d,expiry,2026-05-25 04:49:50,
비비고 김치왕교자,압구정점,여의도점,247.0,237.0,99.0,279.0,0.0,3520.0,12.96,13164.0,31767.0,46.0,13164.0,재배치 추천,53.5,후순위,433,False,transfer,24288.0,2604.8,14784.0,0.823,1.316,3.177,0.0,41673.13,d51f2a3d,expiry,2026-05-25 04:49:50,
서울우유 초코우유,성남7점,목동점,267.0,232.0,99.0,294.0,0.0,1590.0,36.49,34341.0,21084.0,69.0,21084.0,프로모션 추천,53.5,후순위,434,False,promotion,16456.5,1335.6,9858.0,0.954,3.434,2.108,0.0,27645.511,d51f2a3d,expiry,2026-05-25 04:49:50,
서울우유 초코우유,화성4점,목동점,277.0,232.0,309.0,294.0,0.0,1590.0,49.07,45663.0,21103.0,69.0,21103.0,프로모션 추천,53.5,후순위,435,False,promotion,7376.133,0.0,9858.0,0.054,4.566,2.11,0.0,17227.511,d51f2a3d,expiry,2026-05-25 04:49:50,
브레디크 골든단팥빵,의정부4점,잠원점,279.0,264.0,123.0,378.0,0.0,1360.0,33.98,32082.0,29738.0,114.0,29738.0,프로모션 추천,53.5,후순위,436,False,promotion,23256.0,1060.8,15504.0,0.785,3.208,2.974,0.0,39815.403,d51f2a3d,expiry,2026-05-25 04:49:50,
고메 치즈함박스테이크,명동점,사당점,272.0,232.0,174.0,234.0,0.0,4040.0,13.47,13623.0,37661.0,47.0,13623.0,재배치 추천,53.4,후순위,437,False,transfer,22261.793,1979.6,808.0,0.286,1.362,3.766,0.0,25044.551,d51f2a3d,expiry,2026-05-25 04:49:50,
매일 소화가잘되는우유,잠실6점,평촌3점,277.0,252.0,249.0,294.0,0.0,1610.0,24.98,23982.0,21252.0,69.0,21252.0,프로모션 추천,53.4,후순위,438,False,promotion,9268.654,225.4,6762.0,0.128,2.398,2.125,0.0,16251.658,d51f2a3d,expiry,2026-05-25 04:49:50,
유어스 새우롤샌드,건대점,교대점,273.0,223.0,291.0,171.0,0.0,3050.0,10.87,11283.0,20203.0,34.0,11283.0,재배치 추천,53.3,후순위,439,False,transfer,7296.418,0.0,0.0,0.0,1.128,2.02,0.0,7293.269,d51f2a3d,expiry,2026-05-25 04:49:50,
유어스 닭가슴살샌드위치,신림점,역삼점,272.0,222.0,354.0,234.0,0.0,2710.0,13.68,13812.0,25021.0,47.0,13812.0,재배치 추천,53.3,후순위,440,False,transfer,7339.966,0.0,3252.0,0.0,1.381,2.502,0.0,10588.083,d51f2a3d,expiry,2026-05-25 04:49:50,
유어스 국물떡볶이,노원점,건대점,269.0,279.0,93.0,273.0,0.0,3110.0,17.3,17070.0,39317.0,64.0,17070.0,재배치 추천,53.3,후순위,441,False,transfer,29856.0,2736.8,0.0,0.935,1.707,3.932,0.0,32588.097,d51f2a3d,expiry,2026-05-25 04:49:50,
매일 소화가잘되는우유,의정부5점,평촌3점,277.0,252.0,159.0,294.0,0.0,1610.0,51.74,48066.0,21439.0,69.0,21439.0,프로모션 추천,53.3,후순위,442,False,promotion,14515.061,949.9,6762.0,0.442,4.807,2.144,0.0,22220.453,d51f2a3d,expiry,2026-05-25 04:49:50,
서울우유 초코우유,성남7점,화성5점,267.0,222.0,99.0,294.0,0.0,1590.0,47.46,44214.0,22001.0,72.0,22001.0,프로모션 추천,53.3,후순위,443,False,promotion,17172.0,1335.6,11448.0,0.971,4.421,2.2,0.0,29949.949,d51f2a3d,expiry,2026-05-25 04:49:50,
유어스 과일컵,광명6점,성남6점,279.0,234.0,93.0,378.0,0.0,3260.0,34.19,32271.0,92196.0,144.0,32271.0,재배치 추천,53.3,후순위,444,False,transfer,70416.0,3031.8,46944.0,1.19,3.227,9.22,0.0,120380.544,d51f2a3d,expiry,2026-05-25 04:49:50,
서울우유 초코우유,홍대4점,화성5점,272.0,222.0,114.0,294.0,0.0,1590.0,55.07,51063.0,22282.0,72.0,22282.0,프로모션 추천,53.2,후순위,445,False,promotion,17172.0,1256.1,11448.0,0.815,5.106,2.228,0.0,29869.581,d51f2a3d,expiry,2026-05-25 04:49:50,
비비고 김치왕교자,동대문점,청량리점,267.0,237.0,99.0,339.0,0.0,3520.0,0.0,24402.0,70948.0,102.0,24402.0,재배치 추천,53.2,후순위,446,False,transfer,53856.0,2956.8,35904.0,0.999,2.44,7.095,0.0,92708.264,d51f2a3d,expiry,2026-05-25 04:49:50,
혜자로운 햄구이도시락,마포점,청량리점,279.0,229.0,393.0,273.0,0.0,3650.0,17.63,17367.0,46191.0,64.0,17367.0,재배치 추천,53.1,후순위,447,False,transfer,12437.863,0.0,16060.0,0.0,1.737,4.619,0.0,28491.507,d51f2a3d,expiry,2026-05-25 04:49:50,
빙그레 붕어싸만코,노원점,선릉점,243.0,233.0,81.0,321.0,0.0,2390.0,22.72,21948.0,40583.0,88.0,21948.0,재배치 추천,53.1,후순위,448,False,transfer,31548.0,1935.9,21032.0,1.137,2.195,4.058,0.0,54510.784,d51f2a3d,expiry,2026-05-25 04:49:50,
카페25 아이스카페라떼,역삼점,고양3점,271.0,256.0,267.0,402.0,0.0,1370.0,35.03,33027.0,37394.0,146.0,33027.0,재배치 추천,53.1,후순위,449,False,transfer,15226.242,27.4,20002.0,0.189,3.303,3.739,0.0,35248.789,d51f2a3d,expiry,2026-05-25 04:49:50,
오뚜기 진라면컵,사당점,문래점,277.0,227.0,369.0,189.0,0.0,2630.0,13.59,13731.0,22689.0,44.0,13731.0,재배치 추천,53.0,후순위,450,False,transfer,6515.13,0.0,0.0,0.0,1.373,2.269,0.0,6511.488,d51f2a3d,expiry,2026-05-25 04:49:50,
농심 육개장사발면,교대점,홍대점,257.0,277.0,249.0,189.0,0.0,1790.0,13.86,13974.0,15094.0,44.0,13974.0,재배치 추천,52.9,후순위,451,False,transfer,6096.783,71.6,0.0,0.0,1.397,1.509,0.0,6165.476,d51f2a3d,expiry,2026-05-25 04:49:50,
고메 치즈함박스테이크,홍대점,사당점,272.0,232.0,114.0,234.0,0.0,4040.0,14.35,14415.0,37565.0,47.0,14415.0,재배치 추천,52.9,후순위,452,False,transfer,28482.0,3191.6,808.0,0.697,1.442,3.756,0.0,32477.099,d51f2a3d,expiry,2026-05-25 04:49:50,
브레디크 초코크림빵,잠실6점,홍대3점,246.0,271.0,162.0,357.0,0.0,2070.0,22.62,21858.0,34587.0,86.0,21858.0,재배치 추천,52.9,후순위,453,False,transfer,20274.5,869.4,17802.0,0.38,2.186,3.459,0.0,38940.635,d51f2a3d,expiry,2026-05-25 04:49:50,
혜자로운 햄구이도시락,마포점,사당점,279.0,249.0,393.0,273.0,0.0,3650.0,18.23,17907.0,46191.0,64.0,17907.0,재배치 추천,52.8,후순위,454,False,transfer,12437.863,0.0,8760.0,0.0,1.791,4.619,0.0,21191.453,d51f2a3d,expiry,2026-05-25 04:49:50,
빙그레 붕어싸만코,구로점,역삼점,273.0,253.0,261.0,321.0,0.0,2390.0,18.99,18591.0,31367.0,68.0,18591.0,재배치 추천,52.8,후순위,455,False,transfer,12749.414,143.4,16252.0,0.129,1.859,3.137,0.0,29139.947,d51f2a3d,expiry,2026-05-25 04:49:50,
심플리쿡 닭가슴살샐러드,의정부5점,부천4점,263.0,243.0,111.0,441.0,0.0,2450.0,46.72,43548.0,95046.0,198.0,43548.0,재배치 추천,52.8,후순위,456,False,transfer,72765.0,1862.0,48510.0,0.909,4.355,9.505,0.0,123124.05,d51f2a3d,expiry,2026-05-25 04:49:50,
유어스 닭가슴살샌드위치,여의도2점,역삼점,272.0,222.0,414.0,234.0,0.0,2710.0,14.76,14784.0,24891.0,47.0,14784.0,재배치 추천,52.7,후순위,457,False,transfer,6276.203,0.0,3252.0,0.0,1.478,2.489,0.0,9524.235,d51f2a3d,expiry,2026-05-25 04:49:50,
혜자로운 집밥 치킨마요덮밥,건대5점,홍대3점,269.0,254.0,63.0,318.0,0.0,2720.0,18.36,18024.0,34036.0,64.0,18024.0,재배치 추천,52.7,후순위,458,False,transfer,26112.0,2801.6,17408.0,1.736,1.802,3.404,0.0,46318.13,d51f2a3d,expiry,2026-05-25 04:49:50,
혜자로운 참치마요김밥,상암점,홍대5점,277.0,232.0,129.0,294.0,0.0,2810.0,0.0,19029.0,37530.0,69.0,19029.0,재배치 추천,52.7,후순위,459,False,transfer,29083.5,2079.4,17422.0,0.679,1.903,3.753,0.0,48579.923,d51f2a3d,expiry,2026-05-25 04:49:50,
심플리쿡 리코타치즈샐러드,안양5점,용인3점,272.0,247.0,354.0,399.0,0.0,3460.0,37.04,34836.0,103020.0,152.0,34836.0,재배치 추천,52.7,후순위,460,False,transfer,30307.254,0.0,52592.0,0.075,3.484,10.302,0.0,82885.543,d51f2a3d,expiry,2026-05-25 04:49:50,
매일 바이오 플레인요거트,상암점,왕십리점,251.0,241.0,117.0,297.0,0.0,2280.0,18.0,17700.0,26512.0,59.0,17700.0,재배치 추천,52.4,후순위,461,False,transfer,20178.0,1527.6,12768.0,0.667,1.77,2.651,0.0,34469.846,d51f2a3d,expiry,2026-05-25 04:49:50,
혜자로운 참치마요김밥,부천4점,홍대5점,277.0,232.0,99.0,294.0,0.0,2810.0,20.1,19590.0,38533.0,69.0,19590.0,재배치 추천,52.4,후순위,462,False,transfer,29083.5,2500.9,17422.0,1.004,1.959,3.853,0.0,49001.592,d51f2a3d,expiry,2026-05-25 04:49:50,
고메 치즈함박스테이크,홍대점,청량리점,272.0,212.0,114.0,234.0,0.0,4040.0,15.49,15441.0,37565.0,47.0,15441.0,재배치 추천,52.3,후순위,463,False,transfer,28482.0,3191.6,8888.0,0.74,1.544,3.756,0.0,40557.039,d51f2a3d,expiry,2026-05-25 04:49:50,
매일 소화가잘되는우유,이태원점,평촌3점,277.0,252.0,99.0,294.0,0.0,1610.0,21.2,20580.0,21835.0,69.0,20580.0,재배치 추천,51.8,후순위,464,False,transfer,16663.5,1432.9,6762.0,0.97,2.058,2.183,0.0,24855.129,d51f2a3d,expiry,2026-05-25 04:49:50,
브레디크 골든슈크림빵,판교3점,신촌점,275.0,225.0,225.0,315.0,0.0,1620.0,31.31,29679.0,28184.0,90.0,28184.0,프로모션 추천,51.8,후순위,465,False,promotion,13365.0,405.0,14580.0,0.254,2.968,2.818,0.0,28344.468,d51f2a3d,expiry,2026-05-25 04:49:50,
브레디크 골든슈크림빵,판교3점,화성3점,275.0,225.0,225.0,315.0,0.0,1620.0,46.35,43215.0,28184.0,90.0,28184.0,프로모션 추천,51.8,후순위,466,False,promotion,13365.0,405.0,14580.0,0.254,4.322,2.818,0.0,28343.114,d51f2a3d,expiry,2026-05-25 04:49:50,
매일 소화가잘되는우유,의정부5점,합정점,277.0,227.0,159.0,339.0,0.0,1610.0,30.53,28977.0,34799.0,112.0,28977.0,재배치 추천,51.7,후순위,467,False,transfer,23560.679,949.9,18032.0,0.536,2.898,3.48,0.0,42536.738,d51f2a3d,expiry,2026-05-25 04:49:50,
브레디크 골든슈크림빵,노원점,신촌점,275.0,225.0,75.0,315.0,0.0,1620.0,0.0,36993.0,28456.0,90.0,28456.0,프로모션 추천,51.6,후순위,468,False,promotion,21870.0,1620.0,14580.0,1.476,3.699,2.846,0.0,38064.931,d51f2a3d,expiry,2026-05-25 04:49:50,
브레디크 골든슈크림빵,노원점,화성3점,275.0,225.0,75.0,315.0,0.0,1620.0,74.67,68703.0,28456.0,90.0,28456.0,프로모션 추천,51.6,후순위,469,False,promotion,21870.0,1620.0,14580.0,1.476,6.87,2.846,0.0,38061.76,d51f2a3d,expiry,2026-05-25 04:49:50,
유어스 방울토마토,사당점,문래점,260.0,210.0,330.0,150.0,0.0,3530.0,13.59,13731.0,20875.0,30.0,13731.0,재배치 추천,51.5,후순위,470,False,transfer,6257.727,0.0,0.0,0.0,1.373,2.087,0.0,6254.267,d51f2a3d,expiry,2026-05-25 04:49:50,
브레디크 골든슈크림빵,강남2점,화성3점,275.0,225.0,135.0,315.0,0.0,1620.0,51.21,47589.0,28640.0,90.0,28640.0,프로모션 추천,51.5,후순위,471,False,promotion,21870.0,1134.0,14580.0,0.661,4.759,2.864,0.0,37577.038,d51f2a3d,expiry,2026-05-25 04:49:50,
서울우유 초코우유,성남7점,홍대7점,267.0,277.0,99.0,399.0,0.0,1590.0,33.05,31245.0,37279.0,122.0,31245.0,재배치 추천,51.5,후순위,472,False,transfer,29097.0,1335.6,19398.0,1.001,3.124,3.728,0.0,49824.749,d51f2a3d,expiry,2026-05-25 04:49:50,
유어스 햄치즈샌드위치,여의도2점,문래점,255.0,275.0,375.0,315.0,0.0,2920.0,0.0,22188.0,42612.0,74.0,22188.0,재배치 추천,51.4,후순위,473,False,transfer,11020.08,0.0,11680.0,0.0,2.219,4.261,0.0,22693.6,d51f2a3d,expiry,2026-05-25 04:49:50,
고메 치즈함박스테이크,마포점,청량리점,262.0,212.0,354.0,234.0,0.0,4040.0,17.63,17367.0,37595.0,47.0,17367.0,재배치 추천,51.3,후순위,474,False,transfer,10539.949,0.0,8888.0,0.0,1.737,3.76,0.0,19422.453,d51f2a3d,expiry,2026-05-25 04:49:50,
오뚜기 진라면컵,압구정점,문래점,267.0,227.0,129.0,189.0,0.0,2630.0,17.07,16863.0,22800.0,44.0,16863.0,재배치 추천,51.2,후순위,475,False,transfer,17358.0,1814.7,0.0,0.434,1.686,2.28,0.0,19169.168,d51f2a3d,expiry,2026-05-25 04:49:50,
CJ 비비고 왕교자,홍대2점,분당3점,276.0,266.0,162.0,402.0,0.0,5400.0,36.62,34458.0,145282.0,136.0,34458.0,재배치 추천,51.2,후순위,476,False,transfer,93840.0,3078.0,73440.0,0.521,3.446,14.528,0.0,170340.547,d51f2a3d,expiry,2026-05-25 04:49:50,
유어스 햄치즈샌드위치,여의도2점,신림점,255.0,255.0,375.0,315.0,0.0,2920.0,0.0,22836.0,42612.0,74.0,22836.0,재배치 추천,51.1,후순위,477,False,transfer,11020.08,0.0,17520.0,0.0,2.284,4.261,0.0,28533.535,d51f2a3d,expiry,2026-05-25 04:49:50,
고메 치즈함박스테이크,마포점,사당점,262.0,232.0,354.0,234.0,0.0,4040.0,18.23,17907.0,37595.0,47.0,17907.0,재배치 추천,50.9,후순위,478,False,transfer,10539.949,0.0,808.0,0.0,1.791,3.76,0.0,11342.399,d51f2a3d,expiry,2026-05-25 04:49:50,
브레디크 초코크림빵,화성6점,부천4점,276.0,226.0,222.0,402.0,0.0,2070.0,45.84,42756.0,70120.0,176.0,42756.0,재배치 추천,50.9,후순위,479,False,transfer,33970.378,558.9,36432.0,0.341,4.276,7.012,0.0,70950.331,d51f2a3d,expiry,2026-05-25 04:49:50,
브레디크 소금버터롤,구리3점,남양주3점,274.0,229.0,138.0,423.0,0.0,2090.0,0.0,46218.0,80283.0,194.0,46218.0,재배치 추천,50.8,후순위,480,False,transfer,60378.283,1421.2,40546.0,0.722,4.622,8.028,0.0,102333.555,d51f2a3d,expiry,2026-05-25 04:49:50,
유어스 불고기피자,명동점,안양5점,275.0,255.0,165.0,315.0,0.0,2260.0,24.67,23703.0,33088.0,74.0,23703.0,재배치 추천,50.6,후순위,481,False,transfer,20905.0,1243.0,13560.0,0.429,2.37,3.309,0.0,35702.749,d51f2a3d,expiry,2026-05-25 04:49:50,
빙그레 붕어싸만코,노원점,역삼점,243.0,253.0,81.0,321.0,0.0,2390.0,23.52,22668.0,31360.0,68.0,22668.0,재배치 추천,50.5,후순위,482,False,transfer,24378.0,1935.9,16252.0,1.106,2.267,3.136,0.0,42561.603,d51f2a3d,expiry,2026-05-25 04:49:50,
심플리쿡 리코타치즈샐러드,안양5점,신촌4점,272.0,242.0,354.0,294.0,0.0,3460.0,23.71,22839.0,46766.0,69.0,22839.0,재배치 추천,50.5,후순위,483,False,transfer,13757.898,0.0,17992.0,0.0,2.284,4.677,0.0,31742.938,d51f2a3d,expiry,2026-05-25 04:49:50,
심플리쿡 닭가슴살샐러드,일산4점,건대4점,278.0,258.0,186.0,426.0,0.0,2450.0,45.25,42225.0,79742.0,168.0,42225.0,재배치 추천,50.3,후순위,484,False,transfer,46139.032,1127.0,41160.0,0.444,4.223,7.974,0.0,88414.28,d51f2a3d,expiry,2026-05-25 04:49:50,
유어스 닭가슴살샌드위치,강남점,역삼점,262.0,222.0,114.0,234.0,0.0,2710.0,0.0,19281.0,24729.0,47.0,19281.0,재배치 추천,50.2,후순위,485,False,transfer,19105.5,2005.4,3252.0,0.675,1.928,2.473,0.0,24359.174,d51f2a3d,expiry,2026-05-25 04:49:50,
유어스 새우롤샌드,노원점,교대점,263.0,223.0,111.0,171.0,0.0,3050.0,25.44,24396.0,20225.0,34.0,20225.0,프로모션 추천,50.2,후순위,486,False,promotion,15555.0,2318.0,0.0,0.533,2.44,2.022,0.0,17869.071,d51f2a3d,expiry,2026-05-25 04:49:50,
유어스 고르곤졸라피자,부천3점,광명6점,268.0,248.0,186.0,426.0,0.0,2220.0,0.0,44355.0,77430.0,178.0,44355.0,재배치 추천,50.2,후순위,487,False,transfer,42702.774,910.2,39516.0,0.429,4.436,7.743,0.0,83117.225,d51f2a3d,expiry,2026-05-25 04:49:50,
유어스 방울토마토,동대문점,문래점,270.0,210.0,90.0,150.0,0.0,3530.0,16.29,16161.0,20856.0,30.0,16161.0,재배치 추천,50.1,후순위,488,False,transfer,15885.0,3177.0,0.0,0.8,1.616,2.086,0.0,19059.098,d51f2a3d,expiry,2026-05-25 04:49:50,
유어스 새우롤샌드,역삼점,교대점,273.0,223.0,351.0,171.0,0.0,3050.0,0.0,21027.0,20428.0,34.0,20428.0,프로모션 추천,50.1,후순위,489,False,promotion,6049.167,0.0,0.0,0.0,2.103,2.043,0.0,6045.021,d51f2a3d,expiry,2026-05-25 04:49:50,
서울우유 초코우유,화성4점,홍대7점,277.0,277.0,309.0,399.0,0.0,1590.0,55.39,51351.0,37312.0,122.0,37312.0,프로모션 추천,50.1,후순위,490,False,promotion,13041.859,0.0,19398.0,0.101,5.135,3.731,0.0,32431.094,d51f2a3d,expiry,2026-05-25 04:49:50,
혜자로운 집밥 함박스테이크,성남4점,군포5점,275.0,245.0,375.0,315.0,0.0,2820.0,25.8,24720.0,40886.0,74.0,24720.0,재배치 추천,50.0,후순위,491,False,transfer,11477.4,0.0,19740.0,0.0,2.472,4.089,0.0,31210.839,d51f2a3d,expiry,2026-05-25 04:49:50,
오뚜기 진라면컵,성수점,문래점,277.0,227.0,309.0,189.0,0.0,2630.0,20.05,19545.0,22781.0,44.0,19545.0,재배치 추천,49.7,후순위,492,False,transfer,7780.204,0.0,0.0,0.0,1.954,2.278,0.0,7775.971,d51f2a3d,expiry,2026-05-25 04:49:50,
혜자로운 참치마요김밥,부천4점,일산3점,277.0,277.0,99.0,339.0,0.0,2810.0,25.52,24468.0,37975.0,68.0,24468.0,재배치 추천,49.5,후순위,493,False,transfer,28662.0,2500.9,17422.0,0.99,2.447,3.797,0.0,48579.646,d51f2a3d,expiry,2026-05-25 04:49:50,
풀무원 얇은피만두,군포6점,여의도7점,270.0,265.0,90.0,315.0,0.0,3520.0,26.96,25764.0,51312.0,74.0,25764.0,재배치 추천,49.4,후순위,494,False,transfer,39072.0,3168.0,17600.0,1.079,2.576,5.131,0.0,59833.372,d51f2a3d,expiry,2026-05-25 04:49:50,
혜자로운 집밥 제육볶음도시락,시흥5점,동대문점,276.0,231.0,102.0,357.0,0.0,2650.0,38.02,35718.0,66275.0,126.0,35718.0,재배치 추천,49.4,후순위,495,False,transfer,50085.0,2305.5,33390.0,1.029,3.572,6.628,0.0,85771.33,d51f2a3d,expiry,2026-05-25 04:49:50,
심플리쿡 닭가슴살샐러드,의정부5점,광명3점,263.0,233.0,111.0,381.0,0.0,2450.0,42.75,39975.0,71045.0,148.0,39975.0,재배치 추천,49.4,후순위,496,False,transfer,54390.0,1862.0,36260.0,0.879,3.998,7.104,0.0,92501.777,d51f2a3d,expiry,2026-05-25 04:49:50,
풀무원 얇은피만두,군포6점,의정부4점,270.0,245.0,90.0,465.0,0.0,3520.0,58.03,53727.0,152549.0,220.0,53727.0,재배치 추천,49.4,후순위,497,False,transfer,116160.0,3168.0,77440.0,1.237,5.373,15.255,0.0,196748.609,d51f2a3d,expiry,2026-05-25 04:49:50,
브레디크 소금버터롤,과천4점,하남3점,279.0,224.0,333.0,318.0,0.0,2090.0,31.49,29841.0,38363.0,94.0,29841.0,재배치 추천,49.3,후순위,498,False,transfer,12345.122,0.0,19646.0,0.067,2.984,3.836,0.0,31984.368,d51f2a3d,expiry,2026-05-25 04:49:50,
유어스 과일컵,광명6점,화성3점,279.0,279.0,93.0,423.0,0.0,3260.0,42.21,39489.0,92196.0,144.0,39489.0,재배치 추천,49.2,후순위,499,False,transfer,70416.0,3031.8,46944.0,1.17,3.949,9.22,0.0,120379.802,d51f2a3d,expiry,2026-05-25 04:49:50,
유어스 닭가슴살샌드위치,신림점,잠실2점,272.0,242.0,354.0,234.0,0.0,2710.0,21.9,21210.0,25021.0,47.0,21210.0,재배치 추천,49.1,후순위,500,False,transfer,7339.966,0.0,0.0,0.0,2.121,2.502,0.0,7335.343,d51f2a3d,expiry,2026-05-25 04:49:50,
브레디크 골든슈크림빵,왕십리점,건대6점,535.0,555.0,195.0,435.0,0.0,1620.0,5.35,6315.0,94875.0,304.0,6315.0,재배치 추천,81.0,우선 추천,1,True,transfer,73872.0,2754.0,0.0,0.734,0.631,9.488,0.0,76616.615,c0910510,default,2026-05-25 05:07:53,
서울우유 딸기우유,신촌5점,여의도5점,555.0,490.0,195.0,420.0,0.0,970.0,4.84,5856.0,49775.0,280.0,5856.0,재배치 추천,79.0,우선 추천,14,False,transfer,40740.0,1746.0,0.0,0.84,0.586,4.978,0.0,42481.277,c0910510,default,2026-05-25 05:07:53,
브레디크 골든슈크림빵,여의도7점,이태원점,550.0,515.0,180.0,435.0,0.0,1620.0,9.56,10104.0,90726.0,304.0,10104.0,재배치 추천,79.0,우선 추천,15,False,transfer,73872.0,2997.0,0.0,0.936,1.01,9.073,0.0,76859.853,c0910510,default,2026-05-25 05:07:53,
브레디크 골든슈크림빵,왕십리점,이태원점,535.0,515.0,195.0,435.0,0.0,1620.0,6.53,7377.0,94875.0,0.0,4880.0,다중 경로 추천,78.8,우선 추천,16,False,multi_store_transfer,0.0,2754.0,0.0,0.78,0.738,9.488,0.0,2744.555,c0910510,default,2026-05-25 05:07:53,
유어스 방울토마토,여의도2점,용산점,490.0,450.0,180.0,420.0,0.0,3530.0,5.34,6306.0,189797.0,280.0,6306.0,재배치 추천,78.8,우선 추천,19,False,transfer,148260.0,5471.5,0.0,0.825,0.631,18.98,0.0,153712.715,c0910510,default,2026-05-25 05:07:53,
유어스 햄치즈샌드위치,잠실2점,청량리점,555.0,435.0,195.0,435.0,0.0,2920.0,11.4,11760.0,173389.0,304.0,11760.0,재배치 추천,78.1,우선 추천,31,False,transfer,133152.0,5256.0,0.0,0.923,1.176,17.339,0.0,138390.408,c0910510,default,2026-05-25 05:07:53,
유어스 햄치즈샌드위치,상암점,구로점,515.0,535.0,195.0,435.0,0.0,2920.0,12.0,12300.0,172864.0,304.0,12300.0,재배치 추천,77.8,우선 추천,34,False,transfer,133152.0,4672.0,0.0,0.706,1.23,17.286,0.0,137806.189,c0910510,default,2026-05-25 05:07:53,
혜자로운 집밥 함박스테이크,홍대6점,구로점,550.0,530.0,120.0,420.0,0.0,2820.0,9.43,9987.0,152658.0,280.0,9987.0,재배치 추천,76.8,우선 추천,37,False,transfer,118440.0,6063.0,0.0,1.661,0.999,15.266,0.0,124488.396,c0910510,default,2026-05-25 05:07:53,
유어스 방울토마토,건대점,잠원점,530.0,510.0,180.0,420.0,0.0,3530.0,9.47,10023.0,191733.0,280.0,10023.0,재배치 추천,76.8,우선 추천,38,False,transfer,148260.0,6177.5,0.0,0.865,1.002,19.173,0.0,154418.189,c0910510,default,2026-05-25 05:07:53,
롯데 카스타드,명동점,왕십리점,545.0,445.0,285.0,405.0,0.0,1650.0,6.43,7287.0,78279.0,256.0,7287.0,재배치 추천,76.0,우선 추천,39,False,transfer,60581.053,2145.0,0.0,0.407,0.729,7.828,0.0,62717.903,c0910510,default,2026-05-25 05:07:53,
유어스 방울토마토,여의도2점,잠원점,490.0,510.0,180.0,420.0,0.0,3530.0,10.93,11337.0,189797.0,280.0,11337.0,재배치 추천,76.0,우선 추천,40,False,transfer,148260.0,5471.5,0.0,0.754,1.134,18.98,0.0,153712.141,c0910510,default,2026-05-25 05:07:53,
혜자로운 집밥 함박스테이크,잠실2점,청량리점,550.0,430.0,180.0,420.0,0.0,2820.0,11.4,11760.0,151489.0,280.0,11760.0,재배치 추천,75.8,우선 추천,41,False,transfer,118440.0,5217.0,0.0,1.016,1.176,15.149,0.0,123641.691,c0910510,default,2026-05-25 05:07:53,
풀무원 얇은피만두,신촌3점,홍대4점,540.0,480.0,270.0,390.0,0.0,3520.0,2.8,4020.0,161333.0,234.0,4020.0,재배치 추천,75.7,우선 추천,42,False,transfer,123552.0,4752.0,0.0,0.385,0.402,16.133,0.0,128287.849,c0910510,default,2026-05-25 05:07:53,
혜자로운 집밥 함박스테이크,잠실2점,구리3점,550.0,470.0,180.0,420.0,0.0,2820.0,11.69,12021.0,151489.0,280.0,12021.0,재배치 추천,75.7,우선 추천,43,False,transfer,118440.0,5217.0,0.0,0.968,1.202,15.149,0.0,123641.617,c0910510,default,2026-05-25 05:07:53,
혜자로운 집밥 함박스테이크,상암점,구로점,510.0,530.0,180.0,420.0,0.0,2820.0,12.0,12300.0,151005.0,280.0,12300.0,재배치 추천,75.5,우선 추천,44,False,transfer,118440.0,4653.0,0.0,0.786,1.23,15.101,0.0,123077.455,c0910510,default,2026-05-25 05:07:53,
유어스 방울토마토,건대점,용산점,530.0,450.0,180.0,420.0,0.0,3530.0,12.95,13155.0,191733.0,280.0,13155.0,재배치 추천,75.1,우선 추천,45,False,transfer,148260.0,6177.5,0.0,0.937,1.315,19.173,0.0,154417.948,c0910510,default,2026-05-25 05:07:53,
롯데 카스타드,잠원점,왕십리점,465.0,445.0,165.0,405.0,0.0,1650.0,8.41,9069.0,80196.0,256.0,9069.0,재배치 추천,75.0,우선 추천,46,False,transfer,63360.0,2475.0,0.0,0.86,0.907,8.02,0.0,65826.933,c0910510,default,2026-05-25 05:07:53,
서울우유 딸기우유,혜화점,여의도5점,535.0,490.0,135.0,420.0,0.0,970.0,13.55,13695.0,52154.0,280.0,13695.0,재배치 추천,74.8,우선 추천,47,False,transfer,40740.0,1940.0,0.0,1.398,1.369,5.215,0.0,42674.813,c0910510,default,2026-05-25 05:07:53,
유어스 햄치즈샌드위치,상암점,청량리점,515.0,435.0,195.0,435.0,0.0,2920.0,18.27,17943.0,172864.0,304.0,17943.0,재배치 추천,74.7,우선 추천,48,False,transfer,133152.0,4672.0,0.0,0.821,1.794,17.286,0.0,137805.74,c0910510,default,2026-05-25 05:07:53,
브레디크 골든슈크림빵,여의도7점,건대6점,550.0,555.0,180.0,435.0,0.0,1620.0,18.53,18177.0,90726.0,304.0,18177.0,재배치 추천,74.6,우선 추천,49,False,transfer,73872.0,2997.0,0.0,0.89,1.818,9.073,0.0,76859.0,c0910510,default,2026-05-25 05:07:53,
브레디크 초코크림빵,홍대점,신촌7점,392.0,397.0,114.0,309.0,0.0,2070.0,2.2,3480.0,86053.0,216.0,3480.0,재배치 추천,74.3,우선 추천,50,False,transfer,67068.0,2877.3,0.0,1.077,0.348,8.605,0.0,69937.424,c0910510,default,2026-05-25 05:07:53,
혜자로운 집밥 함박스테이크,홍대6점,청량리점,550.0,430.0,120.0,420.0,0.0,2820.0,14.66,14694.0,152658.0,280.0,14694.0,재배치 추천,74.2,우선 추천,51,False,transfer,118440.0,6063.0,0.0,1.78,1.469,15.266,0.0,124488.045,c0910510,default,2026-05-25 05:07:53,
유어스 햄치즈샌드위치,신림점,청량리점,495.0,435.0,195.0,435.0,0.0,2920.0,19.28,18852.0,172601.0,304.0,18852.0,재배치 추천,74.2,우선 추천,52,False,transfer,133152.0,4380.0,0.0,0.769,1.885,17.26,0.0,137513.624,c0910510,default,2026-05-25 05:07:53,
서울우유 딸기우유,혜화점,건대5점,535.0,465.0,135.0,405.0,0.0,970.0,10.21,10689.0,47684.0,256.0,10689.0,재배치 추천,74.1,우선 추천,53,False,transfer,37248.0,1940.0,0.0,1.407,1.069,4.768,0.0,39183.57,c0910510,default,2026-05-25 05:07:53,
유어스 불고기피자,목동점,홍대2점,545.0,525.0,105.0,345.0,0.0,2260.0,8.37,9033.0,103835.0,242.0,9033.0,재배치 추천,73.7,우선 추천,54,False,transfer,82038.0,4972.0,0.0,1.834,0.903,10.383,0.0,87000.548,c0910510,default,2026-05-25 05:07:53,
광동 옥수수수염차,용산점,혜화점,545.0,445.0,225.0,345.0,0.0,1360.0,8.71,9339.0,62227.0,242.0,9339.0,재배치 추천,73.6,우선 추천,55,False,transfer,49368.0,2176.0,0.0,0.566,0.934,6.223,0.0,51537.41,c0910510,default,2026-05-25 05:07:53,
풀무원 얇은피만두,여의도3점,홍대4점,535.0,480.0,375.0,390.0,0.0,3520.0,7.32,8088.0,161039.0,234.0,8088.0,재배치 추천,73.5,우선 추천,56,False,transfer,88133.76,2816.0,0.0,0.098,0.809,16.104,0.0,90932.945,c0910510,default,2026-05-25 05:07:53,
광동 옥수수수염차,용산점,문래점,545.0,545.0,225.0,345.0,0.0,1360.0,8.93,9537.0,62227.0,242.0,9537.0,재배치 추천,73.5,우선 추천,57,False,transfer,49368.0,2176.0,0.0,0.421,0.954,6.223,0.0,51537.245,c0910510,default,2026-05-25 05:07:53,
브레디크 골든슈크림빵,판교4점,건대6점,545.0,555.0,285.0,435.0,0.0,1620.0,20.81,20229.0,90344.0,304.0,20229.0,재배치 추천,73.5,우선 추천,58,False,transfer,70632.0,2106.0,0.0,0.318,2.023,9.034,0.0,72727.261,c0910510,default,2026-05-25 05:07:53,
칠성사이다 제로,용산점,신촌2점,520.0,520.0,90.0,330.0,0.0,1250.0,5.45,6405.0,52466.0,220.0,6405.0,재배치 추천,73.1,우선 추천,59,False,transfer,41250.0,2687.5,0.0,2.101,0.64,5.247,0.0,43933.714,c0910510,default,2026-05-25 05:07:53,
덴마크 드링킹요구르트,압구정점,건대점,555.0,435.0,135.0,375.0,0.0,1280.0,4.96,5964.0,48785.0,212.0,5964.0,재배치 추천,72.6,우선 추천,60,False,transfer,40704.0,2688.0,0.0,1.476,0.596,4.878,0.0,43388.001,c0910510,default,2026-05-25 05:07:53,
심플리쿡 반숙란,신촌2점,상암점,500.0,540.0,210.0,330.0,0.0,1320.0,6.55,7395.0,55989.0,220.0,7395.0,재배치 추천,72.6,우선 추천,61,False,transfer,43560.0,1914.0,0.0,0.372,0.74,5.599,0.0,45468.034,c0910510,default,2026-05-25 05:07:53,
광동 옥수수수염차,방배점,여의도점,525.0,485.0,105.0,345.0,0.0,1360.0,10.88,11292.0,59439.0,242.0,11292.0,재배치 추천,72.5,우선 추천,62,False,transfer,49368.0,2856.0,0.0,1.797,1.129,5.944,0.0,52218.724,c0910510,default,2026-05-25 05:07:53,
혜자로운 집밥 함박스테이크,상암점,청량리점,510.0,430.0,180.0,420.0,0.0,2820.0,18.27,17943.0,151005.0,280.0,17943.0,재배치 추천,72.4,우선 추천,63,False,transfer,118440.0,4653.0,0.0,0.905,1.794,15.101,0.0,123077.01,c0910510,default,2026-05-25 05:07:53,
유어스 햄치즈샌드위치,잠실2점,성수점,555.0,395.0,195.0,435.0,0.0,2920.0,6.82,7638.0,124338.0,218.0,7638.0,재배치 추천,72.2,우선 추천,64,False,transfer,95484.0,5256.0,11680.0,0.969,0.764,12.434,0.0,112407.771,c0910510,default,2026-05-25 05:07:53,
유어스 제주녹차,잠원점,문래점,485.0,425.0,285.0,405.0,0.0,1170.0,14.25,14325.0,57905.0,256.0,14325.0,재배치 추천,72.2,우선 추천,65,False,transfer,38228.211,1170.0,0.0,0.326,1.433,5.79,0.0,39391.314,c0910510,default,2026-05-25 05:07:53,
풀무원 얇은피만두,신촌3점,잠실6점,540.0,550.0,270.0,420.0,0.0,3520.0,18.87,18483.0,193048.0,280.0,18483.0,재배치 추천,72.2,우선 추천,66,False,transfer,147840.0,4752.0,0.0,0.345,1.848,19.305,0.0,152571.192,c0910510,default,2026-05-25 05:07:53,
브레디크 초코크림빵,여의도5점,신촌7점,387.0,397.0,159.0,309.0,0.0,2070.0,6.77,7593.0,86122.0,216.0,7593.0,재배치 추천,72.1,우선 추천,67,False,transfer,67068.0,2359.8,0.0,0.575,0.759,8.612,0.0,69419.003,c0910510,default,2026-05-25 05:07:53,
심플리쿡 반숙란,여의도2점,상암점,540.0,540.0,90.0,330.0,0.0,1320.0,8.03,8727.0,55165.0,220.0,8727.0,재배치 추천,71.8,우선 추천,68,False,transfer,43560.0,2970.0,0.0,2.182,0.873,5.516,0.0,46525.793,c0910510,default,2026-05-25 05:07:53,
칠성사이다 제로,문래점,신촌2점,520.0,520.0,210.0,330.0,0.0,1250.0,8.13,8817.0,48917.0,220.0,8817.0,재배치 추천,71.8,우선 추천,69,False,transfer,41250.0,1937.5,0.0,0.45,0.882,4.892,0.0,43182.177,c0910510,default,2026-05-25 05:07:53,
칠성사이다 제로,용산점,압구정점,520.0,460.0,90.0,330.0,0.0,1250.0,8.14,8826.0,52466.0,220.0,8826.0,재배치 추천,71.8,우선 추천,70,False,transfer,41250.0,2687.5,0.0,2.192,0.883,5.247,0.0,43933.563,c0910510,default,2026-05-25 05:07:53,
상하목장 유기농요구르트,명동점,마포점,520.0,520.0,150.0,390.0,0.0,2170.0,10.85,11265.0,96670.0,234.0,11265.0,재배치 추천,71.8,우선 추천,71,False,transfer,76167.0,4014.5,0.0,1.067,1.127,9.667,0.0,80171.773,c0910510,default,2026-05-25 05:07:53,
브레디크 골든슈크림빵,판교4점,이태원점,545.0,515.0,285.0,435.0,0.0,1620.0,24.32,23388.0,90344.0,304.0,23388.0,재배치 추천,71.7,우선 추천,72,False,transfer,70632.0,2106.0,0.0,0.364,2.339,9.034,0.0,72726.991,c0910510,default,2026-05-25 05:07:53,
심플리쿡 반숙란,이태원점,사당점,520.0,440.0,90.0,330.0,0.0,1320.0,8.51,9159.0,54975.0,220.0,9159.0,재배치 추천,71.6,우선 추천,73,False,transfer,43560.0,2838.0,0.0,2.222,0.916,5.497,0.0,46393.809,c0910510,default,2026-05-25 05:07:53,
덴마크 드링킹요구르트,압구정점,명동점,555.0,495.0,135.0,375.0,0.0,1280.0,7.14,7926.0,48785.0,212.0,7926.0,재배치 추천,71.5,우선 추천,74,False,transfer,40704.0,2688.0,0.0,1.396,0.793,4.878,0.0,43387.724,c0910510,default,2026-05-25 05:07:53,
풀무원 얇은피만두,신촌3점,왕십리점,540.0,440.0,270.0,390.0,0.0,3520.0,11.43,11787.0,161333.0,234.0,11787.0,재배치 추천,71.5,우선 추천,75,False,transfer,123552.0,4752.0,0.0,0.436,1.179,16.133,0.0,128287.124,c0910510,default,2026-05-25 05:07:53,
롯데 카스타드,노원점,왕십리점,505.0,445.0,285.0,405.0,0.0,1650.0,15.5,15450.0,77834.0,256.0,15450.0,재배치 추천,71.5,우선 추천,76,False,transfer,56134.737,1815.0,0.0,0.337,1.545,7.783,0.0,57940.745,c0910510,default,2026-05-25 05:07:53,
상하목장 유기농요구르트,명동점,상암점,520.0,420.0,150.0,390.0,0.0,2170.0,11.57,11913.0,96670.0,234.0,11913.0,재배치 추천,71.4,우선 추천,77,False,transfer,76167.0,4014.5,0.0,1.195,1.191,9.667,0.0,80171.837,c0910510,default,2026-05-25 05:07:53,
서울우유 딸기우유,신촌5점,건대5점,555.0,465.0,195.0,405.0,0.0,970.0,16.45,16305.0,45509.0,256.0,16305.0,재배치 추천,71.1,우선 추천,78,False,transfer,37248.0,1746.0,0.0,0.849,1.631,4.551,0.0,38988.668,c0910510,default,2026-05-25 05:07:53,
심플리쿡 훈제란,여의도점,홍대점,510.0,430.0,120.0,360.0,0.0,1950.0,4.52,5568.0,71935.0,192.0,5568.0,재배치 추천,70.9,우선 추천,79,False,transfer,56160.0,3802.5,0.0,1.528,0.557,7.194,0.0,59956.277,c0910510,default,2026-05-25 05:07:53,
풀무원 얇은피만두,여의도3점,잠실6점,535.0,550.0,375.0,420.0,0.0,3520.0,21.34,20706.0,192696.0,280.0,20706.0,재배치 추천,70.9,우선 추천,80,False,transfer,105459.2,2816.0,0.0,0.059,2.071,19.27,0.0,108253.918,c0910510,default,2026-05-25 05:07:53,
덴마크 드링킹요구르트,동대문점,건대점,535.0,435.0,255.0,375.0,0.0,1280.0,8.61,9249.0,49762.0,212.0,9249.0,재배치 추천,70.8,우선 추천,81,False,transfer,40704.0,1792.0,0.0,0.469,0.925,4.976,0.0,42490.568,c0910510,default,2026-05-25 05:07:53,
광동 옥수수수염차,방배점,문래점,525.0,545.0,105.0,345.0,0.0,1360.0,14.3,14370.0,59439.0,242.0,14370.0,재배치 추천,70.8,우선 추천,82,False,transfer,49368.0,2856.0,0.0,1.71,1.437,5.944,0.0,52218.329,c0910510,default,2026-05-25 05:07:53,
덴마크 드링킹요구르트,성수점,명동점,535.0,495.0,135.0,375.0,0.0,1280.0,8.87,9483.0,48602.0,212.0,9483.0,재배치 추천,70.7,우선 추천,83,False,transfer,40704.0,2560.0,0.0,1.321,0.948,4.86,0.0,43259.513,c0910510,default,2026-05-25 05:07:53,
칠성사이다 제로,신림점,신촌2점,540.0,520.0,90.0,330.0,0.0,1250.0,10.35,10815.0,52656.0,220.0,10815.0,재배치 추천,70.7,우선 추천,84,False,transfer,41250.0,2812.5,0.0,2.212,1.081,5.266,0.0,44058.365,c0910510,default,2026-05-25 05:07:53,
유어스 제주녹차,강남2점,문래점,545.0,425.0,165.0,405.0,0.0,1170.0,17.32,17088.0,57168.0,256.0,17088.0,재배치 추천,70.7,우선 추천,85,False,transfer,44928.0,2223.0,0.0,1.127,1.709,5.717,0.0,47144.701,c0910510,default,2026-05-25 05:07:53,
광동 옥수수수염차,방배점,혜화점,525.0,445.0,105.0,345.0,0.0,1360.0,14.85,14865.0,59439.0,242.0,14865.0,재배치 추천,70.6,우선 추천,86,False,transfer,49368.0,2856.0,0.0,1.855,1.486,5.944,0.0,52218.425,c0910510,default,2026-05-25 05:07:53,
유어스 방울토마토,노원점,용산점,550.0,450.0,180.0,420.0,0.0,3530.0,22.36,21624.0,191975.0,280.0,21624.0,재배치 추천,70.4,우선 추천,87,False,transfer,148260.0,6530.5,0.0,0.992,2.162,19.198,0.0,154770.132,c0910510,default,2026-05-25 05:07:53,
유어스 햄치즈샌드위치,잠실2점,구로점,555.0,535.0,195.0,435.0,0.0,2920.0,27.1,25890.0,173389.0,304.0,25890.0,재배치 추천,70.4,우선 추천,88,False,transfer,133152.0,5256.0,0.0,0.808,2.589,17.339,0.0,138388.88,c0910510,default,2026-05-25 05:07:53,
유어스 제주녹차,역삼점,문래점,525.0,425.0,165.0,405.0,0.0,1170.0,18.11,17799.0,56947.0,256.0,17799.0,재배치 추천,70.3,우선 추천,89,False,transfer,44928.0,2106.0,0.0,1.066,1.78,5.695,0.0,47027.592,c0910510,default,2026-05-25 05:07:53,
심플리쿡 반숙란,여의도2점,사당점,540.0,440.0,90.0,330.0,0.0,1320.0,11.28,11652.0,55165.0,220.0,11652.0,재배치 추천,70.2,우선 추천,90,False,transfer,43560.0,2970.0,0.0,2.333,1.165,5.516,0.0,46525.652,c0910510,default,2026-05-25 05:07:53,
유어스 스파클링 레몬,잠실2점,건대점,396.0,396.0,282.0,402.0,0.0,1100.0,5.83,6747.0,36454.0,188.0,6747.0,재배치 추천,69.9,검토 가능,91,False,transfer,21780.0,627.0,660.0,0.21,0.675,3.645,0.0,23062.889,c0910510,default,2026-05-25 05:07:53,
유어스 방울토마토,노원점,잠원점,550.0,510.0,180.0,420.0,0.0,3530.0,23.43,22587.0,191975.0,280.0,22587.0,재배치 추천,69.9,검토 가능,92,False,transfer,148260.0,6530.5,0.0,0.921,2.259,19.198,0.0,154769.964,c0910510,default,2026-05-25 05:07:53,
유어스 스파클링 레몬,홍대6점,여의도6점,396.0,376.0,222.0,342.0,0.0,1100.0,5.12,6108.0,36051.0,182.0,6108.0,재배치 추천,69.7,검토 가능,93,False,transfer,26783.514,957.0,0.0,0.342,0.611,3.605,0.0,27736.64,c0910510,default,2026-05-25 05:07:53,
심플리쿡 반숙란,이태원점,잠실점,520.0,480.0,90.0,330.0,0.0,1320.0,12.39,12651.0,54975.0,220.0,12651.0,재배치 추천,69.7,검토 가능,94,False,transfer,43560.0,2838.0,0.0,2.162,1.265,5.497,0.0,46393.399,c0910510,default,2026-05-25 05:07:53,
광동 옥수수수염차,청량리점,여의도점,505.0,485.0,105.0,345.0,0.0,1360.0,16.5,16350.0,59230.0,242.0,16350.0,재배치 추천,69.7,검토 가능,95,False,transfer,49368.0,2720.0,0.0,1.702,1.635,5.923,0.0,52082.144,c0910510,default,2026-05-25 05:07:53,
유어스 블랙보리,잠실2점,선릉점,344.0,384.0,198.0,318.0,0.0,1150.0,7.24,8016.0,40856.0,191.0,8016.0,재배치 추천,69.5,검토 가능,96,False,transfer,28621.061,839.5,0.0,0.265,0.802,4.086,0.0,29455.938,c0910510,default,2026-05-25 05:07:53,
풀무원 얇은피만두,여의도3점,왕십리점,535.0,440.0,375.0,390.0,0.0,3520.0,15.8,15720.0,161039.0,234.0,15720.0,재배치 추천,69.3,검토 가능,97,False,transfer,88133.76,2816.0,0.0,0.149,1.572,16.104,0.0,90932.233,c0910510,default,2026-05-25 05:07:53,
혜자로운 집밥 함박스테이크,홍대6점,구리3점,550.0,470.0,120.0,420.0,0.0,2820.0,24.73,23757.0,152658.0,280.0,23757.0,재배치 추천,69.3,검토 가능,98,False,transfer,118440.0,6063.0,0.0,1.732,2.376,15.266,0.0,124487.091,c0910510,default,2026-05-25 05:07:53,
유어스 컵과일 파인애플,잠실2점,건대5점,377.0,387.0,249.0,279.0,0.0,2490.0,5.29,6261.0,83567.0,177.0,6261.0,재배치 추천,69.1,검토 가능,99,False,transfer,50046.75,1593.6,0.0,0.063,0.626,8.357,0.0,51631.431,c0910510,default,2026-05-25 05:07:53,
혜자로운 집밥 치킨마요덮밥,여의도5점,신촌7점,368.0,378.0,126.0,276.0,0.0,2720.0,6.77,7593.0,97324.0,184.0,7593.0,재배치 추천,69.1,검토 가능,100,False,transfer,75072.0,3291.2,0.0,0.776,0.759,9.732,0.0,78353.484,c0910510,default,2026-05-25 05:07:53,
해태 홈런볼,잠실2점,건대점,382.0,382.0,264.0,384.0,0.0,2500.0,5.83,6747.0,86539.0,179.0,6747.0,재배치 추천,69.0,검토 가능,101,False,transfer,48563.92,1475.0,500.0,0.226,0.675,8.654,0.0,50529.818,c0910510,default,2026-05-25 05:07:53,
유어스 스파클링 레몬,합정점,여의도6점,396.0,376.0,162.0,342.0,0.0,1100.0,6.6,7440.0,38226.0,182.0,7440.0,재배치 추천,69.0,검토 가능,102,False,transfer,30030.0,1287.0,0.0,0.673,0.744,3.823,0.0,31313.106,c0910510,default,2026-05-25 05:07:53,
심플리쿡 반숙란,신촌2점,사당점,500.0,440.0,210.0,330.0,0.0,1320.0,13.7,13830.0,55989.0,220.0,13830.0,재배치 추천,69.0,검토 가능,103,False,transfer,43560.0,1914.0,0.0,0.524,1.383,5.599,0.0,45467.542,c0910510,default,2026-05-25 05:07:53,
서울우유 초코우유,잠실6점,건대3점,384.0,384.0,318.0,258.0,0.0,1590.0,4.88,5892.0,53166.0,172.0,5892.0,재배치 추천,68.9,검토 가능,104,False,transfer,24768.0,524.7,0.0,0.0,0.589,5.317,0.0,25286.794,c0910510,default,2026-05-25 05:07:53,
게토레이 레몬,용산점,왕십리점,347.0,387.0,159.0,399.0,0.0,1190.0,10.12,10608.0,44715.0,200.0,10608.0,재배치 추천,68.9,검토 가능,105,False,transfer,35700.0,1118.6,1428.0,0.606,1.061,4.471,0.0,38241.674,c0910510,default,2026-05-25 05:07:53,
고메 치킨너겟,종로점,성수점,550.0,510.0,240.0,360.0,0.0,5300.0,8.84,9456.0,198308.0,192.0,9456.0,재배치 추천,68.8,검토 가능,106,False,transfer,152640.0,8215.0,0.0,0.437,0.946,19.831,0.0,160834.661,c0910510,default,2026-05-25 05:07:53,
심플리쿡 훈제란,종로점,홍대점,530.0,430.0,120.0,360.0,0.0,1950.0,8.93,9537.0,72101.0,192.0,9537.0,재배치 추천,68.8,검토 가능,107,False,transfer,56160.0,3997.5,0.0,1.611,0.954,7.21,0.0,60150.947,c0910510,default,2026-05-25 05:07:53,
칠성사이다 제로,신림점,압구정점,540.0,460.0,90.0,330.0,0.0,1250.0,14.17,14253.0,52656.0,220.0,14253.0,재배치 추천,68.8,검토 가능,108,False,transfer,41250.0,2812.5,0.0,2.303,1.425,5.266,0.0,44058.112,c0910510,default,2026-05-25 05:07:53,
유어스 햄치즈샌드위치,신림점,구로점,495.0,535.0,195.0,435.0,0.0,2920.0,0.0,28749.0,172601.0,304.0,28749.0,재배치 추천,68.8,검토 가능,109,False,transfer,133152.0,4380.0,0.0,0.654,2.875,17.26,0.0,137512.519,c0910510,default,2026-05-25 05:07:53,
덴마크 드링킹요구르트,동대문점,여의도2점,535.0,395.0,255.0,375.0,0.0,1280.0,12.87,13083.0,49762.0,212.0,13083.0,재배치 추천,68.7,검토 가능,110,False,transfer,40704.0,1792.0,0.0,0.522,1.308,4.976,0.0,42490.238,c0910510,default,2026-05-25 05:07:53,
심플리쿡 반숙란,이태원점,상암점,520.0,540.0,90.0,330.0,0.0,1320.0,14.43,14487.0,54975.0,220.0,14487.0,재배치 추천,68.7,검토 가능,111,False,transfer,43560.0,2838.0,0.0,2.071,1.449,5.497,0.0,46393.125,c0910510,default,2026-05-25 05:07:53,
매일 소화가잘되는우유,건대4점,선릉점,394.0,379.0,108.0,303.0,0.0,1610.0,5.47,6423.0,51018.0,172.0,6423.0,재배치 추천,68.6,검토 가능,112,False,transfer,41538.0,2302.3,0.0,1.199,0.642,5.102,0.0,43835.755,c0910510,default,2026-05-25 05:07:53,
매일 소화가잘되는우유,신촌3점,신촌7점,399.0,384.0,303.0,378.0,0.0,1610.0,0.0,11694.0,62061.0,202.0,11694.0,재배치 추천,68.5,검토 가능,113,False,transfer,32119.5,772.8,0.0,0.15,1.169,6.206,0.0,32885.075,c0910510,default,2026-05-25 05:07:53,
브레디크 골든슈크림빵,판교4점,군포3점,545.0,485.0,285.0,405.0,0.0,1620.0,21.77,21093.0,76079.0,256.0,21093.0,재배치 추천,68.5,검토 가능,114,False,transfer,59479.579,2106.0,0.0,0.357,2.109,7.608,0.0,61576.219,c0910510,default,2026-05-25 05:07:53,
덴마크 드링킹요구르트,압구정점,여의도2점,555.0,395.0,135.0,375.0,0.0,1280.0,13.46,13614.0,48785.0,212.0,13614.0,재배치 추천,68.4,검토 가능,115,False,transfer,40704.0,2688.0,0.0,1.529,1.361,4.878,0.0,43387.289,c0910510,default,2026-05-25 05:07:53,
매일 소화가잘되는우유,건대4점,강남2점,394.0,379.0,108.0,423.0,0.0,1610.0,8.24,8916.0,54281.0,183.0,8916.0,재배치 추천,68.2,검토 가능,116,False,transfer,44194.5,2302.3,7084.0,1.376,0.892,5.428,0.0,53575.856,c0910510,default,2026-05-25 05:07:53,
서울우유 초코우유,신촌3점,여의도4점,374.0,394.0,168.0,348.0,0.0,1590.0,4.46,5514.0,49667.0,162.0,5514.0,재배치 추천,68.1,검토 가능,117,False,transfer,38637.0,1637.7,0.0,0.547,0.551,4.967,0.0,40269.729,c0910510,default,2026-05-25 05:07:53,
혜자로운 집밥 함박스테이크,잠실2점,구로점,550.0,530.0,180.0,420.0,0.0,2820.0,27.1,25890.0,151489.0,280.0,25890.0,재배치 추천,68.1,검토 가능,118,False,transfer,118440.0,5217.0,0.0,0.897,2.589,15.149,0.0,123640.159,c0910510,default,2026-05-25 05:07:53,
브레디크 골든단팥빵,홍대점,여의도5점,398.0,393.0,216.0,261.0,0.0,1360.0,5.53,6477.0,41789.0,165.0,6477.0,재배치 추천,67.9,검토 가능,119,False,transfer,31010.833,1237.6,0.0,0.168,0.648,4.179,0.0,32243.775,c0910510,default,2026-05-25 05:07:53,
브레디크 골든단팥빵,합정점,여의도5점,358.0,393.0,96.0,261.0,0.0,1360.0,5.58,6522.0,43309.0,165.0,6522.0,재배치 추천,67.9,검토 가능,120,False,transfer,33660.0,1781.6,0.0,1.112,0.652,4.331,0.0,35437.729,c0910510,default,2026-05-25 05:07:53,
브레디크 초코크림빵,선릉점,신촌7점,392.0,397.0,234.0,309.0,0.0,2070.0,15.28,15252.0,87235.0,216.0,15252.0,재배치 추천,67.9,검토 가능,121,False,transfer,56176.615,1635.3,0.0,0.195,1.525,8.723,0.0,57801.862,c0910510,default,2026-05-25 05:07:53,
광동 옥수수수염차,청량리점,문래점,505.0,545.0,105.0,345.0,0.0,1360.0,20.22,19698.0,59230.0,242.0,19698.0,재배치 추천,67.9,검토 가능,122,False,transfer,49368.0,2720.0,0.0,1.615,1.97,5.923,0.0,52081.722,c0910510,default,2026-05-25 05:07:53,
심플리쿡 훈제란,홍대2점,동대문점,530.0,490.0,360.0,360.0,0.0,1950.0,11.02,11418.0,70055.0,192.0,11418.0,재배치 추천,67.7,검토 가능,123,False,transfer,41340.0,1657.5,0.0,0.056,1.142,7.005,0.0,42989.408,c0910510,default,2026-05-25 05:07:53,
유어스 제주녹차,잠원점,노원점,485.0,525.0,285.0,405.0,0.0,1170.0,23.43,22587.0,57905.0,256.0,22587.0,재배치 추천,67.7,검토 가능,124,False,transfer,38228.211,1170.0,0.0,0.203,2.259,5.79,0.0,39390.364,c0910510,default,2026-05-25 05:07:53,
유어스 제주녹차,역삼점,노원점,525.0,525.0,165.0,405.0,0.0,1170.0,23.52,22668.0,56947.0,256.0,22668.0,재배치 추천,67.6,검토 가능,125,False,transfer,44928.0,2106.0,0.0,0.943,2.267,5.695,0.0,47026.981,c0910510,default,2026-05-25 05:07:53,
혜자로운 집밥 함박스테이크,상암점,구리3점,510.0,470.0,180.0,420.0,0.0,2820.0,28.13,26817.0,151005.0,280.0,26817.0,재배치 추천,67.6,검토 가능,126,False,transfer,118440.0,4653.0,0.0,0.857,2.682,15.101,0.0,123076.075,c0910510,default,2026-05-25 05:07:53,
칠성사이다 제로,문래점,압구정점,520.0,460.0,210.0,330.0,0.0,1250.0,17.07,16863.0,48917.0,220.0,16863.0,재배치 추천,67.4,검토 가능,127,False,transfer,41250.0,1937.5,0.0,0.541,1.686,4.892,0.0,43181.463,c0910510,default,2026-05-25 05:07:53,
유어스 컵과일 파인애플,잠실2점,건대점,377.0,377.0,249.0,369.0,0.0,2490.0,5.83,6747.0,75540.0,160.0,6747.0,재배치 추천,67.3,검토 가능,128,False,transfer,45240.0,1593.6,0.0,0.246,0.675,7.554,0.0,46825.617,c0910510,default,2026-05-25 05:07:53,
상하목장 유기농요구르트,역삼점,마포점,480.0,520.0,270.0,390.0,0.0,2170.0,19.95,19455.0,97546.0,234.0,19455.0,재배치 추천,67.3,검토 가능,129,False,transfer,67704.0,2278.5,0.0,0.222,1.946,9.755,0.0,69971.022,c0910510,default,2026-05-25 05:07:53,
유어스 고르곤졸라피자,여의도점,사당점,396.0,396.0,102.0,342.0,0.0,2220.0,10.44,10896.0,76766.0,182.0,10896.0,재배치 추천,67.1,검토 가능,130,False,transfer,60606.0,3263.4,0.0,1.362,1.09,7.677,0.0,63861.996,c0910510,default,2026-05-25 05:07:53,
유어스 햄치즈샌드위치,신림점,성수점,495.0,395.0,195.0,435.0,0.0,2920.0,17.32,17088.0,123773.0,218.0,17088.0,재배치 추천,67.1,검토 가능,131,False,transfer,95484.0,4380.0,11680.0,0.815,1.709,12.377,0.0,111530.729,c0910510,default,2026-05-25 05:07:53,
브레디크 골든슈크림빵,여의도7점,군포3점,550.0,485.0,180.0,405.0,0.0,1620.0,24.65,23685.0,76401.0,256.0,23685.0,재배치 추천,67.1,검토 가능,132,False,transfer,62208.0,2997.0,0.0,0.929,2.369,7.64,0.0,65195.92,c0910510,default,2026-05-25 05:07:53,
유어스 제주녹차,잠원점,종로점,485.0,385.0,285.0,405.0,0.0,1170.0,9.51,10059.0,39810.0,176.0,10059.0,재배치 추천,67.0,검토 가능,133,False,transfer,26281.895,1170.0,2340.0,0.376,1.006,3.981,0.0,29787.283,c0910510,default,2026-05-25 05:07:53,
비비고 김치왕교자,명동점,교대점,379.0,399.0,183.0,423.0,0.0,3520.0,10.79,11211.0,124970.0,183.0,11211.0,재배치 추천,67.0,검토 가능,134,False,transfer,96624.0,3449.6,8448.0,0.564,1.121,12.497,0.0,108508.546,c0910510,default,2026-05-25 05:07:53,
덴마크 드링킹요구르트,성수점,여의도2점,535.0,395.0,135.0,375.0,0.0,1280.0,16.42,16278.0,48602.0,212.0,16278.0,재배치 추천,67.0,검토 가능,135,False,transfer,40704.0,2560.0,0.0,1.455,1.628,4.86,0.0,43258.967,c0910510,default,2026-05-25 05:07:53,
유어스 제주녹차,강남2점,노원점,545.0,525.0,165.0,405.0,0.0,1170.0,24.81,23829.0,57168.0,256.0,23829.0,재배치 추천,67.0,검토 가능,136,False,transfer,44928.0,2223.0,0.0,1.003,2.383,5.717,0.0,47143.904,c0910510,default,2026-05-25 05:07:53,
심플리쿡 훈제란,여의도점,동대문점,510.0,490.0,120.0,360.0,0.0,1950.0,12.8,13020.0,71935.0,192.0,13020.0,재배치 추천,66.9,검토 가능,137,False,transfer,56160.0,3802.5,0.0,1.444,1.302,7.194,0.0,59955.449,c0910510,default,2026-05-25 05:07:53,
상하목장 유기농요구르트,역삼점,상암점,480.0,420.0,270.0,390.0,0.0,2170.0,20.79,20211.0,97546.0,234.0,20211.0,재배치 추천,66.9,검토 가능,138,False,transfer,67704.0,2278.5,0.0,0.35,2.021,9.755,0.0,69971.075,c0910510,default,2026-05-25 05:07:53,
혜자로운 집밥 치킨마요덮밥,신촌3점,신촌7점,393.0,378.0,201.0,276.0,0.0,2720.0,0.0,11694.0,97954.0,184.0,11694.0,재배치 추천,66.8,검토 가능,139,False,transfer,73391.284,2611.2,0.0,0.293,1.169,9.795,0.0,75991.812,c0910510,default,2026-05-25 05:07:53,
상하목장 유기농요구르트,명동점,용산점,520.0,380.0,150.0,390.0,0.0,2170.0,6.17,7053.0,64447.0,156.0,7053.0,재배치 추천,66.7,검토 가능,140,False,transfer,50778.0,4014.5,2170.0,1.246,0.705,6.445,0.0,56956.596,c0910510,default,2026-05-25 05:07:53,
고메 치킨너겟,사당점,성수점,530.0,510.0,120.0,360.0,0.0,5300.0,13.18,13362.0,200244.0,192.0,13362.0,재배치 추천,66.7,검토 가능,141,False,transfer,152640.0,10865.0,0.0,1.5,1.336,20.024,0.0,163485.139,c0910510,default,2026-05-25 05:07:53,
고메 치킨너겟,청량리점,명동점,550.0,470.0,360.0,240.0,0.0,5300.0,7.16,7944.0,166132.0,160.0,7944.0,재배치 추천,66.6,검토 가능,142,False,transfer,97166.667,5035.0,0.0,0.0,0.794,16.613,0.0,102184.259,c0910510,default,2026-05-25 05:07:53,
광동 옥수수수염차,용산점,여의도점,545.0,485.0,225.0,345.0,0.0,1360.0,0.0,22107.0,62227.0,242.0,22107.0,재배치 추천,66.6,검토 가능,143,False,transfer,49368.0,2176.0,0.0,0.508,2.211,6.223,0.0,51536.075,c0910510,default,2026-05-25 05:07:53,
게토레이 레몬,여의도2점,왕십리점,387.0,387.0,279.0,399.0,0.0,1190.0,15.05,15045.0,46155.0,200.0,15045.0,재배치 추천,66.5,검토 가능,144,False,transfer,24759.677,642.6,1428.0,0.209,1.504,4.615,0.0,26824.366,c0910510,default,2026-05-25 05:07:53,
유어스 샐러드랩,마포점,신촌점,366.0,386.0,132.0,372.0,0.0,2800.0,5.57,6513.0,82266.0,149.0,6513.0,재배치 추천,66.4,검토 가능,145,False,transfer,62580.0,3276.0,0.0,0.868,0.651,8.227,0.0,65847.99,c0910510,default,2026-05-25 05:07:53,
서울우유 초코우유,혜화점,건대3점,394.0,384.0,168.0,258.0,0.0,1590.0,10.16,10644.0,53327.0,172.0,10644.0,재배치 추천,66.3,검토 가능,146,False,transfer,41022.0,1796.7,0.0,0.428,1.064,5.333,0.0,42812.731,c0910510,default,2026-05-25 05:07:53,
덴마크 드링킹요구르트,성수점,건대점,535.0,435.0,135.0,375.0,0.0,1280.0,0.0,17517.0,48602.0,212.0,17517.0,재배치 추천,66.3,검토 가능,147,False,transfer,40704.0,2560.0,0.0,1.401,1.752,4.86,0.0,43258.79,c0910510,default,2026-05-25 05:07:53,
비비고 김치왕교자,혜화점,교대점,399.0,399.0,183.0,423.0,0.0,3520.0,12.64,12876.0,125128.0,183.0,12876.0,재배치 추천,66.1,검토 가능,148,False,transfer,96624.0,3801.6,8448.0,0.619,1.288,12.513,0.0,108860.418,c0910510,default,2026-05-25 05:07:53,
상하목장 유기농요구르트,노원점,마포점,480.0,520.0,150.0,390.0,0.0,2170.0,22.32,21588.0,96266.0,234.0,21588.0,재배치 추천,66.1,검토 가능,149,False,transfer,76167.0,3580.5,0.0,0.933,2.159,9.627,0.0,79736.648,c0910510,default,2026-05-25 05:07:53,
유어스 제주녹차,역삼점,종로점,525.0,385.0,165.0,405.0,0.0,1170.0,11.47,11823.0,39151.0,176.0,11823.0,재배치 추천,66.0,검토 가능,150,False,transfer,30888.0,2106.0,2340.0,1.116,1.182,3.915,0.0,35330.018,c0910510,default,2026-05-25 05:07:53,
롯데 카스타드,명동점,강남2점,545.0,525.0,285.0,405.0,0.0,1650.0,11.53,11877.0,53817.0,176.0,11877.0,재배치 추천,66.0,검토 가능,151,False,transfer,41649.474,2145.0,0.0,0.308,1.188,5.382,0.0,43788.212,c0910510,default,2026-05-25 05:07:53,
심플리쿡 반숙란,신촌2점,잠실점,500.0,480.0,210.0,330.0,0.0,1320.0,19.95,19455.0,55989.0,220.0,19455.0,재배치 추천,66.0,검토 가능,152,False,transfer,43560.0,1914.0,0.0,0.463,1.946,5.599,0.0,45466.919,c0910510,default,2026-05-25 05:07:53,
상하목장 유기농요구르트,노원점,상암점,480.0,420.0,150.0,390.0,0.0,2170.0,22.56,21804.0,96266.0,234.0,21804.0,재배치 추천,66.0,검토 가능,153,False,transfer,76167.0,3580.5,0.0,1.062,2.18,9.627,0.0,79736.755,c0910510,default,2026-05-25 05:07:53,
유어스 고르곤졸라피자,신촌5점,사당점,376.0,396.0,162.0,342.0,0.0,2220.0,12.88,13092.0,77893.0,182.0,13092.0,재배치 추천,65.9,검토 가능,154,False,transfer,60606.0,2375.4,0.0,0.582,1.309,7.789,0.0,62972.883,c0910510,default,2026-05-25 05:07:53,
매일 소화가잘되는우유,신촌3점,강남2점,399.0,379.0,303.0,423.0,0.0,1610.0,13.08,13272.0,56223.0,183.0,13272.0,재배치 추천,65.9,검토 가능,155,False,transfer,29098.359,772.8,7084.0,0.21,1.327,5.622,0.0,36948.42,c0910510,default,2026-05-25 05:07:53,
브레디크 골든단팥빵,홍대점,선릉점,398.0,398.0,216.0,336.0,0.0,1360.0,16.72,16548.0,51159.0,202.0,16548.0,재배치 추천,65.9,검토 가능,156,False,transfer,37964.778,1237.6,0.0,0.329,1.655,5.116,0.0,39195.936,c0910510,default,2026-05-25 05:07:53,
매일 소화가잘되는우유,건대4점,신촌7점,394.0,384.0,108.0,378.0,0.0,1610.0,16.93,16737.0,59916.0,202.0,16737.0,재배치 추천,65.8,검토 가능,157,False,transfer,48783.0,2302.3,0.0,1.316,1.674,5.992,0.0,51078.951,c0910510,default,2026-05-25 05:07:53,
브레디크 초코크림빵,여의도5점,홍대6점,387.0,352.0,159.0,414.0,0.0,2070.0,4.83,5847.0,55022.0,138.0,5847.0,재배치 추천,65.7,검토 가능,158,False,transfer,42849.0,2359.8,12834.0,0.792,0.585,5.502,0.0,58037.505,c0910510,default,2026-05-25 05:07:53,
유어스 제주녹차,강남2점,종로점,545.0,385.0,165.0,405.0,0.0,1170.0,12.09,12381.0,39303.0,176.0,12381.0,재배치 추천,65.7,검토 가능,159,False,transfer,30888.0,2223.0,2340.0,1.176,1.238,3.93,0.0,35447.008,c0910510,default,2026-05-25 05:07:53,
유어스 햄치즈샌드위치,상암점,성수점,515.0,395.0,195.0,435.0,0.0,2920.0,20.32,19788.0,123962.0,218.0,19788.0,재배치 추천,65.6,검토 가능,160,False,transfer,95484.0,4672.0,11680.0,0.866,1.979,12.396,0.0,111822.491,c0910510,default,2026-05-25 05:07:53,
오리온 초코파이,잠실2점,건대점,357.0,357.0,129.0,249.0,0.0,1780.0,5.83,6747.0,48335.0,141.0,6747.0,재배치 추천,65.5,검토 가능,161,False,transfer,37647.0,2029.2,0.0,0.667,0.675,4.833,0.0,39671.359,c0910510,default,2026-05-25 05:07:53,
심플리쿡 훈제란,종로점,잠실2점,530.0,390.0,120.0,360.0,0.0,1950.0,15.66,15594.0,72101.0,192.0,15594.0,재배치 추천,65.5,검토 가능,162,False,transfer,56160.0,3997.5,0.0,1.667,1.559,7.21,0.0,60150.397,c0910510,default,2026-05-25 05:07:53,
심플리쿡 훈제란,홍대2점,홍대점,530.0,430.0,360.0,360.0,0.0,1950.0,0.0,15789.0,70055.0,192.0,15789.0,재배치 추천,65.4,검토 가능,163,False,transfer,41340.0,1657.5,0.0,0.139,1.579,7.005,0.0,42989.054,c0910510,default,2026-05-25 05:07:53,
오리온 초코파이,선릉점,건대점,397.0,357.0,249.0,249.0,0.0,1780.0,6.27,7143.0,47035.0,141.0,7143.0,재배치 추천,65.3,검토 가능,164,False,transfer,30011.765,1317.2,0.0,0.08,0.714,4.704,0.0,31323.628,c0910510,default,2026-05-25 05:07:53,
CJ 비비고 왕교자,성수점,잠실5점,382.0,392.0,324.0,354.0,0.0,5400.0,6.43,7287.0,150418.0,142.0,7287.0,재배치 추천,65.3,검토 가능,165,False,transfer,67805.0,1566.0,0.0,0.036,0.729,15.042,0.0,69355.265,c0910510,default,2026-05-25 05:07:53,
브레디크 골든단팥빵,합정점,선릉점,358.0,398.0,96.0,336.0,0.0,1360.0,17.83,17547.0,53021.0,202.0,17547.0,재배치 추천,65.3,검토 가능,166,False,transfer,41208.0,1781.6,0.0,1.272,1.755,5.302,0.0,42983.816,c0910510,default,2026-05-25 05:07:53,
매일 상하목장 우유,성수점,혜화점,387.0,367.0,339.0,219.0,0.0,1700.0,8.63,9267.0,50276.0,153.0,9267.0,재배치 추천,65.2,검토 가능,167,False,transfer,22269.624,408.0,0.0,0.0,0.927,5.028,0.0,22671.67,c0910510,default,2026-05-25 05:07:53,
고메 치킨너겟,종로점,건대점,550.0,410.0,240.0,240.0,0.0,5300.0,10.13,10617.0,165257.0,160.0,10617.0,재배치 추천,65.2,검토 가능,168,False,transfer,127200.0,8215.0,0.0,0.292,1.062,16.526,0.0,135397.704,c0910510,default,2026-05-25 05:07:53,
심플리쿡 반숙란,여의도2점,잠실점,540.0,480.0,90.0,330.0,0.0,1320.0,21.56,20904.0,55165.0,220.0,20904.0,재배치 추천,65.2,검토 가능,169,False,transfer,43560.0,2970.0,0.0,2.273,2.09,5.516,0.0,46524.666,c0910510,default,2026-05-25 05:07:53,
브레디크 우유생크림빵,동대문점,압구정점,369.0,389.0,153.0,393.0,0.0,2390.0,7.1,7890.0,66218.0,144.0,7890.0,재배치 추천,65.1,검토 가능,170,False,transfer,51624.0,2581.2,956.0,0.711,0.789,6.622,0.0,55154.5,c0910510,default,2026-05-25 05:07:53,
심플리쿡 리코타치즈샐러드,홍대2점,신촌6점,384.0,379.0,378.0,363.0,0.0,3460.0,0.0,14556.0,123565.0,182.0,14556.0,재배치 추천,65.1,검토 가능,171,False,transfer,47978.667,103.8,0.0,0.0,1.456,12.357,0.0,48068.655,c0910510,default,2026-05-25 05:07:53,
게토레이 레몬,상암점,왕십리점,387.0,387.0,159.0,399.0,0.0,1190.0,18.0,17700.0,45061.0,200.0,17700.0,재배치 추천,65.1,검토 가능,172,False,transfer,35700.0,1356.6,1428.0,0.732,1.77,4.506,0.0,38479.056,c0910510,default,2026-05-25 05:07:53,
광동 옥수수수염차,청량리점,혜화점,505.0,445.0,105.0,345.0,0.0,1360.0,0.0,24843.0,59230.0,242.0,24843.0,재배치 추천,65.1,검토 가능,173,False,transfer,49368.0,2720.0,0.0,1.76,2.484,5.923,0.0,52081.353,c0910510,default,2026-05-25 05:07:53,
유어스 스트링치즈,방배점,이태원점,346.0,386.0,432.0,312.0,0.0,780.0,7.69,8421.0,18955.0,146.0,8421.0,재배치 추천,65.0,검토 가능,174,False,transfer,6840.708,0.0,0.0,0.0,0.842,1.895,0.0,6837.971,c0910510,default,2026-05-25 05:07:53,
칠성사이다 제로,용산점,강남2점,520.0,380.0,90.0,330.0,0.0,1250.0,9.22,9798.0,36726.0,154.0,9798.0,재배치 추천,65.0,검토 가능,175,False,transfer,28875.0,2687.5,0.0,2.313,0.98,3.673,0.0,31560.161,c0910510,default,2026-05-25 05:07:53,
상하목장 유기농요구르트,역삼점,용산점,480.0,380.0,270.0,390.0,0.0,2170.0,9.63,10167.0,65031.0,156.0,10167.0,재배치 추천,65.0,검토 가능,176,False,transfer,45136.0,2278.5,2170.0,0.402,1.017,6.503,0.0,49577.382,c0910510,default,2026-05-25 05:07:53,
서울우유 초코우유,잠실6점,교대점,384.0,394.0,318.0,408.0,0.0,1590.0,11.17,11553.0,50384.0,163.0,11553.0,재배치 추천,64.9,검토 가능,177,False,transfer,23472.0,524.7,2226.0,0.121,1.155,5.038,0.0,26216.627,c0910510,default,2026-05-25 05:07:53,
서울우유 초코우유,신촌3점,교대점,374.0,394.0,168.0,408.0,0.0,1590.0,11.2,11580.0,49973.0,163.0,11580.0,재배치 추천,64.9,검토 가능,178,False,transfer,38875.5,1637.7,2226.0,0.63,1.158,4.997,0.0,42733.675,c0910510,default,2026-05-25 05:07:53,
덴마크 드링킹요구르트,동대문점,명동점,535.0,495.0,255.0,375.0,0.0,1280.0,0.0,20010.0,49762.0,212.0,20010.0,재배치 추천,64.9,검토 가능,179,False,transfer,40704.0,1792.0,0.0,0.389,2.001,4.976,0.0,42489.412,c0910510,default,2026-05-25 05:07:53,
CJ 비비고 왕교자,잠실3점,건대3점,387.0,352.0,99.0,294.0,0.0,5400.0,6.46,7314.0,146793.0,137.0,7314.0,재배치 추천,64.8,검토 가능,180,False,transfer,110970.0,7776.0,0.0,1.356,0.731,14.679,0.0,118731.945,c0910510,default,2026-05-25 05:07:53,
유어스 블랙보리,홍대점,선릉점,384.0,384.0,198.0,318.0,0.0,1150.0,16.72,16548.0,42176.0,191.0,16548.0,재배치 추천,64.8,검토 가능,181,False,transfer,31949.091,1069.5,0.0,0.366,1.655,4.218,0.0,33013.084,c0910510,default,2026-05-25 05:07:53,
풀무원 얇은피만두,의정부4점,잠실6점,505.0,550.0,105.0,420.0,0.0,3520.0,33.9,32010.0,194813.0,280.0,32010.0,재배치 추천,64.8,검토 가능,182,False,transfer,147840.0,7040.0,0.0,1.75,3.201,19.481,0.0,154859.068,c0910510,default,2026-05-25 05:07:53,
매일 소화가잘되는우유,신촌3점,선릉점,399.0,379.0,303.0,303.0,0.0,1610.0,13.63,13767.0,52844.0,172.0,13767.0,재배치 추천,64.6,검토 가능,183,False,transfer,27349.277,772.8,0.0,0.033,1.377,5.284,0.0,28115.449,c0910510,default,2026-05-25 05:07:53,
카페25 헤이즐넛라떼,교대점,혜화점,381.0,381.0,117.0,237.0,0.0,1510.0,12.64,12876.0,47420.0,166.0,12876.0,재배치 추천,64.5,검토 가능,184,False,transfer,37599.0,1993.2,0.0,0.824,1.288,4.742,0.0,39586.995,c0910510,default,2026-05-25 05:07:53,
브레디크 골든단팥빵,평촌4점,선릉점,393.0,398.0,321.0,336.0,0.0,1360.0,19.6,19140.0,49335.0,202.0,19140.0,재배치 추천,64.5,검토 가능,185,False,transfer,25225.458,489.6,0.0,0.02,1.914,4.934,0.0,25708.23,c0910510,default,2026-05-25 05:07:53,
유어스 스파클링 레몬,홍대6점,건대점,396.0,396.0,222.0,402.0,0.0,1100.0,17.0,16800.0,37239.0,188.0,16800.0,재배치 추천,64.4,검토 가능,186,False,transfer,27666.486,957.0,660.0,0.399,1.68,3.724,0.0,29278.482,c0910510,default,2026-05-25 05:07:53,
서울우유 흰우유,용산점,신촌6점,399.0,354.0,243.0,228.0,0.0,1090.0,7.38,8142.0,26521.0,137.0,8142.0,재배치 추천,64.3,검토 가능,187,False,transfer,18389.713,850.2,0.0,0.045,0.814,2.652,0.0,19236.491,c0910510,default,2026-05-25 05:07:53,
서울우유 초코우유,혜화점,여의도4점,394.0,394.0,168.0,348.0,0.0,1590.0,12.2,12480.0,50226.0,162.0,12480.0,재배치 추천,64.3,검토 가능,188,False,transfer,38637.0,1796.7,0.0,0.607,1.248,5.023,0.0,40428.036,c0910510,default,2026-05-25 05:07:53,
서울우유 초코우유,신촌3점,건대3점,374.0,384.0,168.0,258.0,0.0,1590.0,14.18,14262.0,52732.0,172.0,14262.0,재배치 추천,64.3,검토 가능,189,False,transfer,41022.0,1637.7,0.0,0.369,1.426,5.273,0.0,42653.37,c0910510,default,2026-05-25 05:07:53,
서울우유 초코우유,혜화점,교대점,394.0,394.0,168.0,408.0,0.0,1590.0,12.64,12876.0,50537.0,163.0,12876.0,재배치 추천,64.2,검토 가능,190,False,transfer,38875.5,1796.7,2226.0,0.69,1.288,5.054,0.0,42892.548,c0910510,default,2026-05-25 05:07:53,
롯데 카스타드,잠원점,구로점,465.0,465.0,165.0,405.0,0.0,1650.0,15.23,15207.0,55134.0,176.0,15207.0,재배치 추천,64.2,검토 가능,191,False,transfer,43560.0,2475.0,0.0,0.835,1.521,5.513,0.0,46028.801,c0910510,default,2026-05-25 05:07:53,
유어스 방울토마토,건대점,신림점,530.0,470.0,180.0,420.0,0.0,3530.0,19.12,18708.0,134213.0,196.0,18708.0,재배치 추천,64.1,검토 가능,192,False,transfer,103782.0,6177.5,0.0,0.913,1.871,13.421,0.0,109945.121,c0910510,default,2026-05-25 05:07:53,
풀무원 얇은피만두,의정부4점,왕십리점,505.0,440.0,105.0,390.0,0.0,3520.0,26.54,25386.0,162808.0,234.0,25386.0,재배치 추천,64.1,검토 가능,193,False,transfer,123552.0,7040.0,0.0,1.841,2.539,16.281,0.0,130575.021,c0910510,default,2026-05-25 05:07:53,
브레디크 골든슈크림빵,왕십리점,군포3점,535.0,485.0,195.0,405.0,0.0,1620.0,30.95,29355.0,79895.0,256.0,29355.0,재배치 추천,64.0,검토 가능,194,False,transfer,62208.0,2754.0,0.0,0.773,2.936,7.989,0.0,64951.848,c0910510,default,2026-05-25 05:07:53,
브레디크 우유생크림빵,마포점,여의도점,329.0,389.0,153.0,273.0,0.0,2390.0,8.09,8781.0,62304.0,136.0,8781.0,재배치 추천,63.9,검토 가능,195,False,transfer,48756.0,2103.2,0.0,0.363,0.878,6.23,0.0,50852.454,c0910510,default,2026-05-25 05:07:53,
유어스 초코브라우니,압구정점,사당점,376.0,376.0,102.0,222.0,0.0,2310.0,10.39,10851.0,64578.0,148.0,10851.0,재배치 추천,63.9,검토 가능,196,False,transfer,51282.0,3164.7,0.0,0.996,1.085,6.458,0.0,54440.153,c0910510,default,2026-05-25 05:07:53,
롯데 카스타드,명동점,구로점,545.0,465.0,285.0,405.0,0.0,1650.0,16.2,16080.0,53817.0,176.0,16080.0,재배치 추천,63.7,검토 가능,197,False,transfer,41649.474,2145.0,0.0,0.382,1.608,5.382,0.0,43787.866,c0910510,default,2026-05-25 05:07:53,
유어스 불고기피자,의정부3점,홍대2점,500.0,525.0,90.0,345.0,0.0,2260.0,28.8,27420.0,105133.0,242.0,27420.0,재배치 추천,63.7,검토 가능,198,False,transfer,82038.0,4633.0,0.0,2.017,2.742,10.513,0.0,86659.762,c0910510,default,2026-05-25 05:07:53,
유어스 컵과일 파인애플,홍대6점,건대5점,377.0,387.0,189.0,279.0,0.0,2490.0,16.6,16440.0,84306.0,177.0,16440.0,재배치 추천,63.6,검토 가능,199,False,transfer,65934.607,2340.6,0.0,0.304,1.644,8.431,0.0,68265.436,c0910510,default,2026-05-25 05:07:53,
브레디크 우유생크림빵,사당점,압구정점,389.0,389.0,153.0,393.0,0.0,2390.0,10.39,10851.0,66343.0,144.0,10851.0,재배치 추천,63.5,검토 가능,200,False,transfer,51624.0,2820.2,956.0,0.776,1.085,6.634,0.0,55393.257,c0910510,default,2026-05-25 05:07:53,
고메 치킨너겟,사당점,명동점,530.0,470.0,120.0,240.0,0.0,5300.0,13.47,13623.0,166870.0,160.0,13623.0,재배치 추천,63.5,검토 가능,201,False,transfer,127200.0,10865.0,0.0,1.229,1.362,16.687,0.0,138048.18,c0910510,default,2026-05-25 05:07:53,
혜자로운 집밥 치킨마요덮밥,신촌3점,건대4점,393.0,388.0,201.0,366.0,0.0,2720.0,15.6,15540.0,91034.0,171.0,15540.0,재배치 추천,63.5,검토 가능,202,False,transfer,68206.03,2611.2,0.0,0.448,1.554,9.103,0.0,70807.02,c0910510,default,2026-05-25 05:07:53,
풀무원 얇은피만두,의정부4점,홍대4점,505.0,480.0,105.0,390.0,0.0,3520.0,27.74,26466.0,162808.0,234.0,26466.0,재배치 추천,63.5,검토 가능,203,False,transfer,123552.0,7040.0,0.0,1.789,2.647,16.281,0.0,130574.862,c0910510,default,2026-05-25 05:07:53,
칠성사이다 제로,신림점,강남2점,540.0,380.0,90.0,330.0,0.0,1250.0,12.5,12750.0,36859.0,154.0,12750.0,재배치 추천,63.4,검토 가능,204,False,transfer,28875.0,2812.5,0.0,2.424,1.275,3.686,0.0,31684.963,c0910510,default,2026-05-25 05:07:53,
매일 상하목장 우유,교대점,혜화점,367.0,367.0,99.0,219.0,0.0,1700.0,12.64,12876.0,47676.0,153.0,12876.0,재배치 추천,63.3,검토 가능,205,False,transfer,39015.0,2278.0,0.0,1.016,1.288,4.768,0.0,41287.96,c0910510,default,2026-05-25 05:07:53,
유어스 스파클링 레몬,합정점,건대점,396.0,396.0,162.0,402.0,0.0,1100.0,19.35,18915.0,39486.0,188.0,18915.0,재배치 추천,63.3,검토 가능,206,False,transfer,31020.0,1287.0,660.0,0.73,1.891,3.949,0.0,32961.89,c0910510,default,2026-05-25 05:07:53,
고메 크리스피핫도그,성수점,잠실점,324.0,384.0,138.0,258.0,0.0,3860.0,6.53,7377.0,91728.0,120.0,7377.0,재배치 추천,63.2,검토 가능,207,False,transfer,69480.0,3589.8,0.0,0.43,0.738,9.173,0.0,73060.319,c0910510,default,2026-05-25 05:07:53,
유어스 샐러드랩,교대점,신촌점,386.0,386.0,132.0,372.0,0.0,2800.0,12.21,12489.0,79176.0,149.0,12489.0,재배치 추천,63.1,검토 가능,208,False,transfer,62580.0,3556.0,0.0,0.943,1.249,7.918,0.0,66127.777,c0910510,default,2026-05-25 05:07:53,
브레디크 소금버터롤,방배점,신촌6점,398.0,373.0,156.0,261.0,0.0,2090.0,15.46,15414.0,66568.0,165.0,15414.0,재배치 추천,63.0,검토 가능,209,False,transfer,51727.5,2528.9,0.0,0.561,1.541,6.657,0.0,54248.763,c0910510,default,2026-05-25 05:07:53,
유어스 매콤닭강정,강남2점,홍대점,391.0,391.0,267.0,387.0,0.0,4080.0,15.98,15882.0,134767.0,168.0,15882.0,재배치 추천,63.0,검토 가능,210,False,transfer,75282.876,2529.6,0.0,0.227,1.588,13.477,0.0,77797.639,c0910510,default,2026-05-25 05:07:53,
서울우유 딸기우유,혜화점,판교4점,535.0,425.0,135.0,345.0,0.0,970.0,30.33,28797.0,45076.0,242.0,28797.0,재배치 추천,63.0,검토 가능,211,False,transfer,35211.0,1940.0,0.0,1.366,2.88,4.508,0.0,37144.978,c0910510,default,2026-05-25 05:07:53,
고메 치킨너겟,사당점,건대점,530.0,410.0,120.0,240.0,0.0,5300.0,14.77,14793.0,166870.0,160.0,14793.0,재배치 추천,62.9,검토 가능,212,False,transfer,127200.0,10865.0,0.0,1.354,1.479,16.687,0.0,138048.188,c0910510,default,2026-05-25 05:07:53,
브레디크 우유생크림빵,사당점,여의도점,389.0,389.0,153.0,273.0,0.0,2390.0,10.44,10896.0,62657.0,136.0,10896.0,재배치 추천,62.8,검토 가능,213,False,transfer,48756.0,2820.2,0.0,0.559,1.09,6.266,0.0,51569.403,c0910510,default,2026-05-25 05:07:53,
고메 치킨너겟,청량리점,성수점,550.0,510.0,360.0,360.0,0.0,5300.0,0.0,20424.0,199359.0,192.0,20424.0,재배치 추천,62.8,검토 가능,214,False,transfer,116600.0,5035.0,0.0,0.056,2.042,19.936,0.0,121613.077,c0910510,default,2026-05-25 05:07:53,
심플리쿡 훈제란,종로점,동대문점,530.0,490.0,120.0,360.0,0.0,1950.0,0.0,20496.0,72101.0,192.0,20496.0,재배치 추천,62.8,검토 가능,215,False,transfer,56160.0,3997.5,0.0,1.528,2.05,7.21,0.0,60149.768,c0910510,default,2026-05-25 05:07:53,
유어스 매콤닭강정,선릉점,홍대점,391.0,391.0,147.0,387.0,0.0,4080.0,16.72,16548.0,133848.0,168.0,16548.0,재배치 추천,62.7,검토 가능,216,False,transfer,102816.0,4977.6,0.0,0.825,1.655,13.385,0.0,107779.385,c0910510,default,2026-05-25 05:07:53,
제주삼다수,왕십리점,이태원점,393.0,373.0,141.0,381.0,0.0,1420.0,6.53,7377.0,29949.0,114.0,7377.0,재배치 추천,62.6,검토 가능,217,False,transfer,24282.0,1789.2,1136.0,0.904,0.738,2.995,0.0,27204.372,c0910510,default,2026-05-25 05:07:53,
유어스 닭가슴살샌드위치,신촌2점,잠원점,334.0,394.0,108.0,228.0,0.0,2710.0,10.99,11391.0,70421.0,137.0,11391.0,재배치 추천,62.6,검토 가능,218,False,transfer,55690.5,3062.3,0.0,0.682,1.139,7.042,0.0,58745.301,c0910510,default,2026-05-25 05:07:53,
혜자로운 집밥 제육볶음도시락,건대2점,사당점,382.0,377.0,144.0,309.0,0.0,2650.0,14.3,14370.0,77830.0,154.0,14370.0,재배치 추천,62.6,검토 가능,219,False,transfer,61215.0,3153.5,0.0,0.716,1.437,7.783,0.0,64359.996,c0910510,default,2026-05-25 05:07:53,
CJ 비비고 왕교자,성수점,신촌5점,382.0,382.0,324.0,264.0,0.0,5400.0,15.18,15162.0,167366.0,158.0,15162.0,재배치 추천,62.5,검토 가능,220,False,transfer,75445.0,1566.0,0.0,0.0,1.516,16.737,0.0,76992.747,c0910510,default,2026-05-25 05:07:53,
심플리쿡 훈제란,여의도점,잠실2점,510.0,390.0,120.0,360.0,0.0,1950.0,21.68,21012.0,71935.0,192.0,21012.0,재배치 추천,62.5,검토 가능,221,False,transfer,56160.0,3802.5,0.0,1.583,2.101,7.194,0.0,59954.789,c0910510,default,2026-05-25 05:07:53,
유어스 스트링치즈,용산점,신림점,366.0,386.0,192.0,192.0,0.0,780.0,7.14,7926.0,16255.0,115.0,7926.0,재배치 추천,62.4,검토 가능,222,False,transfer,12824.297,678.6,0.0,0.0,0.793,1.625,0.0,13500.479,c0910510,default,2026-05-25 05:07:53,
심플리쿡 닭가슴살샐러드,건대5점,홍대6점,381.0,371.0,177.0,447.0,0.0,2450.0,16.6,16440.0,75721.0,164.0,16440.0,재배치 추천,62.4,검토 가능,223,False,transfer,60270.0,2499.0,18620.0,0.661,1.644,7.572,0.0,81380.445,c0910510,default,2026-05-25 05:07:53,
해태 홈런볼,왕십리점,건대점,342.0,382.0,144.0,384.0,0.0,2500.0,0.0,18885.0,85250.0,179.0,18885.0,재배치 추천,62.4,검토 가능,224,False,transfer,67125.0,2475.0,500.0,0.69,1.889,8.525,0.0,70090.277,c0910510,default,2026-05-25 05:07:53,
해태 홈런볼,합정점,건대점,382.0,382.0,144.0,384.0,0.0,2500.0,19.35,18915.0,85559.0,179.0,18915.0,재배치 추천,62.4,검토 가능,225,False,transfer,67125.0,2975.0,500.0,0.829,1.891,8.556,0.0,70590.382,c0910510,default,2026-05-25 05:07:53,
서울우유 딸기우유,신촌5점,판교4점,555.0,425.0,195.0,345.0,0.0,970.0,31.55,29895.0,43020.0,242.0,29895.0,재배치 추천,62.4,검토 가능,226,False,transfer,35211.0,1746.0,0.0,0.807,2.99,4.302,0.0,36950.516,c0910510,default,2026-05-25 05:07:53,
매일 상하목장 우유,동대문점,신촌점,387.0,367.0,99.0,339.0,0.0,1700.0,9.56,10104.0,38747.0,124.0,10104.0,재배치 추천,62.1,검토 가능,227,False,transfer,31620.0,2448.0,0.0,1.413,1.01,3.875,0.0,34064.528,c0910510,default,2026-05-25 05:07:53,
유어스 초코브라우니,종로점,사당점,396.0,376.0,342.0,222.0,0.0,2310.0,14.29,14361.0,67093.0,148.0,14361.0,재배치 추천,62.0,검토 가능,228,False,transfer,29689.579,623.7,0.0,0.0,1.436,6.709,0.0,30305.134,c0910510,default,2026-05-25 05:07:53,
혜자로운 집밥 제육볶음도시락,홍대7점,사당점,382.0,377.0,204.0,309.0,0.0,2650.0,15.49,15441.0,79715.0,154.0,15441.0,재배치 추천,62.0,검토 가능,229,False,transfer,57314.044,2358.5,0.0,0.326,1.544,7.971,0.0,59663.355,c0910510,default,2026-05-25 05:07:53,
유어스 스파클링 레몬,잠실2점,여의도6점,396.0,376.0,282.0,342.0,0.0,1100.0,20.78,20202.0,35291.0,182.0,20202.0,재배치 추천,62.0,검토 가능,230,False,transfer,21084.894,627.0,0.0,0.152,2.02,3.529,0.0,21706.497,c0910510,default,2026-05-25 05:07:53,
제주삼다수,신촌2점,이태원점,353.0,373.0,141.0,381.0,0.0,1420.0,7.92,8628.0,29161.0,114.0,8628.0,재배치 추천,61.9,검토 가능,231,False,transfer,24282.0,1505.2,1136.0,0.762,0.863,2.916,0.0,26920.183,c0910510,default,2026-05-25 05:07:53,
게토레이 레몬,여의도2점,이태원점,387.0,367.0,279.0,279.0,0.0,1190.0,9.29,9861.0,27924.0,121.0,9861.0,재배치 추천,61.9,검토 가능,232,False,transfer,14979.605,642.6,0.0,0.036,0.986,2.792,0.0,15618.462,c0910510,default,2026-05-25 05:07:53,
유어스 블랙보리,노원점,선릉점,364.0,384.0,318.0,318.0,0.0,1150.0,22.72,21948.0,38930.0,191.0,21948.0,재배치 추천,61.9,검토 가능,233,False,transfer,18856.745,264.5,0.0,0.0,2.195,3.893,0.0,19115.157,c0910510,default,2026-05-25 05:07:53,
심플리쿡 훈제란,홍대2점,잠실2점,530.0,390.0,360.0,360.0,0.0,1950.0,22.98,22182.0,70055.0,192.0,22182.0,재배치 추천,61.9,검토 가능,234,False,transfer,41340.0,1657.5,0.0,0.194,2.218,7.005,0.0,42988.471,c0910510,default,2026-05-25 05:07:53,
유어스 방울토마토,여의도2점,신림점,490.0,470.0,180.0,420.0,0.0,3530.0,0.0,22836.0,132858.0,196.0,22836.0,재배치 추천,61.9,검토 가능,235,False,transfer,103782.0,5471.5,0.0,0.802,2.284,13.286,0.0,109238.732,c0910510,default,2026-05-25 05:07:53,
유어스 치즈케이크,홍대점,명동점,378.0,398.0,96.0,216.0,0.0,1330.0,8.35,9015.0,27409.0,115.0,9015.0,재배치 추천,61.8,검토 가능,236,False,transfer,22942.5,1875.3,0.0,1.047,0.901,2.741,0.0,24815.205,c0910510,default,2026-05-25 05:07:53,
유어스 컵과일 파인애플,홍대6점,건대점,377.0,377.0,189.0,369.0,0.0,2490.0,17.0,16800.0,76209.0,160.0,16800.0,재배치 추천,61.8,검토 가능,237,False,transfer,59601.905,2340.6,0.0,0.487,1.68,7.621,0.0,61933.69,c0910510,default,2026-05-25 05:07:53,
혜자로운 집밥 치킨마요덮밥,여의도5점,건대4점,368.0,388.0,126.0,366.0,0.0,2720.0,19.18,18762.0,90448.0,171.0,18762.0,재배치 추천,61.8,검토 가능,238,False,transfer,69768.0,3291.2,0.0,0.93,1.876,9.045,0.0,73049.209,c0910510,default,2026-05-25 05:07:53,
유어스 매콤닭강정,선릉점,건대점,391.0,351.0,147.0,147.0,0.0,4080.0,6.27,7143.0,82061.0,103.0,7143.0,재배치 추천,61.7,검토 가능,239,False,transfer,63036.0,4977.6,0.0,0.136,0.714,8.206,0.0,68004.816,c0910510,default,2026-05-25 05:07:53,
유어스 스트링치즈,방배점,신림점,346.0,386.0,432.0,192.0,0.0,780.0,8.51,9159.0,14931.0,115.0,9159.0,재배치 추천,61.7,검토 가능,240,False,transfer,5388.229,0.0,0.0,0.0,0.916,1.493,0.0,5385.82,c0910510,default,2026-05-25 05:07:53,
혜자로운 집밥 치킨마요덮밥,신촌3점,선릉점,393.0,373.0,201.0,201.0,0.0,2720.0,13.63,13767.0,75063.0,141.0,13767.0,재배치 추천,61.7,검토 가능,241,False,transfer,56240.06,2611.2,0.0,0.05,1.377,7.506,0.0,58842.426,c0910510,default,2026-05-25 05:07:53,
유어스 과일컵,홍대7점,사당점,388.0,383.0,306.0,411.0,0.0,3260.0,15.49,15441.0,96112.0,151.0,15441.0,재배치 추천,61.7,검토 가능,242,False,transfer,46812.961,1336.6,9128.0,0.168,1.544,9.611,0.0,57266.574,c0910510,default,2026-05-25 05:07:53,
브레디크 골든단팥빵,평촌4점,여의도5점,393.0,393.0,321.0,261.0,0.0,1360.0,18.18,17862.0,40298.0,165.0,17862.0,재배치 추천,61.7,검토 가능,243,False,transfer,20604.953,489.6,0.0,0.0,1.786,4.03,0.0,21088.737,c0910510,default,2026-05-25 05:07:53,
브레디크 소금버터롤,방배점,분당3점,398.0,398.0,156.0,276.0,0.0,2090.0,21.72,21048.0,74233.0,184.0,21048.0,재배치 추천,61.7,검토 가능,244,False,transfer,57684.0,2528.9,0.0,0.555,2.105,7.423,0.0,60203.927,c0910510,default,2026-05-25 05:07:53,
유어스 초코브라우니,압구정점,교대점,376.0,336.0,102.0,222.0,0.0,2310.0,6.56,7404.0,45379.0,104.0,7404.0,재배치 추천,61.6,검토 가능,245,False,transfer,36036.0,3164.7,0.0,1.086,0.74,4.538,0.0,39196.508,c0910510,default,2026-05-25 05:07:53,
포카리스웨트,용산점,강남점,379.0,399.0,123.0,363.0,0.0,1480.0,7.65,8385.0,30984.0,109.0,8385.0,재배치 추천,61.6,검토 가능,246,False,transfer,24198.0,1894.4,0.0,0.991,0.839,3.098,0.0,26089.454,c0910510,default,2026-05-25 05:07:53,
브레디크 우유생크림빵,동대문점,여의도점,369.0,389.0,153.0,273.0,0.0,2390.0,12.8,13020.0,62539.0,136.0,13020.0,재배치 추천,61.6,검토 가능,247,False,transfer,48756.0,2581.2,0.0,0.493,1.302,6.254,0.0,51330.138,c0910510,default,2026-05-25 05:07:53,
유어스 불고기피자,판교6점,화성6점,555.0,475.0,135.0,435.0,0.0,2260.0,45.27,42243.0,134531.0,304.0,42243.0,재배치 추천,61.5,검토 가능,248,False,transfer,103056.0,4746.0,0.0,1.51,4.224,13.453,0.0,107785.832,c0910510,default,2026-05-25 05:07:53,
유어스 샐러드랩,마포점,홍대점,366.0,346.0,132.0,132.0,0.0,2800.0,3.9,5010.0,48587.0,88.0,5010.0,재배치 추천,61.4,검토 가능,249,False,transfer,36960.0,3276.0,0.0,0.076,0.501,4.859,0.0,40230.716,c0910510,default,2026-05-25 05:07:53,
카페25 아이스아메리카노,왕십리점,남양주3점,388.0,393.0,126.0,381.0,0.0,1210.0,23.47,22623.0,44267.0,190.0,22623.0,재배치 추천,61.4,검토 가능,250,False,transfer,34485.0,1585.1,0.0,1.024,2.262,4.427,0.0,36064.435,c0910510,default,2026-05-25 05:07:53,
포카리스웨트,용산점,방배점,379.0,359.0,123.0,363.0,0.0,1480.0,8.14,8826.0,30984.0,109.0,8826.0,재배치 추천,61.3,검토 가능,251,False,transfer,24198.0,1894.4,592.0,1.046,0.883,3.098,0.0,26681.465,c0910510,default,2026-05-25 05:07:53,
유어스 직화불고기컵밥,잠실점,방배점,372.0,372.0,414.0,294.0,0.0,2260.0,13.53,13677.0,60595.0,137.0,13677.0,재배치 추천,61.3,검토 가능,252,False,transfer,20865.696,0.0,0.0,0.0,1.368,6.059,0.0,20858.268,c0910510,default,2026-05-25 05:07:53,
유어스 직화불고기컵밥,종로점,방배점,352.0,372.0,174.0,294.0,0.0,2260.0,13.59,13731.0,58267.0,137.0,13731.0,재배치 추천,61.3,검토 가능,253,False,transfer,46443.0,2011.4,0.0,0.379,1.373,5.827,0.0,48447.579,c0910510,default,2026-05-25 05:07:53,
유어스 과일컵,홍대7점,건대2점,388.0,388.0,306.0,246.0,0.0,3260.0,15.77,15693.0,94203.0,148.0,15693.0,재배치 추천,61.3,검토 가능,254,False,transfer,45882.902,1336.6,0.0,0.0,1.569,9.42,0.0,47208.512,c0910510,default,2026-05-25 05:07:53,
포카리스웨트,신림점,방배점,399.0,359.0,123.0,363.0,0.0,1480.0,8.51,9159.0,31078.0,109.0,9159.0,재배치 추천,61.2,검토 가능,255,False,transfer,24198.0,2042.4,592.0,1.127,0.916,3.108,0.0,26829.504,c0910510,default,2026-05-25 05:07:53,
고메 치킨너겟,종로점,명동점,550.0,470.0,240.0,240.0,0.0,5300.0,0.0,17886.0,165257.0,160.0,17886.0,재배치 추천,61.2,검토 가능,256,False,transfer,127200.0,8215.0,0.0,0.167,1.789,16.526,0.0,135396.852,c0910510,default,2026-05-25 05:07:53,
오뚜기 컵피자,여의도2점,구로점,368.0,388.0,246.0,366.0,0.0,4850.0,6.57,7413.0,92257.0,98.0,7413.0,재배치 추천,61.1,검토 가능,257,False,transfer,53326.341,2958.5,0.0,0.218,0.741,9.226,0.0,56275.092,c0910510,default,2026-05-25 05:07:53,
칠성사이다 제로,문래점,강남2점,520.0,380.0,210.0,330.0,0.0,1250.0,17.32,17088.0,34242.0,154.0,17088.0,재배치 추천,61.1,검토 가능,258,False,transfer,28875.0,1937.5,0.0,0.662,1.709,3.424,0.0,30808.029,c0910510,default,2026-05-25 05:07:53,
유어스 직화불고기컵밥,문래점,방배점,392.0,372.0,174.0,294.0,0.0,2260.0,14.3,14370.0,58503.0,137.0,14370.0,재배치 추천,61.0,검토 가능,259,False,transfer,46443.0,2463.4,0.0,0.494,1.437,5.85,0.0,48899.606,c0910510,default,2026-05-25 05:07:53,
브레디크 초코크림빵,선릉점,과천3점,392.0,397.0,234.0,249.0,0.0,2070.0,15.0,15000.0,56945.0,141.0,15000.0,재배치 추천,61.0,검토 가능,260,False,transfer,36670.846,1635.3,0.0,0.04,1.5,5.694,0.0,38298.992,c0910510,default,2026-05-25 05:07:53,
카페25 아이스카페라떼,성남4점,안양3점,392.0,382.0,174.0,444.0,0.0,1370.0,22.06,21354.0,43866.0,178.0,21354.0,재배치 추천,61.0,검토 가능,261,False,transfer,36579.0,1493.3,8494.0,0.696,2.135,4.387,0.0,46560.474,c0910510,default,2026-05-25 05:07:53,
해태 홈런볼,왕십리점,잠원점,342.0,362.0,144.0,264.0,0.0,2500.0,8.41,9069.0,50483.0,106.0,9069.0,재배치 추천,60.9,검토 가능,262,False,transfer,39750.0,2475.0,0.0,0.502,0.907,5.048,0.0,42219.547,c0910510,default,2026-05-25 05:07:53,
카페25 헤이즐넛라떼,교대점,여의도4점,381.0,381.0,117.0,417.0,0.0,1510.0,12.09,12381.0,35708.0,125.0,12381.0,재배치 추천,60.9,검토 가능,263,False,transfer,28312.5,1993.2,5436.0,1.171,1.238,3.571,0.0,35738.062,c0910510,default,2026-05-25 05:07:53,
매일 상하목장 우유,교대점,신촌점,367.0,367.0,99.0,339.0,0.0,1700.0,12.21,12489.0,38639.0,124.0,12489.0,재배치 추천,60.8,검토 가능,264,False,transfer,31620.0,2278.0,0.0,1.312,1.249,3.864,0.0,33894.199,c0910510,default,2026-05-25 05:07:53,
유어스 마카롱,신촌2점,방배점,398.0,378.0,396.0,396.0,0.0,1070.0,13.59,13731.0,25262.0,132.0,13731.0,재배치 추천,60.8,검토 가능,265,False,transfer,10646.5,10.7,1926.0,0.025,1.373,2.526,0.0,12579.326,c0910510,default,2026-05-25 05:07:53,
유어스 불고기피자,판교6점,홍대2점,555.0,525.0,135.0,345.0,0.0,2260.0,34.68,32712.0,107094.0,242.0,32712.0,재배치 추천,60.8,검토 가능,266,False,transfer,82038.0,4746.0,0.0,1.295,3.271,10.709,0.0,86771.314,c0910510,default,2026-05-25 05:07:53,
유어스 초코브라우니,종로점,여의도점,396.0,376.0,342.0,342.0,0.0,2310.0,10.47,10923.0,51679.0,114.0,10923.0,재배치 추천,60.7,검토 가능,267,False,transfer,22869.0,623.7,0.0,0.029,1.092,5.168,0.0,23486.469,c0910510,default,2026-05-25 05:07:53,
혜자로운 집밥 치킨마요덮밥,여의도5점,선릉점,368.0,373.0,126.0,201.0,0.0,2720.0,15.63,15567.0,74580.0,141.0,15567.0,재배치 추천,60.7,검토 가능,268,False,transfer,57528.0,3291.2,0.0,0.532,1.557,7.458,0.0,60810.718,c0910510,default,2026-05-25 05:07:53,
제주삼다수,신촌2점,신림점,353.0,373.0,141.0,261.0,0.0,1420.0,10.35,10815.0,28905.0,113.0,10815.0,재배치 추천,60.6,검토 가능,269,False,transfer,24069.0,1505.2,0.0,0.537,1.081,2.89,0.0,25570.765,c0910510,default,2026-05-25 05:07:53,
유어스 치즈케이크,마포점,명동점,398.0,398.0,96.0,216.0,0.0,1330.0,10.85,11265.0,27508.0,115.0,11265.0,재배치 추천,60.6,검토 가능,270,False,transfer,22942.5,2008.3,0.0,1.152,1.127,2.751,0.0,24948.074,c0910510,default,2026-05-25 05:07:53,
유어스 초코브라우니,청량리점,사당점,396.0,376.0,102.0,222.0,0.0,2310.0,17.07,16863.0,64706.0,148.0,16863.0,재배치 추천,60.6,검토 가능,271,False,transfer,51282.0,3395.7,0.0,1.094,1.686,6.471,0.0,54670.637,c0910510,default,2026-05-25 05:07:53,
심플리쿡 닭가슴살샐러드,건대5점,건대점,381.0,371.0,177.0,267.0,0.0,2450.0,0.0,17382.0,69719.0,151.0,17382.0,재배치 추천,60.6,검토 가능,272,False,transfer,55492.5,2499.0,0.0,0.382,1.738,6.972,0.0,57983.171,c0910510,default,2026-05-25 05:07:53,
롯데 카스타드,잠원점,강남2점,465.0,525.0,165.0,405.0,0.0,1650.0,0.0,21846.0,55134.0,176.0,21846.0,재배치 추천,60.6,검토 가능,273,False,transfer,43560.0,2475.0,0.0,0.761,2.185,5.513,0.0,46028.063,c0910510,default,2026-05-25 05:07:53,
유어스 치즈케이크,선릉점,명동점,378.0,398.0,216.0,216.0,0.0,1330.0,10.93,11337.0,28038.0,115.0,11337.0,재배치 추천,60.5,검토 가능,274,False,transfer,20074.688,1077.3,0.0,0.0,1.134,2.804,0.0,21148.05,c0910510,default,2026-05-25 05:07:53,
유어스 마카롱,문래점,방배점,398.0,378.0,276.0,396.0,0.0,1070.0,14.3,14370.0,24539.0,132.0,14370.0,재배치 추천,60.5,검토 가능,275,False,transfer,15275.413,652.7,1926.0,0.244,1.437,2.454,0.0,17850.466,c0910510,default,2026-05-25 05:07:53,
유어스 닭가슴살샌드위치,구로점,잠원점,394.0,394.0,108.0,228.0,0.0,2710.0,15.23,15207.0,71487.0,137.0,15207.0,재배치 추천,60.5,검토 가능,276,False,transfer,55690.5,3875.3,0.0,0.96,1.521,7.149,0.0,59558.091,c0910510,default,2026-05-25 05:07:53,
브레디크 초코크림빵,선릉점,홍대6점,392.0,352.0,234.0,414.0,0.0,2070.0,15.34,15306.0,55733.0,138.0,15306.0,재배치 추천,60.5,검토 가능,277,False,transfer,35890.615,1635.3,12834.0,0.412,1.531,5.573,0.0,50353.224,c0910510,default,2026-05-25 05:07:53,
브레디크 초코크림빵,홍대점,홍대6점,392.0,352.0,114.0,414.0,0.0,2070.0,0.0,15402.0,54978.0,138.0,15402.0,재배치 추천,60.5,검토 가능,278,False,transfer,42849.0,2877.3,12834.0,1.294,1.54,5.498,0.0,58554.556,c0910510,default,2026-05-25 05:07:53,
유어스 매콤닭강정,강남2점,건대점,391.0,351.0,267.0,147.0,0.0,4080.0,8.96,9564.0,82625.0,103.0,9564.0,재배치 추천,60.4,검토 가능,279,False,transfer,46155.573,2529.6,0.0,0.0,0.956,8.262,0.0,48675.954,c0910510,default,2026-05-25 05:07:53,
CJ 비비고 왕교자,성수점,건대3점,382.0,352.0,324.0,294.0,0.0,5400.0,0.0,15393.0,145121.0,137.0,15393.0,재배치 추천,60.4,검토 가능,280,False,transfer,65417.5,1566.0,0.0,0.0,1.539,14.512,0.0,66967.449,c0910510,default,2026-05-25 05:07:53,
서울우유 흰우유,방배점,신촌6점,379.0,354.0,123.0,228.0,0.0,1090.0,15.46,15414.0,27902.0,137.0,15414.0,재배치 추천,60.4,검토 가능,281,False,transfer,22399.5,1395.2,0.0,0.764,1.541,2.79,0.0,23791.133,c0910510,default,2026-05-25 05:07:53,
비비고 김치왕교자,명동점,홍대점,379.0,359.0,183.0,423.0,0.0,3520.0,8.35,9015.0,67607.0,99.0,9015.0,재배치 추천,60.3,검토 가능,282,False,transfer,52272.0,3449.6,22528.0,0.611,0.901,6.761,0.0,78242.549,c0910510,default,2026-05-25 05:07:53,
유어스 스트링치즈,강남점,신림점,386.0,386.0,432.0,192.0,0.0,780.0,11.49,11841.0,15726.0,115.0,11841.0,재배치 추천,60.3,검토 가능,283,False,transfer,6011.146,0.0,0.0,0.0,1.184,1.573,0.0,6008.389,c0910510,default,2026-05-25 05:07:53,
유어스 마카롱,홍대2점,방배점,358.0,378.0,156.0,396.0,0.0,1070.0,14.96,14964.0,25756.0,132.0,14964.0,재배치 추천,60.2,검토 가능,284,False,transfer,21186.0,1080.7,1926.0,0.67,1.496,2.576,0.0,24189.298,c0910510,default,2026-05-25 05:07:53,
브레디크 초코크림빵,여의도5점,과천3점,387.0,397.0,159.0,249.0,0.0,2070.0,16.55,16395.0,56218.0,141.0,16395.0,재배치 추천,60.2,검토 가능,285,False,transfer,43780.5,2359.8,0.0,0.42,1.639,5.622,0.0,46133.458,c0910510,default,2026-05-25 05:07:53,
브레디크 우유생크림빵,마포점,압구정점,329.0,389.0,153.0,393.0,0.0,2390.0,17.24,17016.0,65969.0,144.0,17016.0,재배치 추천,60.2,검토 가능,286,False,transfer,51624.0,2103.2,956.0,0.58,1.702,6.597,0.0,54675.482,c0910510,default,2026-05-25 05:07:53,
매일 소화가잘되는우유,의정부4점,신촌7점,364.0,384.0,138.0,378.0,0.0,1610.0,28.26,26934.0,63334.0,202.0,26934.0,재배치 추천,60.2,검토 가능,287,False,transfer,48783.0,1819.3,0.0,0.811,2.693,6.333,0.0,50594.084,c0910510,default,2026-05-25 05:07:53,
혜자로운 집밥 치킨마요덮밥,판교5점,건대4점,398.0,388.0,96.0,366.0,0.0,2720.0,22.52,21768.0,91248.0,171.0,21768.0,재배치 추천,60.1,검토 가능,288,False,transfer,69768.0,4107.2,0.0,1.543,2.177,9.125,0.0,73865.441,c0910510,default,2026-05-25 05:07:53,
유어스 마카롱,문래점,여의도점,398.0,338.0,276.0,276.0,0.0,1070.0,4.12,5208.0,13757.0,74.0,5208.0,재배치 추천,60.0,검토 가능,289,False,transfer,8563.489,652.7,0.0,0.109,0.521,1.376,0.0,9214.401,c0910510,default,2026-05-25 05:07:53,
게토레이 레몬,용산점,신림점,347.0,367.0,159.0,159.0,0.0,1190.0,7.14,7926.0,20122.0,90.0,7926.0,재배치 추천,60.0,검토 가능,290,False,transfer,16065.0,1118.6,0.0,0.0,0.793,2.012,0.0,17180.795,c0910510,default,2026-05-25 05:07:53,
포카리스웨트,신림점,목동점,399.0,359.0,123.0,243.0,0.0,1480.0,10.07,10563.0,29938.0,105.0,10563.0,재배치 추천,60.0,검토 가능,291,False,transfer,23310.0,2042.4,0.0,0.883,1.056,2.994,0.0,25349.233,c0910510,default,2026-05-25 05:07:53,
고메 치즈함박스테이크,이태원점,방배점,374.0,334.0,108.0,228.0,0.0,4040.0,7.69,8421.0,71375.0,91.0,8421.0,재배치 추천,59.9,검토 가능,292,False,transfer,55146.0,5373.2,0.0,0.999,0.842,7.138,0.0,60512.219,c0910510,default,2026-05-25 05:07:53,
유어스 닭가슴살샌드위치,신촌2점,이태원점,334.0,354.0,108.0,348.0,0.0,2710.0,7.92,8628.0,47804.0,93.0,8628.0,재배치 추천,59.9,검토 가능,293,False,transfer,37804.5,3062.3,0.0,1.038,0.863,4.78,0.0,40862.194,c0910510,default,2026-05-25 05:07:53,
유어스 매콤닭강정,노원점,홍대점,371.0,391.0,147.0,387.0,0.0,4080.0,22.3,21570.0,133702.0,168.0,21570.0,재배치 추천,59.9,검토 가능,294,False,transfer,102816.0,4569.6,0.0,0.757,2.157,13.37,0.0,107370.83,c0910510,default,2026-05-25 05:07:53,
유어스 스트링치즈,방배점,목동점,346.0,346.0,432.0,312.0,0.0,780.0,18.16,17844.0,10776.0,83.0,10776.0,프로모션 추천,59.8,검토 가능,295,False,promotion,3888.896,0.0,0.0,0.0,1.784,1.078,0.0,3886.034,c0910510,default,2026-05-25 05:07:53,
카페25 아이스카페라떼,안양5점,신림점,397.0,387.0,429.0,279.0,0.0,1370.0,13.56,13704.0,29971.0,121.0,13704.0,재배치 추천,59.8,검토 가능,296,False,transfer,11505.365,0.0,0.0,0.0,1.37,2.997,0.0,11500.998,c0910510,default,2026-05-25 05:07:53,
서울우유 흰우유,방배점,군포3점,379.0,389.0,123.0,333.0,0.0,1090.0,18.08,17772.0,29328.0,144.0,17772.0,재배치 추천,59.8,검토 가능,297,False,transfer,23544.0,1395.2,0.0,0.957,1.777,2.933,0.0,24935.447,c0910510,default,2026-05-25 05:07:53,
비비고 김치왕교자,노원점,교대점,339.0,399.0,183.0,423.0,0.0,3520.0,25.44,24396.0,124654.0,183.0,24396.0,재배치 추천,59.8,검토 가능,298,False,transfer,89496.0,2745.6,8448.0,0.455,2.44,12.465,0.0,100675.15,c0910510,default,2026-05-25 05:07:53,
오뚜기 컵피자,여의도2점,이태원점,368.0,348.0,246.0,246.0,0.0,4850.0,9.29,9861.0,92257.0,98.0,9861.0,재배치 추천,59.7,검토 가능,299,False,transfer,53326.341,2958.5,0.0,0.041,0.986,9.226,0.0,56274.67,c0910510,default,2026-05-25 05:07:53,
포카리스웨트,신림점,강남점,399.0,399.0,123.0,363.0,0.0,1480.0,11.49,11841.0,31078.0,109.0,11841.0,재배치 추천,59.7,검토 가능,300,False,transfer,24198.0,2042.4,0.0,1.072,1.184,3.108,0.0,26237.18,c0910510,default,2026-05-25 05:07:53,
고메 크리스피핫도그,방배점,잠실점,384.0,384.0,138.0,258.0,0.0,3860.0,13.53,13677.0,89447.0,120.0,13677.0,재배치 추천,59.7,검토 가능,301,False,transfer,69480.0,4747.8,0.0,0.647,1.368,8.945,0.0,74218.135,c0910510,default,2026-05-25 05:07:53,
심플리쿡 리코타치즈샐러드,홍대2점,사당점,384.0,364.0,378.0,378.0,0.0,3460.0,14.84,14856.0,85545.0,126.0,14856.0,재배치 추천,59.7,검토 가능,302,False,transfer,33216.0,103.8,4844.0,0.026,1.486,8.555,0.0,38153.786,c0910510,default,2026-05-25 05:07:53,
유어스 스트링치즈,용산점,이태원점,366.0,386.0,192.0,312.0,0.0,780.0,0.0,18219.0,20637.0,146.0,18219.0,재배치 추천,59.7,검토 가능,303,False,transfer,16281.281,678.6,0.0,0.335,1.822,2.064,0.0,16956.33,c0910510,default,2026-05-25 05:07:53,
서울우유 초코우유,잠실6점,여의도4점,384.0,394.0,318.0,348.0,0.0,1590.0,21.62,20958.0,50075.0,162.0,20958.0,재배치 추천,59.7,검토 가능,304,False,transfer,23328.0,524.7,0.0,0.038,2.096,5.008,0.0,23845.634,c0910510,default,2026-05-25 05:07:53,
유어스 과일컵,홍대7점,잠실3점,388.0,368.0,306.0,426.0,0.0,3260.0,23.25,22425.0,108206.0,170.0,22425.0,재배치 추천,59.7,검토 가능,305,False,transfer,52703.333,1336.6,18908.0,0.202,2.243,10.821,0.0,72935.072,c0910510,default,2026-05-25 05:07:53,
매일 상하목장 우유,성수점,신촌점,387.0,367.0,339.0,339.0,0.0,1700.0,14.53,14577.0,40746.0,124.0,14577.0,재배치 추천,59.6,검토 가능,306,False,transfer,18048.584,408.0,0.0,0.029,1.458,4.075,0.0,18451.081,c0910510,default,2026-05-25 05:07:53,
유어스 스트링치즈,강남점,이태원점,386.0,386.0,432.0,312.0,0.0,780.0,0.0,18444.0,19965.0,146.0,18444.0,재배치 추천,59.6,검토 가능,307,False,transfer,7631.542,0.0,0.0,0.0,1.844,1.996,0.0,7627.701,c0910510,default,2026-05-25 05:07:53,
유어스 마카롱,홍대2점,여의도점,358.0,338.0,156.0,276.0,0.0,1070.0,5.16,6144.0,14439.0,74.0,6144.0,재배치 추천,59.5,검토 가능,308,False,transfer,11877.0,1080.7,0.0,0.535,0.614,1.444,0.0,12956.177,c0910510,default,2026-05-25 05:07:53,
고메 치즈함박스테이크,왕십리점,강남점,394.0,374.0,228.0,228.0,0.0,4040.0,8.41,9069.0,72424.0,91.0,9069.0,재배치 추천,59.5,검토 가능,309,False,transfer,47648.079,3353.2,0.0,0.044,0.907,7.242,0.0,50993.174,c0910510,default,2026-05-25 05:07:53,
유어스 스트링치즈,강남점,목동점,386.0,346.0,432.0,312.0,0.0,780.0,19.85,19365.0,11350.0,83.0,11350.0,프로모션 추천,59.5,검토 가능,310,False,promotion,4338.479,0.0,0.0,0.0,1.937,1.135,0.0,4335.408,c0910510,default,2026-05-25 05:07:53,
유어스 닭가슴살샌드위치,상암점,잠원점,374.0,394.0,228.0,228.0,0.0,2710.0,17.3,17070.0,72118.0,137.0,17070.0,재배치 추천,59.5,검토 가능,311,False,transfer,45675.98,1978.3,0.0,0.0,1.707,7.212,0.0,47645.361,c0910510,default,2026-05-25 05:07:53,
롯데 카스타드,노원점,강남2점,505.0,525.0,285.0,405.0,0.0,1650.0,24.81,23829.0,53511.0,176.0,23829.0,재배치 추천,59.5,검토 가능,312,False,transfer,38592.632,1815.0,0.0,0.238,2.383,5.351,0.0,40400.135,c0910510,default,2026-05-25 05:07:53,
유어스 불고기피자,목동점,화성6점,545.0,475.0,105.0,435.0,0.0,2260.0,49.4,45960.0,130438.0,304.0,45960.0,재배치 추천,59.5,검토 가능,313,False,transfer,103056.0,4972.0,0.0,2.049,4.596,13.044,0.0,108012.409,c0910510,default,2026-05-25 05:07:53,
유어스 초코브라우니,압구정점,여의도점,376.0,376.0,102.0,342.0,0.0,2310.0,12.96,13164.0,49742.0,114.0,13164.0,재배치 추천,59.4,검토 가능,314,False,transfer,39501.0,3164.7,0.0,1.293,1.316,4.974,0.0,42660.703,c0910510,default,2026-05-25 05:07:53,
게토레이 레몬,상암점,이태원점,387.0,367.0,159.0,279.0,0.0,1190.0,14.43,14487.0,27262.0,121.0,14487.0,재배치 추천,59.4,검토 가능,315,False,transfer,21598.5,1356.6,0.0,0.559,1.449,2.726,0.0,22951.484,c0910510,default,2026-05-25 05:07:53,
오리온 초코파이,홍대점,건대점,397.0,357.0,129.0,249.0,0.0,1780.0,18.15,17835.0,46264.0,141.0,17835.0,재배치 추천,59.4,검토 가능,316,False,transfer,37647.0,2385.2,0.0,0.822,1.784,4.626,0.0,40026.612,c0910510,default,2026-05-25 05:07:53,
유어스 마카롱,신촌2점,여의도점,398.0,338.0,396.0,276.0,0.0,1070.0,5.6,6540.0,14162.0,74.0,6540.0,재배치 추천,59.3,검토 가능,317,False,transfer,5968.492,10.7,0.0,0.0,0.654,1.416,0.0,5977.122,c0910510,default,2026-05-25 05:07:53,
비비고 김치왕교자,혜화점,홍대점,399.0,359.0,183.0,423.0,0.0,3520.0,10.36,10824.0,67692.0,99.0,10824.0,재배치 추천,59.3,검토 가능,318,False,transfer,52272.0,3801.6,22528.0,0.666,1.082,6.769,0.0,78594.414,c0910510,default,2026-05-25 05:07:53,
유어스 스트링치즈,용산점,목동점,366.0,346.0,192.0,312.0,0.0,780.0,12.67,12903.0,11732.0,83.0,11732.0,프로모션 추천,59.3,검토 가능,319,False,promotion,9255.797,678.6,0.0,0.399,1.29,1.173,0.0,9932.332,c0910510,default,2026-05-25 05:07:53,
유어스 초코브라우니,종로점,교대점,396.0,336.0,342.0,222.0,0.0,2310.0,11.5,11850.0,47146.0,104.0,11850.0,재배치 추천,59.2,검토 가능,320,False,transfer,20862.947,623.7,0.0,0.0,1.185,4.715,0.0,21480.748,c0910510,default,2026-05-25 05:07:53,
해태 홈런볼,잠실2점,잠원점,382.0,362.0,264.0,264.0,0.0,2500.0,11.87,12183.0,51246.0,106.0,12183.0,재배치 추천,59.2,검토 가능,321,False,transfer,28758.523,1475.0,0.0,0.038,1.218,5.125,0.0,30227.218,c0910510,default,2026-05-25 05:07:53,
오리온 초코파이,잠실2점,역삼점,357.0,377.0,129.0,369.0,0.0,1780.0,8.28,8952.0,29481.0,86.0,8952.0,재배치 추천,59.1,검토 가능,322,False,transfer,22962.0,2029.2,0.0,0.873,0.895,2.948,0.0,24988.23,c0910510,default,2026-05-25 05:07:53,
제주삼다수,상암점,신림점,393.0,373.0,261.0,261.0,0.0,1420.0,13.56,13704.0,30305.0,113.0,13704.0,재배치 추천,59.1,검토 가능,323,False,transfer,18120.914,937.2,0.0,0.038,1.37,3.03,0.0,19053.751,c0910510,default,2026-05-25 05:07:53,
CJ 비비고 왕교자,잠실3점,신촌5점,387.0,382.0,99.0,264.0,0.0,5400.0,22.13,21417.0,169294.0,158.0,21417.0,재배치 추천,59.1,검토 가능,324,False,transfer,127980.0,7776.0,0.0,1.231,2.142,16.929,0.0,135738.16,c0910510,default,2026-05-25 05:07:53,
고메 치킨너겟,청량리점,건대점,550.0,410.0,360.0,240.0,0.0,5300.0,0.0,21729.0,166132.0,160.0,21729.0,재배치 추천,59.1,검토 가능,325,False,transfer,97166.667,5035.0,0.0,0.0,2.173,16.613,0.0,102182.881,c0910510,default,2026-05-25 05:07:53,
유어스 방울토마토,노원점,신림점,550.0,470.0,180.0,420.0,0.0,3530.0,29.35,27915.0,134382.0,196.0,27915.0,재배치 추천,59.1,검토 가능,326,False,transfer,103782.0,6530.5,0.0,0.968,2.792,13.438,0.0,110297.239,c0910510,default,2026-05-25 05:07:53,
혜자로운 집밥 치킨마요덮밥,판교5점,선릉점,398.0,373.0,96.0,201.0,0.0,2720.0,19.19,18771.0,75240.0,141.0,18771.0,재배치 추천,58.9,검토 가능,327,False,transfer,57528.0,4107.2,0.0,1.145,1.877,7.524,0.0,61626.944,c0910510,default,2026-05-25 05:07:53,
서울우유 흰우유,방배점,분당3점,379.0,379.0,123.0,243.0,0.0,1090.0,21.72,21048.0,31364.0,154.0,21048.0,재배치 추천,58.9,검토 가능,328,False,transfer,25179.0,1395.2,0.0,0.761,2.105,3.136,0.0,26569.72,c0910510,default,2026-05-25 05:07:53,
유어스 직화불고기컵밥,종로점,압구정점,352.0,332.0,174.0,294.0,0.0,2260.0,7.42,8178.0,33174.0,78.0,8178.0,재배치 추천,58.8,검토 가능,329,False,transfer,26442.0,2011.4,0.0,0.447,0.818,3.317,0.0,28449.712,c0910510,default,2026-05-25 05:07:53,
브레디크 골든단팥빵,홍대점,건대점,398.0,358.0,216.0,336.0,0.0,1360.0,18.15,17835.0,33937.0,134.0,17835.0,재배치 추천,58.8,검토 가능,330,False,transfer,25184.556,1237.6,0.0,0.389,1.784,3.394,0.0,26417.367,c0910510,default,2026-05-25 05:07:53,
상하목장 유기농요구르트,노원점,용산점,480.0,380.0,150.0,390.0,0.0,2170.0,22.36,21624.0,64177.0,156.0,21624.0,재배치 추천,58.8,검토 가능,331,False,transfer,50778.0,3580.5,2170.0,1.113,2.162,6.418,0.0,56521.033,c0910510,default,2026-05-25 05:07:53,
서울우유 딸기우유,화성6점,판교4점,545.0,425.0,105.0,345.0,0.0,970.0,45.61,42549.0,40145.0,242.0,40145.0,프로모션 추천,58.8,검토 가능,332,False,promotion,35211.0,2134.0,0.0,1.979,4.255,4.014,0.0,37338.71,c0910510,default,2026-05-25 05:07:53,
서울우유 딸기우유,화성6점,건대5점,545.0,465.0,105.0,405.0,0.0,970.0,57.76,53484.0,42467.0,256.0,42467.0,프로모션 추천,58.8,검토 가능,333,False,promotion,37248.0,2134.0,0.0,2.021,5.348,4.247,0.0,39374.426,c0910510,default,2026-05-25 05:07:53,
고메 치즈함박스테이크,이태원점,신림점,374.0,374.0,108.0,348.0,0.0,4040.0,10.38,10842.0,72944.0,93.0,10842.0,재배치 추천,58.7,검토 가능,334,False,transfer,56358.0,5373.2,0.0,1.194,1.084,7.294,0.0,61724.016,c0910510,default,2026-05-25 05:07:53,
포카리스웨트,용산점,목동점,379.0,359.0,123.0,243.0,0.0,1480.0,12.67,12903.0,29847.0,105.0,12903.0,재배치 추천,58.7,검토 가능,335,False,transfer,23310.0,1894.4,0.0,0.802,1.29,2.985,0.0,25200.927,c0910510,default,2026-05-25 05:07:53,
제주삼다수,상암점,이태원점,393.0,373.0,261.0,381.0,0.0,1420.0,14.43,14487.0,30573.0,114.0,14487.0,재배치 추천,58.7,검토 가능,336,False,transfer,18281.276,937.2,1136.0,0.263,1.449,3.057,0.0,20350.233,c0910510,default,2026-05-25 05:07:53,
카페25 아이스아메리카노,성남4점,안양3점,373.0,363.0,141.0,411.0,0.0,1210.0,22.06,21354.0,32414.0,151.0,21354.0,재배치 추천,58.5,검토 가능,337,False,transfer,27406.5,1403.6,5808.0,0.881,2.135,3.241,0.0,34613.604,c0910510,default,2026-05-25 05:07:53,
유어스 직화불고기컵밥,문래점,신촌2점,392.0,392.0,174.0,294.0,0.0,2260.0,8.13,8817.0,33308.0,78.0,8817.0,재배치 추천,58.4,검토 가능,338,False,transfer,26442.0,2463.4,0.0,0.46,0.882,3.331,0.0,28901.647,c0910510,default,2026-05-25 05:07:53,
고메 크리스피핫도그,방배점,압구정점,384.0,344.0,138.0,138.0,0.0,3860.0,9.16,9744.0,61868.0,83.0,9744.0,재배치 추천,58.4,검토 가능,339,False,transfer,48057.0,4747.8,0.0,0.145,0.974,6.187,0.0,52797.784,c0910510,default,2026-05-25 05:07:53,
오뚜기 컵피자,상암점,구로점,368.0,388.0,126.0,366.0,0.0,4850.0,12.0,12300.0,93838.0,98.0,12300.0,재배치 추천,58.4,검토 가능,340,False,transfer,71295.0,5868.5,0.0,0.93,1.23,9.384,0.0,77153.816,c0910510,default,2026-05-25 05:07:53,
심플리쿡 리코타치즈샐러드,홍대2점,건대2점,384.0,369.0,378.0,213.0,0.0,3460.0,16.54,16386.0,82150.0,121.0,16386.0,재배치 추천,58.4,검토 가능,341,False,transfer,31897.905,103.8,0.0,0.0,1.639,8.215,0.0,31991.851,c0910510,default,2026-05-25 05:07:53,
매일 상하목장 우유,동대문점,혜화점,387.0,367.0,99.0,219.0,0.0,1700.0,0.0,21738.0,47808.0,153.0,21738.0,재배치 추천,58.4,검토 가능,342,False,transfer,39015.0,2448.0,0.0,1.117,2.174,4.781,0.0,41457.162,c0910510,default,2026-05-25 05:07:53,
유어스 직화불고기컵밥,잠실점,압구정점,372.0,332.0,414.0,294.0,0.0,2260.0,8.44,9096.0,34499.0,78.0,9096.0,재배치 추천,58.3,검토 가능,343,False,transfer,11879.739,0.0,0.0,0.0,0.91,3.45,0.0,11875.38,c0910510,default,2026-05-25 05:07:53,
유어스 초코브라우니,청량리점,교대점,396.0,336.0,102.0,222.0,0.0,2310.0,13.37,13533.0,45469.0,104.0,13533.0,재배치 추천,58.3,검토 가능,344,False,transfer,36036.0,3395.7,0.0,1.184,1.353,4.547,0.0,39426.984,c0910510,default,2026-05-25 05:07:53,
해태 홈런볼,합정점,잠원점,382.0,362.0,144.0,264.0,0.0,2500.0,13.69,13821.0,50666.0,106.0,13821.0,재배치 추천,58.3,검토 가능,345,False,transfer,39750.0,2975.0,0.0,0.641,1.382,5.067,0.0,42719.192,c0910510,default,2026-05-25 05:07:53,
포카리스웨트,문래점,방배점,379.0,359.0,243.0,363.0,0.0,1480.0,14.3,14370.0,29226.0,109.0,14370.0,재배치 추천,58.3,검토 가능,346,False,transfer,18870.457,1006.4,592.0,0.285,1.437,2.923,0.0,20464.783,c0910510,default,2026-05-25 05:07:53,
브레디크 골든단팥빵,합정점,건대점,358.0,358.0,96.0,336.0,0.0,1360.0,19.35,18915.0,35172.0,134.0,18915.0,재배치 추천,58.2,검토 가능,347,False,transfer,27336.0,1781.6,0.0,1.332,1.891,3.517,0.0,29113.523,c0910510,default,2026-05-25 05:07:53,
브레디크 우유생크림빵,동대문점,교대점,369.0,349.0,153.0,153.0,0.0,2390.0,12.36,12624.0,44605.0,97.0,12624.0,재배치 추천,58.1,검토 가능,348,False,transfer,34774.5,2581.2,0.0,0.065,1.262,4.46,0.0,37350.042,c0910510,default,2026-05-25 05:07:53,
오뚜기 진라면컵,건대점,이태원점,389.0,329.0,213.0,213.0,0.0,2630.0,9.02,9618.0,39354.0,78.0,9618.0,재배치 추천,58.0,검토 가능,349,False,transfer,28098.401,2314.4,0.0,0.141,0.962,3.935,0.0,30408.045,c0910510,default,2026-05-25 05:07:53,
CJ 비비고 왕교자,잠실3점,잠실5점,387.0,392.0,99.0,354.0,0.0,5400.0,0.0,20730.0,152150.0,142.0,20730.0,재배치 추천,58.0,검토 가능,350,False,transfer,115020.0,7776.0,0.0,1.401,2.073,15.215,0.0,122780.113,c0910510,default,2026-05-25 05:07:53,
해태 홈런볼,합정점,구로점,382.0,362.0,144.0,144.0,0.0,2500.0,9.06,9654.0,36805.0,77.0,9654.0,재배치 추천,57.9,검토 가능,351,False,transfer,28875.0,2975.0,0.0,0.069,0.965,3.68,0.0,31845.424,c0910510,default,2026-05-25 05:07:53,
고메 치즈함박스테이크,여의도2점,방배점,394.0,334.0,108.0,228.0,0.0,4040.0,11.71,12039.0,71454.0,91.0,12039.0,재배치 추천,57.9,검토 가능,352,False,transfer,55146.0,5777.2,0.0,1.092,1.204,7.145,0.0,60915.942,c0910510,default,2026-05-25 05:07:53,
브레디크 초코크림빵,홍대점,과천3점,392.0,397.0,114.0,249.0,0.0,2070.0,21.41,20769.0,56173.0,141.0,20769.0,재배치 추천,57.8,검토 가능,353,False,transfer,43780.5,2877.3,0.0,0.922,2.077,5.617,0.0,46651.028,c0910510,default,2026-05-25 05:07:53,
심플리쿡 리코타치즈샐러드,의정부7점,신촌6점,389.0,379.0,93.0,363.0,0.0,3460.0,29.39,27951.0,123558.0,182.0,27951.0,재배치 추천,57.8,검토 가능,354,False,transfer,94458.0,5120.8,0.0,1.569,2.795,12.356,0.0,99565.218,c0910510,default,2026-05-25 05:07:53,
유어스 샐러드랩,교대점,명동점,386.0,366.0,132.0,252.0,0.0,2800.0,10.79,11211.0,44636.0,84.0,11211.0,재배치 추천,57.7,검토 가능,355,False,transfer,35280.0,3556.0,0.0,0.736,1.121,4.464,0.0,38831.151,c0910510,default,2026-05-25 05:07:53,
유어스 샐러드랩,마포점,명동점,366.0,366.0,132.0,252.0,0.0,2800.0,10.85,11265.0,46378.0,84.0,11265.0,재배치 추천,57.7,검토 가능,356,False,transfer,35280.0,3276.0,0.0,0.66,1.127,4.638,0.0,38550.896,c0910510,default,2026-05-25 05:07:53,
유어스 초코브라우니,청량리점,여의도점,396.0,376.0,102.0,342.0,0.0,2310.0,16.5,16350.0,49841.0,114.0,16350.0,재배치 추천,57.7,검토 가능,357,False,transfer,39501.0,3395.7,0.0,1.391,1.635,4.984,0.0,42891.472,c0910510,default,2026-05-25 05:07:53,
서울우유 딸기우유,화성6점,여의도5점,545.0,490.0,105.0,420.0,0.0,970.0,48.45,45105.0,46449.0,280.0,45105.0,재배치 추천,57.7,검토 가능,358,False,transfer,40740.0,2134.0,0.0,2.012,4.511,4.645,0.0,42866.857,c0910510,default,2026-05-25 05:07:53,
유어스 블랙보리,홍대점,합정점,384.0,344.0,198.0,438.0,0.0,1150.0,0.0,17076.0,25835.0,117.0,17076.0,재배치 추천,57.6,검토 가능,359,False,transfer,19570.909,1069.5,10810.0,0.577,1.708,2.583,0.0,31446.695,c0910510,default,2026-05-25 05:07:53,
혜자로운 집밥 제육볶음도시락,홍대7점,고양3점,382.0,392.0,204.0,234.0,0.0,2650.0,18.93,18537.0,64704.0,125.0,18537.0,재배치 추천,57.6,검토 가능,360,False,transfer,46521.14,2358.5,0.0,0.099,1.854,6.47,0.0,48871.414,c0910510,default,2026-05-25 05:07:53,
심플리쿡 리코타치즈샐러드,판교3점,사당점,394.0,364.0,288.0,378.0,0.0,3460.0,19.12,18708.0,84157.0,126.0,18708.0,재배치 추천,57.6,검토 가능,361,False,transfer,44731.313,1833.8,4844.0,0.203,1.871,8.416,0.0,51399.029,c0910510,default,2026-05-25 05:07:53,
포카리스웨트,문래점,강남점,379.0,399.0,243.0,363.0,0.0,1480.0,15.95,15855.0,29226.0,109.0,15855.0,재배치 추천,57.5,검토 가능,362,False,transfer,18870.457,1006.4,0.0,0.23,1.585,2.923,0.0,19872.579,c0910510,default,2026-05-25 05:07:53,
고메 치즈함박스테이크,여의도2점,강남점,394.0,374.0,108.0,228.0,0.0,4040.0,12.66,12894.0,71454.0,91.0,12894.0,재배치 추천,57.4,검토 가능,363,False,transfer,55146.0,5777.2,0.0,1.004,1.289,7.145,0.0,60915.769,c0910510,default,2026-05-25 05:07:53,
제주삼다수,왕십리점,신림점,393.0,373.0,141.0,261.0,0.0,1420.0,16.9,16710.0,29686.0,113.0,16710.0,재배치 추천,57.4,검토 가능,364,False,transfer,24069.0,1789.2,0.0,0.679,1.671,2.969,0.0,25854.239,c0910510,default,2026-05-25 05:07:53,
게토레이 레몬,용산점,이태원점,347.0,367.0,159.0,279.0,0.0,1190.0,0.0,18219.0,27053.0,121.0,18219.0,재배치 추천,57.4,검토 가능,365,False,transfer,21598.5,1118.6,0.0,0.433,1.822,2.705,0.0,22713.006,c0910510,default,2026-05-25 05:07:53,
고메 치즈함박스테이크,왕십리점,방배점,394.0,334.0,228.0,228.0,0.0,4040.0,12.87,13083.0,72424.0,91.0,13083.0,재배치 추천,57.3,검토 가능,366,False,transfer,47648.079,3353.2,0.0,0.132,1.308,7.242,0.0,50992.86,c0910510,default,2026-05-25 05:07:53,
오뚜기 컵피자,상암점,이태원점,368.0,348.0,126.0,246.0,0.0,4850.0,14.43,14487.0,93838.0,98.0,14487.0,재배치 추천,57.2,검토 가능,367,False,transfer,71295.0,5868.5,0.0,0.753,1.449,9.384,0.0,77153.421,c0910510,default,2026-05-25 05:07:53,
유어스 마카롱,문래점,잠실점,398.0,378.0,276.0,156.0,0.0,1070.0,25.07,24063.0,17475.0,94.0,17475.0,프로모션 추천,57.2,검토 가능,368,False,promotion,10877.946,652.7,0.0,0.0,2.406,1.748,0.0,11526.492,c0910510,default,2026-05-25 05:07:53,
매일 상하목장 우유,성수점,명동점,387.0,347.0,339.0,219.0,0.0,1700.0,8.87,9483.0,21688.0,66.0,9483.0,재배치 추천,56.9,검토 가능,369,False,transfer,9606.504,408.0,0.0,0.0,0.948,2.169,0.0,10011.387,c0910510,default,2026-05-25 05:07:53,
게토레이 레몬,상암점,신림점,387.0,367.0,159.0,159.0,0.0,1190.0,13.56,13704.0,20277.0,90.0,13704.0,재배치 추천,56.9,검토 가능,370,False,transfer,16065.0,1356.6,0.0,0.063,1.37,2.028,0.0,17418.265,c0910510,default,2026-05-25 05:07:53,
유어스 마카롱,신촌2점,잠실점,398.0,378.0,396.0,156.0,0.0,1070.0,19.95,19455.0,17989.0,94.0,17989.0,프로모션 추천,56.9,검토 가능,371,False,promotion,7581.598,10.7,0.0,0.0,1.946,1.799,0.0,7588.554,c0910510,default,2026-05-25 05:07:53,
카페25 아이스아메리카노,성남4점,남양주3점,373.0,393.0,141.0,381.0,0.0,1210.0,32.65,30885.0,40786.0,190.0,30885.0,재배치 추천,56.9,검토 가능,372,False,transfer,34485.0,1403.6,0.0,0.807,3.088,4.079,0.0,35882.24,c0910510,default,2026-05-25 05:07:53,
유어스 블랙보리,노원점,잠원점,364.0,324.0,318.0,198.0,0.0,1150.0,23.43,22587.0,13452.0,66.0,13452.0,프로모션 추천,56.8,검토 가능,373,False,promotion,6515.943,264.5,0.0,0.0,2.259,1.345,0.0,6776.839,c0910510,default,2026-05-25 05:07:53,
유어스 닭가슴살샌드위치,상암점,이태원점,374.0,354.0,228.0,348.0,0.0,2710.0,14.43,14487.0,48956.0,93.0,14487.0,재배치 추천,56.8,검토 가능,374,False,transfer,31006.322,1978.3,0.0,0.312,1.449,4.896,0.0,32978.59,c0910510,default,2026-05-25 05:07:53,
오뚜기 컵피자,잠원점,구로점,388.0,388.0,126.0,366.0,0.0,4850.0,15.23,15207.0,93922.0,98.0,15207.0,재배치 추천,56.8,검토 가능,375,False,transfer,71295.0,6353.5,0.0,1.01,1.521,9.392,0.0,77638.597,c0910510,default,2026-05-25 05:07:53,
유어스 마카롱,홍대2점,잠실점,358.0,378.0,156.0,156.0,0.0,1070.0,22.43,21687.0,18341.0,94.0,18341.0,프로모션 추천,56.8,검토 가능,376,False,promotion,15087.0,1080.7,0.0,0.0,2.169,1.834,0.0,16163.697,c0910510,default,2026-05-25 05:07:53,
서울우유 흰우유,용산점,군포3점,399.0,389.0,243.0,333.0,0.0,1090.0,24.08,23172.0,27876.0,144.0,23172.0,재배치 추천,56.8,검토 가능,377,False,transfer,19329.333,850.2,0.0,0.237,2.317,2.788,0.0,20174.665,c0910510,default,2026-05-25 05:07:53,
카페25 아이스아메리카노,왕십리점,안양3점,388.0,363.0,126.0,411.0,0.0,1210.0,25.4,24360.0,35181.0,151.0,24360.0,재배치 추천,56.8,검토 가능,378,False,transfer,27406.5,1585.1,5808.0,1.098,2.436,3.518,0.0,34794.744,c0910510,default,2026-05-25 05:07:53,
카페25 아이스카페라떼,안양5점,신촌4점,397.0,377.0,429.0,249.0,0.0,1370.0,23.71,22839.0,34925.0,141.0,22839.0,재배치 추천,56.7,검토 가능,379,False,transfer,13407.079,0.0,0.0,0.0,2.284,3.493,0.0,13401.302,c0910510,default,2026-05-25 05:07:53,
유어스 샐러드랩,교대점,홍대점,386.0,346.0,132.0,132.0,0.0,2800.0,13.86,13974.0,46762.0,88.0,13974.0,재배치 추천,56.6,검토 가능,380,False,transfer,36960.0,3556.0,0.0,0.152,1.397,4.676,0.0,40510.078,c0910510,default,2026-05-25 05:07:53,
유어스 닭가슴살샌드위치,구로점,이태원점,394.0,354.0,108.0,348.0,0.0,2710.0,14.8,14820.0,48527.0,93.0,14820.0,재배치 추천,56.6,검토 가능,381,False,transfer,37804.5,3875.3,0.0,1.315,1.482,4.853,0.0,41674.781,c0910510,default,2026-05-25 05:07:53,
카페25 아이스카페라떼,구리3점,신촌4점,367.0,377.0,159.0,249.0,0.0,1370.0,23.96,23064.0,35991.0,141.0,23064.0,재배치 추천,56.6,검토 가능,382,False,transfer,28975.5,1424.8,0.0,0.397,2.306,3.599,0.0,30394.792,c0910510,default,2026-05-25 05:07:53,
오뚜기 진라면컵,상암점,구로점,349.0,369.0,93.0,333.0,0.0,2630.0,12.0,12300.0,40073.0,78.0,12300.0,재배치 추천,56.5,검토 가능,383,False,transfer,30771.0,3366.4,0.0,1.322,1.23,4.007,0.0,34133.485,c0910510,default,2026-05-25 05:07:53,
혜자로운 집밥 치킨마요덮밥,판교5점,신촌7점,398.0,378.0,96.0,276.0,0.0,2720.0,32.49,30741.0,98185.0,184.0,30741.0,재배치 추천,56.5,검토 가능,384,False,transfer,75072.0,4107.2,0.0,1.388,3.074,9.819,0.0,79167.696,c0910510,default,2026-05-25 05:07:53,
제주삼다수,왕십리점,방배점,393.0,333.0,141.0,141.0,0.0,1420.0,12.87,13083.0,21017.0,80.0,13083.0,재배치 추천,56.3,검토 가능,385,False,transfer,17040.0,1789.2,0.0,0.213,1.308,2.102,0.0,18826.003,c0910510,default,2026-05-25 05:07:53,
유어스 매콤닭강정,노원점,건대점,371.0,351.0,147.0,147.0,0.0,4080.0,17.3,17070.0,81972.0,103.0,17070.0,재배치 추천,56.3,검토 가능,386,False,transfer,63036.0,4569.6,0.0,0.068,1.707,8.197,0.0,67595.764,c0910510,default,2026-05-25 05:07:53,
유어스 매콤닭강정,선릉점,역삼점,391.0,371.0,147.0,267.0,0.0,4080.0,0.0,16419.0,78078.0,98.0,16419.0,재배치 추천,56.2,검토 가능,387,False,transfer,59976.0,4977.6,0.0,0.635,1.642,7.808,0.0,64944.785,c0910510,default,2026-05-25 05:07:53,
유어스 스파클링 레몬,잠실2점,군포4점,396.0,386.0,282.0,432.0,0.0,1100.0,31.0,29400.0,27922.0,144.0,27922.0,프로모션 추천,56.2,검토 가능,388,False,promotion,16682.553,627.0,5060.0,0.255,2.94,2.792,0.0,22364.076,c0910510,default,2026-05-25 05:07:53,
오뚜기 컵피자,여의도2점,목동점,368.0,308.0,246.0,246.0,0.0,4850.0,7.33,8097.0,46129.0,49.0,8097.0,재배치 추천,56.1,검토 가능,389,False,transfer,26663.171,2958.5,0.0,0.122,0.81,4.613,0.0,29616.37,c0910510,default,2026-05-25 05:07:53,
서울우유 흰우유,구리3점,신촌6점,399.0,354.0,123.0,228.0,0.0,1090.0,24.12,23208.0,27665.0,137.0,23208.0,재배치 추천,56.1,검토 가능,390,False,transfer,22399.5,1504.2,0.0,0.846,2.321,2.767,0.0,23899.458,c0910510,default,2026-05-25 05:07:53,
롯데 카스타드,노원점,구로점,505.0,465.0,285.0,405.0,0.0,1650.0,31.63,29967.0,53511.0,176.0,29967.0,재배치 추천,56.1,검토 가능,391,False,transfer,38592.632,1815.0,0.0,0.312,2.997,5.351,0.0,40399.596,c0910510,default,2026-05-25 05:07:53,
매일 상하목장 우유,교대점,명동점,367.0,347.0,99.0,219.0,0.0,1700.0,10.79,11211.0,20566.0,66.0,11211.0,재배치 추천,56.0,검토 가능,392,False,transfer,16830.0,2278.0,0.0,1.061,1.121,2.057,0.0,19105.884,c0910510,default,2026-05-25 05:07:53,
오뚜기 진라면컵,잠실2점,이태원점,389.0,329.0,93.0,213.0,0.0,2630.0,13.04,13236.0,40207.0,78.0,13236.0,재배치 추천,56.0,검토 가능,393,False,transfer,30771.0,3892.4,0.0,1.319,1.324,4.021,0.0,34659.375,c0910510,default,2026-05-25 05:07:53,
고메 크리스피핫도그,홍대2점,압구정점,364.0,344.0,258.0,138.0,0.0,3860.0,13.99,14091.0,62250.0,83.0,14091.0,재배치 추천,56.0,검토 가능,394,False,transfer,33900.674,2045.8,0.0,0.0,1.409,6.225,0.0,35938.84,c0910510,default,2026-05-25 05:07:53,
카페25 아이스아메리카노,상암점,안양3점,388.0,363.0,246.0,411.0,0.0,1210.0,27.06,25854.0,32745.0,151.0,25854.0,재배치 추천,56.0,검토 가능,395,False,transfer,21613.256,859.1,5808.0,0.347,2.585,3.275,0.0,28274.843,c0910510,default,2026-05-25 05:07:53,
브레디크 모찌롤,건대점,이태원점,383.0,323.0,111.0,111.0,0.0,2820.0,9.02,9618.0,30557.0,56.0,9618.0,재배치 추천,55.9,검토 가능,396,False,transfer,23688.0,3835.2,0.0,0.27,0.962,3.056,0.0,27519.453,c0910510,default,2026-05-25 05:07:53,
제주삼다수,신촌2점,방배점,353.0,333.0,141.0,141.0,0.0,1420.0,13.59,13731.0,20464.0,80.0,13731.0,재배치 추천,55.9,검토 가능,397,False,transfer,17040.0,1505.2,0.0,0.071,1.373,2.046,0.0,18541.851,c0910510,default,2026-05-25 05:07:53,
카페25 헤이즐넛라떼,교대점,성남6점,381.0,376.0,117.0,222.0,0.0,1510.0,18.21,17889.0,29709.0,104.0,17889.0,재배치 추천,55.9,검토 가능,398,False,transfer,23556.0,1993.2,0.0,0.781,1.789,2.971,0.0,25545.222,c0910510,default,2026-05-25 05:07:53,
유어스 고르곤졸라피자,신촌5점,의정부3점,376.0,391.0,162.0,447.0,0.0,2220.0,29.8,28320.0,70189.0,164.0,28320.0,재배치 추천,55.9,검토 가능,399,False,transfer,54612.0,2375.4,12432.0,0.723,2.832,7.019,0.0,69410.272,c0910510,default,2026-05-25 05:07:53,
오뚜기 컵피자,상암점,목동점,368.0,308.0,126.0,246.0,0.0,4850.0,7.97,8673.0,46919.0,49.0,8673.0,재배치 추천,55.8,검토 가능,400,False,transfer,35647.5,5868.5,0.0,0.834,0.867,4.692,0.0,41511.275,c0910510,default,2026-05-25 05:07:53,
비비고 김치왕교자,노원점,명동점,339.0,379.0,183.0,183.0,0.0,3520.0,16.19,16071.0,62667.0,92.0,16071.0,재배치 추천,55.8,검토 가능,401,False,transfer,44992.525,2745.6,0.0,0.0,1.607,6.267,0.0,47730.251,c0910510,default,2026-05-25 05:07:53,
오뚜기 컵피자,잠원점,이태원점,388.0,348.0,126.0,246.0,0.0,4850.0,0.0,17292.0,93922.0,98.0,17292.0,재배치 추천,55.7,검토 가능,402,False,transfer,71295.0,6353.5,0.0,0.832,1.729,9.392,0.0,77638.211,c0910510,default,2026-05-25 05:07:53,
심플리쿡 닭가슴살샐러드,의정부4점,홍대6점,396.0,371.0,102.0,447.0,0.0,2450.0,30.22,28698.0,75868.0,164.0,28698.0,재배치 추천,55.7,검토 가능,403,False,transfer,60270.0,3601.5,18620.0,1.526,2.87,7.587,0.0,82482.57,c0910510,default,2026-05-25 05:07:53,
심플리쿡 리코타치즈샐러드,판교3점,신촌6점,394.0,379.0,288.0,363.0,0.0,3460.0,33.56,31704.0,121560.0,182.0,31704.0,재배치 추천,55.7,검토 가능,404,False,transfer,64611.896,1833.8,0.0,0.162,3.17,12.156,0.0,66430.531,c0910510,default,2026-05-25 05:07:53,
서울우유 흰우유,구리3점,군포3점,399.0,389.0,123.0,333.0,0.0,1090.0,40.97,38373.0,29079.0,144.0,29079.0,프로모션 추천,55.6,검토 가능,405,False,promotion,23544.0,1504.2,0.0,1.038,3.837,2.908,0.0,25042.493,c0910510,default,2026-05-25 05:07:53,
유어스 블랙보리,잠실2점,잠원점,344.0,324.0,198.0,198.0,0.0,1150.0,11.87,12183.0,14118.0,66.0,12183.0,재배치 추천,55.5,검토 가능,406,False,transfer,9890.0,839.5,0.0,0.051,1.218,1.412,0.0,10726.92,c0910510,default,2026-05-25 05:07:53,
유어스 치즈케이크,홍대점,역삼점,378.0,358.0,96.0,336.0,0.0,1330.0,16.27,16143.0,15969.0,67.0,15969.0,프로모션 추천,55.5,검토 가능,407,False,promotion,13366.5,1875.3,0.0,1.436,1.614,1.597,0.0,15240.025,c0910510,default,2026-05-25 05:07:53,
유어스 치즈케이크,마포점,역삼점,398.0,358.0,96.0,336.0,0.0,1330.0,19.95,19455.0,16026.0,67.0,16026.0,프로모션 추천,55.5,검토 가능,408,False,promotion,13366.5,2008.3,0.0,1.54,1.946,1.603,0.0,15372.792,c0910510,default,2026-05-25 05:07:53,
고메 치즈함박스테이크,왕십리점,신림점,394.0,374.0,228.0,348.0,0.0,4040.0,16.9,16710.0,74015.0,93.0,16710.0,재배치 추천,55.5,검토 가능,409,False,transfer,48695.289,3353.2,0.0,0.327,1.671,7.402,0.0,52039.744,c0910510,default,2026-05-25 05:07:53,
브레디크 우유생크림빵,마포점,교대점,329.0,349.0,153.0,153.0,0.0,2390.0,17.72,17448.0,44438.0,97.0,17448.0,재배치 추천,55.5,검토 가능,410,False,transfer,34774.5,2103.2,0.0,0.0,1.745,4.444,0.0,36871.511,c0910510,default,2026-05-25 05:07:53,
유어스 과일컵,의정부3점,건대2점,378.0,388.0,156.0,246.0,0.0,3260.0,27.47,26223.0,93830.0,148.0,26223.0,재배치 추천,55.5,검토 가능,411,False,transfer,72372.0,3618.6,0.0,0.423,2.622,9.383,0.0,75979.018,c0910510,default,2026-05-25 05:07:53,
심플리쿡 닭가슴살샐러드,시흥6점,홍대6점,386.0,371.0,432.0,447.0,0.0,2450.0,30.52,28968.0,75927.0,164.0,28968.0,재배치 추천,55.5,검토 가능,412,False,transfer,26926.181,0.0,18620.0,0.032,2.897,7.593,0.0,45535.723,c0910510,default,2026-05-25 05:07:53,
고메 크리스피핫도그,홍대2점,잠실점,364.0,384.0,258.0,258.0,0.0,3860.0,22.43,21687.0,90000.0,120.0,21687.0,재배치 추천,55.4,검토 가능,413,False,transfer,49013.023,2045.8,0.0,0.0,2.169,9.0,0.0,51047.655,c0910510,default,2026-05-25 05:07:53,
유어스 스파클링 레몬,홍대6점,군포4점,396.0,386.0,222.0,432.0,0.0,1100.0,26.88,25692.0,28524.0,144.0,25692.0,재배치 추천,55.4,검토 가능,414,False,transfer,21191.351,957.0,5060.0,0.445,2.569,2.852,0.0,27203.375,c0910510,default,2026-05-25 05:07:53,
서울우유 흰우유,구리3점,분당3점,399.0,379.0,123.0,243.0,0.0,1090.0,33.15,31335.0,31098.0,154.0,31098.0,프로모션 추천,55.4,검토 가능,415,False,promotion,25179.0,1504.2,0.0,0.842,3.134,3.11,0.0,26677.799,c0910510,default,2026-05-25 05:07:53,
오뚜기 진라면컵,상암점,이태원점,349.0,329.0,93.0,213.0,0.0,2630.0,14.43,14487.0,40073.0,78.0,14487.0,재배치 추천,55.3,검토 가능,416,False,transfer,30771.0,3366.4,0.0,1.104,1.449,4.007,0.0,34133.048,c0910510,default,2026-05-25 05:07:53,
유어스 치즈케이크,선릉점,역삼점,378.0,358.0,216.0,336.0,0.0,1330.0,0.0,16419.0,16335.0,67.0,16335.0,프로모션 추천,55.3,검토 가능,417,False,promotion,11695.688,1077.3,0.0,0.342,1.642,1.633,0.0,12770.054,c0910510,default,2026-05-25 05:07:53,
유어스 치즈케이크,홍대점,노원점,378.0,358.0,96.0,216.0,0.0,1330.0,22.3,21570.0,17160.0,72.0,17160.0,프로모션 추천,55.3,검토 가능,418,False,promotion,14364.0,1875.3,0.0,1.14,2.157,1.716,0.0,16236.567,c0910510,default,2026-05-25 05:07:53,
유어스 치즈케이크,마포점,노원점,398.0,358.0,96.0,216.0,0.0,1330.0,22.32,21588.0,17222.0,72.0,17222.0,프로모션 추천,55.3,검토 가능,419,False,promotion,14364.0,2008.3,0.0,1.244,2.159,1.722,0.0,16369.663,c0910510,default,2026-05-25 05:07:53,
CJ 비비고 왕교자,의정부3점,신촌5점,397.0,382.0,189.0,264.0,0.0,5400.0,29.8,28320.0,167758.0,158.0,28320.0,재배치 추천,55.3,검토 가능,420,False,transfer,127980.0,5616.0,0.0,0.327,2.832,16.776,0.0,133576.719,c0910510,default,2026-05-25 05:07:53,
오리온 초코파이,홍대점,역삼점,397.0,377.0,129.0,369.0,0.0,1780.0,16.27,16143.0,28218.0,86.0,16143.0,재배치 추천,55.2,검토 가능,421,False,transfer,22962.0,2385.2,0.0,1.028,1.614,2.822,0.0,25343.792,c0910510,default,2026-05-25 05:07:53,
심플리쿡 닭가슴살샐러드,의정부4점,건대점,396.0,371.0,102.0,267.0,0.0,2450.0,28.64,27276.0,69854.0,151.0,27276.0,재배치 추천,55.2,검토 가능,422,False,transfer,55492.5,3601.5,0.0,1.246,2.728,6.985,0.0,59085.533,c0910510,default,2026-05-25 05:07:53,
유어스 블랙보리,홍대점,잠원점,384.0,324.0,198.0,198.0,0.0,1150.0,12.68,12912.0,14574.0,66.0,12912.0,재배치 추천,55.1,검토 가능,423,False,transfer,11040.0,1069.5,0.0,0.152,1.291,1.457,0.0,12106.903,c0910510,default,2026-05-25 05:07:53,
유어스 치즈케이크,선릉점,노원점,378.0,358.0,216.0,216.0,0.0,1330.0,22.72,21948.0,17554.0,72.0,17554.0,프로모션 추천,55.1,검토 가능,424,False,promotion,12568.5,1077.3,0.0,0.046,2.195,1.755,0.0,13641.896,c0910510,default,2026-05-25 05:07:53,
게토레이 레몬,여의도2점,신림점,387.0,367.0,279.0,159.0,0.0,1190.0,0.0,22836.0,20770.0,90.0,20770.0,프로모션 추천,55.1,검토 가능,425,False,promotion,11141.855,642.6,0.0,0.0,2.284,2.077,0.0,11780.094,c0910510,default,2026-05-25 05:07:53,
서울우유 흰우유,용산점,분당3점,399.0,379.0,243.0,243.0,0.0,1090.0,29.61,28149.0,29812.0,154.0,28149.0,재배치 추천,55.1,검토 가능,426,False,transfer,20671.648,850.2,0.0,0.041,2.815,2.981,0.0,21516.093,c0910510,default,2026-05-25 05:07:53,
유어스 샐러드랩,노원점,명동점,326.0,366.0,252.0,252.0,0.0,2800.0,16.19,16071.0,44878.0,84.0,16071.0,재배치 추천,55.0,검토 가능,427,False,transfer,22820.0,1036.0,0.0,0.0,1.607,4.488,0.0,23849.905,c0910510,default,2026-05-25 05:07:53,
오리온 초코파이,선릉점,역삼점,397.0,377.0,249.0,369.0,0.0,1780.0,0.0,16419.0,28688.0,86.0,16419.0,재배치 추천,55.0,검토 가능,428,False,transfer,18305.048,1317.2,0.0,0.286,1.642,2.869,0.0,19618.024,c0910510,default,2026-05-25 05:07:53,
유어스 매콤닭강정,강남2점,역삼점,391.0,371.0,267.0,267.0,0.0,4080.0,0.0,18552.0,78614.0,98.0,18552.0,재배치 추천,55.0,검토 가능,429,False,transfer,43915.011,2529.6,0.0,0.037,1.855,7.861,0.0,46434.932,c0910510,default,2026-05-25 05:07:53,
심플리쿡 리코타치즈샐러드,판교3점,건대2점,394.0,369.0,288.0,213.0,0.0,3460.0,23.47,22623.0,80817.0,121.0,22623.0,재배치 추천,55.0,검토 가능,430,False,transfer,42956.26,1833.8,0.0,0.0,2.262,8.082,0.0,44779.716,c0910510,default,2026-05-25 05:07:53,
브레디크 골든단팥빵,평촌4점,건대점,393.0,358.0,321.0,336.0,0.0,1360.0,25.83,24747.0,32727.0,134.0,24747.0,재배치 추천,55.0,검토 가능,431,False,transfer,16733.72,489.6,0.0,0.079,2.475,3.273,0.0,17217.652,c0910510,default,2026-05-25 05:07:53,
유어스 스파클링 레몬,합정점,군포4점,396.0,386.0,162.0,432.0,0.0,1100.0,27.87,26583.0,30245.0,144.0,26583.0,재배치 추천,55.0,검토 가능,432,False,transfer,23760.0,1287.0,5060.0,0.775,2.658,3.025,0.0,30102.093,c0910510,default,2026-05-25 05:07:53,
유어스 컵과일 파인애플,홍대6점,의정부6점,377.0,397.0,189.0,369.0,0.0,2490.0,30.86,29274.0,76209.0,160.0,29274.0,재배치 추천,55.0,검토 가능,433,False,transfer,59601.905,2340.6,0.0,0.459,2.927,7.621,0.0,61932.416,c0910510,default,2026-05-25 05:07:53,
브레디크 모찌롤,강남점,구로점,323.0,363.0,231.0,231.0,0.0,2820.0,16.78,16602.0,46626.0,85.0,16602.0,재배치 추천,54.9,후순위,434,False,transfer,25137.37,1297.2,0.0,0.0,1.66,4.663,0.0,26428.247,c0910510,default,2026-05-25 05:07:53,
매일 소화가잘되는우유,의정부4점,강남2점,364.0,379.0,138.0,423.0,0.0,1610.0,35.74,33666.0,57377.0,183.0,33666.0,재배치 추천,54.8,후순위,435,False,transfer,44194.5,1819.3,7084.0,0.871,3.367,5.738,0.0,53089.567,c0910510,default,2026-05-25 05:07:53,
유어스 블랙보리,노원점,합정점,364.0,344.0,318.0,438.0,0.0,1150.0,23.18,22362.0,23847.0,117.0,22362.0,재배치 추천,54.7,후순위,436,False,transfer,11550.991,264.5,10810.0,0.18,2.236,2.385,0.0,22621.049,c0910510,default,2026-05-25 05:07:53,
혜자로운 집밥 제육볶음도시락,홍대7점,의정부3점,382.0,372.0,204.0,414.0,0.0,2650.0,27.28,26052.0,71433.0,138.0,26052.0,재배치 추천,54.7,후순위,437,False,transfer,51359.338,2358.5,11130.0,0.487,2.605,7.143,0.0,64838.577,c0910510,default,2026-05-25 05:07:53,
카페25 아이스아메리카노,상암점,수원3점,388.0,383.0,246.0,231.0,0.0,1210.0,50.96,47364.0,28408.0,131.0,28408.0,프로모션 추천,54.7,후순위,438,False,promotion,18750.573,859.1,0.0,0.0,4.736,2.841,0.0,19602.096,c0910510,default,2026-05-25 05:07:53,
매일 소화가잘되는우유,의정부4점,선릉점,364.0,379.0,138.0,303.0,0.0,1610.0,33.84,31956.0,53928.0,172.0,31956.0,재배치 추천,54.7,후순위,439,False,transfer,41538.0,1819.3,0.0,0.693,3.196,5.393,0.0,43349.405,c0910510,default,2026-05-25 05:07:53,
유어스 불고기피자,목동점,부천3점,545.0,515.0,105.0,435.0,0.0,2260.0,0.0,39846.0,93538.0,218.0,39846.0,재배치 추천,54.7,후순위,440,False,transfer,73902.0,4972.0,0.0,2.003,3.985,9.354,0.0,78862.665,c0910510,default,2026-05-25 05:07:53,
혜자로운 집밥 제육볶음도시락,건대2점,의정부3점,382.0,372.0,144.0,414.0,0.0,2650.0,27.47,26223.0,69744.0,138.0,26223.0,재배치 추천,54.6,후순위,441,False,transfer,54855.0,3153.5,11130.0,0.877,2.622,6.974,0.0,69129.78,c0910510,default,2026-05-25 05:07:53,
심플리쿡 닭가슴살샐러드,건대5점,의정부6점,381.0,391.0,177.0,267.0,0.0,2450.0,30.13,28617.0,69719.0,151.0,28617.0,재배치 추천,54.5,후순위,442,False,transfer,55492.5,2499.0,0.0,0.344,2.862,6.972,0.0,57982.01,c0910510,default,2026-05-25 05:07:53,
브레디크 모찌롤,건대점,강남점,383.0,323.0,111.0,231.0,0.0,2820.0,8.72,9348.0,20735.0,38.0,9348.0,재배치 추천,54.4,후순위,443,False,transfer,16074.0,3835.2,0.0,1.026,0.935,2.074,0.0,19907.218,c0910510,default,2026-05-25 05:07:53,
유어스 닭가슴살샌드위치,신촌2점,강남점,334.0,354.0,108.0,108.0,0.0,2710.0,12.61,12849.0,29813.0,58.0,12849.0,재배치 추천,54.4,후순위,444,False,transfer,23577.0,3062.3,0.0,0.0,1.285,2.981,0.0,26635.034,c0910510,default,2026-05-25 05:07:53,
고메 치즈함박스테이크,이태원점,강남점,374.0,374.0,108.0,228.0,0.0,4040.0,0.0,18444.0,71375.0,91.0,18444.0,재배치 추천,54.4,후순위,445,False,transfer,55146.0,5373.2,0.0,0.911,1.844,7.138,0.0,60511.129,c0910510,default,2026-05-25 05:07:53,
카페25 아이스카페라떼,구리3점,안양3점,367.0,382.0,159.0,444.0,0.0,1370.0,35.59,33531.0,45436.0,178.0,33531.0,재배치 추천,54.4,후순위,446,False,transfer,36579.0,1424.8,8494.0,0.724,3.353,4.544,0.0,46490.627,c0910510,default,2026-05-25 05:07:53,
유어스 블랙보리,잠실2점,합정점,344.0,344.0,198.0,438.0,0.0,1150.0,24.11,23199.0,25027.0,117.0,23199.0,재배치 추천,54.3,후순위,447,False,transfer,17532.273,839.5,10810.0,0.476,2.32,2.503,0.0,29177.426,c0910510,default,2026-05-25 05:07:53,
고메 크리스피핫도그,방배점,홍대2점,384.0,364.0,138.0,258.0,0.0,3860.0,14.96,14964.0,51432.0,69.0,14964.0,재배치 추천,54.2,후순위,448,False,transfer,39951.0,4747.8,0.0,0.686,1.496,5.143,0.0,44692.846,c0910510,default,2026-05-25 05:07:53,
유어스 고르곤졸라피자,여의도점,의정부3점,396.0,391.0,102.0,447.0,0.0,2220.0,33.3,31470.0,69174.0,164.0,31470.0,재배치 추천,54.2,후순위,449,False,transfer,54612.0,3263.4,12432.0,1.504,3.147,6.917,0.0,70298.839,c0910510,default,2026-05-25 05:07:53,
브레디크 소금버터롤,판교3점,신촌6점,388.0,373.0,186.0,261.0,0.0,2090.0,33.56,31704.0,65510.0,165.0,31704.0,재배치 추천,54.2,후순위,450,False,transfer,51727.5,2110.9,0.0,0.328,3.17,6.551,0.0,53829.007,c0910510,default,2026-05-25 05:07:53,
유어스 직화불고기컵밥,문래점,압구정점,392.0,332.0,174.0,294.0,0.0,2260.0,17.07,16863.0,33308.0,78.0,16863.0,재배치 추천,54.1,후순위,451,False,transfer,26442.0,2463.4,0.0,0.562,1.686,3.331,0.0,28900.945,c0910510,default,2026-05-25 05:07:53,
비비고 김치왕교자,혜화점,명동점,399.0,379.0,183.0,183.0,0.0,3520.0,0.0,19128.0,62906.0,92.0,19128.0,재배치 추천,54.1,후순위,452,False,transfer,48576.0,3801.6,0.0,0.055,1.913,6.291,0.0,52369.451,c0910510,default,2026-05-25 05:07:53,
유어스 과일컵,의정부3점,잠실3점,378.0,368.0,156.0,426.0,0.0,3260.0,34.77,32793.0,107777.0,170.0,32793.0,재배치 추천,54.0,후순위,453,False,transfer,83130.0,3618.6,18908.0,0.78,3.279,10.778,0.0,105643.323,c0910510,default,2026-05-25 05:07:53,
유어스 컵과일 파인애플,잠실2점,의정부6점,377.0,397.0,249.0,369.0,0.0,2490.0,33.3,31470.0,75540.0,160.0,31470.0,재배치 추천,53.8,후순위,454,False,transfer,45240.0,1593.6,0.0,0.219,3.147,7.554,0.0,46823.118,c0910510,default,2026-05-25 05:07:53,
카페25 아이스아메리카노,상암점,남양주3점,388.0,393.0,246.0,381.0,0.0,1210.0,38.99,36591.0,41203.0,190.0,36591.0,재배치 추천,53.8,후순위,455,False,transfer,27195.488,859.1,0.0,0.273,3.659,4.12,0.0,28047.081,c0910510,default,2026-05-25 05:07:53,
카페25 아이스아메리카노,성남4점,수원3점,373.0,383.0,141.0,231.0,0.0,1210.0,28.24,26916.0,28121.0,131.0,26916.0,재배치 추천,53.6,후순위,456,False,transfer,23776.5,1403.6,0.0,0.494,2.692,2.812,0.0,25175.09,c0910510,default,2026-05-25 05:07:53,
카페25 아이스아메리카노,왕십리점,수원3점,388.0,383.0,126.0,231.0,0.0,1210.0,45.04,42036.0,30521.0,131.0,30521.0,프로모션 추천,53.6,후순위,457,False,promotion,23776.5,1585.1,0.0,0.711,4.204,3.052,0.0,25355.055,c0910510,default,2026-05-25 05:07:53,
유어스 불고기피자,의정부3점,부천3점,500.0,515.0,90.0,435.0,0.0,2260.0,44.8,41820.0,94706.0,218.0,41820.0,재배치 추천,53.6,후순위,458,False,transfer,73902.0,4633.0,0.0,2.186,4.182,9.471,0.0,78523.533,c0910510,default,2026-05-25 05:07:53,
유어스 불고기피자,판교6점,부천3점,555.0,515.0,135.0,435.0,0.0,2260.0,44.83,41847.0,96473.0,218.0,41847.0,재배치 추천,53.6,후순위,459,False,transfer,73902.0,4746.0,0.0,1.464,4.185,9.647,0.0,78635.632,c0910510,default,2026-05-25 05:07:53,
고메 크리스피핫도그,성수점,홍대2점,324.0,364.0,138.0,258.0,0.0,3860.0,16.49,16341.0,52744.0,69.0,16341.0,재배치 추천,53.5,후순위,460,False,transfer,39951.0,3589.8,0.0,0.468,1.634,5.274,0.0,43534.36,c0910510,default,2026-05-25 05:07:53,
비비고 김치왕교자,노원점,홍대점,339.0,359.0,183.0,423.0,0.0,3520.0,22.3,21570.0,67436.0,99.0,21570.0,재배치 추천,53.5,후순위,461,False,transfer,48415.869,2745.6,22528.0,0.502,2.157,6.744,0.0,73681.07,c0910510,default,2026-05-25 05:07:53,
카페25 아이스카페라떼,성남4점,신림점,392.0,387.0,174.0,279.0,0.0,1370.0,26.6,25440.0,29819.0,121.0,25440.0,재배치 추천,53.4,후순위,462,False,transfer,24865.5,1493.3,0.0,0.433,2.544,2.982,0.0,26353.707,c0910510,default,2026-05-25 05:07:53,
제주삼다수,상암점,방배점,393.0,333.0,261.0,141.0,0.0,1420.0,19.24,18816.0,21455.0,80.0,18816.0,재배치 추천,53.2,후순위,463,False,transfer,12828.966,937.2,0.0,0.0,1.882,2.146,0.0,13762.138,c0910510,default,2026-05-25 05:07:53,
브레디크 모찌롤,구로점,이태원점,363.0,323.0,231.0,111.0,0.0,2820.0,14.8,14820.0,30815.0,56.0,14820.0,재배치 추천,53.1,후순위,464,False,transfer,18612.0,1861.2,0.0,0.0,1.482,3.082,0.0,20468.637,c0910510,default,2026-05-25 05:07:53,
CJ 비비고 왕교자,의정부3점,건대3점,397.0,352.0,189.0,294.0,0.0,5400.0,30.35,28815.0,145461.0,137.0,28815.0,재배치 추천,53.1,후순위,465,False,transfer,110970.0,5616.0,0.0,0.452,2.881,14.546,0.0,116569.024,c0910510,default,2026-05-25 05:07:53,
카페25 아이스카페라떼,성남4점,신촌4점,392.0,377.0,174.0,249.0,0.0,1370.0,31.35,29715.0,34748.0,141.0,29715.0,재배치 추천,53.0,후순위,466,False,transfer,28975.5,1493.3,0.0,0.369,2.971,3.475,0.0,30462.723,c0910510,default,2026-05-25 05:07:53,
고메 크리스피핫도그,성수점,압구정점,324.0,344.0,138.0,138.0,0.0,3860.0,0.0,19839.0,63445.0,83.0,19839.0,재배치 추천,52.9,후순위,467,False,transfer,48057.0,3589.8,0.0,0.0,1.984,6.345,0.0,51638.472,c0910510,default,2026-05-25 05:07:53,
오뚜기 진라면컵,상암점,신림점,349.0,329.0,93.0,93.0,0.0,2630.0,13.56,13704.0,23633.0,46.0,13704.0,재배치 추천,52.8,후순위,468,False,transfer,18147.0,3366.4,0.0,0.108,1.37,2.363,0.0,21509.774,c0910510,default,2026-05-25 05:07:53,
오리온 초코파이,잠실2점,노원점,357.0,377.0,129.0,249.0,0.0,1780.0,22.17,21453.0,31195.0,91.0,21453.0,재배치 추천,52.8,후순위,469,False,transfer,24297.0,2029.2,0.0,0.627,2.145,3.119,0.0,26321.562,c0910510,default,2026-05-25 05:07:53,
유어스 매콤닭강정,노원점,역삼점,371.0,371.0,147.0,267.0,0.0,4080.0,23.52,22668.0,77993.0,98.0,22668.0,재배치 추천,52.8,후순위,470,False,transfer,59976.0,4569.6,0.0,0.567,2.267,7.799,0.0,64536.101,c0910510,default,2026-05-25 05:07:53,
오리온 초코파이,홍대점,노원점,397.0,377.0,129.0,249.0,0.0,1780.0,22.3,21570.0,29858.0,91.0,21570.0,재배치 추천,52.7,후순위,471,False,transfer,24297.0,2385.2,0.0,0.782,2.157,2.986,0.0,26677.839,c0910510,default,2026-05-25 05:07:53,
유어스 직화불고기컵밥,잠실점,신촌2점,372.0,392.0,414.0,294.0,0.0,2260.0,19.95,19455.0,34499.0,78.0,19455.0,재배치 추천,52.6,후순위,472,False,transfer,11879.739,0.0,0.0,0.0,1.946,3.45,0.0,11874.344,c0910510,default,2026-05-25 05:07:53,
오리온 초코파이,선릉점,노원점,397.0,377.0,249.0,249.0,0.0,1780.0,22.72,21948.0,30356.0,91.0,21948.0,재배치 추천,52.5,후순위,473,False,transfer,19369.295,1317.2,0.0,0.04,2.195,3.036,0.0,20681.305,c0910510,default,2026-05-25 05:07:53,
유어스 샐러드랩,노원점,홍대점,326.0,346.0,252.0,132.0,0.0,2800.0,22.3,21570.0,47015.0,88.0,21570.0,재배치 추천,52.4,후순위,474,False,transfer,23906.667,1036.0,0.0,0.0,2.157,4.702,0.0,24935.808,c0910510,default,2026-05-25 05:07:53,
카페25 아이스카페라떼,구리3점,신림점,367.0,387.0,159.0,279.0,0.0,1370.0,28.61,27249.0,30886.0,121.0,27249.0,재배치 추천,52.4,후순위,475,False,transfer,24865.5,1424.8,0.0,0.461,2.725,3.089,0.0,26284.947,c0910510,default,2026-05-25 05:07:53,
유어스 닭가슴살샌드위치,구로점,강남점,394.0,354.0,108.0,108.0,0.0,2710.0,16.78,16602.0,30264.0,58.0,16602.0,재배치 추천,52.3,후순위,476,False,transfer,23577.0,3875.3,0.0,0.185,1.66,3.026,0.0,27447.799,c0910510,default,2026-05-25 05:07:53,
CJ 비비고 왕교자,의정부3점,잠실5점,397.0,392.0,189.0,354.0,0.0,5400.0,32.97,31173.0,150770.0,142.0,31173.0,재배치 추천,52.3,후순위,477,False,transfer,115020.0,5616.0,0.0,0.497,3.117,15.077,0.0,120618.302,c0910510,default,2026-05-25 05:07:53,
고메 치즈함박스테이크,여의도2점,신림점,394.0,374.0,108.0,348.0,0.0,4040.0,0.0,22836.0,73024.0,93.0,22836.0,재배치 추천,52.2,후순위,478,False,transfer,56358.0,5777.2,0.0,1.287,2.284,7.302,0.0,62126.901,c0910510,default,2026-05-25 05:07:53,
심플리쿡 리코타치즈샐러드,의정부7점,건대2점,389.0,369.0,93.0,213.0,0.0,3460.0,29.3,27870.0,82145.0,121.0,27870.0,재배치 추천,52.1,후순위,479,False,transfer,62799.0,5120.8,0.0,1.225,2.787,8.214,0.0,67910.024,c0910510,default,2026-05-25 05:07:53,
해태 홈런볼,왕십리점,구로점,342.0,362.0,144.0,144.0,0.0,2500.0,21.08,20472.0,36672.0,77.0,20472.0,재배치 추천,52.0,후순위,480,False,transfer,28875.0,2475.0,0.0,0.0,2.047,3.667,0.0,31344.286,c0910510,default,2026-05-25 05:07:53,
브레디크 소금버터롤,판교3점,분당3점,388.0,398.0,186.0,276.0,0.0,2090.0,0.0,39099.0,73054.0,184.0,39099.0,재배치 추천,51.9,후순위,481,False,transfer,57684.0,2110.9,0.0,0.322,3.91,7.305,0.0,59784.007,c0910510,default,2026-05-25 05:07:53,
카페25 헤이즐넛라떼,화성7점,성남6점,381.0,376.0,117.0,222.0,0.0,1510.0,49.28,45852.0,29170.0,104.0,29170.0,프로모션 추천,51.8,후순위,482,False,promotion,23556.0,1993.2,0.0,0.781,4.585,2.917,0.0,25542.479,c0910510,default,2026-05-25 05:07:53,
브레디크 모찌롤,건대점,구로점,383.0,363.0,111.0,231.0,0.0,2820.0,23.8,22920.0,46381.0,85.0,22920.0,재배치 추천,51.4,후순위,483,False,transfer,35955.0,3835.2,0.0,0.94,2.292,4.638,0.0,39784.209,c0910510,default,2026-05-25 05:07:53,
유어스 고르곤졸라피자,용인3점,사당점,371.0,396.0,267.0,342.0,0.0,2220.0,42.38,39642.0,77664.0,182.0,39642.0,재배치 추천,51.4,후순위,484,False,transfer,42106.416,1154.4,0.0,0.116,3.964,7.766,0.0,43249.201,c0910510,default,2026-05-25 05:07:53,
유어스 닭가슴살샌드위치,상암점,강남점,374.0,354.0,228.0,108.0,0.0,2710.0,18.98,18582.0,30532.0,58.0,18582.0,재배치 추천,51.2,후순위,485,False,transfer,19337.276,1978.3,0.0,0.0,1.858,3.053,0.0,21310.665,c0910510,default,2026-05-25 05:07:53,
매일 상하목장 우유,동대문점,명동점,387.0,347.0,99.0,219.0,0.0,1700.0,0.0,20010.0,20623.0,66.0,20010.0,재배치 추천,51.2,후순위,486,False,transfer,16830.0,2448.0,0.0,1.162,2.001,2.062,0.0,19275.099,c0910510,default,2026-05-25 05:07:53,
브레디크 모찌롤,강남점,이태원점,323.0,323.0,231.0,111.0,0.0,2820.0,0.0,18444.0,30718.0,56.0,18444.0,재배치 추천,51.1,후순위,487,False,transfer,16561.091,1297.2,0.0,0.0,1.844,3.072,0.0,17853.375,c0910510,default,2026-05-25 05:07:53,
카페25 헤이즐넛라떼,화성6점,성남6점,391.0,376.0,207.0,222.0,0.0,1510.0,50.17,46653.0,30405.0,104.0,30405.0,프로모션 추천,51.1,후순위,488,False,promotion,22247.333,1389.2,0.0,0.098,4.665,3.041,0.0,23628.925,c0910510,default,2026-05-25 05:07:53,
브레디크 소금버터롤,화성5점,분당3점,378.0,398.0,96.0,276.0,0.0,2090.0,43.61,40749.0,74842.0,184.0,40749.0,재배치 추천,51.0,후순위,489,False,transfer,57684.0,2946.9,0.0,1.248,4.075,7.484,0.0,60620.589,c0910510,default,2026-05-25 05:07:53,
혜자로운 집밥 제육볶음도시락,건대2점,고양3점,382.0,392.0,144.0,234.0,0.0,2650.0,32.5,30750.0,63174.0,125.0,30750.0,재배치 추천,50.9,후순위,490,False,transfer,49687.5,3153.5,0.0,0.489,3.075,6.317,0.0,52832.096,c0910510,default,2026-05-25 05:07:53,
오뚜기 컵피자,잠원점,목동점,388.0,308.0,126.0,246.0,0.0,4850.0,18.14,17826.0,46961.0,49.0,17826.0,재배치 추천,50.8,후순위,491,False,transfer,35647.5,6353.5,0.0,0.914,1.783,4.696,0.0,41995.435,c0910510,default,2026-05-25 05:07:53,
오뚜기 진라면컵,건대점,구로점,389.0,369.0,213.0,333.0,0.0,2630.0,23.8,22920.0,39354.0,78.0,22920.0,재배치 추천,50.8,후순위,492,False,transfer,28098.401,2314.4,0.0,0.359,2.292,3.935,0.0,30406.933,c0910510,default,2026-05-25 05:07:53,
브레디크 우유생크림빵,사당점,교대점,389.0,349.0,153.0,153.0,0.0,2390.0,0.0,26112.0,44689.0,97.0,26112.0,재배치 추천,50.8,후순위,493,False,transfer,34774.5,2820.2,0.0,0.131,2.611,4.469,0.0,37587.751,c0910510,default,2026-05-25 05:07:53,
포카리스웨트,문래점,목동점,379.0,359.0,243.0,243.0,0.0,1480.0,0.0,27723.0,28153.0,105.0,27723.0,재배치 추천,50.7,후순위,494,False,transfer,18177.963,1006.4,0.0,0.041,2.772,2.815,0.0,19178.817,c0910510,default,2026-05-25 05:07:53,
카페25 헤이즐넛라떼,화성7점,여의도4점,381.0,381.0,117.0,417.0,0.0,1510.0,49.79,46311.0,35060.0,125.0,35060.0,프로모션 추천,50.6,후순위,495,False,promotion,28312.5,1993.2,5436.0,1.171,4.631,3.506,0.0,35734.734,c0910510,default,2026-05-25 05:07:53,
카페25 아이스카페라떼,안양5점,안양3점,397.0,382.0,429.0,444.0,0.0,1370.0,0.0,45273.0,44090.0,178.0,44090.0,프로모션 추천,50.6,후순위,496,False,promotion,16925.248,0.0,8494.0,0.033,4.527,4.409,0.0,25410.344,c0910510,default,2026-05-25 05:07:53,
브레디크 모찌롤,구로점,강남점,363.0,323.0,231.0,231.0,0.0,2820.0,16.78,16602.0,20910.0,38.0,16602.0,재배치 추천,50.4,후순위,497,False,transfer,12629.571,1861.2,0.0,0.087,1.66,2.091,0.0,14487.107,c0910510,default,2026-05-25 05:07:53,
유어스 과일컵,의정부3점,사당점,378.0,383.0,156.0,411.0,0.0,3260.0,38.84,36456.0,95732.0,151.0,36456.0,재배치 추천,50.2,후순위,498,False,transfer,73839.0,3618.6,9128.0,0.746,3.646,9.573,0.0,86573.127,c0910510,default,2026-05-25 05:07:53,
오뚜기 진라면컵,건대점,신림점,389.0,329.0,213.0,93.0,0.0,2630.0,19.12,18708.0,23209.0,46.0,18708.0,재배치 추천,50.0,후순위,499,False,transfer,16570.852,2314.4,0.0,0.0,1.871,2.321,0.0,18881.06,c0910510,default,2026-05-25 05:07:53,
카페25 헤이즐넛라떼,화성6점,여의도4점,391.0,381.0,207.0,417.0,0.0,1510.0,50.45,46905.0,36545.0,125.0,36545.0,프로모션 추천,49.8,후순위,500,False,promotion,26739.583,1389.2,5436.0,0.488,4.691,3.655,0.0,33556.926,c0910510,default,2026-05-25 05:07:53,
