episode,loss,mean_reward_sample
1,2248.725852653297,42.63838593242346
50,54.785812307454655,42.62931338372323
100,17.25801389233817,39.57493369726741
150,22.48442873723284,47.76252427728595
200,31.41430643857113,47.1176969961106
250,19.693769297759854,43.0523949009298
300,27.506727137509515,44.20049618558849
350,18.04010579264901,39.624922985925934
400,19.024825426270816,42.4392452758744
450,13.276814005907102,40.70727012197405
500,17.26085420802967,40.75904163178966
