episode,loss,mean_reward_sample
1,2248.725852653297,42.63838593242346
50,98.07149751606075,42.62931338372323
100,48.43908527445257,39.57493369726741
150,29.511811758488893,47.76252427728595
200,9.388619238206024,47.1176969961106
250,2.4936769126014284,43.0523949009298
300,2.358976410098277,44.20049618558849
350,2.0487390026292718,39.624922985925934
400,5.660404329293764,42.4392452758744
450,2.97066006359199,40.70727012197405
500,3.3951481875049225,40.75904163178966
