episode,loss,mean_reward_sample
1,3679.4815546175337,47.51368095068586
50,55.3563964428865,52.480477619070356
100,45.97300503447197,45.35761399453406
150,47.00542380847459,47.26053117852666
200,43.130655884333706,42.90574746660378
250,32.9102216708888,39.898103792056645
300,18.925517037663262,58.39329041436426
350,17.562086936747384,52.883267879529015
400,23.41625936886053,51.541117145475006
450,14.826595980601509,54.34333572606944
500,22.244784520520703,50.667785781056864
