episode,loss,mean_reward_sample
1,1791.2084223237514,40.17092469452375
50,75.14315886127086,39.67879971970787
100,48.428984865315286,37.046526482519056
150,29.39156176436449,39.4588168134201
200,21.48904480856176,40.14568380761226
250,19.697571881478,37.46792941867214
300,25.526483270803023,39.124709169956276
350,9.138636972566312,35.73763878260363
400,12.970664517186847,42.78515265153299
450,8.991277508801293,40.01038839880959
500,9.893720083121554,34.557022025204816
