episode,loss,mean_reward_sample
1,1490.8634562001166,34.977309592765025
50,136.17057183818167,38.558985093979594
100,59.67623526085483,38.580892069168925
150,29.745169991577466,35.98275774382604
200,10.648796032009633,39.144070290032914
250,6.584177832395763,34.09447814358418
300,6.391221315603519,37.322441172497605
350,5.2079555620718,34.8781137884961
400,4.645818610114265,38.3090963025278
450,4.498487275117165,34.01039139020518
500,4.84554207767877,37.97718527247007
