episode,loss,mean_reward_sample
1,2074.0545491045136,40.10144414208676
12,1709.9914638647674,48.09375676588558
24,159.23391807645146,49.23572227268237
36,68.5750238273373,44.904211327043676
48,82.84338243560285,41.13556712209418
60,110.23133740971979,42.57913070654577
72,58.761910484048194,38.10036441020168
84,40.371844996164256,43.38155107673347
96,24.325708660791953,43.32796078493553
108,48.972247010137295,39.54683829290917
120,54.857498907252186,42.16307842290041
