episode,loss,mean_reward_sample
1,3425.9986634946354,52.23315747981606
50,125.96525308137231,44.422394164358614
100,91.65869787413243,47.335091173350534
150,67.91060691493422,45.16321891511025
200,83.79981192763492,46.81068536512498
250,94.83148055621614,44.9618255197725
300,97.76625919902591,47.26166091364094
350,76.40736928236592,52.054097333990164
400,63.75685007286223,41.05234359182621
450,62.504491216938966,42.662571385046085
500,79.85794131127079,50.21338912877549
