product_name,source_store,target_store,suggested_qty,final_recommendation,estimated_cost,reason,cost_score,quantity_score,strategy_score,reason_bonus,heuristic_score,heuristic_grade,_estimated_cost_numeric,_suggested_qty_numeric,greedy_rank,is_greedy_selected,greedy_reason,avg_daily_sales,unit_cost,stock_qty,expiry_days,category,avg_inventory,sales_7d,sales_30d,order_cost,disposal_cost_per_unit,disposal_cost,lead_time_days,demand_std,dead_stock_qty,abc_revenue_value,abc_grade,abc_cumulative_pct,abc_priority,abc_score,turnover_days,turnover_rate_annual,turnover_grade,turnover_score,turnover_risk_flag,disposal_risk_score,disposal_risk_grade,disposal_risk_reason,safety_stock,reorder_point,reorder_risk_score,reorder_status,reorder_advice,safety_stock_score,eoq_qty,eoq_order_cycle,eoq_total_cost,eoq_risk_score,eoq_status,eoq_advice,eoq_score,demand_forecast_7d,demand_forecast_daily,demand_forecast_upper,demand_forecast_lower,demand_trend,demand_stockout_days,demand_risk_score,demand_forecast_method,demand_forecast_score,match_score,match_score_demand,match_score_urgency,match_score_abc,match_score_cluster,match_score_dist,match_grade,match_reason,trend_rate,trend_score,trend_direction,aging_score,aging_grade,relocation_failure_score,relocation_failure_grade,expected_sales_increase_rate,discount_sensitivity_score,disposal_avoidance_profit,disposal_avoidance_score,newsvendor_critical_ratio,newsvendor_optimal_sl,newsvendor_score,is_fresh_product,topsis_score,topsis_rank,priority_queue_score,priority_queue_rank,service_level_score,service_level_current,service_level_gap,queue_capacity_score,transport_lp_score,assignment_action,assignment_score,multiobjective_rank,multiobjective_score,lp_allocation_score,sensitivity_score,dominant_factor,varo_score,varo_grade,varo_rank,varo_weight_breakdown,vhs2_scenario_labels,vhs2_weights,sit2_EXPIRY_URGENT,sit2_COLD_EXCESS,sit2_DEMAND_SURGE,sit2_HIGH_TRANSPORT,sit2_REORDER_RISK,sit2_STRESS,vhs2_group_재고위험,vhs2_group_판매가능성,vhs2_group_점포이동적합,vhs2_group_비용절감,vhs2_group_폐기회피이익,vhs2_group_실행가능성,mcdm_score,vhs2_raw,vhs2_history_correction,vhs2,vhs2_grade,vhs2_action,vhs2_action_icon,vhs2_rank,vhs2_confidence,vhs2_confidence_label,vhs2_confidence_color,vhs2_ci_lower,vhs2_ci_upper,vhs,vhs_grade,vhs_action,source_cluster,target_cluster,is_same_cluster,is_optimal_route,network_unit_cost,network_cost_score,direct_cost,via_cost,estimated_cost_transfer,direct_distance_km,via_distance_km,recommended_distance_km,recommended_time_min,sales_30d_transfer,source_dead_stock_qty,target_shortage_qty,greedy_action,dqn_recommended_action,dqn_expected_q,dqn_match_greedy,Q_재고 이동,Q_할인,Q_폐기,Q_보류
덴마크 드링킹요구르트,잠원점,선릉점,0.0,다중 경로 추천,2230.0,다중 연결 경로가 기존 직접/DC 경유 방식보다 비용이 낮습니다.,40.0,10.0,18,12,80.0,우선 추천,2230.0,,1,True,휴리스틱 점수가 가장 높아 Greedy 알고리즘에 의해 최적 후보로 선택됨,14.5,1280,275,2,냉장식품,275,102,435,12734,250,300,1,5.61,246,556800,A,0.6289681039557574,1,100.0,19.0,18.98,FAST,89.4,False,46.0,MEDIUM,유통기한 임박 | 신선/냉장 고위험 카테고리,9.3,23.8,0.0,SAFE,"재고 여유 — 현재고(275), 재주문점(24)",0.0,573.7,39.6,234968.0,42.9,UNDER,과소 발주 위험 — 현재(266개) < EOQ(574개). 발주량 증가 검토,42.9,101.8,14.54,23.8,5.29,STABLE,18.9,10.2,WMA,10.2,36.6,10.0,4.11,10.0,7.5,5.0,POOR,낮은 매칭 · 핵심(A)상품,1.005,50.1,STABLE,3.7,LOW,73.1,HIGH,0.3,30.0,51350.0,100.0,0.385,0.385,43.3,True,64.5,50,26.7,245,100.0,0.999,4.9,71.3,50.0,REALLOCATE,100.0,2,99.8,76.0,21.6,turnover,75.9,우선 처리,2,HEURISTIC 29% | ABC 14% | TURNOVER 14% | DISPOSAL_RISK 14% | SAFETY_STOCK 8% | EOQ 7% | DEMAND_FORECAST 7% | MATCH 5%,"['⏰ 유통기한 임박 (99%)', '❄️ 냉장·냉동 과잉 (61%)', '💸 배송비 상승 (100%)', '⚡ 복합 스트레스 (60%)']","{'재고위험': '25.3%', '판매가능성': '13.3%', '점포이동적합': '13.3%', '비용절감': '18.7%', '폐기회피이익': '14.5%', '실행가능성': '11.6%', '이력보정': '3.3%'}",True,True,False,True,False,True,62.9,28.8,53.9,65.4,72.0,50.0,80.4,55.4,0.0,97.6,최적,보류,⏸️,3,HIGH,신뢰도 높음 ●,#2e7d32,,,97.6,최적,보류,0,0,True,False,,50.0,5721.0,19713.0,5721.0,4.69,18.57,4.69,9.0,435.0,246.0,51.0,재고 이동,재고 이동,73.809,일치,73.809,48.458,25.616,16.827
카페25 아이스아메리카노,평촌4점,군포4점,0.0,다중 경로 추천,3360.0,다중 연결 경로가 기존 직접/DC 경유 방식보다 비용이 낮습니다.,39.35833735555492,10.0,18,12,79.4,우선 추천,3360.0,,2,False,Greedy 선택 후보보다 우선순위가 낮음,2.1,1210,279,7,김밥,279,15,63,6975,200,350,3,3.68,264,76230,C,0.987055427709805,3,20.0,132.9,2.71,DEAD,26.2,True,60.0,HIGH,유통기한 임박 | 소진일수 133일 초과,10.5,16.8,0.0,SAFE,"재고 여유 — 현재고(279), 재주문점(17)",0.0,210.2,100.1,50869.0,27.7,OPTIMAL,"적정 발주 — EOQ(210개), 권장 발주 주기 100일",27.7,14.9,2.13,8.2,0.0,STABLE,131.1,0.0,WMA,0.0,33.9,10.0,8.4,3.0,7.5,5.0,POOR,낮은 매칭 · 폐기위험 높음,1.02,50.5,STABLE,25.8,LOW,55.6,MEDIUM,0.3,30.0,46200.0,92.4,0.385,0.385,38.7,False,21.3,479,36.2,76,100.0,0.999,4.9,70.6,50.0,REALLOCATE,99.9,2,99.8,72.1,40.8,disposal_risk,42.3,모니터링,296,HEURISTIC 29% | ABC 14% | TURNOVER 14% | DISPOSAL_RISK 14% | SAFETY_STOCK 8% | EOQ 7% | DEMAND_FORECAST 7% | MATCH 5%,"['⏰ 유통기한 임박 (99%)', '❄️ 냉장·냉동 과잉 (61%)', '💸 배송비 상승 (100%)', '⚡ 복합 스트레스 (60%)']","{'재고위험': '25.3%', '판매가능성': '13.3%', '점포이동적합': '13.3%', '비용절감': '18.7%', '폐기회피이익': '14.5%', '실행가능성': '11.6%', '이력보정': '3.3%'}",True,True,False,True,False,True,40.4,22.9,54.6,62.8,67.4,50.0,56.6,47.8,0.0,12.3,검토,할인 판매,🏷️,461,HIGH,신뢰도 높음 ●,#2e7d32,,,12.3,검토,할인 판매,0,1,False,False,,50.0,6666.0,50115.0,6666.0,5.74,52.35,5.74,11.0,63.0,264.0,64.0,재고 이동,재고 이동,61.916,일치,61.916,41.445,22.585,14.305
롯데 카스타드,신촌2점,용산점,0.0,다중 경로 추천,3400.0,다중 연결 경로가 기존 직접/DC 경유 방식보다 비용이 낮습니다.,39.33562363362766,10.0,18,12,79.3,우선 추천,3400.0,,3,False,Greedy 선택 후보보다 우선순위가 낮음,3.5,1650,265,7,김밥,265,24,105,5374,300,350,3,1.53,240,173250,A,0.6969593137214927,1,100.0,75.7,4.75,SLOW,57.9,True,52.9,MEDIUM,유통기한 임박 | 소진일수 76일 초과,4.4,14.9,0.0,SAFE,"재고 여유 — 현재고(265), 재주문점(15)",0.0,204.0,58.3,67313.0,27.7,OPTIMAL,"적정 발주 — EOQ(204개), 권장 발주 주기 58일",27.7,24.2,3.46,5.98,0.93,STABLE,76.7,0.0,WMA,0.0,36.1,10.0,3.6,10.0,7.5,5.0,POOR,낮은 매칭 · 핵심(A)상품,0.98,49.5,STABLE,15.2,LOW,55.6,MEDIUM,0.3,30.0,65000.0,100.0,0.385,0.385,38.7,False,17.6,495,31.1,156,100.0,0.999,4.9,77.4,50.0,REALLOCATE,99.7,2,99.8,75.9,24.5,disposal_risk,62.5,검토 필요,34,HEURISTIC 29% | ABC 14% | TURNOVER 14% | DISPOSAL_RISK 14% | SAFETY_STOCK 8% | EOQ 7% | DEMAND_FORECAST 7% | MATCH 5%,"['⏰ 유통기한 임박 (99%)', '❄️ 냉장·냉동 과잉 (61%)', '💸 배송비 상승 (100%)', '⚡ 복합 스트레스 (60%)']","{'재고위험': '25.3%', '판매가능성': '13.3%', '점포이동적합': '13.3%', '비용절감': '18.7%', '폐기회피이익': '14.5%', '실행가능성': '11.6%', '이력보정': '3.3%'}",True,True,False,True,False,True,57.7,22.6,55.2,62.8,72.0,50.0,54.6,52.9,0.0,85.7,최적,보류,⏸️,67,HIGH,신뢰도 높음 ●,#2e7d32,,,85.7,최적,보류,0,0,True,False,,50.0,6405.0,22791.0,6405.0,5.45,21.990000000000002,5.45,11.0,105.0,240.0,220.0,재고 이동,재고 이동,78.426,일치,78.426,51.212,26.952,17.574
게토레이 레몬,신촌2점,용산점,0.0,다중 경로 추천,3400.0,다중 연결 경로가 기존 직접/DC 경유 방식보다 비용이 낮습니다.,39.33562363362766,10.0,18,12,79.3,우선 추천,3400.0,,4,False,Greedy 선택 후보보다 우선순위가 낮음,2.9,1190,271,6,냉장식품,271,20,87,4276,200,300,3,4.04,253,103530,B,0.8150251138690287,2,60.0,93.4,3.85,DEAD,48.1,True,68.0,HIGH,유통기한 임박 | 소진일수 93일 초과 | 신선/냉장 고위험 카테고리,11.5,20.2,0.0,SAFE,"재고 여유 — 현재고(271), 재주문점(20)",0.0,154.2,53.2,58712.0,68.3,OVER,과잉 발주 위험 — 현재(260개) > EOQ(154개). 발주 주기 53일 권장,68.3,20.1,2.87,9.54,0.0,STABLE,94.4,0.0,WMA,0.0,36.9,10.0,8.4,6.0,7.5,5.0,POOR,낮은 매칭 · 폐기위험 높음,0.985,49.6,STABLE,18.5,LOW,59.1,MEDIUM,0.3,30.0,45440.0,90.9,0.385,0.385,38.7,True,25.9,402,38.2,36,100.0,0.999,4.9,77.4,50.0,REALLOCATE,99.6,2,99.8,71.3,36.8,disposal_risk,60.8,검토 필요,42,HEURISTIC 29% | ABC 14% | TURNOVER 14% | DISPOSAL_RISK 14% | SAFETY_STOCK 8% | EOQ 7% | DEMAND_FORECAST 7% | MATCH 5%,"['⏰ 유통기한 임박 (99%)', '❄️ 냉장·냉동 과잉 (61%)', '💸 배송비 상승 (100%)', '⚡ 복합 스트레스 (60%)']","{'재고위험': '25.3%', '판매가능성': '13.3%', '점포이동적합': '13.3%', '비용절감': '18.7%', '폐기회피이익': '14.5%', '실행가능성': '11.6%', '이력보정': '3.3%'}",True,True,False,True,False,True,55.9,22.6,57.0,68.9,66.5,50.0,59.2,53.0,0.0,87.7,최적,할인 판매,🏷️,56,HIGH,신뢰도 높음 ●,#2e7d32,,,87.7,최적,할인 판매,0,0,True,False,,50.0,6405.0,22791.0,6405.0,5.45,21.990000000000002,5.45,11.0,87.0,253.0,196.0,재고 이동,재고 이동,79.616,일치,79.616,52.516,27.97,17.913
브레디크 우유생크림빵,신촌2점,용산점,0.0,다중 경로 추천,3400.0,다중 연결 경로가 기존 직접/DC 경유 방식보다 비용이 낮습니다.,39.33562363362766,10.0,18,12,79.3,우선 추천,3400.0,,5,False,Greedy 선택 후보보다 우선순위가 낮음,2.3,2390,277,5,우유,277,16,69,6239,400,250,4,7.71,265,164910,A,0.6660533387920988,1,100.0,120.4,2.99,DEAD,33.1,True,60.0,HIGH,유통기한 임박 | 소진일수 120일 초과,25.4,34.6,0.0,SAFE,"재고 여유 — 현재고(277), 재주문점(35)",0.0,148.0,64.3,70761.0,70.0,OVER,과잉 발주 위험 — 현재(252개) > EOQ(148개). 발주 주기 64일 권장,70.0,16.0,2.29,15.01,0.0,STABLE,121.2,0.0,WMA,0.0,40.9,10.0,8.4,10.0,7.5,5.0,FAIR,보통 매칭 · 폐기위험 높음 · 핵심(A)상품,0.994,49.8,STABLE,23.6,LOW,62.6,MEDIUM,0.3,30.0,94640.0,100.0,0.385,0.385,38.6,True,22.5,466,37.0,59,100.0,0.999,4.9,77.4,50.0,REALLOCATE,99.5,2,99.8,75.9,24.1,disposal_risk,63.6,검토 필요,29,HEURISTIC 29% | ABC 14% | TURNOVER 14% | DISPOSAL_RISK 14% | SAFETY_STOCK 8% | EOQ 7% | DEMAND_FORECAST 7% | MATCH 5%,"['⏰ 유통기한 임박 (99%)', '❄️ 냉장·냉동 과잉 (61%)', '💸 배송비 상승 (100%)', '⚡ 복합 스트레스 (60%)']","{'재고위험': '25.3%', '판매가능성': '13.3%', '점포이동적합': '13.3%', '비용절감': '18.7%', '폐기회피이익': '14.5%', '실행가능성': '11.6%', '이력보정': '3.3%'}",True,True,False,True,False,True,54.3,22.7,58.5,69.1,72.0,50.0,57.3,53.7,0.0,93.0,최적,할인 판매,🏷️,28,HIGH,신뢰도 높음 ●,#2e7d32,,,93.0,최적,할인 판매,0,0,True,False,,50.0,6405.0,22791.0,6405.0,5.45,21.990000000000002,5.45,11.0,69.0,265.0,172.0,재고 이동,재고 이동,79.224,일치,79.224,52.124,27.625,17.822
유어스 국물떡볶이,선릉점,건대점,0.0,다중 경로 추천,3400.0,다중 연결 경로가 기존 직접/DC 경유 방식보다 비용이 낮습니다.,39.33562363362766,10.0,18,12,79.3,우선 추천,3400.0,,6,False,Greedy 선택 후보보다 우선순위가 낮음,11.1,3110,259,1,김밥,259,78,333,15425,400,350,3,3.25,247,1035630,A,0.1118789381447873,1,100.0,23.3,15.43,FAST,87.1,False,38.0,LOW,유통기한 임박,9.3,42.6,0.0,SAFE,"재고 여유 — 현재고(259), 재주문점(43)",0.0,448.3,40.4,278824.0,35.4,UNDER,과소 발주 위험 — 현재(250개) < EOQ(448개). 발주량 증가 검토,35.4,77.9,11.13,16.49,5.77,STABLE,23.3,8.1,WMA,8.1,32.9,10.0,0.4,10.0,7.5,5.0,POOR,낮은 매칭 · 핵심(A)상품,1.004,50.1,STABLE,4.5,LOW,76.6,HIGH,0.3,30.0,120560.0,100.0,0.385,0.385,38.7,False,54.5,90,22.7,374,100.0,0.999,4.9,55.4,50.0,REALLOCATE,99.3,2,99.8,75.9,20.7,turnover,69.2,검토 필요,8,HEURISTIC 29% | ABC 14% | TURNOVER 14% | DISPOSAL_RISK 14% | SAFETY_STOCK 8% | EOQ 7% | DEMAND_FORECAST 7% | MATCH 5%,"['⏰ 유통기한 임박 (99%)', '❄️ 냉장·냉동 과잉 (61%)', '💸 배송비 상승 (100%)', '⚡ 복합 스트레스 (60%)']","{'재고위험': '25.3%', '판매가능성': '13.3%', '점포이동적합': '13.3%', '비용절감': '18.7%', '폐기회피이익': '14.5%', '실행가능성': '11.6%', '이력보정': '3.3%'}",True,True,False,True,False,True,58.7,26.8,49.9,63.9,72.0,50.0,74.9,53.2,0.0,90.0,최적,보류,⏸️,44,HIGH,신뢰도 높음 ●,#2e7d32,,,90.0,최적,보류,0,1,False,False,,50.0,7143.0,24438.0,7143.0,6.27,23.82,6.27,13.0,333.0,247.0,64.0,재고 이동,재고 이동,71.86,일치,71.86,47.102,24.888,16.37
유어스 샐러드랩,종로점,청량리점,0.0,다중 경로 추천,3620.0,다중 연결 경로가 기존 직접/DC 경유 방식보다 비용이 낮습니다.,39.21069816302774,10.0,18,12,79.2,우선 추천,3620.0,,7,False,Greedy 선택 후보보다 우선순위가 낮음,6.2,2800,258,1,신선식품,258,43,186,8871,500,300,2,8.1,251,520800,A,0.4955087509106965,1,100.0,41.6,8.65,NORMAL,76.9,False,53.8,MEDIUM,유통기한 임박 | 신선/냉장 고위험 카테고리,18.9,31.3,0.0,SAFE,"재고 여유 — 현재고(258), 재주문점(31)",0.0,202.4,32.6,198361.0,18.1,OPTIMAL,"적정 발주 — EOQ(202개), 권장 발주 주기 33일",18.1,43.2,6.17,19.54,0.0,STABLE,41.8,2.4,WMA,2.4,36.2,10.0,3.72,10.0,7.5,5.0,POOR,낮은 매칭 · 핵심(A)상품,0.991,49.8,STABLE,8.3,LOW,76.6,HIGH,0.3,30.0,112180.0,100.0,0.385,0.385,39.4,True,26.5,389,30.0,176,100.0,0.999,4.9,74.3,50.0,REALLOCATE,99.2,2,99.8,75.8,22.3,turnover,67.9,검토 필요,14,HEURISTIC 29% | ABC 14% | TURNOVER 14% | DISPOSAL_RISK 14% | SAFETY_STOCK 8% | EOQ 7% | DEMAND_FORECAST 7% | MATCH 5%,"['⏰ 유통기한 임박 (99%)', '❄️ 냉장·냉동 과잉 (61%)', '💸 배송비 상승 (100%)', '⚡ 복합 스트레스 (60%)']","{'재고위험': '25.3%', '판매가능성': '13.3%', '점포이동적합': '13.3%', '비용절감': '18.7%', '폐기회피이익': '14.5%', '실행가능성': '11.6%', '이력보정': '3.3%'}",True,True,False,True,False,True,63.1,24.0,54.7,61.3,72.0,50.0,59.5,54.1,0.0,95.0,최적,보류,⏸️,17,HIGH,신뢰도 높음 ●,#2e7d32,,,95.0,최적,보류,1,0,False,False,,50.0,7413.0,24060.0,7413.0,6.57,23.4,6.57,13.0,186.0,251.0,158.0,재고 이동,재고 이동,77.169,일치,77.169,50.436,26.571,17.388
농심 육개장사발면,명동점,신촌점,0.0,다중 경로 추천,3800.0,다중 연결 경로가 기존 직접/DC 경유 방식보다 비용이 낮습니다.,39.10848641435507,10.0,18,12,79.1,우선 추천,3800.0,,8,False,Greedy 선택 후보보다 우선순위가 낮음,8.3,1790,277,1,김밥,278,58,249,5151,400,350,3,1.72,268,445710,A,0.6821352269094287,1,100.0,33.4,10.75,NORMAL,81.4,False,39.7,LOW,유통기한 임박,4.9,29.8,0.0,SAFE,"재고 여유 — 현재고(277), 재주문점(30)",0.0,295.3,35.6,105703.0,6.3,OPTIMAL,"적정 발주 — EOQ(295개), 권장 발주 주기 36일",6.3,58.0,8.29,11.12,5.45,STABLE,33.4,3.5,WMA,3.5,32.7,10.0,0.18,10.0,7.5,5.0,POOR,낮은 매칭 · 핵심(A)상품,0.998,50.0,STABLE,6.5,LOW,76.6,HIGH,0.3,30.0,72640.0,100.0,0.385,0.385,38.7,False,27.7,360,23.4,367,100.0,0.999,4.9,77.9,50.0,REALLOCATE,99.1,2,99.8,75.8,20.9,turnover,63.2,검토 필요,30,HEURISTIC 29% | ABC 14% | TURNOVER 14% | DISPOSAL_RISK 14% | SAFETY_STOCK 8% | EOQ 7% | DEMAND_FORECAST 7% | MATCH 5%,"['⏰ 유통기한 임박 (99%)', '❄️ 냉장·냉동 과잉 (61%)', '💸 배송비 상승 (100%)', '⚡ 복합 스트레스 (60%)']","{'재고위험': '25.3%', '판매가능성': '13.3%', '점포이동적합': '13.3%', '비용절감': '18.7%', '폐기회피이익': '14.5%', '실행가능성': '11.6%', '이력보정': '3.3%'}",True,True,False,True,False,True,57.9,24.5,52.2,59.4,72.0,50.0,60.1,52.2,0.0,76.4,권장,보류,⏸️,117,HIGH,신뢰도 높음 ●,#2e7d32,,,76.4,권장,보류,1,0,False,False,,50.0,7350.0,24825.0,7350.0,6.5,24.25,6.5,13.0,249.0,268.0,182.0,재고 이동,재고 이동,76.35,일치,76.35,49.606,26.001,17.103
브레디크 모찌롤,명동점,신촌점,0.0,다중 경로 추천,3800.0,다중 연결 경로가 기존 직접/DC 경유 방식보다 비용이 낮습니다.,39.10848641435507,10.0,18,12,79.1,우선 추천,3800.0,,9,False,Greedy 선택 후보보다 우선순위가 낮음,6.1,2820,269,2,냉장식품,274,43,183,7402,400,300,5,2.12,256,516060,A,0.5672473792465825,1,100.0,44.1,8.01,NORMAL,75.5,False,53.0,MEDIUM,유통기한 임박 | 신선/냉장 고위험 카테고리,7.8,38.3,0.0,SAFE,"재고 여유 — 현재고(269), 재주문점(38)",0.0,191.1,31.3,172465.0,36.7,OPTIMAL,"적정 발주 — EOQ(191개), 권장 발주 주기 31일",36.7,42.9,6.13,9.63,2.63,STABLE,43.9,2.1,WMA,2.1,36.2,10.0,3.7,10.0,7.5,5.0,POOR,낮은 매칭 · 핵심(A)상품,1.007,50.2,STABLE,8.6,LOW,73.1,HIGH,0.3,30.0,109720.0,100.0,0.385,0.385,38.6,True,24.6,435,29.8,177,100.0,0.999,4.9,77.9,50.0,REALLOCATE,98.9,2,99.8,75.8,22.6,turnover,68.3,검토 필요,12,HEURISTIC 29% | ABC 14% | TURNOVER 14% | DISPOSAL_RISK 14% | SAFETY_STOCK 8% | EOQ 7% | DEMAND_FORECAST 7% | MATCH 5%,"['⏰ 유통기한 임박 (99%)', '❄️ 냉장·냉동 과잉 (61%)', '💸 배송비 상승 (100%)', '⚡ 복합 스트레스 (60%)']","{'재고위험': '25.3%', '판매가능성': '13.3%', '점포이동적합': '13.3%', '비용절감': '18.7%', '폐기회피이익': '14.5%', '실행가능성': '11.6%', '이력보정': '3.3%'}",True,True,False,True,False,True,62.4,23.8,55.0,64.0,72.0,50.0,58.4,54.5,0.0,96.3,최적,보류,⏸️,10,HIGH,신뢰도 높음 ●,#2e7d32,,,96.3,최적,보류,1,0,False,False,,50.0,7350.0,24825.0,7350.0,6.5,24.25,6.5,13.0,183.0,256.0,124.0,재고 이동,재고 이동,76.886,일치,76.886,50.404,26.632,17.379
서울우유 요구르트,용산점,합정점,0.0,다중 경로 추천,3930.0,다중 연결 경로가 기존 직접/DC 경유 방식보다 비용이 낮습니다.,39.03466681809148,10.0,18,12,79.0,우선 추천,3930.0,,10,False,Greedy 선택 후보보다 우선순위가 낮음,4.1,970,279,1,우유,279,29,123,9042,400,250,1,1.52,274,119310,C,0.9746620764751487,3,20.0,68.0,5.29,SLOW,62.2,True,57.0,MEDIUM,유통기한 임박 | 소진일수 68일 초과,2.5,6.6,0.0,SAFE,"재고 여유 — 현재고(279), 재주문점(7)",0.0,373.5,91.1,72458.0,20.8,OPTIMAL,"적정 발주 — EOQ(374개), 권장 발주 주기 91일",20.8,28.9,4.13,6.64,1.62,STABLE,67.6,0.0,WMA,0.0,29.1,10.0,3.6,3.0,7.5,5.0,POOR,낮은 매칭,1.01,50.3,STABLE,13.2,LOW,76.6,HIGH,0.3,30.0,42990.0,86.0,0.385,0.385,43.5,True,19.1,490,30.9,161,100.0,0.999,4.9,77.9,50.0,REALLOCATE,98.8,2,99.8,68.8,37.4,disposal_risk,47.1,모니터링,224,HEURISTIC 29% | ABC 14% | TURNOVER 14% | DISPOSAL_RISK 14% | SAFETY_STOCK 8% | EOQ 7% | DEMAND_FORECAST 7% | MATCH 5%,"['⏰ 유통기한 임박 (99%)', '❄️ 냉장·냉동 과잉 (61%)', '💸 배송비 상승 (100%)', '⚡ 복합 스트레스 (60%)']","{'재고위험': '25.3%', '판매가능성': '13.3%', '점포이동적합': '13.3%', '비용절감': '18.7%', '폐기회피이익': '14.5%', '실행가능성': '11.6%', '이력보정': '3.3%'}",True,True,False,True,False,True,48.6,23.8,52.1,61.6,63.6,50.0,55.4,48.9,0.0,19.9,검토,보류,⏸️,420,HIGH,신뢰도 높음 ●,#2e7d32,,,19.9,검토,보류,0,0,True,False,,50.0,8484.0,25284.0,8484.0,7.76,24.76,7.76,16.0,123.0,274.0,194.0,재고 이동,재고 이동,72.659,일치,72.659,47.765,25.453,16.354
유어스 스트링치즈,용산점,합정점,0.0,다중 경로 추천,3930.0,다중 연결 경로가 기존 직접/DC 경유 방식보다 비용이 낮습니다.,39.03466681809148,10.0,18,12,79.0,우선 추천,3930.0,,11,False,Greedy 선택 후보보다 우선순위가 낮음,2.2,780,268,6,도시락,268,15,66,11942,250,350,2,5.99,254,51480,B,0.9299891207098091,2,60.0,121.8,2.96,DEAD,32.3,True,60.0,HIGH,유통기한 임박 | 소진일수 122일 초과,14.0,18.4,0.0,SAFE,"재고 여유 — 현재고(268), 재주문점(18)",0.0,350.6,159.4,54698.0,22.0,OPTIMAL,"적정 발주 — EOQ(351개), 권장 발주 주기 159일",22.0,15.2,2.17,12.05,0.0,STABLE,123.4,0.0,WMA,0.0,36.9,10.0,8.4,6.0,7.5,5.0,POOR,낮은 매칭 · 폐기위험 높음,0.974,49.4,STABLE,24.3,LOW,59.1,MEDIUM,0.3,30.0,31650.0,63.3,0.385,0.385,39.4,True,21.7,475,36.4,72,100.0,0.999,4.9,77.9,50.0,REALLOCATE,98.7,2,99.8,57.4,39.1,disposal_risk,51.2,모니터링,169,HEURISTIC 29% | ABC 14% | TURNOVER 14% | DISPOSAL_RISK 14% | SAFETY_STOCK 8% | EOQ 7% | DEMAND_FORECAST 7% | MATCH 5%,"['⏰ 유통기한 임박 (99%)', '❄️ 냉장·냉동 과잉 (61%)', '💸 배송비 상승 (100%)', '⚡ 복합 스트레스 (60%)']","{'재고위험': '25.3%', '판매가능성': '13.3%', '점포이동적합': '13.3%', '비용절감': '18.7%', '폐기회피이익': '14.5%', '실행가능성': '11.6%', '이력보정': '3.3%'}",True,True,False,True,False,True,48.1,22.7,56.7,61.8,50.0,50.0,56.8,47.3,0.0,9.3,검토,할인 판매,🏷️,477,HIGH,신뢰도 높음 ●,#2e7d32,,,9.3,검토,할인 판매,0,0,True,False,,50.0,8484.0,25284.0,8484.0,7.76,24.76,7.76,16.0,66.0,254.0,148.0,재고 이동,재고 이동,69.478,일치,69.478,45.848,24.438,15.784
고메 치즈함박스테이크,명동점,청량리점,0.0,다중 경로 추천,3990.0,다중 연결 경로가 기존 직접/DC 경유 방식보다 비용이 낮습니다.,39.00059623520059,10.0,18,12,79.0,우선 추천,3990.0,,12,False,Greedy 선택 후보보다 우선순위가 낮음,5.8,4040,272,5,신선식품,272,41,174,13605,300,300,1,0.84,243,702960,A,0.15096753255459308,1,100.0,46.9,7.68,NORMAL,73.9,False,48.4,MEDIUM,유통기한 임박 | 신선/냉장 고위험 카테고리,1.4,7.2,0.0,SAFE,"재고 여유 — 현재고(272), 재주문점(7)",0.0,201.8,34.8,285397.0,34.1,OPTIMAL,"적정 발주 — EOQ(202개), 권장 발주 주기 35일",34.1,40.8,5.83,7.21,4.44,STABLE,46.7,1.8,WMA,1.8,36.2,10.0,3.69,10.0,7.5,5.0,POOR,낮은 매칭 · 핵심(A)상품,1.01,50.2,STABLE,9.1,LOW,62.6,MEDIUM,0.3,30.0,150450.0,100.0,0.385,0.385,43.2,True,20.9,482,28.0,213,100.0,0.999,4.9,74.3,50.0,REALLOCATE,98.5,2,99.8,75.8,22.9,turnover,66.1,검토 필요,20,HEURISTIC 29% | ABC 14% | TURNOVER 14% | DISPOSAL_RISK 14% | SAFETY_STOCK 8% | EOQ 7% | DEMAND_FORECAST 7% | MATCH 5%,"['⏰ 유통기한 임박 (99%)', '❄️ 냉장·냉동 과잉 (61%)', '💸 배송비 상승 (100%)', '⚡ 복합 스트레스 (60%)']","{'재고위험': '25.3%', '판매가능성': '13.3%', '점포이동적합': '13.3%', '비용절감': '18.7%', '폐기회피이익': '14.5%', '실행가능성': '11.6%', '이력보정': '3.3%'}",True,True,False,True,False,True,59.9,24.6,54.3,63.6,72.0,50.0,56.4,53.8,0.0,93.5,최적,보류,⏸️,25,HIGH,신뢰도 높음 ●,#2e7d32,,,93.5,최적,보류,1,0,False,False,,50.0,7944.0,23538.0,7944.0,7.16,22.82,7.16,14.0,174.0,243.0,47.0,재고 이동,재고 이동,70.726,일치,70.726,46.558,24.679,16.188
혜자로운 햄구이도시락,신촌점,종로점,0.0,다중 경로 추천,4010.0,다중 연결 경로가 기존 직접/DC 경유 방식보다 비용이 낮습니다.,38.98923937423696,10.0,18,12,79.0,우선 추천,4010.0,,13,False,Greedy 선택 후보보다 우선순위가 낮음,13.1,3650,259,2,김밥,259,92,393,5102,400,350,5,2.38,232,1434450,A,0.061498881731707665,1,100.0,19.8,18.21,FAST,89.0,False,38.0,LOW,유통기한 임박,8.8,74.3,3.6,SAFE,"재고 여유 — 현재고(259), 재주문점(74)",3.6,258.5,19.7,188725.0,2.6,OPTIMAL,"적정 발주 — EOQ(258개), 권장 발주 주기 20일",2.6,91.9,13.13,17.06,9.2,STABLE,19.7,9.8,WMA,9.8,33.0,10.0,0.49,10.0,7.5,5.0,POOR,낮은 매칭 · 핵심(A)상품,1.003,50.1,STABLE,3.8,LOW,73.1,HIGH,0.3,30.0,139390.0,100.0,0.385,0.385,38.6,False,61.2,66,22.7,374,100.0,0.999,4.9,58.9,50.0,REALLOCATE,98.4,2,99.8,75.8,22.3,turnover,76.1,우선 처리,1,HEURISTIC 29% | ABC 14% | TURNOVER 14% | DISPOSAL_RISK 14% | SAFETY_STOCK 8% | EOQ 7% | DEMAND_FORECAST 7% | MATCH 5%,"['⏰ 유통기한 임박 (99%)', '❄️ 냉장·냉동 과잉 (61%)', '💸 배송비 상승 (100%)', '⚡ 복합 스트레스 (60%)']","{'재고위험': '25.3%', '판매가능성': '13.3%', '점포이동적합': '13.3%', '비용절감': '18.7%', '폐기회피이익': '14.5%', '실행가능성': '11.6%', '이력보정': '3.3%'}",True,True,False,True,False,True,59.2,27.6,50.3,58.8,72.0,50.0,78.6,52.6,0.0,82.3,최적,보류,⏸️,85,HIGH,신뢰도 높음 ●,#2e7d32,,,82.3,최적,보류,0,1,False,False,,50.0,7944.0,25347.0,7944.0,7.16,24.83,7.16,14.0,393.0,232.0,234.0,재고 이동,재고 이동,77.499,일치,77.499,50.266,26.31,17.314
유어스 스파클링 레몬,여의도3점,홍대5점,0.0,다중 경로 추천,4010.0,다중 연결 경로가 기존 직접/DC 경유 방식보다 비용이 낮습니다.,38.98923937423696,10.0,18,12,79.0,우선 추천,4010.0,,14,False,Greedy 선택 후보보다 우선순위가 낮음,9.7,1100,263,1,냉장식품,263,68,291,6854,100,300,3,8.17,253,320100,C,0.9678109295193111,3,20.0,27.1,13.28,FAST,84.9,False,46.0,MEDIUM,유통기한 임박 | 신선/냉장 고위험 카테고리,23.3,52.4,0.0,SAFE,"재고 여유 — 현재고(263), 재주문점(52)",0.0,371.3,38.3,130705.0,28.4,OPTIMAL,"적정 발주 — EOQ(371개), 권장 발주 주기 38일",28.4,68.0,9.71,23.19,0.0,STABLE,27.1,6.4,WMA,6.4,29.4,10.0,3.92,3.0,7.5,5.0,POOR,낮은 매칭,1.001,50.0,STABLE,5.3,LOW,76.6,HIGH,0.3,30.0,38590.0,77.2,0.385,0.385,38.7,True,47.6,105,25.2,324,100.0,0.999,4.9,74.7,50.0,REALLOCATE,98.3,2,99.8,64.4,32.7,turnover,53.6,모니터링,129,HEURISTIC 29% | ABC 14% | TURNOVER 14% | DISPOSAL_RISK 14% | SAFETY_STOCK 8% | EOQ 7% | DEMAND_FORECAST 7% | MATCH 5%,"['⏰ 유통기한 임박 (99%)', '❄️ 냉장·냉동 과잉 (61%)', '💸 배송비 상승 (100%)', '⚡ 복합 스트레스 (60%)']","{'재고위험': '25.3%', '판매가능성': '13.3%', '점포이동적합': '13.3%', '비용절감': '18.7%', '폐기회피이익': '14.5%', '실행가능성': '11.6%', '이력보정': '3.3%'}",True,True,False,True,False,True,49.7,25.9,50.7,62.7,58.3,50.0,71.1,48.7,0.0,18.2,검토,보류,⏸️,429,HIGH,신뢰도 높음 ●,#2e7d32,,,18.2,검토,보류,2,0,False,False,,50.0,8070.0,19119.0,8070.0,7.3,17.91,7.3,15.0,291.0,253.0,118.0,재고 이동,재고 이동,68.922,일치,68.922,45.372,24.192,15.675
카페25 헤이즐넛라떼,방배점,이태원점,0.0,다중 경로 추천,4060.0,다중 연결 경로가 기존 직접/DC 경유 방식보다 비용이 낮습니다.,38.96084722182789,10.0,18,12,79.0,우선 추천,4060.0,,15,False,Greedy 선택 후보보다 우선순위가 낮음,6.7,1510,273,3,우유,273,47,201,7920,150,250,5,4.21,252,303510,A,0.7529074215391148,1,100.0,40.7,8.84,NORMAL,77.4,False,43.4,MEDIUM,유통기한 임박,15.5,49.0,0.0,SAFE,"재고 여유 — 현재고(273), 재주문점(49)",0.0,358.1,53.4,108160.0,22.5,OPTIMAL,"적정 발주 — EOQ(358개), 권장 발주 주기 53일",22.5,47.0,6.71,13.66,0.0,STABLE,40.7,2.6,WMA,2.6,36.2,10.0,3.73,10.0,7.5,5.0,POOR,낮은 매칭 · 핵심(A)상품,1.002,50.1,STABLE,7.9,LOW,69.6,MEDIUM,0.3,30.0,54800.0,100.0,0.385,0.385,38.6,True,23.4,453,25.8,290,100.0,0.999,4.9,71.0,50.0,REALLOCATE,98.1,2,99.8,75.8,22.3,turnover,65.0,검토 필요,25,HEURISTIC 29% | ABC 14% | TURNOVER 14% | DISPOSAL_RISK 14% | SAFETY_STOCK 8% | EOQ 7% | DEMAND_FORECAST 7% | MATCH 5%,"['⏰ 유통기한 임박 (99%)', '❄️ 냉장·냉동 과잉 (61%)', '💸 배송비 상승 (100%)', '⚡ 복합 스트레스 (60%)']","{'재고위험': '25.3%', '판매가능성': '13.3%', '점포이동적합': '13.3%', '비용절감': '18.7%', '폐기회피이익': '14.5%', '실행가능성': '11.6%', '이력보정': '3.3%'}",True,True,False,True,False,True,58.5,24.0,53.6,61.8,72.0,50.0,57.8,52.9,0.0,86.1,최적,보류,⏸️,65,HIGH,신뢰도 높음 ●,#2e7d32,,,86.1,최적,보류,2,1,False,False,,50.0,8421.0,20667.0,8421.0,7.69,19.63,7.69,15.0,201.0,252.0,198.0,재고 이동,재고 이동,77.917,일치,77.917,50.725,26.622,17.456
유어스 국물떡볶이,역삼점,사당점,0.0,다중 경로 추천,4100.0,다중 연결 경로가 기존 직접/DC 경유 방식보다 비용이 낮습니다.,38.93813349990063,10.0,18,12,78.9,우선 추천,4100.0,,16,False,Greedy 선택 후보보다 우선순위가 낮음,11.1,3110,279,1,냉장식품,279,78,333,15120,400,300,1,0.77,267,1035630,A,0.1118789381447873,1,100.0,25.1,14.32,FAST,86.1,False,46.0,MEDIUM,유통기한 임박 | 신선/냉장 고위험 카테고리,1.3,12.4,0.0,SAFE,"재고 여유 — 현재고(279), 재주문점(12)",0.0,350.9,31.6,349184.0,16.7,OPTIMAL,"적정 발주 — EOQ(351개), 권장 발주 주기 32일",16.7,77.9,11.13,12.4,9.86,STABLE,25.1,7.3,WMA,7.3,36.5,10.0,3.96,10.0,7.5,5.0,POOR,낮은 매칭 · 핵심(A)상품,1.004,50.1,STABLE,4.9,LOW,76.6,HIGH,0.3,30.0,119860.0,100.0,0.385,0.385,43.0,True,53.2,91,26.6,249,100.0,0.999,4.9,69.5,50.0,REALLOCATE,98.0,2,99.8,75.8,21.9,turnover,70.4,우선 처리,6,HEURISTIC 29% | ABC 14% | TURNOVER 14% | DISPOSAL_RISK 14% | SAFETY_STOCK 8% | EOQ 7% | DEMAND_FORECAST 7% | MATCH 5%,"['⏰ 유통기한 임박 (99%)', '❄️ 냉장·냉동 과잉 (61%)', '💸 배송비 상승 (100%)', '⚡ 복합 스트레스 (60%)']","{'재고위험': '25.3%', '판매가능성': '13.3%', '점포이동적합': '13.3%', '비용절감': '18.7%', '폐기회피이익': '14.5%', '실행가능성': '11.6%', '이력보정': '3.3%'}",True,True,False,True,False,True,62.0,27.3,53.7,60.9,72.0,50.0,74.2,54.1,0.0,94.6,최적,보류,⏸️,19,HIGH,신뢰도 높음 ●,#2e7d32,,,94.6,최적,보류,2,2,True,False,,50.0,8511.0,24096.0,8511.0,7.79,23.44,7.79,16.0,333.0,267.0,43.0,재고 이동,재고 이동,71.273,일치,71.273,46.737,24.7,16.265
유어스 국물떡볶이,역삼점,건대점,0.0,다중 경로 추천,4290.0,다중 연결 경로가 기존 직접/DC 경유 방식보다 비용이 낮습니다.,38.83024332074615,10.0,18,12,78.8,우선 추천,4290.0,,17,False,Greedy 선택 후보보다 우선순위가 낮음,11.1,3110,279,1,냉장식품,279,78,333,15120,400,300,1,0.77,267,1035630,A,0.1118789381447873,1,100.0,25.1,14.32,FAST,86.1,False,46.0,MEDIUM,유통기한 임박 | 신선/냉장 고위험 카테고리,1.3,12.4,0.0,SAFE,"재고 여유 — 현재고(279), 재주문점(12)",0.0,350.9,31.6,349184.0,16.7,OPTIMAL,"적정 발주 — EOQ(351개), 권장 발주 주기 32일",16.7,77.9,11.13,12.4,9.86,STABLE,25.1,7.3,WMA,7.3,36.5,10.0,3.96,10.0,7.5,5.0,POOR,낮은 매칭 · 핵심(A)상품,1.004,50.1,STABLE,4.9,LOW,76.6,HIGH,0.3,30.0,119670.0,100.0,0.385,0.385,43.0,True,53.2,91,26.6,249,100.0,0.999,4.9,55.4,50.0,REALLOCATE,97.9,2,99.8,75.8,21.9,turnover,70.3,우선 처리,7,HEURISTIC 29% | ABC 14% | TURNOVER 14% | DISPOSAL_RISK 14% | SAFETY_STOCK 8% | EOQ 7% | DEMAND_FORECAST 7% | MATCH 5%,"['⏰ 유통기한 임박 (99%)', '❄️ 냉장·냉동 과잉 (61%)', '💸 배송비 상승 (100%)', '⚡ 복합 스트레스 (60%)']","{'재고위험': '25.3%', '판매가능성': '13.3%', '점포이동적합': '13.3%', '비용절감': '18.7%', '폐기회피이익': '14.5%', '실행가능성': '11.6%', '이력보정': '3.3%'}",True,True,False,True,False,True,62.0,27.3,52.3,60.8,72.0,50.0,74.2,53.9,0.0,94.1,최적,보류,⏸️,22,HIGH,신뢰도 높음 ●,#2e7d32,,,94.1,최적,보류,2,1,False,False,,50.0,8133.0,24447.0,8133.0,7.37,23.83,7.37,15.0,333.0,267.0,64.0,재고 이동,재고 이동,72.391,일치,72.391,47.416,25.034,16.471
혜자로운 참치마요김밥,강남점,건대3점,0.0,다중 경로 추천,4330.0,다중 연결 경로가 기존 직접/DC 경유 방식보다 비용이 낮습니다.,38.80752959881889,10.0,18,12,78.8,우선 추천,4330.0,,18,False,Greedy 선택 후보보다 우선순위가 낮음,2.3,2810,277,5,냉장식품,277,16,69,6342,500,300,2,4.82,265,193890,B,0.8665181171073832,2,60.0,120.4,2.99,DEAD,33.1,True,68.0,HIGH,유통기한 임박 | 소진일수 120일 초과 | 신선/냉장 고위험 카테고리,11.2,15.8,0.0,SAFE,"재고 여유 — 현재고(277), 재주문점(16)",0.0,108.8,47.3,97851.0,100.0,OVER,과잉 발주 위험 — 현재(266개) > EOQ(109개). 발주 주기 47일 권장,100.0,16.0,2.29,10.24,0.0,STABLE,121.2,0.0,WMA,0.0,36.9,10.0,8.4,6.0,7.5,5.0,POOR,낮은 매칭 · 폐기위험 높음,0.994,49.8,STABLE,23.6,LOW,62.6,MEDIUM,0.3,30.0,111830.0,100.0,0.385,0.385,39.5,True,25.9,402,39.4,18,100.0,0.999,4.9,78.0,50.0,REALLOCATE,97.7,2,99.8,75.8,37.0,disposal_risk,59.1,검토 필요,58,HEURISTIC 29% | ABC 14% | TURNOVER 14% | DISPOSAL_RISK 14% | SAFETY_STOCK 8% | EOQ 7% | DEMAND_FORECAST 7% | MATCH 5%,"['⏰ 유통기한 임박 (99%)', '❄️ 냉장·냉동 과잉 (61%)', '💸 배송비 상승 (100%)', '⚡ 복합 스트레스 (60%)']","{'재고위험': '25.3%', '판매가능성': '13.3%', '점포이동적합': '13.3%', '비용절감': '18.7%', '폐기회피이익': '14.5%', '실행가능성': '11.6%', '이력보정': '3.3%'}",True,True,False,True,False,True,51.9,22.8,57.3,73.3,72.0,50.0,59.2,53.7,0.0,93.2,최적,할인 판매,🏷️,27,HIGH,신뢰도 높음 ●,#2e7d32,,,93.2,최적,할인 판매,1,0,False,False,,50.0,7287.0,23277.0,7287.0,6.43,22.53,6.43,13.0,69.0,265.0,162.0,재고 이동,재고 이동,79.223,일치,79.223,52.516,28.115,17.884
유어스 스트링치즈,문래점,합정점,0.0,다중 경로 추천,4510.0,다중 연결 경로가 기존 직접/DC 경유 방식보다 비용이 낮습니다.,38.705317850146216,10.0,18,12,78.7,우선 추천,4510.0,,19,False,Greedy 선택 후보보다 우선순위가 낮음,10.2,780,278,3,샐러드,280,71,306,7104,250,350,1,3.0,247,238680,B,0.9299891207098091,2,60.0,27.3,13.11,FAST,84.8,False,38.0,LOW,유통기한 임박,4.9,15.1,0.0,SAFE,"재고 여유 — 현재고(278), 재주문점(15)",0.0,582.3,57.1,90840.0,42.5,UNDER,과소 발주 위험 — 현재(273개) < EOQ(582개). 발주량 증가 검토,42.5,71.2,10.17,15.12,5.22,STABLE,27.3,6.2,WMA,6.2,28.8,10.0,0.31,6.0,7.5,5.0,POOR,낮은 매칭,0.994,49.9,STABLE,5.4,LOW,69.6,MEDIUM,0.3,30.0,31070.0,62.1,0.385,0.385,43.6,True,44.4,119,21.9,415,100.0,0.999,4.9,77.9,50.0,REALLOCATE,97.6,2,99.8,56.8,33.0,turnover,58.7,검토 필요,61,HEURISTIC 29% | ABC 14% | TURNOVER 14% | DISPOSAL_RISK 14% | SAFETY_STOCK 8% | EOQ 7% | DEMAND_FORECAST 7% | MATCH 5%,"['⏰ 유통기한 임박 (99%)', '❄️ 냉장·냉동 과잉 (61%)', '💸 배송비 상승 (100%)', '⚡ 복합 스트레스 (60%)']","{'재고위험': '25.3%', '판매가능성': '13.3%', '점포이동적합': '13.3%', '비용절감': '18.7%', '폐기회피이익': '14.5%', '실행가능성': '11.6%', '이력보정': '3.3%'}",True,True,False,True,False,True,52.1,26.8,50.1,64.7,49.3,50.0,69.3,48.4,0.0,16.6,검토,보류,⏸️,438,HIGH,신뢰도 높음 ●,#2e7d32,,,16.6,검토,보류,2,0,False,False,,50.0,6045.0,21639.0,6045.0,5.05,20.71,5.05,10.0,306.0,247.0,148.0,재고 이동,재고 이동,73.311,일치,73.311,48.013,25.411,16.552
제주삼다수,왕십리점,선릉점,0.0,다중 경로 추천,4600.0,다중 연결 경로가 기존 직접/DC 경유 방식보다 비용이 낮습니다.,38.654211975809886,10.0,18,12,78.7,우선 추천,4600.0,,20,False,Greedy 선택 후보보다 우선순위가 낮음,13.1,1420,269,2,우유,269,92,393,3613,150,250,4,3.38,242,558060,A,0.6490075049271947,1,100.0,20.5,17.53,FAST,88.6,False,38.0,LOW,유통기한 임박,11.2,63.6,0.0,SAFE,"재고 여유 — 현재고(269), 재주문점(64)",0.0,348.8,26.6,99058.0,20.9,OPTIMAL,"적정 발주 — EOQ(349개), 권장 발주 주기 27일",20.9,91.9,13.13,18.71,7.55,STABLE,20.5,9.4,WMA,9.4,33.0,10.0,0.47,10.0,7.5,5.0,POOR,낮은 매칭 · 핵심(A)상품,1.003,50.1,STABLE,4.0,LOW,73.1,HIGH,0.3,30.0,51020.0,100.0,0.385,0.385,38.6,True,59.9,72,22.7,374,100.0,0.999,4.9,71.3,50.0,REALLOCATE,97.5,2,99.8,75.7,20.9,turnover,68.8,검토 필요,10,HEURISTIC 29% | ABC 14% | TURNOVER 14% | DISPOSAL_RISK 14% | SAFETY_STOCK 8% | EOQ 7% | DEMAND_FORECAST 7% | MATCH 5%,"['⏰ 유통기한 임박 (99%)', '❄️ 냉장·냉동 과잉 (61%)', '💸 배송비 상승 (100%)', '⚡ 복합 스트레스 (60%)']","{'재고위험': '25.3%', '판매가능성': '13.3%', '점포이동적합': '13.3%', '비용절감': '18.7%', '폐기회피이익': '14.5%', '실행가능성': '11.6%', '이력보정': '3.3%'}",True,True,False,True,False,True,59.1,27.4,51.5,61.4,72.0,50.0,77.9,53.2,0.0,89.4,최적,보류,⏸️,47,HIGH,신뢰도 높음 ●,#2e7d32,,,89.4,최적,보류,0,0,True,False,,50.0,8070.0,18093.0,8070.0,7.3,16.77,7.3,15.0,393.0,242.0,64.0,재고 이동,재고 이동,70.306,일치,70.306,46.012,24.248,16.04
서울우유 요구르트,용산점,잠원점,0.0,다중 경로 추천,4750.0,다중 연결 경로가 기존 직접/DC 경유 방식보다 비용이 낮습니다.,38.56903551858266,10.0,18,12,78.6,우선 추천,4750.0,,21,False,Greedy 선택 후보보다 우선순위가 낮음,4.1,970,279,1,우유,279,29,123,9042,400,250,1,1.52,274,119310,C,0.9746620764751487,3,20.0,68.0,5.29,SLOW,62.2,True,57.0,MEDIUM,유통기한 임박 | 소진일수 68일 초과,2.5,6.6,0.0,SAFE,"재고 여유 — 현재고(279), 재주문점(7)",0.0,373.5,91.1,72458.0,20.8,OPTIMAL,"적정 발주 — EOQ(374개), 권장 발주 주기 91일",20.8,28.9,4.13,6.64,1.62,STABLE,67.6,0.0,WMA,0.0,29.1,10.0,3.6,3.0,7.5,5.0,POOR,낮은 매칭,1.01,50.3,STABLE,13.2,LOW,76.6,HIGH,0.3,30.0,42170.0,84.3,0.385,0.385,43.5,True,19.1,490,30.8,163,100.0,0.999,4.9,77.4,50.0,REALLOCATE,97.3,2,99.8,67.9,37.6,disposal_risk,46.7,모니터링,232,HEURISTIC 29% | ABC 14% | TURNOVER 14% | DISPOSAL_RISK 14% | SAFETY_STOCK 8% | EOQ 7% | DEMAND_FORECAST 7% | MATCH 5%,"['⏰ 유통기한 임박 (99%)', '❄️ 냉장·냉동 과잉 (61%)', '💸 배송비 상승 (100%)', '⚡ 복합 스트레스 (60%)']","{'재고위험': '25.3%', '판매가능성': '13.3%', '점포이동적합': '13.3%', '비용절감': '18.7%', '폐기회피이익': '14.5%', '실행가능성': '11.6%', '이력보정': '3.3%'}",True,True,False,True,False,True,48.6,23.8,52.0,61.4,62.6,50.0,55.4,48.7,0.0,18.0,검토,보류,⏸️,430,HIGH,신뢰도 높음 ●,#2e7d32,,,18.0,검토,보류,0,0,True,False,,50.0,6837.0,20703.0,6837.0,5.93,19.67,5.93,12.0,123.0,274.0,174.0,재고 이동,재고 이동,71.537,일치,71.537,47.051,25.057,16.139
유어스 스트링치즈,용산점,잠원점,0.0,다중 경로 추천,4750.0,다중 연결 경로가 기존 직접/DC 경유 방식보다 비용이 낮습니다.,38.56903551858266,10.0,18,12,78.6,우선 추천,4750.0,,22,False,Greedy 선택 후보보다 우선순위가 낮음,2.2,780,268,6,도시락,268,15,66,11942,250,350,2,5.99,254,51480,B,0.9299891207098091,2,60.0,121.8,2.96,DEAD,32.3,True,60.0,HIGH,유통기한 임박 | 소진일수 122일 초과,14.0,18.4,0.0,SAFE,"재고 여유 — 현재고(268), 재주문점(18)",0.0,350.6,159.4,54698.0,22.0,OPTIMAL,"적정 발주 — EOQ(351개), 권장 발주 주기 159일",22.0,15.2,2.17,12.05,0.0,STABLE,123.4,0.0,WMA,0.0,36.9,10.0,8.4,6.0,7.5,5.0,POOR,낮은 매칭 · 폐기위험 높음,0.974,49.4,STABLE,24.3,LOW,59.1,MEDIUM,0.3,30.0,30830.0,61.7,0.385,0.385,39.4,True,21.8,473,36.4,72,100.0,0.999,4.9,77.4,50.0,REALLOCATE,97.2,2,99.8,56.6,39.2,disposal_risk,50.8,모니터링,175,HEURISTIC 29% | ABC 14% | TURNOVER 14% | DISPOSAL_RISK 14% | SAFETY_STOCK 8% | EOQ 7% | DEMAND_FORECAST 7% | MATCH 5%,"['⏰ 유통기한 임박 (99%)', '❄️ 냉장·냉동 과잉 (61%)', '💸 배송비 상승 (100%)', '⚡ 복합 스트레스 (60%)']","{'재고위험': '25.3%', '판매가능성': '13.3%', '점포이동적합': '13.3%', '비용절감': '18.7%', '폐기회피이익': '14.5%', '실행가능성': '11.6%', '이력보정': '3.3%'}",True,True,False,True,False,True,48.1,22.7,56.6,61.5,49.0,50.0,56.9,47.1,0.0,8.2,검토,할인 판매,🏷️,483,HIGH,신뢰도 높음 ●,#2e7d32,,,8.2,검토,할인 판매,0,0,True,False,,50.0,6837.0,20703.0,6837.0,5.93,19.67,5.93,12.0,66.0,254.0,128.0,재고 이동,재고 이동,68.356,일치,68.356,45.133,24.043,15.568
매일 바이오 플레인요거트,용산점,잠원점,0.0,다중 경로 추천,4750.0,다중 연결 경로가 기존 직접/DC 경유 방식보다 비용이 낮습니다.,38.56903551858266,10.0,18,12,78.6,우선 추천,4750.0,,23,False,Greedy 선택 후보보다 우선순위가 낮음,15.9,2280,271,2,김밥,271,111,477,6199,500,350,2,0.66,239,1087560,A,0.4413232235595307,1,100.0,17.0,21.12,FAST,90.6,False,38.0,LOW,유통기한 임박,1.5,33.3,0.0,SAFE,"재고 여유 — 현재고(271), 재주문점(33)",0.0,397.2,25.0,181135.0,25.7,OPTIMAL,"적정 발주 — EOQ(397개), 권장 발주 주기 25일",25.7,111.1,15.87,16.96,14.78,STABLE,17.1,11.0,WMA,11.0,33.0,10.0,0.55,10.0,7.5,5.0,POOR,낮은 매칭 · 핵심(A)상품,0.997,49.9,STABLE,3.4,LOW,73.1,HIGH,0.3,30.0,92330.0,100.0,0.385,0.385,39.6,False,64.4,51,22.7,374,100.0,0.999,4.9,77.4,50.0,REALLOCATE,97.1,2,99.8,75.7,20.8,turnover,70.5,우선 처리,5,HEURISTIC 29% | ABC 14% | TURNOVER 14% | DISPOSAL_RISK 14% | SAFETY_STOCK 8% | EOQ 7% | DEMAND_FORECAST 7% | MATCH 5%,"['⏰ 유통기한 임박 (99%)', '❄️ 냉장·냉동 과잉 (61%)', '💸 배송비 상승 (100%)', '⚡ 복합 스트레스 (60%)']","{'재고위험': '25.3%', '판매가능성': '13.3%', '점포이동적합': '13.3%', '비용절감': '18.7%', '폐기회피이익': '14.5%', '실행가능성': '11.6%', '이력보정': '3.3%'}",True,True,False,True,False,True,59.6,28.4,52.1,62.1,72.0,50.0,80.3,53.6,0.0,92.8,최적,보류,⏸️,29,HIGH,신뢰도 높음 ●,#2e7d32,,,92.8,최적,보류,0,0,True,False,,50.0,6837.0,20703.0,6837.0,5.93,19.67,5.93,12.0,477.0,239.0,116.0,재고 이동,재고 이동,73.634,일치,73.634,48.085,25.307,16.678
유어스 국물떡볶이,선릉점,사당점,0.0,다중 경로 추천,4830.0,다중 연결 경로가 기존 직접/DC 경유 방식보다 비용이 낮습니다.,38.523608074728145,10.0,18,12,78.5,우선 추천,4830.0,,24,False,Greedy 선택 후보보다 우선순위가 낮음,11.1,3110,259,1,김밥,259,78,333,15425,400,350,3,3.25,247,1035630,A,0.1118789381447873,1,100.0,23.3,15.43,FAST,87.1,False,38.0,LOW,유통기한 임박,9.3,42.6,0.0,SAFE,"재고 여유 — 현재고(259), 재주문점(43)",0.0,448.3,40.4,278824.0,35.4,UNDER,과소 발주 위험 — 현재(250개) < EOQ(448개). 발주량 증가 검토,35.4,77.9,11.13,16.49,5.77,STABLE,23.3,8.1,WMA,8.1,32.9,10.0,0.4,10.0,7.5,5.0,POOR,낮은 매칭 · 핵심(A)상품,1.004,50.1,STABLE,4.5,LOW,76.6,HIGH,0.3,30.0,119130.0,100.0,0.385,0.385,38.7,False,54.8,89,22.6,382,100.0,0.999,4.9,69.5,50.0,REALLOCATE,96.9,2,99.8,75.7,20.9,turnover,68.4,검토 필요,11,HEURISTIC 29% | ABC 14% | TURNOVER 14% | DISPOSAL_RISK 14% | SAFETY_STOCK 8% | EOQ 7% | DEMAND_FORECAST 7% | MATCH 5%,"['⏰ 유통기한 임박 (99%)', '❄️ 냉장·냉동 과잉 (61%)', '💸 배송비 상승 (100%)', '⚡ 복합 스트레스 (60%)']","{'재고위험': '25.3%', '판매가능성': '13.3%', '점포이동적합': '13.3%', '비용절감': '18.7%', '폐기회피이익': '14.5%', '실행가능성': '11.6%', '이력보정': '3.3%'}",True,True,False,True,False,True,58.7,26.8,51.3,63.5,72.0,50.0,75.0,53.3,0.0,90.9,최적,보류,⏸️,39,HIGH,신뢰도 높음 ●,#2e7d32,,,90.9,최적,보류,0,2,False,False,,50.0,9546.0,23187.0,9546.0,8.94,22.43,8.94,18.0,333.0,247.0,43.0,재고 이동,재고 이동,70.382,일치,70.382,46.208,24.45,16.094
유어스 햄치즈샌드위치,이태원점,왕십리점,0.0,다중 경로 추천,4880.0,다중 연결 경로가 기존 직접/DC 경유 방식보다 비용이 낮습니다.,38.495215922319076,10.0,18,12,78.5,우선 추천,4880.0,,25,False,Greedy 선택 후보보다 우선순위가 낮음,4.5,2920,265,4,김밥,265,32,135,13618,500,350,1,2.2,247,394200,A,0.520935688066382,1,100.0,58.9,6.11,NORMAL,67.3,False,44.4,MEDIUM,유통기한 임박,3.6,8.1,0.0,SAFE,"재고 여유 — 현재고(265), 재주문점(8)",0.0,276.8,61.5,161633.0,4.5,OPTIMAL,"적정 발주 — EOQ(277개), 권장 발주 주기 62일",4.5,31.8,4.54,8.17,0.91,STABLE,58.3,0.2,WMA,0.2,36.1,10.0,3.61,10.0,7.5,5.0,POOR,낮은 매칭 · 핵심(A)상품,1.016,50.4,STABLE,11.5,LOW,66.1,MEDIUM,0.3,30.0,115240.0,100.0,0.385,0.385,43.5,False,12.9,500,26.8,239,100.0,0.999,4.9,72.7,50.0,REALLOCATE,96.8,2,99.8,75.7,23.7,turnover,59.8,검토 필요,49,HEURISTIC 29% | ABC 14% | TURNOVER 14% | DISPOSAL_RISK 14% | SAFETY_STOCK 8% | EOQ 7% | DEMAND_FORECAST 7% | MATCH 5%,"['⏰ 유통기한 임박 (99%)', '❄️ 냉장·냉동 과잉 (61%)', '💸 배송비 상승 (100%)', '⚡ 복합 스트레스 (60%)']","{'재고위험': '25.3%', '판매가능성': '13.3%', '점포이동적합': '13.3%', '비용절감': '18.7%', '폐기회피이익': '14.5%', '실행가능성': '11.6%', '이력보정': '3.3%'}",True,True,False,True,False,True,56.3,23.9,53.9,58.8,72.0,50.0,52.0,51.8,0.0,68.9,권장,보류,⏸️,157,HIGH,신뢰도 높음 ●,#2e7d32,,,68.9,권장,보류,1,0,False,False,,50.0,7377.0,23484.0,7377.0,6.53,22.759999999999998,6.53,13.0,135.0,247.0,80.0,재고 이동,재고 이동,68.463,일치,68.463,44.859,23.67,15.62
매일 바이오 플레인요거트,이태원점,왕십리점,0.0,다중 경로 추천,4880.0,다중 연결 경로가 기존 직접/DC 경유 방식보다 비용이 낮습니다.,38.495215922319076,10.0,18,12,78.5,우선 추천,4880.0,,26,False,Greedy 선택 후보보다 우선순위가 낮음,3.9,2280,271,3,냉장식품,271,27,117,9490,500,300,1,1.33,259,266760,A,0.4413232235595307,1,100.0,69.5,5.18,SLOW,61.4,True,65.7,HIGH,유통기한 임박 | 소진일수 70일 초과 | 신선/냉장 고위험 카테고리,2.2,6.1,0.0,SAFE,"재고 여유 — 현재고(271), 재주문점(6)",0.0,192.4,49.3,140401.0,39.7,OPTIMAL,"적정 발주 — EOQ(192개), 권장 발주 주기 49일",39.7,27.1,3.87,6.07,1.68,STABLE,70.0,0.0,WMA,0.0,40.9,10.0,8.4,10.0,7.5,5.0,FAIR,보통 매칭 · 폐기위험 높음 · 핵심(A)상품,0.989,49.7,STABLE,13.8,LOW,69.6,MEDIUM,0.3,30.0,92200.0,100.0,0.385,0.385,43.4,True,25.4,415,36.8,65,100.0,0.999,4.9,72.7,50.0,REALLOCATE,96.7,2,99.8,75.7,23.5,disposal_risk,68.9,검토 필요,9,HEURISTIC 29% | ABC 14% | TURNOVER 14% | DISPOSAL_RISK 14% | SAFETY_STOCK 8% | EOQ 7% | DEMAND_FORECAST 7% | MATCH 5%,"['⏰ 유통기한 임박 (99%)', '❄️ 냉장·냉동 과잉 (61%)', '💸 배송비 상승 (100%)', '⚡ 복합 스트레스 (60%)']","{'재고위험': '25.3%', '판매가능성': '13.3%', '점포이동적합': '13.3%', '비용절감': '18.7%', '폐기회피이익': '14.5%', '실행가능성': '11.6%', '이력보정': '3.3%'}",True,True,False,True,False,True,64.4,23.6,58.0,64.1,72.0,50.0,58.9,55.4,0.0,97.4,최적,할인 판매,🏷️,4,HIGH,신뢰도 높음 ●,#2e7d32,,,97.4,최적,할인 판매,1,0,False,False,,50.0,7377.0,23484.0,7377.0,6.53,22.759999999999998,6.53,13.0,117.0,259.0,59.0,재고 이동,재고 이동,74.162,일치,74.162,48.969,26.023,16.932
유어스 마카롱,이태원점,왕십리점,0.0,다중 경로 추천,4880.0,다중 연결 경로가 기존 직접/DC 경유 방식보다 비용이 낮습니다.,38.495215922319076,10.0,18,12,78.5,우선 추천,4880.0,,27,False,Greedy 선택 후보보다 우선순위가 낮음,2.6,1070,254,2,샐러드,254,18,78,9054,400,350,3,1.93,248,83460,B,0.8858125126903167,2,60.0,97.7,3.69,DEAD,45.7,True,68.0,HIGH,유통기한 임박 | 소진일수 98일 초과,5.5,13.3,0.0,SAFE,"재고 여유 — 현재고(254), 재주문점(13)",0.0,283.4,109.0,60642.0,9.9,OPTIMAL,"적정 발주 — EOQ(283개), 권장 발주 주기 109일",9.9,18.1,2.59,5.77,0.0,STABLE,98.2,0.0,WMA,0.0,36.9,10.0,8.4,6.0,7.5,5.0,POOR,낮은 매칭 · 폐기위험 높음,0.989,49.7,STABLE,19.3,LOW,73.1,HIGH,0.3,30.0,45640.0,91.3,0.385,0.385,38.7,True,26.0,401,38.3,32,100.0,0.999,4.9,72.7,50.0,REALLOCATE,96.5,2,99.8,71.4,37.3,disposal_risk,55.4,검토 필요,95,HEURISTIC 29% | ABC 14% | TURNOVER 14% | DISPOSAL_RISK 14% | SAFETY_STOCK 8% | EOQ 7% | DEMAND_FORECAST 7% | MATCH 5%,"['⏰ 유통기한 임박 (99%)', '❄️ 냉장·냉동 과잉 (61%)', '💸 배송비 상승 (100%)', '⚡ 복합 스트레스 (60%)']","{'재고위험': '25.3%', '판매가능성': '13.3%', '점포이동적합': '13.3%', '비용절감': '18.7%', '폐기회피이익': '14.5%', '실행가능성': '11.6%', '이력보정': '3.3%'}",True,True,False,True,False,True,55.2,22.7,56.5,59.7,66.8,50.0,59.2,51.1,0.0,56.3,검토,할인 판매,🏷️,225,HIGH,신뢰도 높음 ●,#2e7d32,,,56.3,검토,할인 판매,1,0,False,False,,50.0,7377.0,23484.0,7377.0,6.53,22.759999999999998,6.53,13.0,78.0,248.0,43.0,재고 이동,재고 이동,65.294,일치,65.294,43.363,23.231,15.077
오뚜기 진라면컵,사당점,이태원점,0.0,다중 경로 추천,4990.0,다중 연결 경로가 기존 직접/DC 경유 방식보다 비용이 낮습니다.,38.43275318701911,10.0,18,12,78.4,우선 추천,4990.0,,28,False,Greedy 선택 후보보다 우선순위가 낮음,12.3,2630,277,3,냉장식품,277,86,369,4903,500,300,4,4.73,240,970470,A,0.22235950532195084,1,100.0,22.5,15.99,FAST,87.5,False,46.0,MEDIUM,유통기한 임박 | 신선/냉장 고위험 카테고리,15.6,64.8,0.0,SAFE,"재고 여유 — 현재고(277), 재주문점(65)",0.0,228.7,18.6,192485.0,14.3,OPTIMAL,"적정 발주 — EOQ(229개), 권장 발주 주기 19일",14.3,86.0,12.29,20.09,4.48,STABLE,22.5,8.5,WMA,8.5,36.5,10.0,4.02,10.0,7.5,5.0,POOR,낮은 매칭 · 핵심(A)상품,0.999,50.0,STABLE,4.4,LOW,69.6,MEDIUM,0.3,30.0,104690.0,100.0,0.385,0.385,38.6,True,59.2,76,26.6,249,100.0,0.999,4.9,71.0,50.0,REALLOCATE,96.4,2,99.8,75.7,22.0,turnover,70.8,우선 처리,4,HEURISTIC 29% | ABC 14% | TURNOVER 14% | DISPOSAL_RISK 14% | SAFETY_STOCK 8% | EOQ 7% | DEMAND_FORECAST 7% | MATCH 5%,"['⏰ 유통기한 임박 (99%)', '❄️ 냉장·냉동 과잉 (61%)', '💸 배송비 상승 (100%)', '⚡ 복합 스트레스 (60%)']","{'재고위험': '25.3%', '판매가능성': '13.3%', '점포이동적합': '13.3%', '비용절감': '18.7%', '폐기회피이익': '14.5%', '실행가능성': '11.6%', '이력보정': '3.3%'}",True,True,False,True,False,True,62.4,27.0,53.8,60.3,72.0,50.0,77.5,54.0,0.0,94.5,최적,보류,⏸️,20,HIGH,신뢰도 높음 ●,#2e7d32,,,94.5,최적,보류,2,1,False,False,,50.0,9159.0,21162.0,9159.0,8.51,20.18,8.51,17.0,369.0,240.0,212.0,재고 이동,재고 이동,78.781,일치,78.781,51.257,26.898,17.651
코카콜라 제로,동대문점,신촌점,0.0,다중 경로 추천,5100.0,다중 연결 경로가 기존 직접/DC 경유 방식보다 비용이 낮습니다.,38.37029045171914,10.0,18,12,78.4,우선 추천,5100.0,,29,False,Greedy 선택 후보보다 우선순위가 낮음,2.7,840,273,1,냉장식품,273,19,81,4298,100,300,4,2.33,270,68040,C,1.0,3,20.0,101.1,3.56,DEAD,43.8,True,76.0,HIGH,유통기한 임박 | 소진일수 101일 초과 | 신선/냉장 고위험 카테고리,7.7,18.5,0.0,SAFE,"재고 여유 — 현재고(273), 재주문점(18)",0.0,177.5,65.7,47719.0,49.5,OPTIMAL,"적정 발주 — EOQ(178개), 권장 발주 주기 66일",49.5,19.0,2.71,6.56,0.0,STABLE,100.6,0.0,WMA,0.0,33.9,10.0,8.4,3.0,7.5,5.0,POOR,낮은 매칭 · 폐기위험 높음,1.005,50.1,STABLE,19.7,LOW,76.6,HIGH,0.3,30.0,28140.0,56.3,0.385,0.385,38.6,True,29.5,308,41.0,5,100.0,0.999,4.9,77.9,50.0,REALLOCATE,96.3,2,99.8,53.8,35.1,disposal_risk,51.8,모니터링,158,HEURISTIC 29% | ABC 14% | TURNOVER 14% | DISPOSAL_RISK 14% | SAFETY_STOCK 8% | EOQ 7% | DEMAND_FORECAST 7% | MATCH 5%,"['⏰ 유통기한 임박 (99%)', '❄️ 냉장·냉동 과잉 (61%)', '💸 배송비 상승 (100%)', '⚡ 복합 스트레스 (60%)']","{'재고위험': '25.3%', '판매가능성': '13.3%', '점포이동적합': '13.3%', '비용절감': '18.7%', '폐기회피이익': '14.5%', '실행가능성': '11.6%', '이력보정': '3.3%'}",True,True,False,True,False,True,52.3,22.8,56.2,65.5,45.8,50.0,61.1,48.4,0.0,16.2,검토,할인 판매,🏷️,440,HIGH,신뢰도 높음 ●,#2e7d32,,,16.2,검토,할인 판매,0,0,True,False,,50.0,10104.0,25689.0,10104.0,9.56,25.21,9.56,19.0,81.0,270.0,168.0,재고 이동,재고 이동,74.494,일치,74.494,49.426,26.555,16.871
유어스 고르곤졸라피자,여의도5점,광명6점,0.0,다중 경로 추천,5440.0,다중 연결 경로가 기존 직접/DC 경유 방식보다 비용이 낮습니다.,38.17722381533744,10.0,18,12,78.2,우선 추천,5440.0,,30,False,Greedy 선택 후보보다 우선순위가 낮음,9.7,2220,273,1,김밥,273,68,291,14848,500,350,2,8.43,263,646020,A,0.7110436475021518,1,100.0,28.1,12.79,FAST,84.4,False,38.0,LOW,유통기한 임박,19.7,39.1,0.0,SAFE,"재고 여유 — 현재고(273), 재주문점(39)",0.0,486.6,50.2,216059.0,38.4,UNDER,과소 발주 위험 — 현재(253개) < EOQ(487개). 발주량 증가 검토,38.4,68.0,9.71,23.62,0.0,STABLE,28.1,5.9,WMA,5.9,32.8,10.0,0.3,10.0,7.5,5.0,POOR,낮은 매칭 · 핵심(A)상품,1.001,50.0,STABLE,5.5,LOW,76.6,HIGH,0.3,30.0,89480.0,100.0,0.385,0.385,39.4,False,43.1,126,22.6,382,100.0,0.999,4.9,78.6,50.0,REALLOCATE,96.1,2,99.8,75.6,21.1,turnover,66.3,검토 필요,19,HEURISTIC 29% | ABC 14% | TURNOVER 14% | DISPOSAL_RISK 14% | SAFETY_STOCK 8% | EOQ 7% | DEMAND_FORECAST 7% | MATCH 5%,"['⏰ 유통기한 임박 (99%)', '❄️ 냉장·냉동 과잉 (61%)', '💸 배송비 상승 (100%)', '⚡ 복합 스트레스 (60%)']","{'재고위험': '25.3%', '판매가능성': '13.3%', '점포이동적합': '13.3%', '비용절감': '18.7%', '폐기회피이익': '14.5%', '실행가능성': '11.6%', '이력보정': '3.3%'}",True,True,False,True,False,True,58.0,25.8,52.1,63.8,72.0,50.0,68.6,53.2,0.0,89.6,최적,보류,⏸️,46,HIGH,신뢰도 높음 ●,#2e7d32,,,89.6,최적,보류,2,0,False,False,,50.0,10248.0,30594.0,10248.0,9.72,30.660000000000004,9.72,19.0,291.0,263.0,178.0,재고 이동,재고 이동,78.317,일치,78.317,51.085,26.918,17.565
카페25 헤이즐넛라떼,종로점,용산점,0.0,다중 경로 추천,5480.0,다중 연결 경로가 기존 직접/DC 경유 방식보다 비용이 낮습니다.,38.15451009341018,10.0,18,12,78.2,우선 추천,5480.0,,31,False,Greedy 선택 후보보다 우선순위가 낮음,4.7,1510,273,2,냉장식품,273,33,141,6789,150,300,3,6.8,263,212910,A,0.7529074215391148,1,100.0,58.1,6.2,NORMAL,67.7,False,60.0,HIGH,유통기한 임박 | 신선/냉장 고위험 카테고리,19.4,33.5,0.0,SAFE,"재고 여유 — 현재고(273), 재주문점(34)",0.0,219.6,46.7,106091.0,15.5,OPTIMAL,"적정 발주 — EOQ(220개), 권장 발주 주기 47일",15.5,33.0,4.71,15.93,0.0,STABLE,57.9,0.3,WMA,0.3,40.9,10.0,8.41,10.0,7.5,5.0,FAIR,보통 매칭 · 폐기위험 높음 · 핵심(A)상품,1.003,50.1,STABLE,11.3,LOW,73.1,HIGH,0.3,30.0,53380.0,100.0,0.385,0.385,38.7,True,23.1,457,33.9,118,100.0,0.999,4.9,77.4,50.0,REALLOCATE,96.0,2,99.8,75.6,23.6,disposal_risk,66.8,검토 필요,16,HEURISTIC 29% | ABC 14% | TURNOVER 14% | DISPOSAL_RISK 14% | SAFETY_STOCK 8% | EOQ 7% | DEMAND_FORECAST 7% | MATCH 5%,"['⏰ 유통기한 임박 (99%)', '❄️ 냉장·냉동 과잉 (61%)', '💸 배송비 상승 (100%)', '⚡ 복합 스트레스 (60%)']","{'재고위험': '25.3%', '판매가능성': '13.3%', '점포이동적합': '13.3%', '비용절감': '18.7%', '폐기회피이익': '14.5%', '실행가능성': '11.6%', '이력보정': '3.3%'}",True,True,False,True,False,True,63.4,22.9,57.9,60.3,72.0,50.0,57.6,54.3,0.0,95.8,최적,할인 판매,🏷️,13,HIGH,신뢰도 높음 ●,#2e7d32,,,95.8,최적,할인 판매,1,0,False,False,,50.0,7872.0,16896.0,7872.0,7.08,15.44,7.08,14.0,141.0,263.0,138.0,재고 이동,재고 이동,76.2,일치,76.2,49.879,26.275,17.208
제주삼다수,왕십리점,역삼점,0.0,다중 경로 추천,5490.0,다중 연결 경로가 기존 직접/DC 경유 방식보다 비용이 낮습니다.,38.148831662928366,10.0,18,12,78.1,우선 추천,5490.0,,32,False,Greedy 선택 후보보다 우선순위가 낮음,13.1,1420,269,2,우유,269,92,393,3613,150,250,4,3.38,242,558060,A,0.6490075049271947,1,100.0,20.5,17.53,FAST,88.6,False,38.0,LOW,유통기한 임박,11.2,63.6,0.0,SAFE,"재고 여유 — 현재고(269), 재주문점(64)",0.0,348.8,26.6,99058.0,20.9,OPTIMAL,"적정 발주 — EOQ(349개), 권장 발주 주기 27일",20.9,91.9,13.13,18.71,7.55,STABLE,20.5,9.4,WMA,9.4,33.0,10.0,0.47,10.0,7.5,5.0,POOR,낮은 매칭 · 핵심(A)상품,1.003,50.1,STABLE,4.0,LOW,73.1,HIGH,0.3,30.0,50130.0,100.0,0.385,0.385,38.6,True,60.2,71,22.6,382,100.0,0.999,4.9,65.9,50.0,REALLOCATE,95.9,2,99.8,75.6,21.0,turnover,68.2,검토 필요,13,HEURISTIC 29% | ABC 14% | TURNOVER 14% | DISPOSAL_RISK 14% | SAFETY_STOCK 8% | EOQ 7% | DEMAND_FORECAST 7% | MATCH 5%,"['⏰ 유통기한 임박 (99%)', '❄️ 냉장·냉동 과잉 (61%)', '💸 배송비 상승 (100%)', '⚡ 복합 스트레스 (60%)']","{'재고위험': '25.3%', '판매가능성': '13.3%', '점포이동적합': '13.3%', '비용절감': '18.7%', '폐기회피이익': '14.5%', '실행가능성': '11.6%', '이력보정': '3.3%'}",True,True,False,True,False,True,59.1,27.4,51.0,61.1,72.0,50.0,78.0,53.0,0.0,87.6,최적,보류,⏸️,57,HIGH,신뢰도 높음 ●,#2e7d32,,,87.6,최적,보류,0,2,False,False,,50.0,8727.0,19002.0,8727.0,8.03,17.78,8.03,16.0,393.0,242.0,64.0,재고 이동,재고 이동,70.096,일치,70.096,45.892,24.199,15.999
게토레이 레몬,문래점,용산점,0.0,다중 경로 추천,5780.0,다중 연결 경로가 기존 직접/DC 경유 방식보다 비용이 낮습니다.,37.98415717895573,10.0,18,12,78.0,우선 추천,5780.0,,33,False,Greedy 선택 후보보다 우선순위가 낮음,8.9,1190,261,2,김밥,261,62,267,4990,200,350,4,4.92,243,317730,B,0.8150251138690287,2,60.0,29.3,12.28,FAST,83.7,False,38.0,LOW,유통기한 임박,16.2,51.8,0.0,SAFE,"재고 여유 — 현재고(261), 재주문점(52)",0.0,369.1,41.5,87841.0,26.9,OPTIMAL,"적정 발주 — EOQ(369개), 권장 발주 주기 42일",26.9,62.1,8.87,16.99,0.75,STABLE,29.4,5.3,WMA,5.3,28.8,10.0,0.26,6.0,7.5,5.0,POOR,낮은 매칭,0.995,49.9,STABLE,5.8,LOW,73.1,HIGH,0.3,30.0,43060.0,86.1,0.385,0.385,38.6,False,39.1,138,21.8,419,100.0,0.999,4.9,77.4,50.0,REALLOCATE,95.7,2,99.8,68.6,33.4,turnover,56.2,검토 필요,81,HEURISTIC 29% | ABC 14% | TURNOVER 14% | DISPOSAL_RISK 14% | SAFETY_STOCK 8% | EOQ 7% | DEMAND_FORECAST 7% | MATCH 5%,"['⏰ 유통기한 임박 (99%)', '❄️ 냉장·냉동 과잉 (61%)', '💸 배송비 상승 (100%)', '⚡ 복합 스트레스 (60%)']","{'재고위험': '25.3%', '판매가능성': '13.3%', '점포이동적합': '13.3%', '비용절감': '18.7%', '폐기회피이익': '14.5%', '실행가능성': '11.6%', '이력보정': '3.3%'}",True,True,False,True,False,True,51.8,25.3,50.1,61.9,63.7,50.0,66.4,49.7,0.0,34.1,검토,보류,⏸️,344,HIGH,신뢰도 높음 ●,#2e7d32,,,34.1,검토,보류,2,0,False,False,,50.0,9537.0,25671.0,9537.0,8.93,25.19,8.93,18.0,267.0,243.0,196.0,재고 이동,재고 이동,73.782,일치,73.782,48.208,25.489,16.592
브레디크 우유생크림빵,문래점,용산점,0.0,다중 경로 추천,5780.0,다중 연결 경로가 기존 직접/DC 경유 방식보다 비용이 낮습니다.,37.98415717895573,10.0,18,12,78.0,우선 추천,5780.0,,34,False,Greedy 선택 후보보다 우선순위가 낮음,8.3,2390,267,1,냉장식품,267,58,249,8863,400,300,2,4.05,258,595110,A,0.6660533387920988,1,100.0,32.2,11.19,NORMAL,82.1,False,47.1,MEDIUM,유통기한 임박 | 신선/냉장 고위험 카테고리,9.5,26.1,0.0,SAFE,"재고 여유 — 현재고(267), 재주문점(26)",0.0,265.0,31.9,202658.0,2.3,OPTIMAL,"적정 발주 — EOQ(265개), 권장 발주 주기 32일",2.3,58.0,8.29,14.97,1.6,STABLE,32.2,3.7,WMA,3.7,36.3,10.0,3.78,10.0,7.5,5.0,POOR,낮은 매칭 · 핵심(A)상품,0.998,50.0,STABLE,6.3,LOW,76.6,HIGH,0.3,30.0,92260.0,100.0,0.385,0.385,39.4,True,31.9,231,26.9,237,100.0,0.999,4.9,77.4,50.0,REALLOCATE,95.6,2,99.8,75.6,21.9,turnover,65.6,검토 필요,22,HEURISTIC 29% | ABC 14% | TURNOVER 14% | DISPOSAL_RISK 14% | SAFETY_STOCK 8% | EOQ 7% | DEMAND_FORECAST 7% | MATCH 5%,"['⏰ 유통기한 임박 (99%)', '❄️ 냉장·냉동 과잉 (61%)', '💸 배송비 상승 (100%)', '⚡ 복합 스트레스 (60%)']","{'재고위험': '25.3%', '판매가능성': '13.3%', '점포이동적합': '13.3%', '비용절감': '18.7%', '폐기회피이익': '14.5%', '실행가능성': '11.6%', '이력보정': '3.3%'}",True,True,False,True,False,True,61.5,24.7,54.5,58.2,72.0,50.0,62.5,53.2,0.0,89.8,최적,보류,⏸️,45,HIGH,신뢰도 높음 ●,#2e7d32,,,89.8,최적,보류,2,0,False,False,,50.0,9537.0,25671.0,9537.0,8.93,25.19,8.93,18.0,249.0,258.0,172.0,재고 이동,재고 이동,75.852,일치,75.852,49.419,25.976,17.059
카페25 헤이즐넛라떼,방배점,용산점,0.0,다중 경로 추천,6490.0,다중 연결 경로가 기존 직접/DC 경유 방식보다 비용이 낮습니다.,37.580988614746886,10.0,18,12,77.6,우선 추천,6490.0,,35,False,Greedy 선택 후보보다 우선순위가 낮음,6.7,1510,273,3,우유,273,47,201,7920,150,250,5,4.21,252,303510,A,0.7529074215391148,1,100.0,40.7,8.84,NORMAL,77.4,False,43.4,MEDIUM,유통기한 임박,15.5,49.0,0.0,SAFE,"재고 여유 — 현재고(273), 재주문점(49)",0.0,358.1,53.4,108160.0,22.5,OPTIMAL,"적정 발주 — EOQ(358개), 권장 발주 주기 53일",22.5,47.0,6.71,13.66,0.0,STABLE,40.7,2.6,WMA,2.6,36.2,10.0,3.73,10.0,7.5,5.0,POOR,낮은 매칭 · 핵심(A)상품,1.002,50.1,STABLE,7.9,LOW,69.6,MEDIUM,0.3,30.0,52370.0,100.0,0.385,0.385,38.6,True,23.7,450,25.7,294,100.0,0.999,4.9,77.4,50.0,REALLOCATE,95.5,2,99.8,75.5,22.7,turnover,63.7,검토 필요,28,HEURISTIC 29% | ABC 14% | TURNOVER 14% | DISPOSAL_RISK 14% | SAFETY_STOCK 8% | EOQ 7% | DEMAND_FORECAST 7% | MATCH 5%,"['⏰ 유통기한 임박 (99%)', '❄️ 냉장·냉동 과잉 (61%)', '💸 배송비 상승 (100%)', '⚡ 복합 스트레스 (60%)']","{'재고위험': '25.3%', '판매가능성': '13.3%', '점포이동적합': '13.3%', '비용절감': '18.7%', '폐기회피이익': '14.5%', '실행가능성': '11.6%', '이력보정': '3.3%'}",True,True,False,True,False,True,58.5,24.0,54.2,61.1,72.0,50.0,57.9,52.9,0.0,85.5,최적,보류,⏸️,68,HIGH,신뢰도 높음 ●,#2e7d32,,,85.5,최적,보류,2,0,False,False,,50.0,8826.0,22512.0,8826.0,8.14,21.68,8.14,16.0,201.0,252.0,138.0,재고 이동,재고 이동,74.166,일치,74.166,48.465,25.526,16.755
유어스 스파클링 자몽,청량리점,이태원점,0.0,다중 경로 추천,6670.0,다중 연결 경로가 기존 직접/DC 경유 방식보다 비용이 낮습니다.,37.47877686607421,10.0,18,12,77.5,우선 추천,6670.0,,36,False,Greedy 선택 후보보다 우선순위가 낮음,11.7,850,263,2,냉장식품,263,82,351,6696,100,300,3,3.5,239,298350,B,0.8363975077842005,2,60.0,22.5,16.02,FAST,87.5,False,46.0,MEDIUM,유통기한 임박 | 신선/냉장 고위험 카테고리,10.0,45.1,0.0,SAFE,"재고 여유 — 현재고(263), 재주문점(45)",0.0,458.5,39.2,124723.0,35.9,UNDER,과소 발주 위험 — 현재(253개) < EOQ(458개). 발주량 증가 검토,35.9,82.0,11.71,17.49,5.94,STABLE,22.5,8.5,WMA,8.5,32.5,10.0,4.02,6.0,7.5,5.0,POOR,낮은 매칭,1.001,50.0,STABLE,4.4,LOW,73.1,HIGH,0.3,30.0,26930.0,53.9,0.385,0.385,38.7,True,59.3,75,25.7,294,100.0,0.999,4.9,71.0,50.0,REALLOCATE,95.3,2,99.8,52.4,33.7,turnover,62.9,검토 필요,32,HEURISTIC 29% | ABC 14% | TURNOVER 14% | DISPOSAL_RISK 14% | SAFETY_STOCK 8% | EOQ 7% | DEMAND_FORECAST 7% | MATCH 5%,"['⏰ 유통기한 임박 (99%)', '❄️ 냉장·냉동 과잉 (61%)', '💸 배송비 상승 (100%)', '⚡ 복합 스트레스 (60%)']","{'재고위험': '25.3%', '판매가능성': '13.3%', '점포이동적합': '13.3%', '비용절감': '18.7%', '폐기회피이익': '14.5%', '실행가능성': '11.6%', '이력보정': '3.3%'}",True,True,False,True,False,True,56.4,27.0,51.9,63.0,44.3,50.0,77.5,48.7,0.0,18.6,검토,보류,⏸️,427,HIGH,신뢰도 높음 ●,#2e7d32,,,18.6,검토,보류,0,1,False,False,,50.0,9699.0,25185.0,9699.0,9.11,24.65,9.11,18.0,351.0,239.0,188.0,재고 이동,재고 이동,75.66,일치,75.66,49.57,26.272,17.044
브레디크 우유생크림빵,신촌2점,목동점,0.0,다중 경로 추천,6880.0,다중 연결 경로가 기존 직접/DC 경유 방식보다 비용이 낮습니다.,37.3595298259561,10.0,18,12,77.4,우선 추천,6880.0,,37,False,Greedy 선택 후보보다 우선순위가 낮음,2.3,2390,277,5,우유,277,16,69,6239,400,250,4,7.71,265,164910,A,0.6660533387920988,1,100.0,120.4,2.99,DEAD,33.1,True,60.0,HIGH,유통기한 임박 | 소진일수 120일 초과,25.4,34.6,0.0,SAFE,"재고 여유 — 현재고(277), 재주문점(35)",0.0,148.0,64.3,70761.0,70.0,OVER,과잉 발주 위험 — 현재(252개) > EOQ(148개). 발주 주기 64일 권장,70.0,16.0,2.29,15.01,0.0,STABLE,121.2,0.0,WMA,0.0,40.9,10.0,8.4,10.0,7.5,5.0,FAIR,보통 매칭 · 폐기위험 높음 · 핵심(A)상품,0.994,49.8,STABLE,23.6,LOW,62.6,MEDIUM,0.3,30.0,91160.0,100.0,0.385,0.385,38.6,True,22.7,459,36.9,63,100.0,0.999,4.9,77.7,50.0,REALLOCATE,95.2,2,99.8,75.5,24.7,disposal_risk,61.8,검토 필요,38,HEURISTIC 29% | ABC 14% | TURNOVER 14% | DISPOSAL_RISK 14% | SAFETY_STOCK 8% | EOQ 7% | DEMAND_FORECAST 7% | MATCH 5%,"['⏰ 유통기한 임박 (99%)', '❄️ 냉장·냉동 과잉 (61%)', '💸 배송비 상승 (100%)', '⚡ 복합 스트레스 (60%)']","{'재고위험': '25.3%', '판매가능성': '13.3%', '점포이동적합': '13.3%', '비용절감': '18.7%', '폐기회피이익': '14.5%', '실행가능성': '11.6%', '이력보정': '3.3%'}",True,True,False,True,False,True,54.3,22.7,58.6,68.1,72.0,50.0,57.4,53.5,0.0,91.7,최적,할인 판매,🏷️,35,HIGH,신뢰도 높음 ●,#2e7d32,,,91.7,최적,할인 판매,0,0,True,False,,50.0,11193.0,20604.0,11193.0,10.77,19.560000000000002,10.77,22.0,69.0,265.0,152.0,재고 이동,재고 이동,77.331,일치,77.331,50.983,27.073,17.467
고메 치즈함박스테이크,명동점,홍대2점,243.0,재배치 추천,8826.0,프로모션 순비용이 재배치 비용보다 높습니다.,36.25450725419494,23.152173913043477,18,0,77.4,우선 추천,8826.0,243.0,38,False,Greedy 선택 후보보다 우선순위가 낮음,5.8,4040,272,5,신선식품,272,41,174,13605,300,300,1,0.84,243,702960,A,0.15096753255459308,1,100.0,46.9,7.68,NORMAL,73.9,False,48.4,MEDIUM,유통기한 임박 | 신선/냉장 고위험 카테고리,1.4,7.2,0.0,SAFE,"재고 여유 — 현재고(272), 재주문점(7)",0.0,201.8,34.8,285397.0,34.1,OPTIMAL,"적정 발주 — EOQ(202개), 권장 발주 주기 35일",34.1,40.8,5.83,7.21,4.44,STABLE,46.7,1.8,WMA,1.8,36.2,10.0,3.69,10.0,7.5,5.0,POOR,낮은 매칭 · 핵심(A)상품,1.01,50.2,STABLE,9.1,LOW,62.6,MEDIUM,0.3,30.0,1242138.0,100.0,0.385,0.385,43.2,True,21.1,480,27.9,215,100.0,0.999,4.9,54.0,50.0,REALLOCATE,95.1,2,99.8,75.5,23.3,turnover,64.6,검토 필요,27,HEURISTIC 29% | ABC 14% | TURNOVER 14% | DISPOSAL_RISK 14% | SAFETY_STOCK 8% | EOQ 7% | DEMAND_FORECAST 7% | MATCH 5%,"['⏰ 유통기한 임박 (99%)', '❄️ 냉장·냉동 과잉 (61%)', '💸 배송비 상승 (100%)', '⚡ 복합 스트레스 (60%)']","{'재고위험': '25.3%', '판매가능성': '13.3%', '점포이동적합': '13.3%', '비용절감': '18.7%', '폐기회피이익': '14.5%', '실행가능성': '11.6%', '이력보정': '3.3%'}",True,True,False,True,False,True,59.9,24.6,52.3,62.7,72.0,50.0,56.5,53.3,0.0,90.7,최적,보류,⏸️,40,HIGH,신뢰도 높음 ●,#2e7d32,,,90.7,최적,보류,1,1,True,False,,50.0,8826.0,26679.0,8826.0,8.14,26.310000000000002,8.14,16.0,174.0,243.0,252.0,재고 이동,재고 이동,88.123,일치,88.123,57.738,30.484,19.514
유어스 닭가슴살샌드위치,신림점,강남2점,260.0,재배치 추천,12750.0,프로모션 순비용이 재배치 비용보다 높습니다.,34.026291133130805,25.0,18,0,77.0,우선 추천,12750.0,260.0,39,False,Greedy 선택 후보보다 우선순위가 낮음,11.8,2710,272,1,도시락,272,83,354,10264,500,350,2,3.85,260,959340,A,0.4691916774466689,1,100.0,23.1,15.62,FAST,87.2,False,38.0,LOW,유통기한 임박,9.0,32.6,0.0,SAFE,"재고 여유 — 현재고(272), 재주문점(33)",0.0,403.9,34.2,218907.0,27.9,OPTIMAL,"적정 발주 — EOQ(404개), 권장 발주 주기 34일",27.9,82.8,11.83,18.18,5.48,STABLE,23.0,8.3,WMA,8.3,32.9,10.0,0.42,10.0,7.5,5.0,POOR,낮은 매칭 · 핵심(A)상품,1.005,50.1,STABLE,4.5,LOW,76.6,HIGH,0.3,30.0,962770.0,100.0,0.385,0.385,39.4,True,56.2,86,22.6,382,100.0,0.999,4.9,64.9,50.0,REALLOCATE,94.9,2,99.8,75.4,21.3,turnover,66.6,검토 필요,17,HEURISTIC 29% | ABC 14% | TURNOVER 14% | DISPOSAL_RISK 14% | SAFETY_STOCK 8% | EOQ 7% | DEMAND_FORECAST 7% | MATCH 5%,"['⏰ 유통기한 임박 (99%)', '❄️ 냉장·냉동 과잉 (61%)', '💸 배송비 상승 (100%)', '⚡ 복합 스트레스 (60%)']","{'재고위험': '25.3%', '판매가능성': '13.3%', '점포이동적합': '13.3%', '비용절감': '18.7%', '폐기회피이익': '14.5%', '실행가능성': '11.6%', '이력보정': '3.3%'}",True,True,False,True,False,True,58.7,27.1,50.8,61.5,72.0,50.0,75.8,52.9,0.0,86.3,최적,보류,⏸️,64,HIGH,신뢰도 높음 ●,#2e7d32,,,86.3,최적,보류,2,1,False,False,,50.0,12750.0,26076.0,12750.0,12.5,25.64,12.5,25.0,354.0,260.0,262.0,재고 이동,재고 이동,88.77,일치,88.77,58.0,30.566,19.592
유어스 불고기피자,명동점,홍대4점,230.0,재배치 추천,7566.0,프로모션 순비용이 재배치 비용보다 높습니다.,36.96998949490361,21.73913043478261,18,0,76.7,우선 추천,7566.0,230.0,40,False,Greedy 선택 후보보다 우선순위가 낮음,5.5,2260,275,1,우유,275,38,165,17041,500,250,2,1.32,269,372900,B,0.8465497611767049,2,60.0,50.0,7.2,NORMAL,72.2,False,48.0,MEDIUM,유통기한 임박,3.1,14.1,0.0,SAFE,"재고 여유 — 현재고(275), 재주문점(14)",0.0,389.1,70.7,175857.0,24.1,OPTIMAL,"적정 발주 — EOQ(389개), 권장 발주 주기 71일",24.1,38.2,5.46,7.64,3.28,STABLE,50.4,1.3,WMA,1.3,32.2,10.0,3.66,6.0,7.5,5.0,POOR,낮은 매칭,0.987,49.7,STABLE,10.0,LOW,76.6,HIGH,0.3,30.0,731194.0,100.0,0.385,0.385,39.4,True,17.9,494,27.1,232,100.0,0.999,4.9,70.0,50.0,REALLOCATE,94.8,2,99.8,75.3,36.8,turnover,53.8,모니터링,125,HEURISTIC 29% | ABC 14% | TURNOVER 14% | DISPOSAL_RISK 14% | SAFETY_STOCK 8% | EOQ 7% | DEMAND_FORECAST 7% | MATCH 5%,"['⏰ 유통기한 임박 (99%)', '❄️ 냉장·냉동 과잉 (61%)', '💸 배송비 상승 (100%)', '⚡ 복합 스트레스 (60%)']","{'재고위험': '25.3%', '판매가능성': '13.3%', '점포이동적합': '13.3%', '비용절감': '18.7%', '폐기회피이익': '14.5%', '실행가능성': '11.6%', '이력보정': '3.3%'}",True,True,False,True,False,True,53.3,23.4,51.9,60.8,72.0,50.0,54.8,51.1,0.0,55.9,검토,보류,⏸️,227,HIGH,신뢰도 높음 ●,#2e7d32,,,55.9,검토,보류,1,1,True,False,,50.0,7566.0,26274.0,7566.0,6.74,25.86,6.74,13.0,165.0,269.0,230.0,재고 이동,재고 이동,83.492,일치,83.492,54.786,29.031,18.509
혜자로운 햄구이도시락,신촌점,종로점,232.0,재배치 추천,7944.0,프로모션 순비용이 재배치 비용보다 높습니다.,36.75534482269101,21.956521739130437,18,0,76.7,우선 추천,7944.0,232.0,41,False,Greedy 선택 후보보다 우선순위가 낮음,13.1,3650,259,2,김밥,259,92,393,5102,400,350,5,2.38,232,1434450,A,0.061498881731707665,1,100.0,19.8,18.21,FAST,89.0,False,38.0,LOW,유통기한 임박,8.8,74.3,3.6,SAFE,"재고 여유 — 현재고(259), 재주문점(74)",3.6,258.5,19.7,188725.0,2.6,OPTIMAL,"적정 발주 — EOQ(258개), 권장 발주 주기 20일",2.6,91.9,13.13,17.06,9.2,STABLE,19.7,9.8,WMA,9.8,33.0,10.0,0.49,10.0,7.5,5.0,POOR,낮은 매칭 · 핵심(A)상품,1.003,50.1,STABLE,3.8,LOW,73.1,HIGH,0.3,30.0,1101016.0,100.0,0.385,0.385,38.6,False,62.0,63,22.6,382,100.0,0.999,4.9,58.9,50.0,REALLOCATE,94.7,2,99.8,75.3,22.8,turnover,74.0,우선 처리,3,HEURISTIC 29% | ABC 14% | TURNOVER 14% | DISPOSAL_RISK 14% | SAFETY_STOCK 8% | EOQ 7% | DEMAND_FORECAST 7% | MATCH 5%,"['⏰ 유통기한 임박 (99%)', '❄️ 냉장·냉동 과잉 (61%)', '💸 배송비 상승 (100%)', '⚡ 복합 스트레스 (60%)']","{'재고위험': '25.3%', '판매가능성': '13.3%', '점포이동적합': '13.3%', '비용절감': '18.7%', '폐기회피이익': '14.5%', '실행가능성': '11.6%', '이력보정': '3.3%'}",True,True,False,True,False,True,59.2,27.6,50.3,57.6,72.0,50.0,79.0,52.3,0.0,79.4,권장,보류,⏸️,101,HIGH,신뢰도 높음 ●,#2e7d32,,,79.4,권장,보류,0,1,False,False,,50.0,7944.0,25347.0,7944.0,7.16,24.83,7.16,14.0,393.0,232.0,234.0,재고 이동,재고 이동,83.43,일치,83.43,54.436,28.62,18.499
유어스 마카롱,신촌2점,잠원점,0.0,다중 경로 추천,8060.0,다중 연결 경로가 기존 직접/DC 경유 방식보다 비용이 낮습니다.,36.689475029101956,10.0,18,12,76.7,우선 추천,8060.0,,42,False,Greedy 선택 후보보다 우선순위가 낮음,2.6,1070,274,2,신선식품,274,18,78,6142,400,300,3,5.02,268,83460,B,0.8858125126903167,2,60.0,105.4,3.42,DEAD,41.4,True,78.0,HIGH,유통기한 임박 | 소진일수 105일 초과 | 신선/냉장 고위험 카테고리,14.3,22.1,0.0,SAFE,"재고 여유 — 현재고(274), 재주문점(22)",0.0,176.4,67.8,66074.0,47.2,OPTIMAL,"적정 발주 — EOQ(176개), 권장 발주 주기 68일",47.2,18.1,2.59,10.87,0.0,STABLE,106.0,0.0,WMA,0.0,36.9,10.0,8.4,6.0,7.5,5.0,POOR,낮은 매칭 · 폐기위험 높음,0.989,49.7,STABLE,20.8,LOW,73.1,HIGH,0.3,30.0,42460.0,84.9,0.385,0.385,38.7,True,30.8,268,42.6,1,100.0,0.999,4.9,77.4,50.0,REALLOCATE,94.5,2,99.8,67.8,34.8,disposal_risk,58.4,검토 필요,63,HEURISTIC 29% | ABC 14% | TURNOVER 14% | DISPOSAL_RISK 14% | SAFETY_STOCK 8% | EOQ 7% | DEMAND_FORECAST 7% | MATCH 5%,"['⏰ 유통기한 임박 (99%)', '❄️ 냉장·냉동 과잉 (61%)', '💸 배송비 상승 (100%)', '⚡ 복합 스트레스 (60%)']","{'재고위험': '25.3%', '판매가능성': '13.3%', '점포이동적합': '13.3%', '비용절감': '18.7%', '폐기회피이익': '14.5%', '실행가능성': '11.6%', '이력보정': '3.3%'}",True,True,False,True,False,True,58.6,22.7,57.9,64.3,62.9,50.0,61.8,52.5,0.0,80.3,최적,할인 판매,🏷️,96,HIGH,신뢰도 높음 ●,#2e7d32,,,80.3,최적,할인 판매,0,0,True,False,,50.0,11391.0,15726.0,11391.0,10.99,14.14,10.99,22.0,78.0,268.0,94.0,재고 이동,재고 이동,73.018,일치,73.018,48.488,25.955,16.676
롯데 카스타드,신촌2점,용산점,220.0,재배치 추천,6405.0,프로모션 순비용이 재배치 비용보다 높습니다.,37.62925527384231,20.652173913043477,18,0,76.3,우선 추천,6405.0,220.0,43,False,Greedy 선택 후보보다 우선순위가 낮음,3.5,1650,265,7,김밥,265,24,105,5374,300,350,3,1.53,240,173250,A,0.6969593137214927,1,100.0,75.7,4.75,SLOW,57.9,True,52.9,MEDIUM,유통기한 임박 | 소진일수 76일 초과,4.4,14.9,0.0,SAFE,"재고 여유 — 현재고(265), 재주문점(15)",0.0,204.0,58.3,67313.0,27.7,OPTIMAL,"적정 발주 — EOQ(204개), 권장 발주 주기 58일",27.7,24.2,3.46,5.98,0.93,STABLE,76.7,0.0,WMA,0.0,36.1,10.0,3.6,10.0,7.5,5.0,POOR,낮은 매칭 · 핵심(A)상품,0.98,49.5,STABLE,15.2,LOW,55.6,MEDIUM,0.3,30.0,495195.0,100.0,0.385,0.385,38.7,False,18.0,493,31.0,159,100.0,0.999,4.9,77.4,50.0,REALLOCATE,94.4,2,99.8,75.3,25.4,disposal_risk,59.7,검토 필요,51,HEURISTIC 29% | ABC 14% | TURNOVER 14% | DISPOSAL_RISK 14% | SAFETY_STOCK 8% | EOQ 7% | DEMAND_FORECAST 7% | MATCH 5%,"['⏰ 유통기한 임박 (99%)', '❄️ 냉장·냉동 과잉 (61%)', '💸 배송비 상승 (100%)', '⚡ 복합 스트레스 (60%)']","{'재고위험': '25.3%', '판매가능성': '13.3%', '점포이동적합': '13.3%', '비용절감': '18.7%', '폐기회피이익': '14.5%', '실행가능성': '11.6%', '이력보정': '3.3%'}",True,True,False,True,False,True,57.7,22.6,55.2,61.1,72.0,50.0,54.8,52.6,0.0,82.5,최적,보류,⏸️,84,HIGH,신뢰도 높음 ●,#2e7d32,,,82.5,최적,보류,0,0,True,False,,50.0,6405.0,22791.0,6405.0,5.45,21.990000000000002,5.45,11.0,105.0,240.0,220.0,재고 이동,재고 이동,83.96,일치,83.96,55.097,29.1,18.678
롯데 카스타드,종로점,용산점,220.0,재배치 추천,7872.0,프로모션 순비용이 재배치 비용보다 높습니다.,36.796229522160075,20.652173913043477,18,0,75.4,우선 추천,7872.0,220.0,44,False,Greedy 선택 후보보다 우선순위가 낮음,7.5,1650,275,2,우유,275,52,225,4362,300,250,3,3.74,260,371250,A,0.6969593137214927,1,100.0,36.7,9.82,NORMAL,79.6,False,41.3,MEDIUM,유통기한 임박,10.7,33.2,0.0,SAFE,"재고 여유 — 현재고(275), 재주문점(33)",0.0,269.0,35.9,88775.0,1.4,OPTIMAL,"적정 발주 — EOQ(269개), 권장 발주 주기 36일",1.4,52.2,7.46,13.63,1.29,STABLE,36.9,3.1,WMA,3.1,36.2,10.0,3.75,10.0,7.5,5.0,POOR,낮은 매칭 · 핵심(A)상품,0.99,49.8,STABLE,7.4,LOW,73.1,HIGH,0.3,30.0,493728.0,100.0,0.385,0.385,38.7,True,26.8,379,24.7,343,100.0,0.999,4.9,77.4,50.0,REALLOCATE,94.3,2,99.8,75.1,22.7,turnover,60.3,검토 필요,44,HEURISTIC 29% | ABC 14% | TURNOVER 14% | DISPOSAL_RISK 14% | SAFETY_STOCK 8% | EOQ 7% | DEMAND_FORECAST 7% | MATCH 5%,"['⏰ 유통기한 임박 (99%)', '❄️ 냉장·냉동 과잉 (61%)', '💸 배송비 상승 (100%)', '⚡ 복합 스트레스 (60%)']","{'재고위험': '25.3%', '판매가능성': '13.3%', '점포이동적합': '13.3%', '비용절감': '18.7%', '폐기회피이익': '14.5%', '실행가능성': '11.6%', '이력보정': '3.3%'}",True,True,False,True,False,True,58.2,24.2,54.0,56.7,72.0,50.0,59.6,52.0,0.0,71.0,권장,보류,⏸️,146,HIGH,신뢰도 높음 ●,#2e7d32,,,71.0,권장,보류,1,0,False,False,,50.0,7872.0,16896.0,7872.0,7.08,15.44,7.08,14.0,225.0,260.0,220.0,재고 이동,재고 이동,82.975,일치,82.975,54.089,28.375,18.394
롯데 카스타드,방배점,용산점,220.0,재배치 추천,8826.0,프로모션 순비용이 재배치 비용보다 높습니다.,36.25450725419494,20.652173913043477,18,0,74.9,우선 추천,8826.0,220.0,45,False,Greedy 선택 후보보다 우선순위가 낮음,9.5,1650,275,3,김밥,275,66,285,4171,300,350,5,2.28,246,470250,A,0.6969593137214927,1,100.0,28.9,12.44,FAST,83.9,False,38.0,LOW,유통기한 임박,8.4,55.9,0.0,SAFE,"재고 여유 — 현재고(275), 재주문점(56)",0.0,296.1,31.2,97701.0,8.0,OPTIMAL,"적정 발주 — EOQ(296개), 권장 발주 주기 31일",8.0,66.2,9.46,13.22,5.7,STABLE,29.1,5.4,WMA,5.4,32.8,10.0,0.27,10.0,7.5,5.0,POOR,낮은 매칭 · 핵심(A)상품,0.992,49.8,STABLE,5.8,LOW,69.6,MEDIUM,0.3,30.0,492774.0,100.0,0.385,0.385,38.6,False,40.9,128,22.5,388,100.0,0.999,4.9,77.4,50.0,REALLOCATE,94.1,2,99.8,75.0,21.8,turnover,60.6,검토 필요,43,HEURISTIC 29% | ABC 14% | TURNOVER 14% | DISPOSAL_RISK 14% | SAFETY_STOCK 8% | EOQ 7% | DEMAND_FORECAST 7% | MATCH 5%,"['⏰ 유통기한 임박 (99%)', '❄️ 냉장·냉동 과잉 (61%)', '💸 배송비 상승 (100%)', '⚡ 복합 스트레스 (60%)']","{'재고위험': '25.3%', '판매가능성': '13.3%', '점포이동적합': '13.3%', '비용절감': '18.7%', '폐기회피이익': '14.5%', '실행가능성': '11.6%', '이력보정': '3.3%'}",True,True,False,True,False,True,57.8,25.4,52.0,57.4,72.0,50.0,67.4,51.9,0.0,70.0,권장,보류,⏸️,151,HIGH,신뢰도 높음 ●,#2e7d32,,,70.0,권장,보류,2,0,False,False,,50.0,8826.0,22512.0,8826.0,8.14,21.68,8.14,16.0,285.0,246.0,220.0,재고 이동,재고 이동,82.479,일치,82.479,53.834,28.306,18.311
혜자로운 햄구이도시락,마포점,종로점,234.0,재배치 추천,11562.0,프로모션 순비용이 재배치 비용보다 높습니다.,34.700888674370404,22.17391304347826,18,0,74.9,우선 추천,11562.0,234.0,46,False,Greedy 선택 후보보다 우선순위가 낮음,13.1,3650,279,2,냉장식품,279,92,393,7506,400,300,2,8.4,252,1434450,A,0.061498881731707665,1,100.0,21.3,16.9,FAST,88.2,False,46.0,MEDIUM,유통기한 임박 | 신선/냉장 고위험 카테고리,19.6,45.8,0.0,SAFE,"재고 여유 — 현재고(279), 재주문점(46)",0.0,247.9,18.9,289549.0,4.6,OPTIMAL,"적정 발주 — EOQ(248개), 권장 발주 주기 19일",4.6,91.9,13.13,26.99,0.0,STABLE,21.3,9.1,WMA,9.1,36.6,10.0,4.06,10.0,7.5,5.0,POOR,낮은 매칭 · 핵심(A)상품,1.003,50.1,STABLE,4.1,LOW,73.1,HIGH,0.3,30.0,1106958.0,100.0,0.385,0.385,39.4,True,63.2,56,26.4,256,100.0,0.999,4.9,58.9,50.0,REALLOCATE,94.0,2,99.8,75.0,22.8,turnover,67.4,검토 필요,15,HEURISTIC 29% | ABC 14% | TURNOVER 14% | DISPOSAL_RISK 14% | SAFETY_STOCK 8% | EOQ 7% | DEMAND_FORECAST 7% | MATCH 5%,"['⏰ 유통기한 임박 (99%)', '❄️ 냉장·냉동 과잉 (61%)', '💸 배송비 상승 (100%)', '⚡ 복합 스트레스 (60%)']","{'재고위험': '25.3%', '판매가능성': '13.3%', '점포이동적합': '13.3%', '비용절감': '18.7%', '폐기회피이익': '14.5%', '실행가능성': '11.6%', '이력보정': '3.3%'}",True,True,False,True,False,True,62.6,27.5,52.6,56.9,72.0,50.0,79.7,53.4,0.0,91.1,최적,보류,⏸️,38,HIGH,신뢰도 높음 ●,#2e7d32,,,91.1,최적,보류,0,1,False,False,,50.0,11562.0,30360.0,11562.0,11.18,30.4,11.18,22.0,393.0,252.0,234.0,재고 이동,재고 이동,85.241,일치,85.241,55.746,29.413,18.909
오뚜기 진라면컵,성수점,이태원점,212.0,재배치 추천,7998.0,프로모션 순비용이 재배치 비용보다 높습니다.,36.72468129808921,19.782608695652172,18,0,74.5,우선 추천,7998.0,212.0,47,False,Greedy 선택 후보보다 우선순위가 낮음,10.3,2630,277,2,김밥,278,72,309,5424,500,350,5,4.84,256,812670,A,0.22235950532195084,1,100.0,26.9,13.34,FAST,85.1,False,38.0,LOW,유통기한 임박,17.9,69.4,0.1,SAFE,"재고 여유 — 현재고(277), 재주문점(69)",0.1,278.4,27.0,146465.0,5.5,OPTIMAL,"적정 발주 — EOQ(278개), 권장 발주 주기 27일",5.5,72.0,10.29,18.27,2.3,STABLE,26.9,6.4,WMA,6.4,32.8,10.0,0.32,10.0,7.5,5.0,POOR,낮은 매칭 · 핵심(A)상품,0.999,50.0,STABLE,5.3,LOW,73.1,HIGH,0.3,30.0,767074.0,100.0,0.385,0.385,38.6,False,47.1,110,22.5,388,100.0,0.999,4.9,71.0,50.0,REALLOCATE,93.9,2,99.8,74.9,21.9,turnover,61.2,검토 필요,41,HEURISTIC 29% | ABC 14% | TURNOVER 14% | DISPOSAL_RISK 14% | SAFETY_STOCK 8% | EOQ 7% | DEMAND_FORECAST 7% | MATCH 5%,"['⏰ 유통기한 임박 (99%)', '❄️ 냉장·냉동 과잉 (61%)', '💸 배송비 상승 (100%)', '⚡ 복합 스트레스 (60%)']","{'재고위험': '25.3%', '판매가능성': '13.3%', '점포이동적합': '13.3%', '비용절감': '18.7%', '폐기회피이익': '14.5%', '실행가능성': '11.6%', '이력보정': '3.3%'}",True,True,False,True,False,True,58.2,25.9,51.4,56.8,72.0,50.0,70.8,51.8,0.0,69.3,권장,보류,⏸️,155,HIGH,신뢰도 높음 ●,#2e7d32,,,69.3,권장,보류,2,1,False,False,,50.0,7998.0,17751.0,7998.0,7.22,16.39,7.22,14.0,309.0,256.0,212.0,재고 이동,재고 이동,82.353,일치,82.353,53.677,28.165,18.276
유어스 닭가슴살샌드위치,여의도2점,강남2점,244.0,재배치 추천,14208.0,프로모션 순비용이 재배치 비용보다 높습니다.,33.198375968882196,23.26086956521739,18,0,74.5,우선 추천,14208.0,244.0,48,False,Greedy 선택 후보보다 우선순위가 낮음,13.8,2710,272,2,샐러드,272,97,414,7824,500,350,2,2.52,244,1121940,A,0.4691916774466689,1,100.0,19.7,18.26,FAST,89.1,False,38.0,LOW,유통기한 임박,5.9,33.5,0.0,SAFE,"재고 여유 — 현재고(272), 재주문점(34)",0.0,381.3,27.6,206688.0,24.2,OPTIMAL,"적정 발주 — EOQ(381개), 권장 발주 주기 28일",24.2,96.8,13.83,17.99,9.67,STABLE,19.7,9.8,WMA,9.8,33.0,10.0,0.49,10.0,7.5,5.0,POOR,낮은 매칭 · 핵심(A)상품,1.004,50.1,STABLE,3.8,LOW,73.1,HIGH,0.3,30.0,901280.0,100.0,0.385,0.385,39.4,True,62.9,60,22.5,388,100.0,0.999,4.9,64.9,50.0,REALLOCATE,93.7,2,99.8,74.9,21.8,turnover,65.4,검토 필요,23,HEURISTIC 29% | ABC 14% | TURNOVER 14% | DISPOSAL_RISK 14% | SAFETY_STOCK 8% | EOQ 7% | DEMAND_FORECAST 7% | MATCH 5%,"['⏰ 유통기한 임박 (99%)', '❄️ 냉장·냉동 과잉 (61%)', '💸 배송비 상승 (100%)', '⚡ 복합 스트레스 (60%)']","{'재고위험': '25.3%', '판매가능성': '13.3%', '점포이동적합': '13.3%', '비용절감': '18.7%', '폐기회피이익': '14.5%', '실행가능성': '11.6%', '이력보정': '3.3%'}",True,True,False,True,False,True,59.2,27.8,50.8,59.6,72.0,50.0,79.5,52.8,0.0,84.6,최적,보류,⏸️,73,HIGH,신뢰도 높음 ●,#2e7d32,,,84.6,최적,보류,0,1,False,False,,50.0,14208.0,22458.0,14208.0,14.12,21.619999999999997,14.12,28.0,414.0,244.0,262.0,재고 이동,재고 이동,86.723,일치,86.723,56.662,29.849,19.185
고메 치즈함박스테이크,홍대점,홍대2점,252.0,재배치 추천,15789.0,프로모션 순비용이 재배치 비용보다 높습니다.,32.30061610970728,24.130434782608695,18,0,74.4,우선 추천,15789.0,252.0,49,False,Greedy 선택 후보보다 우선순위가 낮음,3.8,4040,272,4,샐러드,272,27,114,10343,300,350,1,3.96,256,460560,A,0.15096753255459308,1,100.0,71.6,5.03,SLOW,60.2,True,50.8,MEDIUM,유통기한 임박 | 소진일수 72일 초과,6.5,10.3,0.0,SAFE,"재고 여유 — 현재고(272), 재주문점(10)",0.0,188.4,49.6,152259.0,40.9,OPTIMAL,"적정 발주 — EOQ(188개), 권장 발주 주기 50일",40.9,26.8,3.83,10.36,0.0,STABLE,71.0,0.0,WMA,0.0,36.1,10.0,3.6,10.0,7.5,5.0,POOR,낮은 매칭 · 핵심(A)상품,1.015,50.4,STABLE,13.9,LOW,66.1,MEDIUM,0.3,30.0,1281507.0,100.0,0.385,0.385,43.5,True,17.4,496,29.7,179,100.0,0.999,4.9,54.0,50.0,REALLOCATE,93.6,2,99.8,74.9,25.7,disposal_risk,58.7,검토 필요,60,HEURISTIC 29% | ABC 14% | TURNOVER 14% | DISPOSAL_RISK 14% | SAFETY_STOCK 8% | EOQ 7% | DEMAND_FORECAST 7% | MATCH 5%,"['⏰ 유통기한 임박 (99%)', '❄️ 냉장·냉동 과잉 (61%)', '💸 배송비 상승 (100%)', '⚡ 복합 스트레스 (60%)']","{'재고위험': '25.3%', '판매가능성': '13.3%', '점포이동적합': '13.3%', '비용절감': '18.7%', '폐기회피이익': '14.5%', '실행가능성': '11.6%', '이력보정': '3.3%'}",True,True,False,True,False,True,57.3,23.8,52.6,62.1,72.0,50.0,54.5,52.5,0.0,81.0,최적,보류,⏸️,92,HIGH,신뢰도 높음 ●,#2e7d32,,,81.0,최적,보류,1,1,True,False,,50.0,0.0,15789.0,15789.0,0.0,14.21,14.21,28.0,114.0,256.0,252.0,재고 이동,재고 이동,87.112,일치,87.112,57.142,30.179,19.28
유어스 국물떡볶이,역삼점,압구정점,194.0,재배치 추천,5514.0,프로모션 순비용이 재배치 비용보다 높습니다.,38.135203429772005,17.82608695652174,18,0,74.0,우선 추천,5514.0,194.0,50,False,Greedy 선택 후보보다 우선순위가 낮음,11.1,3110,279,1,냉장식품,279,78,333,15120,400,300,1,0.77,267,1035630,A,0.1118789381447873,1,100.0,25.1,14.32,FAST,86.1,False,46.0,MEDIUM,유통기한 임박 | 신선/냉장 고위험 카테고리,1.3,12.4,0.0,SAFE,"재고 여유 — 현재고(279), 재주문점(12)",0.0,350.9,31.6,349184.0,16.7,OPTIMAL,"적정 발주 — EOQ(351개), 권장 발주 주기 32일",16.7,77.9,11.13,12.4,9.86,STABLE,25.1,7.3,WMA,7.3,36.5,10.0,3.96,10.0,7.5,5.0,POOR,낮은 매칭 · 핵심(A)상품,1.004,50.1,STABLE,4.9,LOW,76.6,HIGH,0.3,30.0,796094.0,100.0,0.385,0.385,43.0,True,55.0,88,26.4,256,100.0,0.999,4.9,66.2,50.0,REALLOCATE,93.5,2,99.8,74.8,23.0,turnover,65.8,검토 필요,21,HEURISTIC 29% | ABC 14% | TURNOVER 14% | DISPOSAL_RISK 14% | SAFETY_STOCK 8% | EOQ 7% | DEMAND_FORECAST 7% | MATCH 5%,"['⏰ 유통기한 임박 (99%)', '❄️ 냉장·냉동 과잉 (61%)', '💸 배송비 상승 (100%)', '⚡ 복합 스트레스 (60%)']","{'재고위험': '25.3%', '판매가능성': '13.3%', '점포이동적합': '13.3%', '비용절감': '18.7%', '폐기회피이익': '14.5%', '실행가능성': '11.6%', '이력보정': '3.3%'}",True,True,False,True,False,True,62.0,27.3,53.3,58.2,72.0,50.0,75.2,53.5,0.0,91.8,최적,보류,⏸️,34,HIGH,신뢰도 높음 ●,#2e7d32,,,91.8,최적,보류,2,1,False,False,,50.0,5514.0,18228.0,5514.0,4.46,16.92,4.46,9.0,333.0,267.0,194.0,재고 이동,재고 이동,84.156,일치,84.156,54.935,28.866,18.696
해태 홈런볼,구로점,합정점,216.0,재배치 추천,9654.0,프로모션 순비용이 재배치 비용보다 높습니다.,35.78433321030067,20.217391304347824,18,0,74.0,우선 추천,9654.0,216.0,51,False,Greedy 선택 후보보다 우선순위가 낮음,7.4,2500,256,3,신선식품,256,52,222,5216,250,300,3,2.46,233,555000,A,0.588187697680407,1,100.0,34.6,10.41,NORMAL,80.8,False,50.3,MEDIUM,유통기한 임박 | 신선/냉장 고위험 카테고리,7.0,29.2,0.0,SAFE,"재고 여유 — 현재고(256), 재주문점(29)",0.0,179.4,24.2,157018.0,38.8,OPTIMAL,"적정 발주 — EOQ(179개), 권장 발주 주기 24일",38.8,51.9,7.41,11.47,3.36,STABLE,34.5,3.4,WMA,3.4,36.3,10.0,3.77,10.0,7.5,5.0,POOR,낮은 매칭 · 핵심(A)상품,1.004,50.1,STABLE,6.7,LOW,69.6,MEDIUM,0.3,30.0,692346.0,100.0,0.385,0.385,38.7,True,32.1,227,28.1,210,100.0,0.999,4.9,77.9,50.0,REALLOCATE,93.3,2,99.8,74.8,23.1,turnover,64.9,검토 필요,26,HEURISTIC 29% | ABC 14% | TURNOVER 14% | DISPOSAL_RISK 14% | SAFETY_STOCK 8% | EOQ 7% | DEMAND_FORECAST 7% | MATCH 5%,"['⏰ 유통기한 임박 (99%)', '❄️ 냉장·냉동 과잉 (61%)', '💸 배송비 상승 (100%)', '⚡ 복합 스트레스 (60%)']","{'재고위험': '25.3%', '판매가능성': '13.3%', '점포이동적합': '13.3%', '비용절감': '18.7%', '폐기회피이익': '14.5%', '실행가능성': '11.6%', '이력보정': '3.3%'}",True,True,False,True,False,True,62.5,24.5,54.7,61.5,72.0,50.0,62.6,54.1,0.0,94.8,최적,보류,⏸️,18,HIGH,신뢰도 높음 ●,#2e7d32,,,94.8,최적,보류,1,0,False,False,,50.0,9654.0,24582.0,9654.0,9.06,23.98,9.06,18.0,222.0,233.0,216.0,재고 이동,재고 이동,85.678,일치,85.678,56.236,29.734,19.079
오뚜기 진라면컵,사당점,이태원점,212.0,재배치 추천,9159.0,프로모션 순비용이 재배치 비용보다 높습니다.,36.065415519150505,19.782608695652172,18,0,73.8,우선 추천,9159.0,212.0,52,False,Greedy 선택 후보보다 우선순위가 낮음,12.3,2630,277,3,냉장식품,277,86,369,4903,500,300,4,4.73,240,970470,A,0.22235950532195084,1,100.0,22.5,15.99,FAST,87.5,False,46.0,MEDIUM,유통기한 임박 | 신선/냉장 고위험 카테고리,15.6,64.8,0.0,SAFE,"재고 여유 — 현재고(277), 재주문점(65)",0.0,228.7,18.6,192485.0,14.3,OPTIMAL,"적정 발주 — EOQ(229개), 권장 발주 주기 19일",14.3,86.0,12.29,20.09,4.48,STABLE,22.5,8.5,WMA,8.5,36.5,10.0,4.02,10.0,7.5,5.0,POOR,낮은 매칭 · 핵심(A)상품,0.999,50.0,STABLE,4.4,LOW,69.6,MEDIUM,0.3,30.0,765913.0,100.0,0.385,0.385,38.6,True,61.1,67,26.3,266,100.0,0.999,4.9,71.0,50.0,REALLOCATE,93.2,2,99.8,74.8,23.0,turnover,66.5,검토 필요,18,HEURISTIC 29% | ABC 14% | TURNOVER 14% | DISPOSAL_RISK 14% | SAFETY_STOCK 8% | EOQ 7% | DEMAND_FORECAST 7% | MATCH 5%,"['⏰ 유통기한 임박 (99%)', '❄️ 냉장·냉동 과잉 (61%)', '💸 배송비 상승 (100%)', '⚡ 복합 스트레스 (60%)']","{'재고위험': '25.3%', '판매가능성': '13.3%', '점포이동적합': '13.3%', '비용절감': '18.7%', '폐기회피이익': '14.5%', '실행가능성': '11.6%', '이력보정': '3.3%'}",True,True,False,True,False,True,62.4,27.0,53.8,57.7,72.0,50.0,78.5,53.6,0.0,92.6,최적,보류,⏸️,30,HIGH,신뢰도 높음 ●,#2e7d32,,,92.6,최적,보류,2,1,False,False,,50.0,9159.0,21162.0,9159.0,8.51,20.18,8.51,17.0,369.0,240.0,212.0,재고 이동,재고 이동,83.677,일치,83.677,54.726,28.827,18.623
게토레이 레몬,잠실점,강남점,216.0,재배치 추천,10095.0,프로모션 순비용이 재배치 비용보다 높습니다.,35.53391442605264,20.217391304347824,18,0,73.8,우선 추천,10095.0,216.0,53,False,Greedy 선택 후보보다 우선순위가 낮음,6.9,1190,261,1,우유,261,48,207,7221,200,250,5,2.06,254,246330,B,0.8150251138690287,2,60.0,37.8,9.52,NORMAL,79.0,False,41.9,MEDIUM,유통기한 임박,7.6,42.1,0.0,SAFE,"재고 여유 — 현재고(261), 재주문점(42)",0.0,390.9,56.7,93041.0,28.1,OPTIMAL,"적정 발주 — EOQ(391개), 권장 발주 주기 57일",28.1,48.1,6.87,10.27,3.47,STABLE,38.0,2.9,WMA,2.9,32.2,10.0,3.74,6.0,7.5,5.0,POOR,낮은 매칭,0.994,49.8,STABLE,7.5,LOW,76.6,HIGH,0.3,30.0,341553.0,100.0,0.385,0.385,38.6,True,25.5,412,24.1,355,100.0,0.999,4.9,69.2,50.0,REALLOCATE,93.1,2,99.8,74.8,36.3,turnover,52.0,모니터링,153,HEURISTIC 29% | ABC 14% | TURNOVER 14% | DISPOSAL_RISK 14% | SAFETY_STOCK 8% | EOQ 7% | DEMAND_FORECAST 7% | MATCH 5%,"['⏰ 유통기한 임박 (99%)', '❄️ 냉장·냉동 과잉 (61%)', '💸 배송비 상승 (100%)', '⚡ 복합 스트레스 (60%)']","{'재고위험': '25.3%', '판매가능성': '13.3%', '점포이동적합': '13.3%', '비용절감': '18.7%', '폐기회피이익': '14.5%', '실행가능성': '11.6%', '이력보정': '3.3%'}",True,True,False,True,False,True,52.3,24.1,51.2,59.8,72.0,50.0,58.9,50.7,0.0,49.9,검토,보류,⏸️,259,HIGH,신뢰도 높음 ●,#2e7d32,,,49.9,검토,보류,1,1,True,False,,50.0,10095.0,27894.0,10095.0,9.55,27.66,9.55,19.0,207.0,254.0,216.0,재고 이동,재고 이동,80.702,일치,80.702,53.007,28.135,17.954
게토레이 레몬,신촌2점,용산점,196.0,재배치 추천,6405.0,프로모션 순비용이 재배치 비용보다 높습니다.,37.62925527384231,18.043478260869566,18,0,73.7,우선 추천,6405.0,196.0,54,False,Greedy 선택 후보보다 우선순위가 낮음,2.9,1190,271,6,냉장식품,271,20,87,4276,200,300,3,4.04,253,103530,B,0.8150251138690287,2,60.0,93.4,3.85,DEAD,48.1,True,68.0,HIGH,유통기한 임박 | 소진일수 93일 초과 | 신선/냉장 고위험 카테고리,11.5,20.2,0.0,SAFE,"재고 여유 — 현재고(271), 재주문점(20)",0.0,154.2,53.2,58712.0,68.3,OVER,과잉 발주 위험 — 현재(260개) > EOQ(154개). 발주 주기 53일 권장,68.3,20.1,2.87,9.54,0.0,STABLE,94.4,0.0,WMA,0.0,36.9,10.0,8.4,6.0,7.5,5.0,POOR,낮은 매칭 · 폐기위험 높음,0.985,49.6,STABLE,18.5,LOW,59.1,MEDIUM,0.3,30.0,312683.0,100.0,0.385,0.385,38.7,True,26.8,379,37.9,43,100.0,0.999,4.9,77.4,50.0,REALLOCATE,92.9,2,99.8,74.7,39.0,disposal_risk,55.5,검토 필요,93,HEURISTIC 29% | ABC 14% | TURNOVER 14% | DISPOSAL_RISK 14% | SAFETY_STOCK 8% | EOQ 7% | DEMAND_FORECAST 7% | MATCH 5%,"['⏰ 유통기한 임박 (99%)', '❄️ 냉장·냉동 과잉 (61%)', '💸 배송비 상승 (100%)', '⚡ 복합 스트레스 (60%)']","{'재고위험': '25.3%', '판매가능성': '13.3%', '점포이동적합': '13.3%', '비용절감': '18.7%', '폐기회피이익': '14.5%', '실행가능성': '11.6%', '이력보정': '3.3%'}",True,True,False,True,False,True,55.9,22.6,56.9,65.8,72.0,50.0,59.6,53.2,0.0,90.2,최적,할인 판매,🏷️,43,HIGH,신뢰도 높음 ●,#2e7d32,,,90.2,최적,할인 판매,0,0,True,False,,50.0,6405.0,22791.0,6405.0,5.45,21.990000000000002,5.45,11.0,87.0,253.0,196.0,재고 이동,재고 이동,83.941,일치,83.941,55.582,29.675,18.764
혜자로운 집밥 함박스테이크,잠실4점,건대4점,190.0,재배치 추천,5451.0,프로모션 순비용이 재배치 비용보다 높습니다.,38.170977541807446,17.391304347826086,18,0,73.6,우선 추천,5451.0,190.0,55,False,Greedy 선택 후보보다 우선순위가 낮음,9.0,2820,270,1,도시락,270,63,270,4319,300,350,2,4.59,261,761400,A,0.3196923169211457,1,100.0,30.0,12.0,FAST,83.3,False,38.0,LOW,유통기한 임박,10.7,28.7,0.0,SAFE,"재고 여유 — 현재고(270), 재주문점(29)",0.0,224.3,24.9,126507.0,15.6,OPTIMAL,"적정 발주 — EOQ(224개), 권장 발주 주기 25일",15.6,63.0,9.0,16.57,1.43,STABLE,30.0,5.0,WMA,5.0,32.8,10.0,0.25,10.0,7.5,5.0,POOR,낮은 매칭 · 핵심(A)상품,1.0,50.0,STABLE,5.8,LOW,76.6,HIGH,0.3,30.0,694509.0,100.0,0.385,0.385,39.4,True,38.7,139,22.4,392,100.0,0.999,4.9,79.5,50.0,REALLOCATE,92.8,2,99.8,74.7,22.2,turnover,59.5,검토 필요,55,HEURISTIC 29% | ABC 14% | TURNOVER 14% | DISPOSAL_RISK 14% | SAFETY_STOCK 8% | EOQ 7% | DEMAND_FORECAST 7% | MATCH 5%,"['⏰ 유통기한 임박 (99%)', '❄️ 냉장·냉동 과잉 (61%)', '💸 배송비 상승 (100%)', '⚡ 복합 스트레스 (60%)']","{'재고위험': '25.3%', '판매가능성': '13.3%', '점포이동적합': '13.3%', '비용절감': '18.7%', '폐기회피이익': '14.5%', '실행가능성': '11.6%', '이력보정': '3.3%'}",True,True,False,True,False,True,57.7,25.4,52.2,57.8,72.0,50.0,66.2,52.0,0.0,70.6,권장,보류,⏸️,148,HIGH,신뢰도 높음 ●,#2e7d32,,,70.6,권장,보류,2,0,False,False,,50.0,5451.0,17796.0,5451.0,4.39,16.439999999999998,4.39,9.0,270.0,261.0,190.0,재고 이동,재고 이동,81.558,일치,81.558,53.185,27.914,18.13
유어스 스파클링 자몽,여의도점,상암점,208.0,재배치 추천,9456.0,프로모션 순비용이 재배치 비용보다 높습니다.,35.89676613384061,19.34782608695652,18,0,73.2,우선 추천,9456.0,208.0,56,False,Greedy 선택 후보보다 우선순위가 낮음,9.7,850,263,1,김밥,263,68,291,4521,100,350,5,4.31,253,247350,B,0.8363975077842005,2,60.0,27.1,13.28,FAST,84.9,False,38.0,LOW,유통기한 임박,15.9,64.4,0.0,SAFE,"재고 여유 — 현재고(263), 재주문점(64)",0.0,434.0,44.7,73772.0,34.5,UNDER,과소 발주 위험 — 현재(247개) < EOQ(434개). 발주량 증가 검토,34.5,68.0,9.71,16.83,2.6,STABLE,27.1,6.4,WMA,6.4,28.8,10.0,0.32,6.0,7.5,5.0,POOR,낮은 매칭,1.001,50.0,STABLE,5.3,LOW,76.6,HIGH,0.3,30.0,223504.0,100.0,0.385,0.385,38.6,False,47.3,108,21.6,435,100.0,0.999,4.9,64.1,50.0,REALLOCATE,92.7,2,99.8,74.6,34.9,turnover,53.1,모니터링,137,HEURISTIC 29% | ABC 14% | TURNOVER 14% | DISPOSAL_RISK 14% | SAFETY_STOCK 8% | EOQ 7% | DEMAND_FORECAST 7% | MATCH 5%,"['⏰ 유통기한 임박 (99%)', '❄️ 냉장·냉동 과잉 (61%)', '💸 배송비 상승 (100%)', '⚡ 복합 스트레스 (60%)']","{'재고위험': '25.3%', '판매가능성': '13.3%', '점포이동적합': '13.3%', '비용절감': '18.7%', '폐기회피이익': '14.5%', '실행가능성': '11.6%', '이력보정': '3.3%'}",True,True,False,True,False,True,52.1,25.9,48.7,60.4,72.0,50.0,70.9,50.6,0.0,49.4,검토,보류,⏸️,262,HIGH,신뢰도 높음 ●,#2e7d32,,,49.4,검토,보류,2,1,False,False,,50.0,9456.0,20361.0,9456.0,8.84,19.29,8.84,18.0,291.0,253.0,208.0,재고 이동,재고 이동,80.597,일치,80.597,52.86,27.991,17.935
유어스 샐러드랩,종로점,용산점,198.0,재배치 추천,7872.0,프로모션 순비용이 재배치 비용보다 높습니다.,36.796229522160075,18.26086956521739,18,0,73.1,우선 추천,7872.0,198.0,57,False,Greedy 선택 후보보다 우선순위가 낮음,6.2,2800,258,1,신선식품,258,43,186,8871,500,300,2,8.1,251,520800,A,0.4955087509106965,1,100.0,41.6,8.65,NORMAL,76.9,False,53.8,MEDIUM,유통기한 임박 | 신선/냉장 고위험 카테고리,18.9,31.3,0.0,SAFE,"재고 여유 — 현재고(258), 재주문점(31)",0.0,202.4,32.6,198361.0,18.1,OPTIMAL,"적정 발주 — EOQ(202개), 권장 발주 주기 33일",18.1,43.2,6.17,19.54,0.0,STABLE,41.8,2.4,WMA,2.4,36.2,10.0,3.72,10.0,7.5,5.0,POOR,낮은 매칭 · 핵심(A)상품,0.991,49.8,STABLE,8.3,LOW,76.6,HIGH,0.3,30.0,756408.0,100.0,0.385,0.385,39.4,True,27.9,354,29.7,179,100.0,0.999,4.9,77.4,50.0,REALLOCATE,92.5,2,99.8,74.6,23.8,turnover,62.1,검토 필요,36,HEURISTIC 29% | ABC 14% | TURNOVER 14% | DISPOSAL_RISK 14% | SAFETY_STOCK 8% | EOQ 7% | DEMAND_FORECAST 7% | MATCH 5%,"['⏰ 유통기한 임박 (99%)', '❄️ 냉장·냉동 과잉 (61%)', '💸 배송비 상승 (100%)', '⚡ 복합 스트레스 (60%)']","{'재고위험': '25.3%', '판매가능성': '13.3%', '점포이동적합': '13.3%', '비용절감': '18.7%', '폐기회피이익': '14.5%', '실행가능성': '11.6%', '이력보정': '3.3%'}",True,True,False,True,False,True,63.1,24.0,55.0,57.9,72.0,50.0,60.3,53.5,0.0,92.2,최적,보류,⏸️,32,HIGH,신뢰도 높음 ●,#2e7d32,,,92.2,최적,보류,1,0,False,False,,50.0,7872.0,16896.0,7872.0,7.08,15.44,7.08,14.0,186.0,251.0,198.0,재고 이동,재고 이동,83.57,일치,83.57,54.725,28.829,18.618
유어스 샐러드랩,홍대2점,용산점,198.0,재배치 추천,7881.0,프로모션 순비용이 재배치 비용보다 높습니다.,36.79111893472644,18.26086956521739,18,0,73.1,우선 추천,7881.0,198.0,58,False,Greedy 선택 후보보다 우선순위가 낮음,8.2,2800,278,2,샐러드,280,57,246,11897,500,350,1,3.62,261,688800,A,0.4955087509106965,1,100.0,33.9,10.54,NORMAL,81.2,False,40.0,MEDIUM,유통기한 임박,6.0,14.2,0.0,SAFE,"재고 여유 — 현재고(278), 재주문점(14)",0.0,356.6,43.5,199701.0,19.0,OPTIMAL,"적정 발주 — EOQ(357개), 권장 발주 주기 44일",19.0,57.2,8.17,14.14,2.2,STABLE,34.0,3.5,WMA,3.5,36.3,10.0,3.77,10.0,7.5,5.0,POOR,낮은 매칭 · 핵심(A)상품,0.993,49.8,STABLE,6.8,LOW,73.1,HIGH,0.3,30.0,756399.0,100.0,0.385,0.385,43.3,True,29.8,299,24.0,358,100.0,0.999,4.9,77.4,50.0,REALLOCATE,92.4,2,99.8,74.6,22.9,turnover,59.6,검토 필요,53,HEURISTIC 29% | ABC 14% | TURNOVER 14% | DISPOSAL_RISK 14% | SAFETY_STOCK 8% | EOQ 7% | DEMAND_FORECAST 7% | MATCH 5%,"['⏰ 유통기한 임박 (99%)', '❄️ 냉장·냉동 과잉 (61%)', '💸 배송비 상승 (100%)', '⚡ 복합 스트레스 (60%)']","{'재고위험': '25.3%', '판매가능성': '13.3%', '점포이동적합': '13.3%', '비용절감': '18.7%', '폐기회피이익': '14.5%', '실행가능성': '11.6%', '이력보정': '3.3%'}",True,True,False,True,False,True,58.0,25.3,53.9,58.1,72.0,50.0,61.3,52.3,0.0,78.2,권장,보류,⏸️,107,HIGH,신뢰도 높음 ●,#2e7d32,,,78.2,권장,보류,1,0,False,False,,50.0,7881.0,24609.0,7881.0,7.09,24.009999999999998,7.09,14.0,246.0,261.0,198.0,재고 이동,재고 이동,82.195,일치,82.195,53.71,28.278,18.275
고메 치즈함박스테이크,마포점,홍대2점,250.0,재배치 추천,17850.0,프로모션 순비용이 재배치 비용보다 높습니다.,31.130291587405242,23.91304347826087,18,0,73.0,우선 추천,17850.0,250.0,59,False,Greedy 선택 후보보다 우선순위가 낮음,11.8,4040,262,1,샐러드,262,83,354,11889,300,350,3,4.94,250,1430160,A,0.15096753255459308,1,100.0,22.2,16.21,FAST,87.7,False,38.0,LOW,유통기한 임박,14.1,49.5,0.0,SAFE,"재고 여유 — 현재고(262), 재주문점(50)",0.0,356.0,30.2,287661.0,24.3,OPTIMAL,"적정 발주 — EOQ(356개), 권장 발주 주기 30일",24.3,82.8,11.83,19.98,3.68,STABLE,22.1,8.7,WMA,8.7,32.9,10.0,0.43,10.0,7.5,5.0,POOR,낮은 매칭 · 핵심(A)상품,1.005,50.1,STABLE,4.3,LOW,76.6,HIGH,0.3,30.0,1269150.0,100.0,0.385,0.385,38.7,True,59.4,74,22.4,392,100.0,0.999,4.9,54.0,50.0,REALLOCATE,92.3,2,99.8,74.6,22.2,turnover,63.0,검토 필요,31,HEURISTIC 29% | ABC 14% | TURNOVER 14% | DISPOSAL_RISK 14% | SAFETY_STOCK 8% | EOQ 7% | DEMAND_FORECAST 7% | MATCH 5%,"['⏰ 유통기한 임박 (99%)', '❄️ 냉장·냉동 과잉 (61%)', '💸 배송비 상승 (100%)', '⚡ 복합 스트레스 (60%)']","{'재고위험': '25.3%', '판매가능성': '13.3%', '점포이동적합': '13.3%', '비용절감': '18.7%', '폐기회피이익': '14.5%', '실행가능성': '11.6%', '이력보정': '3.3%'}",True,True,False,True,False,True,58.8,27.1,49.7,58.8,72.0,50.0,77.6,52.3,0.0,79.2,권장,보류,⏸️,102,HIGH,신뢰도 높음 ●,#2e7d32,,,79.2,권장,보류,0,1,False,False,,50.0,0.0,17850.0,17850.0,0.0,16.5,16.5,33.0,354.0,250.0,252.0,재고 이동,재고 이동,85.75,일치,85.75,56.022,29.509,18.963
카페25 헤이즐넛라떼,방배점,이태원점,198.0,재배치 추천,8421.0,프로모션 순비용이 재배치 비용보다 높습니다.,36.484483688708444,18.26086956521739,18,0,72.7,우선 추천,8421.0,198.0,60,False,Greedy 선택 후보보다 우선순위가 낮음,6.7,1510,273,3,우유,273,47,201,7920,150,250,5,4.21,252,303510,A,0.7529074215391148,1,100.0,40.7,8.84,NORMAL,77.4,False,43.4,MEDIUM,유통기한 임박,15.5,49.0,0.0,SAFE,"재고 여유 — 현재고(273), 재주문점(49)",0.0,358.1,53.4,108160.0,22.5,OPTIMAL,"적정 발주 — EOQ(358개), 권장 발주 주기 53일",22.5,47.0,6.71,13.66,0.0,STABLE,40.7,2.6,WMA,2.6,36.2,10.0,3.73,10.0,7.5,5.0,POOR,낮은 매칭 · 핵심(A)상품,1.002,50.1,STABLE,7.9,LOW,69.6,MEDIUM,0.3,30.0,380055.0,100.0,0.385,0.385,38.6,True,25.1,422,25.5,305,100.0,0.999,4.9,71.0,50.0,REALLOCATE,92.1,2,99.8,74.5,23.8,turnover,59.1,검토 필요,59,HEURISTIC 29% | ABC 14% | TURNOVER 14% | DISPOSAL_RISK 14% | SAFETY_STOCK 8% | EOQ 7% | DEMAND_FORECAST 7% | MATCH 5%,"['⏰ 유통기한 임박 (99%)', '❄️ 냉장·냉동 과잉 (61%)', '💸 배송비 상승 (100%)', '⚡ 복합 스트레스 (60%)']","{'재고위험': '25.3%', '판매가능성': '13.3%', '점포이동적합': '13.3%', '비용절감': '18.7%', '폐기회피이익': '14.5%', '실행가능성': '11.6%', '이력보정': '3.3%'}",True,True,False,True,False,True,58.5,24.0,53.5,58.4,72.0,50.0,58.7,52.3,0.0,77.3,권장,보류,⏸️,112,HIGH,신뢰도 높음 ●,#2e7d32,,,77.3,권장,보류,2,1,False,False,,50.0,8421.0,20667.0,8421.0,7.69,19.63,7.69,15.0,201.0,252.0,198.0,재고 이동,재고 이동,82.057,일치,82.057,53.685,28.277,18.27
유어스 샐러드랩,압구정점,용산점,198.0,재배치 추천,8826.0,프로모션 순비용이 재배치 비용보다 높습니다.,36.25450725419494,18.26086956521739,18,0,72.5,우선 추천,8826.0,198.0,61,False,Greedy 선택 후보보다 우선순위가 낮음,6.2,2800,278,1,도시락,278,43,186,9646,500,350,2,4.09,271,520800,A,0.4955087509106965,1,100.0,44.8,8.03,NORMAL,75.1,False,45.4,MEDIUM,유통기한 임박,9.5,21.9,0.0,SAFE,"재고 여유 — 현재고(278), 재주문점(22)",0.0,279.2,45.0,156360.0,3.1,OPTIMAL,"적정 발주 — EOQ(279개), 권장 발주 주기 45일",3.1,43.2,6.17,12.92,0.0,STABLE,45.0,2.0,WMA,2.0,36.2,10.0,3.7,10.0,7.5,5.0,POOR,낮은 매칭 · 핵심(A)상품,0.991,49.8,STABLE,8.9,LOW,76.6,HIGH,0.3,30.0,755454.0,100.0,0.385,0.385,39.5,True,22.4,470,26.4,256,100.0,0.999,4.9,77.4,50.0,REALLOCATE,92.0,2,99.8,74.5,24.3,turnover,57.2,검토 필요,70,HEURISTIC 29% | ABC 14% | TURNOVER 14% | DISPOSAL_RISK 14% | SAFETY_STOCK 8% | EOQ 7% | DEMAND_FORECAST 7% | MATCH 5%,"['⏰ 유통기한 임박 (99%)', '❄️ 냉장·냉동 과잉 (61%)', '💸 배송비 상승 (100%)', '⚡ 복합 스트레스 (60%)']","{'재고위험': '25.3%', '판매가능성': '13.3%', '점포이동적합': '13.3%', '비용절감': '18.7%', '폐기회피이익': '14.5%', '실행가능성': '11.6%', '이력보정': '3.3%'}",True,True,False,True,False,True,58.8,23.8,54.3,55.3,72.0,50.0,57.2,51.9,0.0,69.5,권장,보류,⏸️,154,HIGH,신뢰도 높음 ●,#2e7d32,,,69.5,권장,보류,1,0,False,False,,50.0,8826.0,21639.0,8826.0,8.14,20.71,8.14,16.0,186.0,271.0,198.0,재고 이동,재고 이동,81.358,일치,81.358,53.142,27.952,18.09
카페25 헤이즐넛라떼,여의도6점,이태원점,198.0,재배치 추천,8889.0,프로모션 순비용이 재배치 비용보다 높습니다.,36.21873314215951,18.26086956521739,18,0,72.5,우선 추천,8889.0,198.0,62,False,Greedy 선택 후보보다 우선순위가 낮음,4.7,1510,273,2,우유,273,33,141,5216,150,250,4,3.33,263,212910,A,0.7529074215391148,1,100.0,58.1,6.2,NORMAL,67.7,False,52.0,MEDIUM,유통기한 임박,11.0,29.8,0.0,SAFE,"재고 여유 — 현재고(273), 재주문점(30)",0.0,243.4,51.8,73516.0,7.6,OPTIMAL,"적정 발주 — EOQ(243개), 권장 발주 주기 52일",7.6,33.0,4.71,10.21,0.0,STABLE,57.9,0.3,WMA,0.3,36.1,10.0,3.62,10.0,7.5,5.0,POOR,낮은 매칭 · 핵심(A)상품,1.003,50.1,STABLE,11.3,LOW,73.1,HIGH,0.3,30.0,379587.0,100.0,0.385,0.385,38.6,True,19.2,489,29.5,186,100.0,0.999,4.9,71.0,50.0,REALLOCATE,91.9,2,99.8,74.5,25.1,disposal_risk,56.8,검토 필요,75,HEURISTIC 29% | ABC 14% | TURNOVER 14% | DISPOSAL_RISK 14% | SAFETY_STOCK 8% | EOQ 7% | DEMAND_FORECAST 7% | MATCH 5%,"['⏰ 유통기한 임박 (99%)', '❄️ 냉장·냉동 과잉 (61%)', '💸 배송비 상승 (100%)', '⚡ 복합 스트레스 (60%)']","{'재고위험': '25.3%', '판매가능성': '13.3%', '점포이동적합': '13.3%', '비용절감': '18.7%', '폐기회피이익': '14.5%', '실행가능성': '11.6%', '이력보정': '3.3%'}",True,True,False,True,False,True,59.8,22.9,54.2,56.0,72.0,50.0,55.5,52.1,0.0,74.3,권장,보류,⏸️,128,HIGH,신뢰도 높음 ●,#2e7d32,,,74.3,권장,보류,1,1,True,False,,50.0,8889.0,17256.0,8889.0,8.21,15.84,8.21,16.0,141.0,263.0,198.0,재고 이동,재고 이동,81.633,일치,81.633,53.422,28.123,18.179
코카콜라 제로,홍대2점,신촌점,168.0,재배치 추천,3381.0,프로모션 순비용이 재배치 비용보다 높습니다.,39.34641265154311,15.0,18,0,72.3,우선 추천,3381.0,168.0,63,False,Greedy 선택 후보보다 우선순위가 낮음,4.7,840,253,2,냉장식품,255,33,141,4000,100,300,3,4.16,243,118440,C,1.0,3,20.0,53.8,6.64,NORMAL,70.1,False,57.9,MEDIUM,유통기한 임박 | 신선/냉장 고위험 카테고리,11.9,26.0,0.0,SAFE,"재고 여유 — 현재고(253), 재주문점(26)",0.0,226.0,48.1,60737.0,6.7,OPTIMAL,"적정 발주 — EOQ(226개), 권장 발주 주기 48일",6.7,33.0,4.71,11.58,0.0,STABLE,53.7,0.8,WMA,0.8,29.1,10.0,3.64,3.0,7.5,5.0,POOR,낮은 매칭,1.003,50.1,STABLE,10.5,LOW,73.1,HIGH,0.3,30.0,182763.0,100.0,0.385,0.385,38.7,True,22.7,459,30.3,174,100.0,0.999,4.9,77.9,50.0,REALLOCATE,91.7,2,99.8,74.5,37.8,disposal_risk,42.3,모니터링,294,HEURISTIC 29% | ABC 14% | TURNOVER 14% | DISPOSAL_RISK 14% | SAFETY_STOCK 8% | EOQ 7% | DEMAND_FORECAST 7% | MATCH 5%,"['⏰ 유통기한 임박 (99%)', '❄️ 냉장·냉동 과잉 (61%)', '💸 배송비 상승 (100%)', '⚡ 복합 스트레스 (60%)']","{'재고위험': '25.3%', '판매가능성': '13.3%', '점포이동적합': '13.3%', '비용절감': '18.7%', '폐기회피이익': '14.5%', '실행가능성': '11.6%', '이력보정': '3.3%'}",True,True,False,True,False,True,51.1,23.2,51.9,55.8,72.0,50.0,57.4,49.6,0.0,30.5,검토,보류,⏸️,363,HIGH,신뢰도 높음 ●,#2e7d32,,,30.5,검토,보류,1,0,False,False,,50.0,3381.0,14223.0,3381.0,2.09,12.469999999999999,2.09,4.0,141.0,243.0,168.0,재고 이동,재고 이동,73.278,일치,73.278,48.312,25.714,16.471
서울우유 요구르트,용산점,합정점,194.0,재배치 추천,8484.0,프로모션 순비용이 재배치 비용보다 높습니다.,36.448709576673004,17.82608695652174,18,0,72.3,우선 추천,8484.0,194.0,64,False,Greedy 선택 후보보다 우선순위가 낮음,4.1,970,279,1,우유,279,29,123,9042,400,250,1,1.52,274,119310,C,0.9746620764751487,3,20.0,68.0,5.29,SLOW,62.2,True,57.0,MEDIUM,유통기한 임박 | 소진일수 68일 초과,2.5,6.6,0.0,SAFE,"재고 여유 — 현재고(279), 재주문점(7)",0.0,373.5,91.1,72458.0,20.8,OPTIMAL,"적정 발주 — EOQ(374개), 권장 발주 주기 91일",20.8,28.9,4.13,6.64,1.62,STABLE,67.6,0.0,WMA,0.0,29.1,10.0,3.6,3.0,7.5,5.0,POOR,낮은 매칭,1.01,50.3,STABLE,13.2,LOW,76.6,HIGH,0.3,30.0,294932.0,100.0,0.385,0.385,43.5,True,20.6,484,30.5,169,100.0,0.999,4.9,77.9,50.0,REALLOCATE,91.6,2,99.8,74.5,40.4,disposal_risk,40.8,모니터링,321,HEURISTIC 29% | ABC 14% | TURNOVER 14% | DISPOSAL_RISK 14% | SAFETY_STOCK 8% | EOQ 7% | DEMAND_FORECAST 7% | MATCH 5%,"['⏰ 유통기한 임박 (99%)', '❄️ 냉장·냉동 과잉 (61%)', '💸 배송비 상승 (100%)', '⚡ 복합 스트레스 (60%)']","{'재고위험': '25.3%', '판매가능성': '13.3%', '점포이동적합': '13.3%', '비용절감': '18.7%', '폐기회피이익': '14.5%', '실행가능성': '11.6%', '이력보정': '3.3%'}",True,True,False,True,False,True,48.6,23.8,52.0,57.9,72.0,50.0,56.2,49.4,0.0,28.5,검토,보류,⏸️,374,HIGH,신뢰도 높음 ●,#2e7d32,,,28.5,검토,보류,0,0,True,False,,50.0,8484.0,25284.0,8484.0,7.76,24.76,7.76,16.0,123.0,274.0,194.0,재고 이동,재고 이동,76.561,일치,76.561,50.573,27.032,17.112
유어스 새우롤샌드,건대점,동대문점,198.0,재배치 추천,9249.0,프로모션 순비용이 재배치 비용보다 높습니다.,36.014309644814176,18.26086956521739,18,0,72.3,우선 추천,9249.0,198.0,65,False,Greedy 선택 후보보다 우선순위가 낮음,9.7,3050,273,1,우유,273,68,291,7913,500,250,2,0.7,263,887550,A,0.38340188811180115,1,100.0,28.1,12.79,FAST,84.4,False,38.0,LOW,유통기한 임박,1.6,21.0,0.0,SAFE,"재고 여유 — 현재고(273), 재주문점(21)",0.0,303.1,31.2,184877.0,8.4,OPTIMAL,"적정 발주 — EOQ(303개), 권장 발주 주기 31일",8.4,68.0,9.71,10.87,8.56,STABLE,28.1,5.9,WMA,5.9,32.8,10.0,0.3,10.0,7.5,5.0,POOR,낮은 매칭 · 핵심(A)상품,1.001,50.0,STABLE,5.5,LOW,76.6,HIGH,0.3,30.0,814431.0,100.0,0.385,0.385,39.6,True,44.8,117,22.3,394,100.0,0.999,4.9,75.1,50.0,REALLOCATE,91.5,2,99.8,74.5,22.4,turnover,58.6,검토 필요,62,HEURISTIC 29% | ABC 14% | TURNOVER 14% | DISPOSAL_RISK 14% | SAFETY_STOCK 8% | EOQ 7% | DEMAND_FORECAST 7% | MATCH 5%,"['⏰ 유통기한 임박 (99%)', '❄️ 냉장·냉동 과잉 (61%)', '💸 배송비 상승 (100%)', '⚡ 복합 스트레스 (60%)']","{'재고위험': '25.3%', '판매가능성': '13.3%', '점포이동적합': '13.3%', '비용절감': '18.7%', '폐기회피이익': '14.5%', '실행가능성': '11.6%', '이력보정': '3.3%'}",True,True,False,True,False,True,58.0,25.9,51.7,56.0,72.0,50.0,69.6,51.7,0.0,66.7,권장,보류,⏸️,169,HIGH,신뢰도 높음 ●,#2e7d32,,,66.7,권장,보류,1,0,False,True,7180.0,88.2,9249.0,21495.0,9249.0,8.61,20.549999999999997,8.61,17.0,291.0,263.0,198.0,재고 이동,재고 이동,81.121,일치,81.121,52.932,27.823,18.036
게토레이 레몬,신촌2점,강남점,216.0,재배치 추천,12849.0,프로모션 순비용이 재배치 비용보다 높습니다.,33.970074671360834,20.217391304347824,18,0,72.2,우선 추천,12849.0,216.0,66,False,Greedy 선택 후보보다 우선순위가 낮음,2.9,1190,271,6,냉장식품,271,20,87,4276,200,300,3,4.04,253,103530,B,0.8150251138690287,2,60.0,93.4,3.85,DEAD,48.1,True,68.0,HIGH,유통기한 임박 | 소진일수 93일 초과 | 신선/냉장 고위험 카테고리,11.5,20.2,0.0,SAFE,"재고 여유 — 현재고(271), 재주문점(20)",0.0,154.2,53.2,58712.0,68.3,OVER,과잉 발주 위험 — 현재(260개) > EOQ(154개). 발주 주기 53일 권장,68.3,20.1,2.87,9.54,0.0,STABLE,94.4,0.0,WMA,0.0,36.9,10.0,8.4,6.0,7.5,5.0,POOR,낮은 매칭 · 폐기위험 높음,0.985,49.6,STABLE,18.5,LOW,59.1,MEDIUM,0.3,30.0,338799.0,100.0,0.385,0.385,38.7,True,27.1,375,37.8,45,100.0,0.999,4.9,69.2,50.0,REALLOCATE,91.3,2,99.8,74.4,39.5,disposal_risk,54.1,모니터링,119,HEURISTIC 29% | ABC 14% | TURNOVER 14% | DISPOSAL_RISK 14% | SAFETY_STOCK 8% | EOQ 7% | DEMAND_FORECAST 7% | MATCH 5%,"['⏰ 유통기한 임박 (99%)', '❄️ 냉장·냉동 과잉 (61%)', '💸 배송비 상승 (100%)', '⚡ 복합 스트레스 (60%)']","{'재고위험': '25.3%', '판매가능성': '13.3%', '점포이동적합': '13.3%', '비용절감': '18.7%', '폐기회피이익': '14.5%', '실행가능성': '11.6%', '이력보정': '3.3%'}",True,True,False,True,False,True,55.9,22.6,56.1,65.0,72.0,50.0,59.8,53.0,0.0,86.6,최적,할인 판매,🏷️,62,HIGH,신뢰도 높음 ●,#2e7d32,,,86.6,최적,할인 판매,0,1,False,False,,50.0,12849.0,16878.0,12849.0,12.61,15.42,12.61,25.0,87.0,253.0,216.0,재고 이동,재고 이동,84.632,일치,84.632,56.062,29.932,18.902
유어스 고르곤졸라피자,안양4점,성남5점,248.0,재배치 추천,19248.0,프로모션 순비용이 재배치 비용보다 높습니다.,30.33644700604753,23.695652173913043,18,0,72.0,우선 추천,19248.0,248.0,67,False,Greedy 선택 후보보다 우선순위가 낮음,2.2,2220,278,6,도시락,278,15,66,10589,500,350,1,1.17,264,146520,A,0.7110436475021518,1,100.0,126.4,2.85,DEAD,29.8,True,60.0,HIGH,유통기한 임박 | 소진일수 126일 초과,1.9,4.1,0.0,SAFE,"재고 여유 — 현재고(278), 재주문점(4)",0.0,195.7,89.0,86894.0,41.1,OPTIMAL,"적정 발주 — EOQ(196개), 권장 발주 주기 89일",41.1,15.2,2.17,4.1,0.24,STABLE,128.0,0.0,WMA,0.0,40.9,10.0,8.4,10.0,7.5,5.0,FAIR,보통 매칭 · 폐기위험 높음 · 핵심(A)상품,0.974,49.4,STABLE,25.2,LOW,59.1,MEDIUM,0.3,30.0,765424.0,100.0,0.385,0.385,43.7,True,23.9,447,37.1,58,100.0,0.999,4.9,55.3,50.0,REALLOCATE,91.2,2,99.8,74.4,25.8,disposal_risk,53.9,모니터링,122,HEURISTIC 29% | ABC 14% | TURNOVER 14% | DISPOSAL_RISK 14% | SAFETY_STOCK 8% | EOQ 7% | DEMAND_FORECAST 7% | MATCH 5%,"['⏰ 유통기한 임박 (99%)', '❄️ 냉장·냉동 과잉 (61%)', '💸 배송비 상승 (100%)', '⚡ 복합 스트레스 (60%)']","{'재고위험': '25.3%', '판매가능성': '13.3%', '점포이동적합': '13.3%', '비용절감': '18.7%', '폐기회피이익': '14.5%', '실행가능성': '11.6%', '이력보정': '3.3%'}",True,True,False,True,False,True,53.5,23.6,56.4,60.8,72.0,50.0,58.1,51.7,0.0,68.0,권장,할인 판매,🏷️,162,HIGH,신뢰도 높음 ●,#2e7d32,,,68.0,권장,할인 판매,0,1,False,False,,50.0,19248.0,51654.0,19248.0,19.72,54.06,19.72,39.0,66.0,264.0,248.0,재고 이동,재고 이동,84.149,일치,84.149,55.732,29.848,18.742
게토레이 레몬,문래점,용산점,196.0,재배치 추천,9537.0,프로모션 순비용이 재배치 비용보다 높습니다.,35.850770846937905,18.043478260869566,18,0,71.9,우선 추천,9537.0,196.0,68,False,Greedy 선택 후보보다 우선순위가 낮음,8.9,1190,261,2,김밥,261,62,267,4990,200,350,4,4.92,243,317730,B,0.8150251138690287,2,60.0,29.3,12.28,FAST,83.7,False,38.0,LOW,유통기한 임박,16.2,51.8,0.0,SAFE,"재고 여유 — 현재고(261), 재주문점(52)",0.0,369.1,41.5,87841.0,26.9,OPTIMAL,"적정 발주 — EOQ(369개), 권장 발주 주기 42일",26.9,62.1,8.87,16.99,0.75,STABLE,29.4,5.3,WMA,5.3,28.8,10.0,0.26,6.0,7.5,5.0,POOR,낮은 매칭,0.995,49.9,STABLE,5.8,LOW,73.1,HIGH,0.3,30.0,309551.0,100.0,0.385,0.385,38.6,False,40.9,128,21.5,450,100.0,0.999,4.9,77.4,50.0,REALLOCATE,91.1,2,99.8,74.4,35.4,turnover,50.4,모니터링,178,HEURISTIC 29% | ABC 14% | TURNOVER 14% | DISPOSAL_RISK 14% | SAFETY_STOCK 8% | EOQ 7% | DEMAND_FORECAST 7% | MATCH 5%,"['⏰ 유통기한 임박 (99%)', '❄️ 냉장·냉동 과잉 (61%)', '💸 배송비 상승 (100%)', '⚡ 복합 스트레스 (60%)']","{'재고위험': '25.3%', '판매가능성': '13.3%', '점포이동적합': '13.3%', '비용절감': '18.7%', '폐기회피이익': '14.5%', '실행가능성': '11.6%', '이력보정': '3.3%'}",True,True,False,True,False,True,51.8,25.3,50.0,58.6,72.0,50.0,67.4,50.3,0.0,44.0,검토,보류,⏸️,291,HIGH,신뢰도 높음 ●,#2e7d32,,,44.0,검토,보류,2,0,False,False,,50.0,9537.0,25671.0,9537.0,8.93,25.19,8.93,18.0,267.0,243.0,196.0,재고 이동,재고 이동,77.917,일치,77.917,51.163,27.144,17.396
농심 육개장사발면,명동점,신촌점,182.0,재배치 추천,7350.0,프로모션 순비용이 재배치 비용보다 높습니다.,37.09264359331081,16.52173913043478,18,0,71.6,우선 추천,7350.0,182.0,69,False,Greedy 선택 후보보다 우선순위가 낮음,8.3,1790,277,1,김밥,278,58,249,5151,400,350,3,1.72,268,445710,A,0.6821352269094287,1,100.0,33.4,10.75,NORMAL,81.4,False,39.7,LOW,유통기한 임박,4.9,29.8,0.0,SAFE,"재고 여유 — 현재고(277), 재주문점(30)",0.0,295.3,35.6,105703.0,6.3,OPTIMAL,"적정 발주 — EOQ(295개), 권장 발주 주기 36일",6.3,58.0,8.29,11.12,5.45,STABLE,33.4,3.5,WMA,3.5,32.7,10.0,0.18,10.0,7.5,5.0,POOR,낮은 매칭 · 핵심(A)상품,0.998,50.0,STABLE,6.5,LOW,76.6,HIGH,0.3,30.0,456386.0,100.0,0.385,0.385,38.7,False,29.7,302,23.0,371,100.0,0.999,4.9,77.9,50.0,REALLOCATE,90.9,2,99.8,74.3,22.7,turnover,56.1,검토 필요,87,HEURISTIC 29% | ABC 14% | TURNOVER 14% | DISPOSAL_RISK 14% | SAFETY_STOCK 8% | EOQ 7% | DEMAND_FORECAST 7% | MATCH 5%,"['⏰ 유통기한 임박 (99%)', '❄️ 냉장·냉동 과잉 (61%)', '💸 배송비 상승 (100%)', '⚡ 복합 스트레스 (60%)']","{'재고위험': '25.3%', '판매가능성': '13.3%', '점포이동적합': '13.3%', '비용절감': '18.7%', '폐기회피이익': '14.5%', '실행가능성': '11.6%', '이력보정': '3.3%'}",True,True,False,True,False,True,57.9,24.5,52.1,55.3,72.0,50.0,61.2,51.4,0.0,61.8,검토,보류,⏸️,195,HIGH,신뢰도 높음 ●,#2e7d32,,,61.8,검토,보류,1,0,False,False,,50.0,7350.0,24825.0,7350.0,6.5,24.25,6.5,13.0,249.0,268.0,182.0,재고 이동,재고 이동,79.851,일치,79.851,52.123,27.413,17.782
롯데 카스타드,신촌2점,목동점,200.0,재배치 추천,11193.0,프로모션 순비용이 재배치 비용보다 높습니다.,34.91042275914937,18.478260869565215,18,0,71.4,우선 추천,11193.0,200.0,70,False,Greedy 선택 후보보다 우선순위가 낮음,3.5,1650,265,7,김밥,265,24,105,5374,300,350,3,1.53,240,173250,A,0.6969593137214927,1,100.0,75.7,4.75,SLOW,57.9,True,52.9,MEDIUM,유통기한 임박 | 소진일수 76일 초과,4.4,14.9,0.0,SAFE,"재고 여유 — 현재고(265), 재주문점(15)",0.0,204.0,58.3,67313.0,27.7,OPTIMAL,"적정 발주 — EOQ(204개), 권장 발주 주기 58일",27.7,24.2,3.46,5.98,0.93,STABLE,76.7,0.0,WMA,0.0,36.1,10.0,3.6,10.0,7.5,5.0,POOR,낮은 매칭 · 핵심(A)상품,0.98,49.5,STABLE,15.2,LOW,55.6,MEDIUM,0.3,30.0,444807.0,100.0,0.385,0.385,38.7,False,19.6,488,30.8,163,100.0,0.999,4.9,77.7,50.0,REALLOCATE,90.8,2,99.8,74.3,26.6,disposal_risk,55.0,검토 필요,103,HEURISTIC 29% | ABC 14% | TURNOVER 14% | DISPOSAL_RISK 14% | SAFETY_STOCK 8% | EOQ 7% | DEMAND_FORECAST 7% | MATCH 5%,"['⏰ 유통기한 임박 (99%)', '❄️ 냉장·냉동 과잉 (61%)', '💸 배송비 상승 (100%)', '⚡ 복합 스트레스 (60%)']","{'재고위험': '25.3%', '판매가능성': '13.3%', '점포이동적합': '13.3%', '비용절감': '18.7%', '폐기회피이익': '14.5%', '실행가능성': '11.6%', '이력보정': '3.3%'}",True,True,False,True,False,True,57.7,22.6,55.2,58.4,72.0,50.0,55.7,52.1,0.0,74.1,권장,보류,⏸️,129,HIGH,신뢰도 높음 ●,#2e7d32,,,74.1,권장,보류,0,0,True,False,,50.0,11193.0,20604.0,11193.0,10.77,19.560000000000002,10.77,22.0,105.0,240.0,200.0,재고 이동,재고 이동,80.794,일치,80.794,53.113,28.1,18.057
브레디크 우유생크림빵,신촌2점,용산점,172.0,재배치 추천,6405.0,프로모션 순비용이 재배치 비용보다 높습니다.,37.62925527384231,15.434782608695652,18,0,71.1,우선 추천,6405.0,172.0,71,False,Greedy 선택 후보보다 우선순위가 낮음,2.3,2390,277,5,우유,277,16,69,6239,400,250,4,7.71,265,164910,A,0.6660533387920988,1,100.0,120.4,2.99,DEAD,33.1,True,60.0,HIGH,유통기한 임박 | 소진일수 120일 초과,25.4,34.6,0.0,SAFE,"재고 여유 — 현재고(277), 재주문점(35)",0.0,148.0,64.3,70761.0,70.0,OVER,과잉 발주 위험 — 현재(252개) > EOQ(148개). 발주 주기 64일 권장,70.0,16.0,2.29,15.01,0.0,STABLE,121.2,0.0,WMA,0.0,40.9,10.0,8.4,10.0,7.5,5.0,FAIR,보통 매칭 · 폐기위험 높음 · 핵심(A)상품,0.994,49.8,STABLE,23.6,LOW,62.6,MEDIUM,0.3,30.0,555691.0,100.0,0.385,0.385,38.6,True,24.2,443,36.6,68,100.0,0.999,4.9,77.4,50.0,REALLOCATE,90.7,2,99.8,74.2,26.4,disposal_risk,55.9,검토 필요,88,HEURISTIC 29% | ABC 14% | TURNOVER 14% | DISPOSAL_RISK 14% | SAFETY_STOCK 8% | EOQ 7% | DEMAND_FORECAST 7% | MATCH 5%,"['⏰ 유통기한 임박 (99%)', '❄️ 냉장·냉동 과잉 (61%)', '💸 배송비 상승 (100%)', '⚡ 복합 스트레스 (60%)']","{'재고위험': '25.3%', '판매가능성': '13.3%', '점포이동적합': '13.3%', '비용절감': '18.7%', '폐기회피이익': '14.5%', '실행가능성': '11.6%', '이력보정': '3.3%'}",True,True,False,True,False,True,54.3,22.7,58.5,64.6,72.0,50.0,58.2,52.8,0.0,85.0,최적,할인 판매,🏷️,71,HIGH,신뢰도 높음 ●,#2e7d32,,,85.0,최적,할인 판매,0,0,True,False,,50.0,6405.0,22791.0,6405.0,5.45,21.990000000000002,5.45,11.0,69.0,265.0,172.0,재고 이동,재고 이동,82.34,일치,82.34,54.372,28.887,18.42
유어스 불고기피자,명동점,압구정점,180.0,재배치 추천,7926.0,프로모션 순비용이 재배치 비용보다 높습니다.,36.76556599755828,16.304347826086957,18,0,71.1,우선 추천,7926.0,180.0,72,False,Greedy 선택 후보보다 우선순위가 낮음,5.5,2260,275,1,우유,275,38,165,17041,500,250,2,1.32,269,372900,B,0.8465497611767049,2,60.0,50.0,7.2,NORMAL,72.2,False,48.0,MEDIUM,유통기한 임박,3.1,14.1,0.0,SAFE,"재고 여유 — 현재고(275), 재주문점(14)",0.0,389.1,70.7,175857.0,24.1,OPTIMAL,"적정 발주 — EOQ(389개), 권장 발주 주기 71일",24.1,38.2,5.46,7.64,3.28,STABLE,50.4,1.3,WMA,1.3,32.2,10.0,3.66,6.0,7.5,5.0,POOR,낮은 매칭,0.987,49.7,STABLE,10.0,LOW,76.6,HIGH,0.3,30.0,570234.0,100.0,0.385,0.385,39.4,True,20.0,486,26.8,239,100.0,0.999,4.9,66.2,50.0,REALLOCATE,90.5,2,99.8,74.2,38.8,turnover,48.5,모니터링,207,HEURISTIC 29% | ABC 14% | TURNOVER 14% | DISPOSAL_RISK 14% | SAFETY_STOCK 8% | EOQ 7% | DEMAND_FORECAST 7% | MATCH 5%,"['⏰ 유통기한 임박 (99%)', '❄️ 냉장·냉동 과잉 (61%)', '💸 배송비 상승 (100%)', '⚡ 복합 스트레스 (60%)']","{'재고위험': '25.3%', '판매가능성': '13.3%', '점포이동적합': '13.3%', '비용절감': '18.7%', '폐기회피이익': '14.5%', '실행가능성': '11.6%', '이력보정': '3.3%'}",True,True,False,True,False,True,53.3,23.4,51.5,57.7,72.0,50.0,55.9,50.5,0.0,46.4,검토,보류,⏸️,278,HIGH,신뢰도 높음 ●,#2e7d32,,,46.4,검토,보류,1,1,True,False,,50.0,7926.0,22629.0,7926.0,7.14,21.810000000000002,7.14,14.0,165.0,269.0,180.0,재고 이동,재고 이동,78.22,일치,78.22,51.39,27.25,17.471
유어스 스파클링 자몽,여의도점,이태원점,188.0,재배치 추천,9402.0,프로모션 순비용이 재배치 비용보다 높습니다.,35.927429658442406,17.17391304347826,18,0,71.1,우선 추천,9402.0,188.0,73,False,Greedy 선택 후보보다 우선순위가 낮음,9.7,850,263,1,김밥,263,68,291,4521,100,350,5,4.31,253,247350,B,0.8363975077842005,2,60.0,27.1,13.28,FAST,84.9,False,38.0,LOW,유통기한 임박,15.9,64.4,0.0,SAFE,"재고 여유 — 현재고(263), 재주문점(64)",0.0,434.0,44.7,73772.0,34.5,UNDER,과소 발주 위험 — 현재(247개) < EOQ(434개). 발주량 증가 검토,34.5,68.0,9.71,16.83,2.6,STABLE,27.1,6.4,WMA,6.4,28.8,10.0,0.32,6.0,7.5,5.0,POOR,낮은 매칭,1.001,50.0,STABLE,5.3,LOW,76.6,HIGH,0.3,30.0,201158.0,100.0,0.385,0.385,38.6,False,47.9,103,21.5,450,100.0,0.999,4.9,71.0,50.0,REALLOCATE,90.4,2,99.8,74.2,35.6,turnover,51.2,모니터링,168,HEURISTIC 29% | ABC 14% | TURNOVER 14% | DISPOSAL_RISK 14% | SAFETY_STOCK 8% | EOQ 7% | DEMAND_FORECAST 7% | MATCH 5%,"['⏰ 유통기한 임박 (99%)', '❄️ 냉장·냉동 과잉 (61%)', '💸 배송비 상승 (100%)', '⚡ 복합 스트레스 (60%)']","{'재고위험': '25.3%', '판매가능성': '13.3%', '점포이동적합': '13.3%', '비용절감': '18.7%', '폐기회피이익': '14.5%', '실행가능성': '11.6%', '이력보정': '3.3%'}",True,True,False,True,False,True,52.1,25.9,49.4,59.3,72.0,50.0,71.3,50.5,0.0,47.3,검토,보류,⏸️,273,HIGH,신뢰도 높음 ●,#2e7d32,,,47.3,검토,보류,2,1,False,False,,50.0,9402.0,16680.0,9402.0,8.78,15.2,8.78,18.0,291.0,253.0,188.0,재고 이동,재고 이동,78.559,일치,78.559,51.53,27.274,17.533
유어스 닭가슴살샌드위치,강남점,강남2점,246.0,재배치 추천,20505.0,프로모션 순비용이 재배치 비용보다 높습니다.,29.622668294483404,23.47826086956522,18,0,71.1,우선 추천,20505.0,246.0,74,False,Greedy 선택 후보보다 우선순위가 낮음,3.8,2710,262,4,신선식품,262,27,114,8816,500,300,1,7.69,246,308940,A,0.4691916774466689,1,100.0,68.9,5.22,SLOW,61.7,True,59.5,MEDIUM,유통기한 임박 | 소진일수 69일 초과 | 신선/냉장 고위험 카테고리,12.7,16.5,0.0,SAFE,"재고 여유 — 현재고(262), 재주문점(16)",0.0,160.6,42.3,152303.0,55.2,OVER,과잉 발주 위험 — 현재(249개) > EOQ(161개). 발주 주기 42일 권장,55.2,26.8,3.83,16.52,0.0,STABLE,68.4,0.0,WMA,0.0,36.1,10.0,3.6,10.0,7.5,5.0,POOR,낮은 매칭 · 핵심(A)상품,1.015,50.4,STABLE,13.4,LOW,66.1,MEDIUM,0.3,30.0,902487.0,100.0,0.385,0.385,43.4,True,23.1,457,32.9,141,100.0,0.999,4.9,64.9,50.0,REALLOCATE,90.3,2,99.8,74.2,25.6,disposal_risk,59.6,검토 필요,54,HEURISTIC 29% | ABC 14% | TURNOVER 14% | DISPOSAL_RISK 14% | SAFETY_STOCK 8% | EOQ 7% | DEMAND_FORECAST 7% | MATCH 5%,"['⏰ 유통기한 임박 (99%)', '❄️ 냉장·냉동 과잉 (61%)', '💸 배송비 상승 (100%)', '⚡ 복합 스트레스 (60%)']","{'재고위험': '25.3%', '판매가능성': '13.3%', '점포이동적합': '13.3%', '비용절감': '18.7%', '폐기회피이익': '14.5%', '실행가능성': '11.6%', '이력보정': '3.3%'}",True,True,False,True,False,True,61.6,23.8,54.3,62.4,72.0,50.0,57.6,53.9,0.0,93.9,최적,보류,⏸️,23,HIGH,신뢰도 높음 ●,#2e7d32,,,93.9,최적,보류,1,1,True,False,,50.0,0.0,20505.0,20505.0,0.0,19.450000000000003,19.450000000000003,39.0,114.0,246.0,262.0,재고 이동,재고 이동,88.645,일치,88.645,58.36,30.967,19.66
서울우유 요구르트,용산점,잠원점,174.0,재배치 추천,6837.0,프로모션 순비용이 재배치 비용보다 높습니다.,37.38394707702791,15.65217391304348,18,0,71.0,우선 추천,6837.0,174.0,75,False,Greedy 선택 후보보다 우선순위가 낮음,4.1,970,279,1,우유,279,29,123,9042,400,250,1,1.52,274,119310,C,0.9746620764751487,3,20.0,68.0,5.29,SLOW,62.2,True,57.0,MEDIUM,유통기한 임박 | 소진일수 68일 초과,2.5,6.6,0.0,SAFE,"재고 여유 — 현재고(279), 재주문점(7)",0.0,373.5,91.1,72458.0,20.8,OPTIMAL,"적정 발주 — EOQ(374개), 권장 발주 주기 91일",20.8,28.9,4.13,6.64,1.62,STABLE,67.6,0.0,WMA,0.0,29.1,10.0,3.6,3.0,7.5,5.0,POOR,낮은 매칭,1.01,50.3,STABLE,13.2,LOW,76.6,HIGH,0.3,30.0,265299.0,100.0,0.385,0.385,43.5,True,21.1,480,30.5,169,100.0,0.999,4.9,77.4,50.0,REALLOCATE,90.1,2,99.8,74.2,41.0,disposal_risk,39.5,후순위,352,HEURISTIC 29% | ABC 14% | TURNOVER 14% | DISPOSAL_RISK 14% | SAFETY_STOCK 8% | EOQ 7% | DEMAND_FORECAST 7% | MATCH 5%,"['⏰ 유통기한 임박 (99%)', '❄️ 냉장·냉동 과잉 (61%)', '💸 배송비 상승 (100%)', '⚡ 복합 스트레스 (60%)']","{'재고위험': '25.3%', '판매가능성': '13.3%', '점포이동적합': '13.3%', '비용절감': '18.7%', '폐기회피이익': '14.5%', '실행가능성': '11.6%', '이력보정': '3.3%'}",True,True,False,True,False,True,48.6,23.8,51.9,57.2,72.0,50.0,56.5,49.3,0.0,24.8,검토,보류,⏸️,394,HIGH,신뢰도 높음 ●,#2e7d32,,,24.8,검토,보류,0,0,True,False,,50.0,6837.0,20703.0,6837.0,5.93,19.67,5.93,12.0,123.0,274.0,174.0,재고 이동,재고 이동,74.886,일치,74.886,49.448,26.398,16.781
카페25 헤이즐넛라떼,여의도6점,신촌2점,178.0,재배치 추천,7647.0,프로모션 순비용이 재배치 비용보다 높습니다.,36.923994208000906,16.08695652173913,18,0,71.0,우선 추천,7647.0,178.0,76,False,Greedy 선택 후보보다 우선순위가 낮음,4.7,1510,273,2,우유,273,33,141,5216,150,250,4,3.33,263,212910,A,0.7529074215391148,1,100.0,58.1,6.2,NORMAL,67.7,False,52.0,MEDIUM,유통기한 임박,11.0,29.8,0.0,SAFE,"재고 여유 — 현재고(273), 재주문점(30)",0.0,243.4,51.8,73516.0,7.6,OPTIMAL,"적정 발주 — EOQ(243개), 권장 발주 주기 52일",7.6,33.0,4.71,10.21,0.0,STABLE,57.9,0.3,WMA,0.3,36.1,10.0,3.62,10.0,7.5,5.0,POOR,낮은 매칭 · 핵심(A)상품,1.003,50.1,STABLE,11.3,LOW,73.1,HIGH,0.3,30.0,341589.0,100.0,0.385,0.385,38.6,True,19.8,487,29.4,191,100.0,0.999,4.9,75.0,50.0,REALLOCATE,90.0,2,99.8,74.2,25.4,disposal_risk,55.4,검토 필요,96,HEURISTIC 29% | ABC 14% | TURNOVER 14% | DISPOSAL_RISK 14% | SAFETY_STOCK 8% | EOQ 7% | DEMAND_FORECAST 7% | MATCH 5%,"['⏰ 유통기한 임박 (99%)', '❄️ 냉장·냉동 과잉 (61%)', '💸 배송비 상승 (100%)', '⚡ 복합 스트레스 (60%)']","{'재고위험': '25.3%', '판매가능성': '13.3%', '점포이동적합': '13.3%', '비용절감': '18.7%', '폐기회피이익': '14.5%', '실행가능성': '11.6%', '이력보정': '3.3%'}",True,True,False,True,False,True,59.8,22.9,54.6,55.2,72.0,50.0,55.8,52.0,0.0,71.5,권장,보류,⏸️,143,HIGH,신뢰도 높음 ●,#2e7d32,,,71.5,권장,보류,1,0,False,False,,50.0,7647.0,15690.0,7647.0,6.83,14.1,6.83,14.0,141.0,263.0,178.0,재고 이동,재고 이동,79.811,일치,79.811,52.231,27.487,17.818
심플리쿡 리코타치즈샐러드,신촌7점,강남3점,212.0,재배치 추천,14172.0,프로모션 순비용이 재배치 비용보다 높습니다.,33.218818318616734,19.782608695652172,18,0,71.0,우선 추천,14172.0,212.0,77,False,Greedy 선택 후보보다 우선순위가 낮음,8.3,3460,267,1,우유,267,58,249,13902,300,250,2,2.88,258,861540,A,0.28753545168266864,1,100.0,32.2,11.19,NORMAL,82.1,False,39.1,LOW,유통기한 임박,6.7,23.3,0.0,SAFE,"재고 여유 — 현재고(267), 재주문점(23)",0.0,348.9,42.0,241431.0,20.3,OPTIMAL,"적정 발주 — EOQ(349개), 권장 발주 주기 42일",20.3,58.0,8.29,13.04,3.53,STABLE,32.2,3.7,WMA,3.7,32.7,10.0,0.19,10.0,7.5,5.0,POOR,낮은 매칭 · 핵심(A)상품,0.998,50.0,STABLE,6.3,LOW,76.6,HIGH,0.3,30.0,929652.0,100.0,0.385,0.385,39.5,True,31.2,255,22.7,374,100.0,0.999,4.9,61.5,50.0,REALLOCATE,89.9,2,99.8,74.2,22.7,turnover,56.6,검토 필요,79,HEURISTIC 29% | ABC 14% | TURNOVER 14% | DISPOSAL_RISK 14% | SAFETY_STOCK 8% | EOQ 7% | DEMAND_FORECAST 7% | MATCH 5%,"['⏰ 유통기한 임박 (99%)', '❄️ 냉장·냉동 과잉 (61%)', '💸 배송비 상승 (100%)', '⚡ 복합 스트레스 (60%)']","{'재고위험': '25.3%', '판매가능성': '13.3%', '점포이동적합': '13.3%', '비용절감': '18.7%', '폐기회피이익': '14.5%', '실행가능성': '11.6%', '이력보정': '3.3%'}",True,True,False,True,False,True,57.9,24.8,50.4,57.1,72.0,50.0,62.1,51.5,0.0,64.5,검토,보류,⏸️,181,HIGH,신뢰도 높음 ●,#2e7d32,,,64.5,검토,보류,2,1,False,False,,50.0,14172.0,18075.0,14172.0,14.08,16.75,14.08,28.0,249.0,258.0,212.0,재고 이동,재고 이동,82.174,일치,82.174,53.731,28.295,18.27
유어스 스파클링 자몽,청량리점,이태원점,188.0,재배치 추천,9699.0,프로모션 순비용이 재배치 비용보다 높습니다.,35.75878027313251,17.17391304347826,18,0,70.9,우선 추천,9699.0,188.0,78,False,Greedy 선택 후보보다 우선순위가 낮음,11.7,850,263,2,냉장식품,263,82,351,6696,100,300,3,3.5,239,298350,B,0.8363975077842005,2,60.0,22.5,16.02,FAST,87.5,False,46.0,MEDIUM,유통기한 임박 | 신선/냉장 고위험 카테고리,10.0,45.1,0.0,SAFE,"재고 여유 — 현재고(263), 재주문점(45)",0.0,458.5,39.2,124723.0,35.9,UNDER,과소 발주 위험 — 현재(253개) < EOQ(458개). 발주량 증가 검토,35.9,82.0,11.71,17.49,5.94,STABLE,22.5,8.5,WMA,8.5,32.5,10.0,4.02,6.0,7.5,5.0,POOR,낮은 매칭,1.001,50.0,STABLE,4.4,LOW,73.1,HIGH,0.3,30.0,200861.0,100.0,0.385,0.385,38.7,True,62.1,62,25.4,310,100.0,0.999,4.9,71.0,50.0,REALLOCATE,89.7,2,99.8,74.2,35.7,turnover,56.7,검토 필요,76,HEURISTIC 29% | ABC 14% | TURNOVER 14% | DISPOSAL_RISK 14% | SAFETY_STOCK 8% | EOQ 7% | DEMAND_FORECAST 7% | MATCH 5%,"['⏰ 유통기한 임박 (99%)', '❄️ 냉장·냉동 과잉 (61%)', '💸 배송비 상승 (100%)', '⚡ 복합 스트레스 (60%)']","{'재고위험': '25.3%', '판매가능성': '13.3%', '점포이동적합': '13.3%', '비용절감': '18.7%', '폐기회피이익': '14.5%', '실행가능성': '11.6%', '이력보정': '3.3%'}",True,True,False,True,False,True,56.4,27.0,51.8,59.4,72.0,50.0,79.1,52.1,0.0,73.6,권장,보류,⏸️,132,HIGH,신뢰도 높음 ●,#2e7d32,,,73.6,권장,보류,0,1,False,False,,50.0,9699.0,25185.0,9699.0,9.11,24.65,9.11,18.0,351.0,239.0,188.0,재고 이동,재고 이동,79.535,일치,79.535,52.336,27.819,17.796
CJ 비비고 왕교자,홍대2점,신촌2점,156.0,재배치 추천,3867.0,프로모션 순비용이 재배치 비용보다 높습니다.,39.070440930126914,13.695652173913043,18,0,70.8,우선 추천,3867.0,156.0,79,False,Greedy 선택 후보보다 우선순위가 낮음,5.4,5400,276,2,도시락,276,38,162,13426,300,350,3,1.12,265,874800,A,0.2553498367000712,1,100.0,51.1,7.04,NORMAL,71.6,False,48.6,MEDIUM,유통기한 임박,3.2,19.4,0.0,SAFE,"재고 여유 — 현재고(276), 재주문점(19)",0.0,221.4,41.0,239080.0,23.2,OPTIMAL,"적정 발주 — EOQ(221개), 권장 발주 주기 41일",23.2,37.9,5.41,7.26,3.57,STABLE,51.0,1.2,WMA,1.2,36.2,10.0,3.66,10.0,7.5,5.0,POOR,낮은 매칭 · 핵심(A)상품,1.005,50.1,STABLE,9.9,LOW,73.1,HIGH,0.3,30.0,1053813.0,100.0,0.385,0.385,38.7,True,20.7,483,27.8,219,100.0,0.999,4.9,75.0,50.0,REALLOCATE,89.6,2,99.8,74.2,25.1,turnover,56.7,검토 필요,77,HEURISTIC 29% | ABC 14% | TURNOVER 14% | DISPOSAL_RISK 14% | SAFETY_STOCK 8% | EOQ 7% | DEMAND_FORECAST 7% | MATCH 5%,"['⏰ 유통기한 임박 (99%)', '❄️ 냉장·냉동 과잉 (61%)', '💸 배송비 상승 (100%)', '⚡ 복합 스트레스 (60%)']","{'재고위험': '25.3%', '판매가능성': '13.3%', '점포이동적합': '13.3%', '비용절감': '18.7%', '폐기회피이익': '14.5%', '실행가능성': '11.6%', '이력보정': '3.3%'}",True,True,False,True,False,True,59.3,23.4,54.4,57.4,72.0,50.0,56.3,52.3,0.0,78.6,권장,보류,⏸️,105,HIGH,신뢰도 높음 ●,#2e7d32,,,78.6,권장,보류,1,0,False,False,,50.0,3867.0,13233.0,3867.0,2.63,11.370000000000001,2.63,5.0,162.0,265.0,156.0,재고 이동,재고 이동,79.754,일치,79.754,52.161,27.418,17.819
유어스 새우롤샌드,역삼점,동대문점,198.0,재배치 추천,11850.0,프로모션 순비용이 재배치 비용보다 높습니다.,34.53734987649413,18.26086956521739,18,0,70.8,우선 추천,11850.0,198.0,80,False,Greedy 선택 후보보다 우선순위가 낮음,11.7,3050,273,2,김밥,273,82,351,7319,500,350,2,6.32,249,1070550,A,0.38340188811180115,1,100.0,23.3,15.43,FAST,87.1,False,38.0,LOW,유통기한 임박,14.7,38.1,0.0,SAFE,"재고 여유 — 현재고(273), 재주문점(38)",0.0,320.1,27.4,195274.0,15.4,OPTIMAL,"적정 발주 — EOQ(320개), 권장 발주 주기 27일",15.4,82.0,11.71,22.14,1.29,STABLE,23.3,8.1,WMA,8.1,32.9,10.0,0.4,10.0,7.5,5.0,POOR,낮은 매칭 · 핵심(A)상품,1.001,50.0,STABLE,4.5,LOW,73.1,HIGH,0.3,30.0,811830.0,100.0,0.385,0.385,39.5,False,57.5,84,22.3,394,100.0,0.999,4.9,75.1,50.0,REALLOCATE,89.5,2,99.8,74.2,22.6,turnover,59.7,검토 필요,50,HEURISTIC 29% | ABC 14% | TURNOVER 14% | DISPOSAL_RISK 14% | SAFETY_STOCK 8% | EOQ 7% | DEMAND_FORECAST 7% | MATCH 5%,"['⏰ 유통기한 임박 (99%)', '❄️ 냉장·냉동 과잉 (61%)', '💸 배송비 상승 (100%)', '⚡ 복합 스트레스 (60%)']","{'재고위험': '25.3%', '판매가능성': '13.3%', '점포이동적합': '13.3%', '비용절감': '18.7%', '폐기회피이익': '14.5%', '실행가능성': '11.6%', '이력보정': '3.3%'}",True,True,False,True,False,True,58.7,27.0,51.8,56.3,72.0,50.0,76.5,52.1,0.0,73.2,권장,보류,⏸️,134,HIGH,신뢰도 높음 ●,#2e7d32,,,73.2,권장,보류,2,0,False,False,,50.0,11850.0,23259.0,11850.0,11.5,22.51,11.5,23.0,351.0,249.0,198.0,재고 이동,재고 이동,80.694,일치,80.694,52.761,27.804,17.983
해태 홈런볼,강남점,합정점,216.0,재배치 추천,15369.0,프로모션 순비용이 재배치 비용보다 높습니다.,32.5391101899435,20.217391304347824,18,0,70.8,우선 추천,15369.0,216.0,81,False,Greedy 선택 후보보다 우선순위가 낮음,5.4,2500,276,2,신선식품,276,38,162,9583,250,300,2,5.13,265,405000,A,0.588187697680407,1,100.0,51.1,7.04,NORMAL,71.6,False,58.6,MEDIUM,유통기한 임박 | 신선/냉장 고위험 카테고리,12.0,22.8,0.0,SAFE,"재고 여유 — 현재고(276), 재주문점(23)",0.0,207.8,38.5,181808.0,27.0,OPTIMAL,"적정 발주 — EOQ(208개), 권장 발주 주기 38일",27.0,37.9,5.41,13.88,0.0,STABLE,51.0,1.2,WMA,1.2,36.2,10.0,3.66,10.0,7.5,5.0,POOR,낮은 매칭 · 핵심(A)상품,1.005,50.1,STABLE,9.9,LOW,73.1,HIGH,0.3,30.0,686631.0,100.0,0.385,0.385,39.4,True,25.7,407,31.8,151,100.0,0.999,4.9,77.9,50.0,REALLOCATE,89.3,2,99.8,74.2,24.6,disposal_risk,60.1,검토 필요,45,HEURISTIC 29% | ABC 14% | TURNOVER 14% | DISPOSAL_RISK 14% | SAFETY_STOCK 8% | EOQ 7% | DEMAND_FORECAST 7% | MATCH 5%,"['⏰ 유통기한 임박 (99%)', '❄️ 냉장·냉동 과잉 (61%)', '💸 배송비 상승 (100%)', '⚡ 복합 스트레스 (60%)']","{'재고위험': '25.3%', '판매가능성': '13.3%', '점포이동적합': '13.3%', '비용절감': '18.7%', '폐기회피이익': '14.5%', '실행가능성': '11.6%', '이력보정': '3.3%'}",True,True,False,True,False,True,63.8,23.5,55.4,58.0,72.0,50.0,59.0,53.7,0.0,93.3,최적,보류,⏸️,26,HIGH,신뢰도 높음 ●,#2e7d32,,,93.3,최적,보류,1,0,False,False,,50.0,15369.0,20478.0,15369.0,15.41,19.42,15.41,31.0,162.0,265.0,216.0,재고 이동,재고 이동,85.483,일치,85.483,56.151,29.702,19.029
유어스 스파클링 자몽,여의도점,신촌2점,168.0,재배치 추천,6540.0,프로모션 순비용이 재배치 비용보다 높습니다.,37.55259646233781,15.0,18,0,70.6,우선 추천,6540.0,168.0,82,False,Greedy 선택 후보보다 우선순위가 낮음,9.7,850,263,1,김밥,263,68,291,4521,100,350,5,4.31,253,247350,B,0.8363975077842005,2,60.0,27.1,13.28,FAST,84.9,False,38.0,LOW,유통기한 임박,15.9,64.4,0.0,SAFE,"재고 여유 — 현재고(263), 재주문점(64)",0.0,434.0,44.7,73772.0,34.5,UNDER,과소 발주 위험 — 현재(247개) < EOQ(434개). 발주량 증가 검토,34.5,68.0,9.71,16.83,2.6,STABLE,27.1,6.4,WMA,6.4,28.8,10.0,0.32,6.0,7.5,5.0,POOR,낮은 매칭,1.001,50.0,STABLE,5.3,LOW,76.6,HIGH,0.3,30.0,181620.0,100.0,0.385,0.385,38.6,False,48.1,101,21.5,450,100.0,0.999,4.9,75.0,50.0,REALLOCATE,89.2,2,99.8,74.1,35.7,turnover,50.7,모니터링,176,HEURISTIC 29% | ABC 14% | TURNOVER 14% | DISPOSAL_RISK 14% | SAFETY_STOCK 8% | EOQ 7% | DEMAND_FORECAST 7% | MATCH 5%,"['⏰ 유통기한 임박 (99%)', '❄️ 냉장·냉동 과잉 (61%)', '💸 배송비 상승 (100%)', '⚡ 복합 스트레스 (60%)']","{'재고위험': '25.3%', '판매가능성': '13.3%', '점포이동적합': '13.3%', '비용절감': '18.7%', '폐기회피이익': '14.5%', '실행가능성': '11.6%', '이력보정': '3.3%'}",True,True,False,True,False,True,52.1,25.9,49.8,59.0,72.0,50.0,71.4,50.5,0.0,47.5,검토,보류,⏸️,272,HIGH,신뢰도 높음 ●,#2e7d32,,,47.5,검토,보류,2,0,False,False,,50.0,6540.0,15114.0,6540.0,5.6,13.46,5.6,11.0,291.0,253.0,168.0,재고 이동,재고 이동,77.162,일치,77.162,50.588,26.747,17.258
농심 육개장사발면,혜화점,신촌점,182.0,재배치 추천,9303.0,프로모션 순비용이 재배치 비용보다 높습니다.,35.98364612021237,16.52173913043478,18,0,70.5,우선 추천,9303.0,182.0,83,False,Greedy 선택 후보보다 우선순위가 낮음,2.3,1790,267,5,김밥,270,16,69,5024,400,350,4,4.52,255,123510,A,0.6821352269094287,1,100.0,116.1,3.07,DEAD,35.5,True,60.0,HIGH,유통기한 임박 | 소진일수 116일 초과,14.9,24.1,0.0,SAFE,"재고 여유 — 현재고(267), 재주문점(24)",0.0,153.5,66.7,54953.0,64.2,OVER,과잉 발주 위험 — 현재(252개) > EOQ(154개). 발주 주기 67일 권장,64.2,16.0,2.29,9.74,0.0,STABLE,116.8,0.0,WMA,0.0,40.9,10.0,8.4,10.0,7.5,5.0,FAIR,보통 매칭 · 폐기위험 높음 · 핵심(A)상품,0.994,49.8,STABLE,22.7,LOW,62.6,MEDIUM,0.3,30.0,454433.0,100.0,0.385,0.385,38.6,False,24.4,437,36.4,72,100.0,0.999,4.9,77.9,50.0,REALLOCATE,89.1,2,99.8,74.1,26.8,disposal_risk,55.5,검토 필요,94,HEURISTIC 29% | ABC 14% | TURNOVER 14% | DISPOSAL_RISK 14% | SAFETY_STOCK 8% | EOQ 7% | DEMAND_FORECAST 7% | MATCH 5%,"['⏰ 유통기한 임박 (99%)', '❄️ 냉장·냉동 과잉 (61%)', '💸 배송비 상승 (100%)', '⚡ 복합 스트레스 (60%)']","{'재고위험': '25.3%', '판매가능성': '13.3%', '점포이동적합': '13.3%', '비용절감': '18.7%', '폐기회피이익': '14.5%', '실행가능성': '11.6%', '이력보정': '3.3%'}",True,True,False,True,False,True,54.9,22.7,58.5,63.4,72.0,50.0,58.3,52.8,0.0,84.0,최적,할인 판매,🏷️,76,HIGH,신뢰도 높음 ●,#2e7d32,,,84.0,최적,할인 판매,0,0,True,False,,50.0,9303.0,26130.0,9303.0,8.67,25.7,8.67,17.0,69.0,255.0,182.0,재고 이동,재고 이동,81.937,일치,81.937,54.152,28.813,18.344
서울우유 요구르트,이태원점,합정점,194.0,재배치 추천,11562.0,프로모션 순비용이 재배치 비용보다 높습니다.,34.700888674370404,17.82608695652174,18,0,70.5,우선 추천,11562.0,194.0,84,False,Greedy 선택 후보보다 우선순위가 낮음,6.1,970,279,2,김밥,279,43,183,13575,400,350,1,2.95,266,177510,C,0.9746620764751487,3,20.0,45.7,7.87,NORMAL,74.6,False,45.9,MEDIUM,유통기한 임박,4.9,11.0,0.0,SAFE,"재고 여유 — 현재고(279), 재주문점(11)",0.0,558.2,91.5,108292.0,40.7,UNDER,과소 발주 위험 — 현재(274개) < EOQ(558개). 발주량 증가 검토,40.7,42.9,6.13,11.0,1.26,STABLE,45.5,1.9,WMA,1.9,29.2,10.0,3.7,3.0,7.5,5.0,POOR,낮은 매칭,1.007,50.2,STABLE,8.9,LOW,73.1,HIGH,0.3,30.0,291854.0,100.0,0.385,0.385,43.3,False,21.9,471,25.1,333,100.0,0.999,4.9,77.9,50.0,REALLOCATE,88.9,2,99.8,74.1,39.3,turnover,41.1,모니터링,319,HEURISTIC 29% | ABC 14% | TURNOVER 14% | DISPOSAL_RISK 14% | SAFETY_STOCK 8% | EOQ 7% | DEMAND_FORECAST 7% | MATCH 5%,"['⏰ 유통기한 임박 (99%)', '❄️ 냉장·냉동 과잉 (61%)', '💸 배송비 상승 (100%)', '⚡ 복합 스트레스 (60%)']","{'재고위험': '25.3%', '판매가능성': '13.3%', '점포이동적합': '13.3%', '비용절감': '18.7%', '폐기회피이익': '14.5%', '실행가능성': '11.6%', '이력보정': '3.3%'}",True,True,False,True,False,True,46.9,24.7,51.0,59.9,72.0,50.0,57.0,49.4,0.0,25.9,검토,보류,⏸️,388,HIGH,신뢰도 높음 ●,#2e7d32,,,25.9,검토,보류,1,0,False,False,,50.0,11562.0,16086.0,11562.0,11.18,14.54,11.18,22.0,183.0,266.0,194.0,재고 이동,재고 이동,76.781,일치,76.781,50.65,27.016,17.154
게토레이 레몬,문래점,강남점,216.0,재배치 추천,15855.0,프로모션 순비용이 재배치 비용보다 높습니다.,32.2631384685273,20.217391304347824,18,0,70.5,우선 추천,15855.0,216.0,85,False,Greedy 선택 후보보다 우선순위가 낮음,8.9,1190,261,2,김밥,261,62,267,4990,200,350,4,4.92,243,317730,B,0.8150251138690287,2,60.0,29.3,12.28,FAST,83.7,False,38.0,LOW,유통기한 임박,16.2,51.8,0.0,SAFE,"재고 여유 — 현재고(261), 재주문점(52)",0.0,369.1,41.5,87841.0,26.9,OPTIMAL,"적정 발주 — EOQ(369개), 권장 발주 주기 42일",26.9,62.1,8.87,16.99,0.75,STABLE,29.4,5.3,WMA,5.3,28.8,10.0,0.26,6.0,7.5,5.0,POOR,낮은 매칭,0.995,49.9,STABLE,5.8,LOW,73.1,HIGH,0.3,30.0,335793.0,100.0,0.385,0.385,38.6,False,41.3,127,21.5,450,100.0,0.999,4.9,69.2,50.0,REALLOCATE,88.8,2,99.8,74.1,35.9,turnover,49.1,모니터링,200,HEURISTIC 29% | ABC 14% | TURNOVER 14% | DISPOSAL_RISK 14% | SAFETY_STOCK 8% | EOQ 7% | DEMAND_FORECAST 7% | MATCH 5%,"['⏰ 유통기한 임박 (99%)', '❄️ 냉장·냉동 과잉 (61%)', '💸 배송비 상승 (100%)', '⚡ 복합 스트레스 (60%)']","{'재고위험': '25.3%', '판매가능성': '13.3%', '점포이동적합': '13.3%', '비용절감': '18.7%', '폐기회피이익': '14.5%', '실행가능성': '11.6%', '이력보정': '3.3%'}",True,True,False,True,False,True,51.8,25.3,49.2,57.8,72.0,50.0,67.6,50.1,0.0,39.1,검토,보류,⏸️,317,HIGH,신뢰도 높음 ●,#2e7d32,,,39.1,검토,보류,2,1,False,False,,50.0,15855.0,23997.0,15855.0,15.95,23.33,15.95,32.0,267.0,243.0,216.0,재고 이동,재고 이동,78.578,일치,78.578,51.655,27.443,17.525
유어스 샐러드랩,홍대2점,목동점,178.0,재배치 추천,9033.0,프로모션 순비용이 재배치 비용보다 높습니다.,36.13696374322137,16.08695652173913,18,0,70.2,우선 추천,9033.0,178.0,86,False,Greedy 선택 후보보다 우선순위가 낮음,8.2,2800,278,2,샐러드,280,57,246,11897,500,350,1,3.62,261,688800,A,0.4955087509106965,1,100.0,33.9,10.54,NORMAL,81.2,False,40.0,MEDIUM,유통기한 임박,6.0,14.2,0.0,SAFE,"재고 여유 — 현재고(278), 재주문점(14)",0.0,356.6,43.5,199701.0,19.0,OPTIMAL,"적정 발주 — EOQ(357개), 권장 발주 주기 44일",19.0,57.2,8.17,14.14,2.2,STABLE,34.0,3.5,WMA,3.5,36.3,10.0,3.77,10.0,7.5,5.0,POOR,낮은 매칭 · 핵심(A)상품,0.993,49.8,STABLE,6.8,LOW,73.1,HIGH,0.3,30.0,678047.0,100.0,0.385,0.385,43.3,True,30.8,268,23.8,362,100.0,0.999,4.9,77.7,50.0,REALLOCATE,88.7,2,99.8,74.0,23.5,turnover,56.9,검토 필요,74,HEURISTIC 29% | ABC 14% | TURNOVER 14% | DISPOSAL_RISK 14% | SAFETY_STOCK 8% | EOQ 7% | DEMAND_FORECAST 7% | MATCH 5%,"['⏰ 유통기한 임박 (99%)', '❄️ 냉장·냉동 과잉 (61%)', '💸 배송비 상승 (100%)', '⚡ 복합 스트레스 (60%)']","{'재고위험': '25.3%', '판매가능성': '13.3%', '점포이동적합': '13.3%', '비용절감': '18.7%', '폐기회피이익': '14.5%', '실행가능성': '11.6%', '이력보정': '3.3%'}",True,True,False,True,False,True,58.0,25.3,53.9,56.5,72.0,50.0,61.8,52.0,0.0,71.7,권장,보류,⏸️,142,HIGH,신뢰도 높음 ●,#2e7d32,,,71.7,권장,보류,1,0,False,False,,50.0,9033.0,22917.0,9033.0,8.37,22.13,8.37,17.0,246.0,261.0,178.0,재고 이동,재고 이동,79.831,일치,79.831,52.2,27.496,17.809
혜자로운 햄구이도시락,혜화점,종로점,233.0,재배치 추천,19614.0,프로모션 순비용이 재배치 비용보다 높습니다.,30.128616450413105,22.065217391304348,18,0,70.2,우선 추천,19614.0,233.0,87,False,Greedy 선택 후보보다 우선순위가 낮음,15.1,3650,279,3,우유,279,106,453,8709,400,250,2,0.7,233,1653450,A,0.061498881731707665,1,100.0,18.5,19.48,FAST,89.7,False,38.0,LOW,유통기한 임박,1.6,31.8,0.0,SAFE,"재고 여유 — 현재고(279), 재주문점(32)",0.0,362.6,24.0,264725.0,18.8,OPTIMAL,"적정 발주 — EOQ(363개), 권장 발주 주기 24일",18.8,105.9,15.13,16.28,13.97,STABLE,18.4,10.4,WMA,10.4,33.0,10.0,0.52,10.0,7.5,5.0,POOR,낮은 매칭 · 핵심(A)상품,1.003,50.1,STABLE,3.6,LOW,69.6,MEDIUM,0.3,30.0,1094126.0,100.0,0.385,0.385,39.6,True,66.3,37,22.3,394,100.0,0.999,4.9,58.9,50.0,REALLOCATE,88.5,2,99.8,74.0,22.7,turnover,61.5,검토 필요,39,HEURISTIC 29% | ABC 14% | TURNOVER 14% | DISPOSAL_RISK 14% | SAFETY_STOCK 8% | EOQ 7% | DEMAND_FORECAST 7% | MATCH 5%,"['⏰ 유통기한 임박 (99%)', '❄️ 냉장·냉동 과잉 (61%)', '💸 배송비 상승 (100%)', '⚡ 복합 스트레스 (60%)']","{'재고위험': '25.3%', '판매가능성': '13.3%', '점포이동적합': '13.3%', '비용절감': '18.7%', '폐기회피이익': '14.5%', '실행가능성': '11.6%', '이력보정': '3.3%'}",True,True,False,True,False,True,59.4,28.2,50.2,56.4,72.0,50.0,81.4,52.2,0.0,76.6,권장,보류,⏸️,116,HIGH,신뢰도 높음 ●,#2e7d32,,,76.6,권장,보류,0,1,False,False,,50.0,0.0,19614.0,19614.0,0.0,18.46,18.46,37.0,453.0,233.0,234.0,재고 이동,재고 이동,82.325,일치,82.325,53.861,28.423,18.292
오뚜기 진라면컵,압구정점,신촌2점,192.0,재배치 추천,11859.0,프로모션 순비용이 재배치 비용보다 높습니다.,34.5322392890605,17.608695652173914,18,0,70.1,우선 추천,11859.0,192.0,88,False,Greedy 선택 후보보다 우선순위가 낮음,4.3,2630,267,6,김밥,270,30,129,9625,500,350,4,1.02,241,339270,A,0.22235950532195084,1,100.0,62.1,5.73,SLOW,65.5,True,46.0,MEDIUM,유통기한 임박,3.4,20.6,0.0,SAFE,"재고 여유 — 현재고(267), 재주문점(21)",0.0,239.7,55.7,126063.0,10.0,OPTIMAL,"적정 발주 — EOQ(240개), 권장 발주 주기 56일",10.0,30.0,4.29,5.97,2.6,STABLE,62.3,0.0,WMA,0.0,36.1,10.0,3.6,10.0,7.5,5.0,POOR,낮은 매칭 · 핵심(A)상품,0.997,49.9,STABLE,12.1,LOW,59.1,MEDIUM,0.3,30.0,690093.0,100.0,0.385,0.385,38.6,False,16.8,498,27.2,229,100.0,0.999,4.9,75.0,50.0,REALLOCATE,88.4,2,99.8,74.0,26.0,turnover,52.2,모니터링,150,HEURISTIC 29% | ABC 14% | TURNOVER 14% | DISPOSAL_RISK 14% | SAFETY_STOCK 8% | EOQ 7% | DEMAND_FORECAST 7% | MATCH 5%,"['⏰ 유통기한 임박 (99%)', '❄️ 냉장·냉동 과잉 (61%)', '💸 배송비 상승 (100%)', '⚡ 복합 스트레스 (60%)']","{'재고위험': '25.3%', '판매가능성': '13.3%', '점포이동적합': '13.3%', '비용절감': '18.7%', '폐기회피이익': '14.5%', '실행가능성': '11.6%', '이력보정': '3.3%'}",True,True,False,True,False,True,56.6,22.7,54.2,55.1,72.0,50.0,54.2,51.1,0.0,55.5,검토,보류,⏸️,229,HIGH,신뢰도 높음 ●,#2e7d32,,,55.5,검토,보류,1,0,False,False,,50.0,11859.0,14574.0,11859.0,11.51,12.860000000000001,11.51,23.0,129.0,241.0,192.0,재고 이동,재고 이동,78.025,일치,78.025,51.117,26.931,17.447
오뚜기 진라면컵,압구정점,이태원점,212.0,재배치 추천,16140.0,프로모션 순비용이 재배치 비용보다 높습니다.,32.101303199795574,19.782608695652172,18,0,69.9,검토 가능,16140.0,212.0,89,False,Greedy 선택 후보보다 우선순위가 낮음,4.3,2630,267,6,김밥,270,30,129,9625,500,350,4,1.02,241,339270,A,0.22235950532195084,1,100.0,62.1,5.73,SLOW,65.5,True,46.0,MEDIUM,유통기한 임박,3.4,20.6,0.0,SAFE,"재고 여유 — 현재고(267), 재주문점(21)",0.0,239.7,55.7,126063.0,10.0,OPTIMAL,"적정 발주 — EOQ(240개), 권장 발주 주기 56일",10.0,30.0,4.29,5.97,2.6,STABLE,62.3,0.0,WMA,0.0,36.1,10.0,3.6,10.0,7.5,5.0,POOR,낮은 매칭 · 핵심(A)상품,0.997,49.9,STABLE,12.1,LOW,59.1,MEDIUM,0.3,30.0,758932.0,100.0,0.385,0.385,38.6,False,16.9,497,27.1,232,100.0,0.999,4.9,71.0,50.0,REALLOCATE,88.3,2,99.8,74.0,26.1,turnover,52.0,모니터링,155,HEURISTIC 29% | ABC 14% | TURNOVER 14% | DISPOSAL_RISK 14% | SAFETY_STOCK 8% | EOQ 7% | DEMAND_FORECAST 7% | MATCH 5%,"['⏰ 유통기한 임박 (99%)', '❄️ 냉장·냉동 과잉 (61%)', '💸 배송비 상승 (100%)', '⚡ 복합 스트레스 (60%)']","{'재고위험': '25.3%', '판매가능성': '13.3%', '점포이동적합': '13.3%', '비용절감': '18.7%', '폐기회피이익': '14.5%', '실행가능성': '11.6%', '이력보정': '3.3%'}",True,True,False,True,False,True,56.6,22.7,53.8,54.9,72.0,50.0,54.2,51.0,0.0,54.6,검토,보류,⏸️,234,HIGH,신뢰도 높음 ●,#2e7d32,,,54.6,검토,보류,1,1,True,False,,50.0,0.0,16140.0,16140.0,0.0,14.600000000000001,14.600000000000001,29.0,129.0,241.0,212.0,재고 이동,재고 이동,79.081,일치,79.081,51.807,27.323,17.63
유어스 방울토마토,동대문점,신촌점,180.0,재배치 추천,10104.0,프로모션 순비용이 재배치 비용보다 높습니다.,35.528803838619005,16.304347826086957,18,0,69.8,검토 가능,10104.0,180.0,90,False,Greedy 선택 후보보다 우선순위가 낮음,3.0,3530,270,5,샐러드,270,21,90,6209,300,350,1,2.27,255,317700,A,0.41267686794205877,1,100.0,90.0,4.0,SLOW,50.0,True,60.0,HIGH,유통기한 임박 | 소진일수 90일 초과,3.7,6.7,0.0,SAFE,"재고 여유 — 현재고(270), 재주문점(7)",0.0,138.8,46.3,97980.0,91.9,OVER,과잉 발주 위험 — 현재(266개) > EOQ(139개). 발주 주기 46일 권장,91.9,21.0,3.0,6.75,0.0,STABLE,90.0,0.0,WMA,0.0,40.9,10.0,8.4,10.0,7.5,5.0,FAIR,보통 매칭 · 폐기위험 높음 · 핵심(A)상품,1.0,50.0,STABLE,17.5,LOW,62.6,MEDIUM,0.3,30.0,806376.0,100.0,0.385,0.385,43.6,True,24.6,435,35.0,101,100.0,0.999,4.9,77.9,50.0,REALLOCATE,88.1,2,99.8,74.0,27.2,disposal_risk,60.0,검토 필요,46,HEURISTIC 29% | ABC 14% | TURNOVER 14% | DISPOSAL_RISK 14% | SAFETY_STOCK 8% | EOQ 7% | DEMAND_FORECAST 7% | MATCH 5%,"['⏰ 유통기한 임박 (99%)', '❄️ 냉장·냉동 과잉 (61%)', '💸 배송비 상승 (100%)', '⚡ 복합 스트레스 (60%)']","{'재고위험': '25.3%', '판매가능성': '13.3%', '점포이동적합': '13.3%', '비용절감': '18.7%', '폐기회피이익': '14.5%', '실행가능성': '11.6%', '이력보정': '3.3%'}",True,True,False,True,False,True,58.8,23.7,58.2,67.2,72.0,50.0,58.4,54.5,0.0,96.7,최적,할인 판매,🏷️,8,HIGH,신뢰도 높음 ●,#2e7d32,,,96.7,최적,할인 판매,0,0,True,False,,50.0,10104.0,25689.0,10104.0,9.56,25.21,9.56,19.0,90.0,255.0,180.0,재고 이동,재고 이동,85.707,일치,85.707,56.682,30.187,19.169
유어스 새우롤샌드,노원점,동대문점,198.0,재배치 추천,13614.0,프로모션 순비용이 재배치 비용보다 높습니다.,33.53567473950201,18.26086956521739,18,0,69.8,검토 가능,13614.0,198.0,91,False,Greedy 선택 후보보다 우선순위가 낮음,3.7,3050,263,5,우유,263,26,111,7438,500,250,1,2.51,244,338550,A,0.38340188811180115,1,100.0,71.1,5.06,SLOW,60.5,True,50.5,MEDIUM,유통기한 임박 | 소진일수 71일 초과,4.1,7.8,0.0,SAFE,"재고 여유 — 현재고(263), 재주문점(8)",0.0,181.5,49.1,110702.0,42.6,OPTIMAL,"적정 발주 — EOQ(182개), 권장 발주 주기 49일",42.6,26.0,3.71,7.86,0.0,STABLE,70.8,0.0,WMA,0.0,36.1,10.0,3.6,10.0,7.5,5.0,POOR,낮은 매칭 · 핵심(A)상품,1.004,50.1,STABLE,13.8,LOW,62.6,MEDIUM,0.3,30.0,810066.0,100.0,0.385,0.385,43.6,True,19.1,490,29.4,191,100.0,0.999,4.9,75.1,50.0,REALLOCATE,88.0,2,99.8,74.0,26.8,disposal_risk,54.4,모니터링,114,HEURISTIC 29% | ABC 14% | TURNOVER 14% | DISPOSAL_RISK 14% | SAFETY_STOCK 8% | EOQ 7% | DEMAND_FORECAST 7% | MATCH 5%,"['⏰ 유통기한 임박 (99%)', '❄️ 냉장·냉동 과잉 (61%)', '💸 배송비 상승 (100%)', '⚡ 복합 스트레스 (60%)']","{'재고위험': '25.3%', '판매가능성': '13.3%', '점포이동적합': '13.3%', '비용절감': '18.7%', '폐기회피이익': '14.5%', '실행가능성': '11.6%', '이력보정': '3.3%'}",True,True,False,True,False,True,57.3,23.8,54.6,59.8,72.0,50.0,55.4,52.3,0.0,78.8,권장,보류,⏸️,104,HIGH,신뢰도 높음 ●,#2e7d32,,,78.8,권장,보류,0,0,True,False,,50.0,13614.0,32358.0,13614.0,13.46,32.62,13.46,27.0,111.0,244.0,198.0,재고 이동,재고 이동,81.36,일치,81.36,53.616,28.493,18.196
카페25 아이스카페라떼,홍대6점,홍대점,206.0,재배치 추천,15402.0,프로모션 순비용이 재배치 비용보다 높습니다.,32.52037136935351,19.130434782608695,18,0,69.7,검토 가능,15402.0,206.0,92,False,Greedy 선택 후보보다 우선순위가 낮음,8.9,1370,261,2,냉장식품,261,62,267,7482,150,300,4,2.1,243,365790,A,0.7250753194918981,1,100.0,29.3,12.28,FAST,83.7,False,46.0,MEDIUM,유통기한 임박 | 신선/냉장 고위험 카테고리,6.9,42.5,0.0,SAFE,"재고 여유 — 현재고(261), 재주문점(42)",0.0,333.0,37.4,145982.0,19.0,OPTIMAL,"적정 발주 — EOQ(333개), 권장 발주 주기 37일",19.0,62.1,8.87,12.34,5.41,STABLE,29.4,5.3,WMA,5.3,36.4,10.0,3.86,10.0,7.5,5.0,POOR,낮은 매칭 · 핵심(A)상품,0.995,49.9,STABLE,5.8,LOW,73.1,HIGH,0.3,30.0,354162.0,100.0,0.385,0.385,38.6,True,44.4,119,26.1,272,100.0,0.999,4.9,66.7,50.0,REALLOCATE,87.9,2,99.8,73.9,23.8,turnover,60.0,검토 필요,47,HEURISTIC 29% | ABC 14% | TURNOVER 14% | DISPOSAL_RISK 14% | SAFETY_STOCK 8% | EOQ 7% | DEMAND_FORECAST 7% | MATCH 5%,"['⏰ 유통기한 임박 (99%)', '❄️ 냉장·냉동 과잉 (61%)', '💸 배송비 상승 (100%)', '⚡ 복합 스트레스 (60%)']","{'재고위험': '25.3%', '판매가능성': '13.3%', '점포이동적합': '13.3%', '비용절감': '18.7%', '폐기회피이익': '14.5%', '실행가능성': '11.6%', '이력보정': '3.3%'}",True,True,False,True,False,True,61.4,25.3,53.3,56.2,72.0,50.0,69.3,52.7,0.0,83.3,최적,보류,⏸️,80,HIGH,신뢰도 높음 ●,#2e7d32,,,83.3,최적,보류,1,1,True,False,,50.0,0.0,15402.0,15402.0,0.0,13.780000000000001,13.780000000000001,27.0,267.0,243.0,206.0,재고 이동,재고 이동,81.751,일치,81.751,53.51,28.203,18.214
유어스 새우롤샌드,건대점,혜화점,178.0,재배치 추천,10212.0,프로모션 순비용이 재배치 비용보다 높습니다.,35.46747678941541,16.08695652173913,18,0,69.6,검토 가능,10212.0,178.0,93,False,Greedy 선택 후보보다 우선순위가 낮음,9.7,3050,273,1,우유,273,68,291,7913,500,250,2,0.7,263,887550,A,0.38340188811180115,1,100.0,28.1,12.79,FAST,84.4,False,38.0,LOW,유통기한 임박,1.6,21.0,0.0,SAFE,"재고 여유 — 현재고(273), 재주문점(21)",0.0,303.1,31.2,184877.0,8.4,OPTIMAL,"적정 발주 — EOQ(303개), 권장 발주 주기 31일",8.4,68.0,9.71,10.87,8.56,STABLE,28.1,5.9,WMA,5.9,32.8,10.0,0.3,10.0,7.5,5.0,POOR,낮은 매칭 · 핵심(A)상품,1.001,50.0,STABLE,5.5,LOW,76.6,HIGH,0.3,30.0,730268.0,100.0,0.385,0.385,39.6,True,45.7,114,22.2,398,100.0,0.999,4.9,77.9,50.0,REALLOCATE,87.7,2,99.8,73.9,23.0,turnover,56.1,검토 필요,85,HEURISTIC 29% | ABC 14% | TURNOVER 14% | DISPOSAL_RISK 14% | SAFETY_STOCK 8% | EOQ 7% | DEMAND_FORECAST 7% | MATCH 5%,"['⏰ 유통기한 임박 (99%)', '❄️ 냉장·냉동 과잉 (61%)', '💸 배송비 상승 (100%)', '⚡ 복합 스트레스 (60%)']","{'재고위험': '25.3%', '판매가능성': '13.3%', '점포이동적합': '13.3%', '비용절감': '18.7%', '폐기회피이익': '14.5%', '실행가능성': '11.6%', '이력보정': '3.3%'}",True,True,False,True,False,True,58.0,25.9,52.0,54.5,72.0,50.0,70.0,51.5,0.0,63.0,검토,보류,⏸️,189,HIGH,신뢰도 높음 ●,#2e7d32,,,63.0,검토,보류,1,0,False,False,,50.0,10212.0,21936.0,10212.0,9.68,21.04,9.68,19.0,291.0,263.0,178.0,재고 이동,재고 이동,78.812,일치,78.812,51.468,27.078,17.583
브레디크 우유생크림빵,신촌2점,강남점,192.0,재배치 추천,12849.0,프로모션 순비용이 재배치 비용보다 높습니다.,33.970074671360834,17.608695652173914,18,0,69.6,검토 가능,12849.0,192.0,94,False,Greedy 선택 후보보다 우선순위가 낮음,2.3,2390,277,5,우유,277,16,69,6239,400,250,4,7.71,265,164910,A,0.6660533387920988,1,100.0,120.4,2.99,DEAD,33.1,True,60.0,HIGH,유통기한 임박 | 소진일수 120일 초과,25.4,34.6,0.0,SAFE,"재고 여유 — 현재고(277), 재주문점(35)",0.0,148.0,64.3,70761.0,70.0,OVER,과잉 발주 위험 — 현재(252개) > EOQ(148개). 발주 주기 64일 권장,70.0,16.0,2.29,15.01,0.0,STABLE,121.2,0.0,WMA,0.0,40.9,10.0,8.4,10.0,7.5,5.0,FAIR,보통 매칭 · 폐기위험 높음 · 핵심(A)상품,0.994,49.8,STABLE,23.6,LOW,62.6,MEDIUM,0.3,30.0,614607.0,100.0,0.385,0.385,38.6,True,24.7,432,36.6,68,100.0,0.999,4.9,69.2,50.0,REALLOCATE,87.6,2,99.8,73.9,26.8,disposal_risk,54.5,모니터링,111,HEURISTIC 29% | ABC 14% | TURNOVER 14% | DISPOSAL_RISK 14% | SAFETY_STOCK 8% | EOQ 7% | DEMAND_FORECAST 7% | MATCH 5%,"['⏰ 유통기한 임박 (99%)', '❄️ 냉장·냉동 과잉 (61%)', '💸 배송비 상승 (100%)', '⚡ 복합 스트레스 (60%)']","{'재고위험': '25.3%', '판매가능성': '13.3%', '점포이동적합': '13.3%', '비용절감': '18.7%', '폐기회피이익': '14.5%', '실행가능성': '11.6%', '이력보정': '3.3%'}",True,True,False,True,False,True,54.3,22.7,57.6,63.8,72.0,50.0,58.5,52.6,0.0,81.8,최적,할인 판매,🏷️,88,HIGH,신뢰도 높음 ●,#2e7d32,,,81.8,최적,할인 판매,0,1,False,False,,50.0,12849.0,16878.0,12849.0,12.61,15.42,12.61,25.0,69.0,265.0,192.0,재고 이동,재고 이동,83.031,일치,83.031,54.852,29.145,18.557
혜자로운 참치마요김밥,강남점,건대3점,162.0,재배치 추천,7287.0,프로모션 순비용이 재배치 비용보다 높습니다.,37.128417705346244,14.347826086956522,18,0,69.5,검토 가능,7287.0,162.0,95,False,Greedy 선택 후보보다 우선순위가 낮음,2.3,2810,277,5,냉장식품,277,16,69,6342,500,300,2,4.82,265,193890,B,0.8665181171073832,2,60.0,120.4,2.99,DEAD,33.1,True,68.0,HIGH,유통기한 임박 | 소진일수 120일 초과 | 신선/냉장 고위험 카테고리,11.2,15.8,0.0,SAFE,"재고 여유 — 현재고(277), 재주문점(16)",0.0,108.8,47.3,97851.0,100.0,OVER,과잉 발주 위험 — 현재(266개) > EOQ(109개). 발주 주기 47일 권장,100.0,16.0,2.29,10.24,0.0,STABLE,121.2,0.0,WMA,0.0,36.9,10.0,8.4,6.0,7.5,5.0,POOR,낮은 매칭 · 폐기위험 높음,0.994,49.8,STABLE,23.6,LOW,62.6,MEDIUM,0.3,30.0,619977.0,100.0,0.385,0.385,39.5,True,27.8,356,39.0,24,100.0,0.999,4.9,78.0,50.0,REALLOCATE,87.5,2,99.8,73.9,40.6,disposal_risk,50.3,모니터링,181,HEURISTIC 29% | ABC 14% | TURNOVER 14% | DISPOSAL_RISK 14% | SAFETY_STOCK 8% | EOQ 7% | DEMAND_FORECAST 7% | MATCH 5%,"['⏰ 유통기한 임박 (99%)', '❄️ 냉장·냉동 과잉 (61%)', '💸 배송비 상승 (100%)', '⚡ 복합 스트레스 (60%)']","{'재고위험': '25.3%', '판매가능성': '13.3%', '점포이동적합': '13.3%', '비용절감': '18.7%', '폐기회피이익': '14.5%', '실행가능성': '11.6%', '이력보정': '3.3%'}",True,True,False,True,False,True,51.9,22.8,57.2,68.2,72.0,50.0,60.2,52.8,0.0,83.8,최적,할인 판매,🏷️,77,HIGH,신뢰도 높음 ●,#2e7d32,,,83.8,최적,할인 판매,1,0,False,False,,50.0,7287.0,23277.0,7287.0,6.43,22.53,6.43,13.0,69.0,265.0,162.0,재고 이동,재고 이동,81.841,일치,81.841,54.427,29.183,18.377
유어스 고르곤졸라피자,여의도5점,광명6점,178.0,재배치 추천,10248.0,프로모션 순비용이 재배치 비용보다 높습니다.,35.44703443968088,16.08695652173913,18,0,69.5,검토 가능,10248.0,178.0,96,False,Greedy 선택 후보보다 우선순위가 낮음,9.7,2220,273,1,김밥,273,68,291,14848,500,350,2,8.43,263,646020,A,0.7110436475021518,1,100.0,28.1,12.79,FAST,84.4,False,38.0,LOW,유통기한 임박,19.7,39.1,0.0,SAFE,"재고 여유 — 현재고(273), 재주문점(39)",0.0,486.6,50.2,216059.0,38.4,UNDER,과소 발주 위험 — 현재(253개) < EOQ(487개). 발주량 증가 검토,38.4,68.0,9.71,23.62,0.0,STABLE,28.1,5.9,WMA,5.9,32.8,10.0,0.3,10.0,7.5,5.0,POOR,낮은 매칭 · 핵심(A)상품,1.001,50.0,STABLE,5.5,LOW,76.6,HIGH,0.3,30.0,552944.0,100.0,0.385,0.385,39.4,False,45.7,114,22.2,398,100.0,0.999,4.9,78.6,50.0,REALLOCATE,87.3,2,99.8,73.9,23.0,turnover,58.1,검토 필요,65,HEURISTIC 29% | ABC 14% | TURNOVER 14% | DISPOSAL_RISK 14% | SAFETY_STOCK 8% | EOQ 7% | DEMAND_FORECAST 7% | MATCH 5%,"['⏰ 유통기한 임박 (99%)', '❄️ 냉장·냉동 과잉 (61%)', '💸 배송비 상승 (100%)', '⚡ 복합 스트레스 (60%)']","{'재고위험': '25.3%', '판매가능성': '13.3%', '점포이동적합': '13.3%', '비용절감': '18.7%', '폐기회피이익': '14.5%', '실행가능성': '11.6%', '이력보정': '3.3%'}",True,True,False,True,False,True,58.0,25.8,52.1,59.0,72.0,50.0,70.0,52.3,0.0,77.7,권장,보류,⏸️,110,HIGH,신뢰도 높음 ●,#2e7d32,,,77.7,권장,보류,2,0,False,False,,50.0,10248.0,30594.0,10248.0,9.72,30.660000000000004,9.72,19.0,291.0,263.0,178.0,재고 이동,재고 이동,81.369,일치,81.369,53.315,28.182,18.151
브레디크 모찌롤,홍대점,동대문점,184.0,재배치 추천,11679.0,프로모션 순비용이 재배치 비용보다 높습니다.,34.63445103773317,16.73913043478261,18,0,69.4,검토 가능,11679.0,184.0,97,False,Greedy 선택 후보보다 우선순위가 낮음,4.1,2820,269,1,김밥,269,29,123,9578,400,350,4,2.26,264,346860,A,0.5672473792465825,1,100.0,65.6,5.49,SLOW,63.6,True,55.8,MEDIUM,유통기한 임박,7.5,23.9,0.0,SAFE,"재고 여유 — 현재고(269), 재주문점(24)",0.0,225.5,55.0,127154.0,16.0,OPTIMAL,"적정 발주 — EOQ(226개), 권장 발주 주기 55일",16.0,28.9,4.13,7.86,0.4,STABLE,65.2,0.0,WMA,0.0,36.1,10.0,3.6,10.0,7.5,5.0,POOR,낮은 매칭 · 핵심(A)상품,1.01,50.3,STABLE,12.8,LOW,76.6,HIGH,0.3,30.0,684577.0,100.0,0.385,0.385,38.6,False,21.9,471,31.2,154,100.0,0.999,4.9,75.1,50.0,REALLOCATE,87.2,2,99.8,73.9,26.1,disposal_risk,54.5,모니터링,110,HEURISTIC 29% | ABC 14% | TURNOVER 14% | DISPOSAL_RISK 14% | SAFETY_STOCK 8% | EOQ 7% | DEMAND_FORECAST 7% | MATCH 5%,"['⏰ 유통기한 임박 (99%)', '❄️ 냉장·냉동 과잉 (61%)', '💸 배송비 상승 (100%)', '⚡ 복합 스트레스 (60%)']","{'재고위험': '25.3%', '판매가능성': '13.3%', '점포이동적합': '13.3%', '비용절감': '18.7%', '폐기회피이익': '14.5%', '실행가능성': '11.6%', '이력보정': '3.3%'}",True,True,False,True,False,True,60.5,22.8,55.0,55.6,72.0,50.0,57.0,52.3,0.0,77.5,권장,보류,⏸️,111,HIGH,신뢰도 높음 ●,#2e7d32,,,77.5,권장,보류,1,0,False,False,,50.0,11679.0,27300.0,11679.0,11.31,27.0,11.31,23.0,123.0,264.0,184.0,재고 이동,재고 이동,80.42,일치,80.42,52.84,27.974,17.979
유어스 방울토마토,동대문점,신촌2점,170.0,재배치 추천,9132.0,프로모션 순비용이 재배치 비용보다 높습니다.,36.08074728145141,15.217391304347828,18,0,69.3,검토 가능,9132.0,170.0,98,False,Greedy 선택 후보보다 우선순위가 낮음,3.0,3530,270,5,샐러드,270,21,90,6209,300,350,1,2.27,255,317700,A,0.41267686794205877,1,100.0,90.0,4.0,SLOW,50.0,True,60.0,HIGH,유통기한 임박 | 소진일수 90일 초과,3.7,6.7,0.0,SAFE,"재고 여유 — 현재고(270), 재주문점(7)",0.0,138.8,46.3,97980.0,91.9,OVER,과잉 발주 위험 — 현재(266개) > EOQ(139개). 발주 주기 46일 권장,91.9,21.0,3.0,6.75,0.0,STABLE,90.0,0.0,WMA,0.0,40.9,10.0,8.4,10.0,7.5,5.0,FAIR,보통 매칭 · 폐기위험 높음 · 핵심(A)상품,1.0,50.0,STABLE,17.5,LOW,62.6,MEDIUM,0.3,30.0,761988.0,100.0,0.385,0.385,43.6,True,24.8,427,35.0,101,100.0,0.999,4.9,75.0,50.0,REALLOCATE,87.1,2,99.8,73.9,27.3,disposal_risk,59.6,검토 필요,52,HEURISTIC 29% | ABC 14% | TURNOVER 14% | DISPOSAL_RISK 14% | SAFETY_STOCK 8% | EOQ 7% | DEMAND_FORECAST 7% | MATCH 5%,"['⏰ 유통기한 임박 (99%)', '❄️ 냉장·냉동 과잉 (61%)', '💸 배송비 상승 (100%)', '⚡ 복합 스트레스 (60%)']","{'재고위험': '25.3%', '판매가능성': '13.3%', '점포이동적합': '13.3%', '비용절감': '18.7%', '폐기회피이익': '14.5%', '실행가능성': '11.6%', '이력보정': '3.3%'}",True,True,False,True,False,True,58.8,23.7,57.9,66.9,72.0,50.0,58.6,54.5,0.0,96.1,최적,할인 판매,🏷️,11,HIGH,신뢰도 높음 ●,#2e7d32,,,96.1,최적,할인 판매,0,0,True,False,,50.0,9132.0,25725.0,9132.0,8.48,25.25,8.48,17.0,90.0,255.0,170.0,재고 이동,재고 이동,84.883,일치,84.883,56.143,29.901,19.006
브레디크 우유생크림빵,문래점,용산점,172.0,재배치 추천,9537.0,프로모션 순비용이 재배치 비용보다 높습니다.,35.850770846937905,15.434782608695652,18,0,69.3,검토 가능,9537.0,172.0,99,False,Greedy 선택 후보보다 우선순위가 낮음,8.3,2390,267,1,냉장식품,267,58,249,8863,400,300,2,4.05,258,595110,A,0.6660533387920988,1,100.0,32.2,11.19,NORMAL,82.1,False,47.1,MEDIUM,유통기한 임박 | 신선/냉장 고위험 카테고리,9.5,26.1,0.0,SAFE,"재고 여유 — 현재고(267), 재주문점(26)",0.0,265.0,31.9,202658.0,2.3,OPTIMAL,"적정 발주 — EOQ(265개), 권장 발주 주기 32일",2.3,58.0,8.29,14.97,1.6,STABLE,32.2,3.7,WMA,3.7,36.3,10.0,3.78,10.0,7.5,5.0,POOR,낮은 매칭 · 핵심(A)상품,0.998,50.0,STABLE,6.3,LOW,76.6,HIGH,0.3,30.0,552559.0,100.0,0.385,0.385,39.4,True,34.5,179,26.5,254,100.0,0.999,4.9,77.4,50.0,REALLOCATE,86.9,1,100.0,73.9,23.7,turnover,57.4,검토 필요,69,HEURISTIC 29% | ABC 14% | TURNOVER 14% | DISPOSAL_RISK 14% | SAFETY_STOCK 8% | EOQ 7% | DEMAND_FORECAST 7% | MATCH 5%,"['⏰ 유통기한 임박 (99%)', '❄️ 냉장·냉동 과잉 (61%)', '💸 배송비 상승 (100%)', '⚡ 복합 스트레스 (60%)']","{'재고위험': '25.3%', '판매가능성': '13.3%', '점포이동적합': '13.3%', '비용절감': '18.7%', '폐기회피이익': '14.5%', '실행가능성': '11.6%', '이력보정': '3.3%'}",True,True,False,True,False,True,61.5,24.7,54.4,53.5,72.0,50.0,64.0,52.3,0.0,78.1,권장,보류,⏸️,108,HIGH,신뢰도 높음 ●,#2e7d32,,,78.1,권장,보류,2,0,False,False,,50.0,9537.0,25671.0,9537.0,8.93,25.19,8.93,18.0,249.0,258.0,172.0,재고 이동,재고 이동,78.81,일치,78.81,51.572,27.192,17.624
서울우유 요구르트,용산점,여의도2점,154.0,재배치 추천,6306.0,프로모션 순비용이 재배치 비용보다 높습니다.,37.685471735612275,13.478260869565217,18,0,69.2,검토 가능,6306.0,154.0,100,False,Greedy 선택 후보보다 우선순위가 낮음,4.1,970,279,1,우유,279,29,123,9042,400,250,1,1.52,274,119310,C,0.9746620764751487,3,20.0,68.0,5.29,SLOW,62.2,True,57.0,MEDIUM,유통기한 임박 | 소진일수 68일 초과,2.5,6.6,0.0,SAFE,"재고 여유 — 현재고(279), 재주문점(7)",0.0,373.5,91.1,72458.0,20.8,OPTIMAL,"적정 발주 — EOQ(374개), 권장 발주 주기 91일",20.8,28.9,4.13,6.64,1.62,STABLE,67.6,0.0,WMA,0.0,29.1,10.0,3.6,3.0,7.5,5.0,POOR,낮은 매칭,1.01,50.3,STABLE,13.2,LOW,76.6,HIGH,0.3,30.0,234550.0,100.0,0.385,0.385,43.5,True,21.8,473,30.4,171,100.0,0.999,4.9,73.8,50.0,REALLOCATE,86.8,2,99.8,73.8,41.7,disposal_risk,37.8,후순위,380,HEURISTIC 29% | ABC 14% | TURNOVER 14% | DISPOSAL_RISK 14% | SAFETY_STOCK 8% | EOQ 7% | DEMAND_FORECAST 7% | MATCH 5%,"['⏰ 유통기한 임박 (99%)', '❄️ 냉장·냉동 과잉 (61%)', '💸 배송비 상승 (100%)', '⚡ 복합 스트레스 (60%)']","{'재고위험': '25.3%', '판매가능성': '13.3%', '점포이동적합': '13.3%', '비용절감': '18.7%', '폐기회피이익': '14.5%', '실행가능성': '11.6%', '이력보정': '3.3%'}",True,True,False,True,False,True,48.6,23.8,51.6,56.2,72.0,50.0,56.9,49.1,0.0,21.2,검토,보류,⏸️,413,HIGH,신뢰도 높음 ●,#2e7d32,,,21.2,검토,보류,0,0,True,False,,50.0,6306.0,22755.0,6306.0,5.34,21.95,5.34,11.0,123.0,274.0,154.0,재고 이동,재고 이동,72.908,일치,72.908,48.189,25.759,16.393
서울우유 딸기우유,신촌점,광명6점,200.0,재배치 추천,15027.0,프로모션 순비용이 재배치 비용보다 높습니다.,32.73331251242156,18.478260869565215,18,0,69.2,검토 가능,15027.0,200.0,101,False,Greedy 선택 후보보다 우선순위가 낮음,12.5,970,265,1,냉장식품,265,88,375,13138,250,300,1,3.8,252,363750,A,0.7665829007856005,1,100.0,21.2,16.98,FAST,88.2,False,46.0,MEDIUM,유통기한 임박 | 신선/냉장 고위험 카테고리,6.3,18.8,0.0,SAFE,"재고 여유 — 현재고(265), 재주문점(19)",0.0,621.5,49.7,192904.0,46.7,UNDER,과소 발주 위험 — 현재(259개) < EOQ(622개). 발주량 증가 검토,46.7,87.8,12.54,18.81,6.27,STABLE,21.1,9.1,WMA,9.1,36.6,10.0,4.06,10.0,7.5,5.0,POOR,낮은 매칭 · 핵심(A)상품,1.006,50.1,STABLE,4.1,LOW,76.6,HIGH,0.3,30.0,267773.0,100.0,0.385,0.385,43.3,True,65.8,43,26.1,272,100.0,0.999,4.9,78.6,50.0,REALLOCATE,86.7,2,99.8,73.8,23.9,turnover,65.0,검토 필요,24,HEURISTIC 29% | ABC 14% | TURNOVER 14% | DISPOSAL_RISK 14% | SAFETY_STOCK 8% | EOQ 7% | DEMAND_FORECAST 7% | MATCH 5%,"['⏰ 유통기한 임박 (99%)', '❄️ 냉장·냉동 과잉 (61%)', '💸 배송비 상승 (100%)', '⚡ 복합 스트레스 (60%)']","{'재고위험': '25.3%', '판매가능성': '13.3%', '점포이동적합': '13.3%', '비용절감': '18.7%', '폐기회피이익': '14.5%', '실행가능성': '11.6%', '이력보정': '3.3%'}",True,True,False,True,False,True,62.6,28.2,54.6,60.1,72.0,50.0,81.1,54.3,0.0,95.6,최적,보류,⏸️,14,HIGH,신뢰도 높음 ●,#2e7d32,,,95.6,최적,보류,0,0,True,False,,50.0,15027.0,26103.0,15027.0,15.03,25.67,15.03,30.0,375.0,252.0,200.0,재고 이동,재고 이동,84.659,일치,84.659,55.6,29.449,18.882
카페25 아이스카페라떼,역삼점,홍대점,206.0,재배치 추천,16143.0,프로모션 순비용이 재배치 비용보다 높습니다.,32.09959967065103,19.130434782608695,18,0,69.2,검토 가능,16143.0,206.0,102,False,Greedy 선택 후보보다 우선순위가 낮음,8.9,1370,271,2,우유,271,62,267,4566,150,250,4,4.08,253,365790,A,0.7250753194918981,1,100.0,30.4,11.82,NORMAL,83.1,False,38.2,LOW,유통기한 임박,13.5,49.1,0.0,SAFE,"재고 여유 — 현재고(271), 재주문점(49)",0.0,329.0,37.0,90157.0,17.4,OPTIMAL,"적정 발주 — EOQ(329개), 권장 발주 주기 37일",17.4,62.1,8.87,15.6,2.14,STABLE,30.5,3.9,WMA,3.9,32.7,10.0,0.2,10.0,7.5,5.0,POOR,낮은 매칭 · 핵심(A)상품,0.995,49.9,STABLE,6.0,LOW,73.1,HIGH,0.3,30.0,353421.0,100.0,0.385,0.385,38.6,True,32.9,206,22.2,398,100.0,0.999,4.9,66.7,50.0,REALLOCATE,86.5,2,99.8,73.8,22.7,turnover,54.8,모니터링,106,HEURISTIC 29% | ABC 14% | TURNOVER 14% | DISPOSAL_RISK 14% | SAFETY_STOCK 8% | EOQ 7% | DEMAND_FORECAST 7% | MATCH 5%,"['⏰ 유통기한 임박 (99%)', '❄️ 냉장·냉동 과잉 (61%)', '💸 배송비 상승 (100%)', '⚡ 복합 스트레스 (60%)']","{'재고위험': '25.3%', '판매가능성': '13.3%', '점포이동적합': '13.3%', '비용절감': '18.7%', '폐기회피이익': '14.5%', '실행가능성': '11.6%', '이력보정': '3.3%'}",True,True,False,True,False,True,57.7,24.6,50.8,55.7,72.0,50.0,63.0,51.3,0.0,58.9,검토,보류,⏸️,211,HIGH,신뢰도 높음 ●,#2e7d32,,,58.9,검토,보류,2,1,False,False,,50.0,16143.0,20487.0,16143.0,16.27,19.43,16.27,33.0,267.0,253.0,206.0,재고 이동,재고 이동,80.482,일치,80.482,52.672,27.777,17.931
심플리쿡 리코타치즈샐러드,안양5점,강남3점,212.0,재배치 추천,17331.0,프로모션 순비용이 재배치 비용보다 높습니다.,31.425002129411432,19.782608695652172,18,0,69.2,검토 가능,17331.0,212.0,103,False,Greedy 선택 후보보다 우선순위가 낮음,11.8,3460,272,1,샐러드,272,83,354,13830,300,350,2,3.43,260,1224840,A,0.28753545168266864,1,100.0,23.1,15.62,FAST,87.2,False,38.0,LOW,유통기한 임박,8.0,31.6,0.0,SAFE,"재고 여유 — 현재고(272), 재주문점(32)",0.0,414.9,35.2,287122.0,29.1,OPTIMAL,"적정 발주 — EOQ(415개), 권장 발주 주기 35일",29.1,82.8,11.83,17.49,6.17,STABLE,23.0,8.3,WMA,8.3,32.9,10.0,0.42,10.0,7.5,5.0,POOR,낮은 매칭 · 핵심(A)상품,1.005,50.1,STABLE,4.5,LOW,76.6,HIGH,0.3,30.0,926493.0,100.0,0.385,0.385,39.4,True,59.1,77,22.2,398,100.0,0.999,4.9,61.5,50.0,REALLOCATE,86.4,2,99.8,73.8,23.0,turnover,59.3,검토 필요,56,HEURISTIC 29% | ABC 14% | TURNOVER 14% | DISPOSAL_RISK 14% | SAFETY_STOCK 8% | EOQ 7% | DEMAND_FORECAST 7% | MATCH 5%,"['⏰ 유통기한 임박 (99%)', '❄️ 냉장·냉동 과잉 (61%)', '💸 배송비 상승 (100%)', '⚡ 복합 스트레스 (60%)']","{'재고위험': '25.3%', '판매가능성': '13.3%', '점포이동적합': '13.3%', '비용절감': '18.7%', '폐기회피이익': '14.5%', '실행가능성': '11.6%', '이력보정': '3.3%'}",True,True,False,True,False,True,58.7,27.1,50.4,57.4,72.0,50.0,77.4,52.1,0.0,75.4,권장,보류,⏸️,122,HIGH,신뢰도 높음 ●,#2e7d32,,,75.4,권장,보류,2,1,False,False,,50.0,17331.0,33924.0,17331.0,17.59,34.36,17.59,35.0,354.0,260.0,212.0,재고 이동,재고 이동,82.633,일치,82.633,54.19,28.705,18.392
CJ 비비고 왕교자,홍대2점,이태원점,176.0,재배치 추천,10680.0,프로모션 순비용이 재배치 비용보다 높습니다.,35.20172624286647,15.869565217391305,18,0,69.1,검토 가능,10680.0,176.0,104,False,Greedy 선택 후보보다 우선순위가 낮음,5.4,5400,276,2,도시락,276,38,162,13426,300,350,3,1.12,265,874800,A,0.2553498367000712,1,100.0,51.1,7.04,NORMAL,71.6,False,48.6,MEDIUM,유통기한 임박,3.2,19.4,0.0,SAFE,"재고 여유 — 현재고(276), 재주문점(19)",0.0,221.4,41.0,239080.0,23.2,OPTIMAL,"적정 발주 — EOQ(221개), 권장 발주 주기 41일",23.2,37.9,5.41,7.26,3.57,STABLE,51.0,1.2,WMA,1.2,36.2,10.0,3.66,10.0,7.5,5.0,POOR,낮은 매칭 · 핵심(A)상품,1.005,50.1,STABLE,9.9,LOW,73.1,HIGH,0.3,30.0,1182600.0,100.0,0.385,0.385,38.7,True,21.6,478,27.7,222,100.0,0.999,4.9,71.0,50.0,REALLOCATE,86.3,2,99.8,73.8,25.5,turnover,55.1,검토 필요,102,HEURISTIC 29% | ABC 14% | TURNOVER 14% | DISPOSAL_RISK 14% | SAFETY_STOCK 8% | EOQ 7% | DEMAND_FORECAST 7% | MATCH 5%,"['⏰ 유통기한 임박 (99%)', '❄️ 냉장·냉동 과잉 (61%)', '💸 배송비 상승 (100%)', '⚡ 복합 스트레스 (60%)']","{'재고위험': '25.3%', '판매가능성': '13.3%', '점포이동적합': '13.3%', '비용절감': '18.7%', '폐기회피이익': '14.5%', '실행가능성': '11.6%', '이력보정': '3.3%'}",True,True,False,True,False,True,59.3,23.4,53.9,56.5,72.0,50.0,56.8,52.1,0.0,73.8,권장,보류,⏸️,131,HIGH,신뢰도 높음 ●,#2e7d32,,,73.8,권장,보류,1,1,True,False,,50.0,10680.0,14799.0,10680.0,10.2,13.11,10.2,20.0,162.0,265.0,176.0,재고 이동,재고 이동,80.298,일치,80.298,52.601,27.716,17.933
유어스 샐러드랩,종로점,청량리점,158.0,재배치 추천,7413.0,프로모션 순비용이 재배치 비용보다 높습니다.,37.05686948127537,13.91304347826087,18,0,69.0,검토 가능,7413.0,158.0,105,False,Greedy 선택 후보보다 우선순위가 낮음,6.2,2800,258,1,신선식품,258,43,186,8871,500,300,2,8.1,251,520800,A,0.4955087509106965,1,100.0,41.6,8.65,NORMAL,76.9,False,53.8,MEDIUM,유통기한 임박 | 신선/냉장 고위험 카테고리,18.9,31.3,0.0,SAFE,"재고 여유 — 현재고(258), 재주문점(31)",0.0,202.4,32.6,198361.0,18.1,OPTIMAL,"적정 발주 — EOQ(202개), 권장 발주 주기 33일",18.1,43.2,6.17,19.54,0.0,STABLE,41.8,2.4,WMA,2.4,36.2,10.0,3.72,10.0,7.5,5.0,POOR,낮은 매칭 · 핵심(A)상품,0.991,49.8,STABLE,8.3,LOW,76.6,HIGH,0.3,30.0,602467.0,100.0,0.385,0.385,39.4,True,29.4,312,29.5,186,100.0,0.999,4.9,74.3,50.0,REALLOCATE,86.1,1,100.0,73.8,24.6,turnover,58.2,검토 필요,64,HEURISTIC 29% | ABC 14% | TURNOVER 14% | DISPOSAL_RISK 14% | SAFETY_STOCK 8% | EOQ 7% | DEMAND_FORECAST 7% | MATCH 5%,"['⏰ 유통기한 임박 (99%)', '❄️ 냉장·냉동 과잉 (61%)', '💸 배송비 상승 (100%)', '⚡ 복합 스트레스 (60%)']","{'재고위험': '25.3%', '판매가능성': '13.3%', '점포이동적합': '13.3%', '비용절감': '18.7%', '폐기회피이익': '14.5%', '실행가능성': '11.6%', '이력보정': '3.3%'}",True,True,False,True,False,True,63.1,24.0,54.6,55.7,72.0,50.0,61.2,53.1,0.0,87.9,최적,보류,⏸️,55,HIGH,신뢰도 높음 ●,#2e7d32,,,87.9,최적,보류,1,0,False,False,,50.0,7413.0,24060.0,7413.0,6.57,23.4,6.57,13.0,186.0,251.0,158.0,재고 이동,재고 이동,79.423,일치,79.423,52.112,27.53,17.806
광동 옥수수수염차,구로점,합정점,170.0,재배치 추천,9654.0,프로모션 순비용이 재배치 비용보다 높습니다.,35.78433321030067,15.217391304347828,18,0,69.0,검토 가능,9654.0,170.0,106,False,Greedy 선택 후보보다 우선순위가 낮음,5.5,1360,245,1,우유,245,38,165,7946,200,250,4,5.53,239,224400,B,0.9381662113932748,2,60.0,44.5,8.08,NORMAL,75.3,False,45.3,MEDIUM,유통기한 임박,18.2,40.2,0.0,SAFE,"재고 여유 — 현재고(245), 재주문점(40)",0.0,342.5,62.3,93154.0,27.0,OPTIMAL,"적정 발주 — EOQ(342개), 권장 발주 주기 62일",27.0,38.2,5.46,14.58,0.0,STABLE,44.9,2.0,WMA,2.0,32.2,10.0,3.7,6.0,7.5,5.0,POOR,낮은 매칭,0.987,49.7,STABLE,9.0,LOW,76.6,HIGH,0.3,30.0,301786.0,100.0,0.385,0.385,38.6,True,23.3,454,25.5,305,100.0,0.999,4.9,77.9,50.0,REALLOCATE,86.0,2,99.8,73.8,38.8,turnover,47.0,모니터링,226,HEURISTIC 29% | ABC 14% | TURNOVER 14% | DISPOSAL_RISK 14% | SAFETY_STOCK 8% | EOQ 7% | DEMAND_FORECAST 7% | MATCH 5%,"['⏰ 유통기한 임박 (99%)', '❄️ 냉장·냉동 과잉 (61%)', '💸 배송비 상승 (100%)', '⚡ 복합 스트레스 (60%)']","{'재고위험': '25.3%', '판매가능성': '13.3%', '점포이동적합': '13.3%', '비용절감': '18.7%', '폐기회피이익': '14.5%', '실행가능성': '11.6%', '이력보정': '3.3%'}",True,True,False,True,False,True,52.9,23.6,52.4,57.0,72.0,50.0,57.7,50.4,0.0,45.8,검토,보류,⏸️,281,HIGH,신뢰도 높음 ●,#2e7d32,,,45.8,검토,보류,1,0,False,False,,50.0,9654.0,24582.0,9654.0,9.06,23.98,9.06,18.0,165.0,239.0,170.0,재고 이동,재고 이동,75.263,일치,75.263,49.566,26.356,16.903
오뚜기 진라면컵,사당점,신촌2점,192.0,재배치 추천,13830.0,프로모션 순비용이 재배치 비용보다 높습니다.,33.4130206410948,17.608695652173914,18,0,69.0,검토 가능,13830.0,192.0,107,False,Greedy 선택 후보보다 우선순위가 낮음,12.3,2630,277,3,냉장식품,277,86,369,4903,500,300,4,4.73,240,970470,A,0.22235950532195084,1,100.0,22.5,15.99,FAST,87.5,False,46.0,MEDIUM,유통기한 임박 | 신선/냉장 고위험 카테고리,15.6,64.8,0.0,SAFE,"재고 여유 — 현재고(277), 재주문점(65)",0.0,228.7,18.6,192485.0,14.3,OPTIMAL,"적정 발주 — EOQ(229개), 권장 발주 주기 19일",14.3,86.0,12.29,20.09,4.48,STABLE,22.5,8.5,WMA,8.5,36.5,10.0,4.02,10.0,7.5,5.0,POOR,낮은 매칭 · 핵심(A)상품,0.999,50.0,STABLE,4.4,LOW,69.6,MEDIUM,0.3,30.0,688122.0,100.0,0.385,0.385,38.6,True,63.2,56,26.1,272,100.0,0.999,4.9,75.0,50.0,REALLOCATE,85.9,2,99.8,73.8,23.9,turnover,62.0,검토 필요,37,HEURISTIC 29% | ABC 14% | TURNOVER 14% | DISPOSAL_RISK 14% | SAFETY_STOCK 8% | EOQ 7% | DEMAND_FORECAST 7% | MATCH 5%,"['⏰ 유통기한 임박 (99%)', '❄️ 냉장·냉동 과잉 (61%)', '💸 배송비 상승 (100%)', '⚡ 복합 스트레스 (60%)']","{'재고위험': '25.3%', '판매가능성': '13.3%', '점포이동적합': '13.3%', '비용절감': '18.7%', '폐기회피이익': '14.5%', '실행가능성': '11.6%', '이력보정': '3.3%'}",True,True,False,True,False,True,62.4,27.0,54.1,55.1,72.0,50.0,79.7,53.1,0.0,88.3,최적,보류,⏸️,53,HIGH,신뢰도 높음 ●,#2e7d32,,,88.3,최적,보류,2,0,False,False,,50.0,13830.0,19596.0,13830.0,13.7,18.439999999999998,13.7,27.0,369.0,240.0,192.0,재고 이동,재고 이동,80.543,일치,80.543,52.767,27.844,18.006
오뚜기 진라면컵,성수점,신촌2점,192.0,재배치 추천,14019.0,프로모션 순비용이 재배치 비용보다 높습니다.,33.3056983049885,17.608695652173914,18,0,68.9,검토 가능,14019.0,192.0,108,False,Greedy 선택 후보보다 우선순위가 낮음,10.3,2630,277,2,김밥,278,72,309,5424,500,350,5,4.84,256,812670,A,0.22235950532195084,1,100.0,26.9,13.34,FAST,85.1,False,38.0,LOW,유통기한 임박,17.9,69.4,0.1,SAFE,"재고 여유 — 현재고(277), 재주문점(69)",0.1,278.4,27.0,146465.0,5.5,OPTIMAL,"적정 발주 — EOQ(278개), 권장 발주 주기 27일",5.5,72.0,10.29,18.27,2.3,STABLE,26.9,6.4,WMA,6.4,32.8,10.0,0.32,10.0,7.5,5.0,POOR,낮은 매칭 · 핵심(A)상품,0.999,50.0,STABLE,5.3,LOW,73.1,HIGH,0.3,30.0,687933.0,100.0,0.385,0.385,38.6,False,49.0,100,22.2,398,100.0,0.999,4.9,75.0,50.0,REALLOCATE,85.7,2,99.8,73.8,23.1,turnover,55.9,검토 필요,89,HEURISTIC 29% | ABC 14% | TURNOVER 14% | DISPOSAL_RISK 14% | SAFETY_STOCK 8% | EOQ 7% | DEMAND_FORECAST 7% | MATCH 5%,"['⏰ 유통기한 임박 (99%)', '❄️ 냉장·냉동 과잉 (61%)', '💸 배송비 상승 (100%)', '⚡ 복합 스트레스 (60%)']","{'재고위험': '25.3%', '판매가능성': '13.3%', '점포이동적합': '13.3%', '비용절감': '18.7%', '폐기회피이익': '14.5%', '실행가능성': '11.6%', '이력보정': '3.3%'}",True,True,False,True,False,True,58.2,25.9,51.7,53.7,72.0,50.0,71.9,51.3,0.0,59.8,검토,보류,⏸️,206,HIGH,신뢰도 높음 ●,#2e7d32,,,59.8,검토,보류,2,0,False,False,,50.0,14019.0,16185.0,14019.0,13.91,14.65,13.91,28.0,309.0,256.0,192.0,재고 이동,재고 이동,78.881,일치,78.881,51.52,27.094,17.593
유어스 샐러드랩,압구정점,청량리점,158.0,재배치 추천,7737.0,프로모션 순비용이 재배치 비용보다 높습니다.,36.87288833366458,13.91304347826087,18,0,68.8,검토 가능,7737.0,158.0,109,False,Greedy 선택 후보보다 우선순위가 낮음,6.2,2800,278,1,도시락,278,43,186,9646,500,350,2,4.09,271,520800,A,0.4955087509106965,1,100.0,44.8,8.03,NORMAL,75.1,False,45.4,MEDIUM,유통기한 임박,9.5,21.9,0.0,SAFE,"재고 여유 — 현재고(278), 재주문점(22)",0.0,279.2,45.0,156360.0,3.1,OPTIMAL,"적정 발주 — EOQ(279개), 권장 발주 주기 45일",3.1,43.2,6.17,12.92,0.0,STABLE,45.0,2.0,WMA,2.0,36.2,10.0,3.7,10.0,7.5,5.0,POOR,낮은 매칭 · 핵심(A)상품,0.991,49.8,STABLE,8.9,LOW,76.6,HIGH,0.3,30.0,602143.0,100.0,0.385,0.385,39.5,True,24.0,446,26.3,266,100.0,0.999,4.9,74.3,50.0,REALLOCATE,85.6,2,99.8,73.8,25.0,turnover,53.7,모니터링,127,HEURISTIC 29% | ABC 14% | TURNOVER 14% | DISPOSAL_RISK 14% | SAFETY_STOCK 8% | EOQ 7% | DEMAND_FORECAST 7% | MATCH 5%,"['⏰ 유통기한 임박 (99%)', '❄️ 냉장·냉동 과잉 (61%)', '💸 배송비 상승 (100%)', '⚡ 복합 스트레스 (60%)']","{'재고위험': '25.3%', '판매가능성': '13.3%', '점포이동적합': '13.3%', '비용절감': '18.7%', '폐기회피이익': '14.5%', '실행가능성': '11.6%', '이력보정': '3.3%'}",True,True,False,True,False,True,58.8,23.8,54.0,53.3,72.0,50.0,58.1,51.4,0.0,62.8,검토,보류,⏸️,190,HIGH,신뢰도 높음 ●,#2e7d32,,,62.8,검토,보류,1,0,False,False,,50.0,7737.0,21603.0,7737.0,6.93,20.67,6.93,14.0,186.0,271.0,158.0,재고 이동,재고 이동,77.413,일치,77.413,50.605,26.632,17.313
유어스 치즈핫도그,구로점,합정점,168.0,재배치 추천,9654.0,프로모션 순비용이 재배치 비용보다 높습니다.,35.78433321030067,15.0,18,0,68.8,검토 가능,9654.0,168.0,110,False,Greedy 선택 후보보다 우선순위가 낮음,6.2,4400,268,1,샐러드,272,43,186,11892,400,350,3,3.41,261,818400,A,0.18855229419502584,1,100.0,43.2,8.21,NORMAL,76.0,False,44.6,MEDIUM,유통기한 임박,9.7,28.3,0.0,SAFE,"재고 여유 — 현재고(268), 재주문점(28)",0.0,247.3,39.9,217634.0,4.4,OPTIMAL,"적정 발주 — EOQ(247개), 권장 발주 주기 40일",4.4,43.2,6.17,11.8,0.54,STABLE,43.4,2.2,WMA,2.2,36.2,10.0,3.71,10.0,7.5,5.0,POOR,낮은 매칭 · 핵심(A)상품,0.991,49.8,STABLE,8.6,LOW,76.6,HIGH,0.3,30.0,944586.0,100.0,0.385,0.385,38.7,True,24.8,427,25.9,285,100.0,0.999,4.9,77.9,50.0,REALLOCATE,85.5,2,99.8,73.8,24.9,turnover,53.9,모니터링,121,HEURISTIC 29% | ABC 14% | TURNOVER 14% | DISPOSAL_RISK 14% | SAFETY_STOCK 8% | EOQ 7% | DEMAND_FORECAST 7% | MATCH 5%,"['⏰ 유통기한 임박 (99%)', '❄️ 냉장·냉동 과잉 (61%)', '💸 배송비 상승 (100%)', '⚡ 복합 스트레스 (60%)']","{'재고위험': '25.3%', '판매가능성': '13.3%', '점포이동적합': '13.3%', '비용절감': '18.7%', '폐기회피이익': '14.5%', '실행가능성': '11.6%', '이력보정': '3.3%'}",True,True,False,True,False,True,58.7,23.8,54.3,53.5,72.0,50.0,58.6,51.5,0.0,63.5,검토,보류,⏸️,186,HIGH,신뢰도 높음 ●,#2e7d32,,,63.5,검토,보류,1,0,False,False,,50.0,9654.0,24582.0,9654.0,9.06,23.98,9.06,18.0,186.0,261.0,168.0,재고 이동,재고 이동,77.547,일치,77.547,50.746,26.751,17.349
게토레이 레몬,신촌2점,목동점,176.0,재배치 추천,11193.0,프로모션 순비용이 재배치 비용보다 높습니다.,34.91042275914937,15.869565217391305,18,0,68.8,검토 가능,11193.0,176.0,111,False,Greedy 선택 후보보다 우선순위가 낮음,2.9,1190,271,6,냉장식품,271,20,87,4276,200,300,3,4.04,253,103530,B,0.8150251138690287,2,60.0,93.4,3.85,DEAD,48.1,True,68.0,HIGH,유통기한 임박 | 소진일수 93일 초과 | 신선/냉장 고위험 카테고리,11.5,20.2,0.0,SAFE,"재고 여유 — 현재고(271), 재주문점(20)",0.0,154.2,53.2,58712.0,68.3,OVER,과잉 발주 위험 — 현재(260개) > EOQ(154개). 발주 주기 53일 권장,68.3,20.1,2.87,9.54,0.0,STABLE,94.4,0.0,WMA,0.0,36.9,10.0,8.4,6.0,7.5,5.0,POOR,낮은 매칭 · 폐기위험 높음,0.985,49.6,STABLE,18.5,LOW,59.1,MEDIUM,0.3,30.0,275335.0,100.0,0.385,0.385,38.7,True,28.1,350,37.6,47,100.0,0.999,4.9,77.7,50.0,REALLOCATE,85.3,2,99.8,73.8,40.6,disposal_risk,50.9,모니터링,174,HEURISTIC 29% | ABC 14% | TURNOVER 14% | DISPOSAL_RISK 14% | SAFETY_STOCK 8% | EOQ 7% | DEMAND_FORECAST 7% | MATCH 5%,"['⏰ 유통기한 임박 (99%)', '❄️ 냉장·냉동 과잉 (61%)', '💸 배송비 상승 (100%)', '⚡ 복합 스트레스 (60%)']","{'재고위험': '25.3%', '판매가능성': '13.3%', '점포이동적합': '13.3%', '비용절감': '18.7%', '폐기회피이익': '14.5%', '실행가능성': '11.6%', '이력보정': '3.3%'}",True,True,False,True,False,True,55.9,22.6,56.9,63.1,72.0,50.0,60.4,52.7,0.0,83.5,최적,할인 판매,🏷️,79,HIGH,신뢰도 높음 ●,#2e7d32,,,83.5,최적,할인 판매,0,0,True,False,,50.0,11193.0,20604.0,11193.0,10.77,19.560000000000002,10.77,22.0,87.0,253.0,176.0,재고 이동,재고 이동,80.774,일치,80.774,53.598,28.676,18.143
브레디크 모찌롤,교대점,동대문점,184.0,재배치 추천,12624.0,프로모션 순비용이 재배치 비용보다 높습니다.,34.09783935720167,16.73913043478261,18,0,68.8,검토 가능,12624.0,184.0,112,False,Greedy 선택 후보보다 우선순위가 낮음,6.1,2820,249,2,김밥,249,43,183,8866,400,350,3,4.31,236,516060,A,0.5672473792465825,1,100.0,40.8,8.82,NORMAL,77.3,False,43.4,MEDIUM,유통기한 임박,12.3,30.6,0.0,SAFE,"재고 여유 — 현재고(249), 재주문점(31)",0.0,264.6,43.4,149221.0,8.4,OPTIMAL,"적정 발주 — EOQ(265개), 권장 발주 주기 43일",8.4,42.9,6.13,13.24,0.0,STABLE,40.6,2.6,WMA,2.6,36.2,10.0,3.73,10.0,7.5,5.0,POOR,낮은 매칭 · 핵심(A)상품,1.007,50.2,STABLE,7.9,LOW,73.1,HIGH,0.3,30.0,683632.0,100.0,0.385,0.385,38.7,False,26.7,383,25.3,314,100.0,0.999,4.9,75.1,50.0,REALLOCATE,85.2,2,99.8,73.8,24.7,turnover,54.4,모니터링,113,HEURISTIC 29% | ABC 14% | TURNOVER 14% | DISPOSAL_RISK 14% | SAFETY_STOCK 8% | EOQ 7% | DEMAND_FORECAST 7% | MATCH 5%,"['⏰ 유통기한 임박 (99%)', '❄️ 냉장·냉동 과잉 (61%)', '💸 배송비 상승 (100%)', '⚡ 복합 스트레스 (60%)']","{'재고위험': '25.3%', '판매가능성': '13.3%', '점포이동적합': '13.3%', '비용절감': '18.7%', '폐기회피이익': '14.5%', '실행가능성': '11.6%', '이력보정': '3.3%'}",True,True,False,True,False,True,58.5,24.1,53.9,54.1,72.0,50.0,59.6,51.5,0.0,64.3,검토,보류,⏸️,182,HIGH,신뢰도 높음 ●,#2e7d32,,,64.3,검토,보류,2,0,False,False,,50.0,12624.0,25428.0,12624.0,12.36,24.92,12.36,25.0,183.0,236.0,184.0,재고 이동,재고 이동,77.453,일치,77.453,50.779,26.827,17.349
유어스 스트링치즈,문래점,합정점,148.0,재배치 추천,6045.0,프로모션 순비용이 재배치 비용보다 높습니다.,37.83367877118764,12.82608695652174,18,0,68.7,검토 가능,6045.0,148.0,113,False,Greedy 선택 후보보다 우선순위가 낮음,10.2,780,278,3,샐러드,280,71,306,7104,250,350,1,3.0,247,238680,B,0.9299891207098091,2,60.0,27.3,13.11,FAST,84.8,False,38.0,LOW,유통기한 임박,4.9,15.1,0.0,SAFE,"재고 여유 — 현재고(278), 재주문점(15)",0.0,582.3,57.1,90840.0,42.5,UNDER,과소 발주 위험 — 현재(273개) < EOQ(582개). 발주량 증가 검토,42.5,71.2,10.17,15.12,5.22,STABLE,27.3,6.2,WMA,6.2,28.8,10.0,0.31,6.0,7.5,5.0,POOR,낮은 매칭,0.994,49.9,STABLE,5.4,LOW,69.6,MEDIUM,0.3,30.0,169483.0,100.0,0.385,0.385,43.6,True,47.6,105,21.4,464,100.0,0.999,4.9,77.9,50.0,REALLOCATE,85.1,2,99.8,73.7,36.2,turnover,49.3,모니터링,194,HEURISTIC 29% | ABC 14% | TURNOVER 14% | DISPOSAL_RISK 14% | SAFETY_STOCK 8% | EOQ 7% | DEMAND_FORECAST 7% | MATCH 5%,"['⏰ 유통기한 임박 (99%)', '❄️ 냉장·냉동 과잉 (61%)', '💸 배송비 상승 (100%)', '⚡ 복합 스트레스 (60%)']","{'재고위험': '25.3%', '판매가능성': '13.3%', '점포이동적합': '13.3%', '비용절감': '18.7%', '폐기회피이익': '14.5%', '실행가능성': '11.6%', '이력보정': '3.3%'}",True,True,False,True,False,True,52.1,26.8,50.0,59.2,72.0,50.0,71.1,50.7,0.0,50.1,검토,보류,⏸️,258,HIGH,신뢰도 높음 ●,#2e7d32,,,50.1,검토,보류,2,0,False,False,,50.0,6045.0,21639.0,6045.0,5.05,20.71,5.05,10.0,306.0,247.0,148.0,재고 이동,재고 이동,75.489,일치,75.489,49.606,26.313,16.951
농심 육개장사발면,교대점,신촌점,182.0,재배치 추천,12489.0,프로모션 순비용이 재배치 비용보다 높습니다.,34.174498168706165,16.52173913043478,18,0,68.7,검토 가능,12489.0,182.0,114,False,Greedy 선택 후보보다 우선순위가 낮음,8.3,1790,257,1,우유,257,58,249,6476,400,250,5,3.67,248,445710,A,0.6821352269094287,1,100.0,31.0,11.63,NORMAL,82.8,False,38.5,LOW,유통기한 임박,13.5,55.0,0.0,SAFE,"재고 여유 — 현재고(257), 재주문점(55)",0.0,331.1,39.9,118521.0,21.2,OPTIMAL,"적정 발주 — EOQ(331개), 권장 발주 주기 40일",21.2,58.0,8.29,14.34,2.23,STABLE,31.0,3.9,WMA,3.9,32.7,10.0,0.2,10.0,7.5,5.0,POOR,낮은 매칭 · 핵심(A)상품,0.998,50.0,STABLE,6.1,LOW,76.6,HIGH,0.3,30.0,451247.0,100.0,0.385,0.385,38.6,True,33.2,203,22.3,394,100.0,0.999,4.9,77.9,50.0,REALLOCATE,84.9,2,99.8,73.7,23.0,turnover,54.6,모니터링,107,HEURISTIC 29% | ABC 14% | TURNOVER 14% | DISPOSAL_RISK 14% | SAFETY_STOCK 8% | EOQ 7% | DEMAND_FORECAST 7% | MATCH 5%,"['⏰ 유통기한 임박 (99%)', '❄️ 냉장·냉동 과잉 (61%)', '💸 배송비 상승 (100%)', '⚡ 복합 스트레스 (60%)']","{'재고위험': '25.3%', '판매가능성': '13.3%', '점포이동적합': '13.3%', '비용절감': '18.7%', '폐기회피이익': '14.5%', '실행가능성': '11.6%', '이력보정': '3.3%'}",True,True,False,True,False,True,57.8,24.7,52.0,56.0,72.0,50.0,63.2,51.5,0.0,64.1,검토,보류,⏸️,183,HIGH,신뢰도 높음 ●,#2e7d32,,,64.1,검토,보류,2,0,False,False,,50.0,12489.0,18426.0,12489.0,12.21,17.14,12.21,24.0,249.0,248.0,182.0,재고 이동,재고 이동,78.94,일치,78.94,51.656,27.216,17.64
해태 홈런볼,구로점,잠원점,196.0,재배치 추천,15207.0,프로모션 순비용이 재배치 비용보다 높습니다.,32.631100763748904,18.043478260869566,18,0,68.7,검토 가능,15207.0,196.0,115,False,Greedy 선택 후보보다 우선순위가 낮음,7.4,2500,256,3,신선식품,256,52,222,5216,250,300,3,2.46,233,555000,A,0.588187697680407,1,100.0,34.6,10.41,NORMAL,80.8,False,50.3,MEDIUM,유통기한 임박 | 신선/냉장 고위험 카테고리,7.0,29.2,0.0,SAFE,"재고 여유 — 현재고(256), 재주문점(29)",0.0,179.4,24.2,157018.0,38.8,OPTIMAL,"적정 발주 — EOQ(179개), 권장 발주 주기 24일",38.8,51.9,7.41,11.47,3.36,STABLE,34.5,3.4,WMA,3.4,36.3,10.0,3.77,10.0,7.5,5.0,POOR,낮은 매칭 · 핵심(A)상품,1.004,50.1,STABLE,6.7,LOW,69.6,MEDIUM,0.3,30.0,621793.0,100.0,0.385,0.385,38.7,True,33.9,191,27.8,219,100.0,0.999,4.9,77.4,50.0,REALLOCATE,84.8,1,100.0,73.7,24.1,turnover,59.9,검토 필요,48,HEURISTIC 29% | ABC 14% | TURNOVER 14% | DISPOSAL_RISK 14% | SAFETY_STOCK 8% | EOQ 7% | DEMAND_FORECAST 7% | MATCH 5%,"['⏰ 유통기한 임박 (99%)', '❄️ 냉장·냉동 과잉 (61%)', '💸 배송비 상승 (100%)', '⚡ 복합 스트레스 (60%)']","{'재고위험': '25.3%', '판매가능성': '13.3%', '점포이동적합': '13.3%', '비용절감': '18.7%', '폐기회피이익': '14.5%', '실행가능성': '11.6%', '이력보정': '3.3%'}",True,True,False,True,False,True,62.5,24.5,54.6,58.6,72.0,50.0,63.6,53.5,0.0,92.4,최적,보류,⏸️,31,HIGH,신뢰도 높음 ●,#2e7d32,,,92.4,최적,보류,1,0,False,False,,50.0,15207.0,25788.0,15207.0,15.23,25.32,15.23,30.0,222.0,233.0,196.0,재고 이동,재고 이동,82.331,일치,82.331,54.168,28.722,18.425
브레디크 골든슈크림빵,강남2점,안양4점,210.0,재배치 추천,17925.0,프로모션 순비용이 재배치 비용보다 높습니다.,31.08770335879163,19.565217391304348,18,0,68.7,검토 가능,17925.0,210.0,116,False,Greedy 선택 후보보다 우선순위가 낮음,4.5,1620,275,4,우유,275,32,135,5314,250,250,3,3.86,257,218700,B,0.8762584751273939,2,60.0,61.1,5.89,SLOW,66.1,True,45.6,MEDIUM,유통기한 임박,11.0,24.5,0.0,SAFE,"재고 여유 — 현재고(275), 재주문점(24)",0.0,232.1,51.6,75206.0,13.7,OPTIMAL,"적정 발주 — EOQ(232개), 권장 발주 주기 52일",13.7,31.8,4.54,10.91,0.0,STABLE,60.5,0.0,WMA,0.0,32.1,10.0,3.6,6.0,7.5,5.0,POOR,낮은 매칭,1.016,50.4,STABLE,11.9,LOW,66.1,MEDIUM,0.3,30.0,442815.0,100.0,0.385,0.385,38.7,True,16.6,499,26.1,272,100.0,0.999,4.9,74.9,50.0,REALLOCATE,84.7,2,99.8,73.7,41.2,turnover,42.5,모니터링,286,HEURISTIC 29% | ABC 14% | TURNOVER 14% | DISPOSAL_RISK 14% | SAFETY_STOCK 8% | EOQ 7% | DEMAND_FORECAST 7% | MATCH 5%,"['⏰ 유통기한 임박 (99%)', '❄️ 냉장·냉동 과잉 (61%)', '💸 배송비 상승 (100%)', '⚡ 복합 스트레스 (60%)']","{'재고위험': '25.3%', '판매가능성': '13.3%', '점포이동적합': '13.3%', '비용절감': '18.7%', '폐기회피이익': '14.5%', '실행가능성': '11.6%', '이력보정': '3.3%'}",True,True,False,True,False,True,50.5,22.9,52.2,54.8,72.0,50.0,54.0,49.2,0.0,23.6,검토,보류,⏸️,400,HIGH,신뢰도 높음 ●,#2e7d32,,,23.6,검토,보류,1,0,False,False,,50.0,17925.0,34761.0,17925.0,18.25,35.29,18.25,36.0,135.0,257.0,210.0,재고 이동,재고 이동,76.217,일치,76.217,50.271,26.832,17.039
코카콜라 제로,동대문점,신촌점,168.0,재배치 추천,10104.0,프로모션 순비용이 재배치 비용보다 높습니다.,35.528803838619005,15.0,18,0,68.5,검토 가능,10104.0,168.0,117,False,Greedy 선택 후보보다 우선순위가 낮음,2.7,840,273,1,냉장식품,273,19,81,4298,100,300,4,2.33,270,68040,C,1.0,3,20.0,101.1,3.56,DEAD,43.8,True,76.0,HIGH,유통기한 임박 | 소진일수 101일 초과 | 신선/냉장 고위험 카테고리,7.7,18.5,0.0,SAFE,"재고 여유 — 현재고(273), 재주문점(18)",0.0,177.5,65.7,47719.0,49.5,OPTIMAL,"적정 발주 — EOQ(178개), 권장 발주 주기 66일",49.5,19.0,2.71,6.56,0.0,STABLE,100.6,0.0,WMA,0.0,33.9,10.0,8.4,3.0,7.5,5.0,POOR,낮은 매칭 · 폐기위험 높음,1.005,50.1,STABLE,19.7,LOW,76.6,HIGH,0.3,30.0,176040.0,100.0,0.385,0.385,38.6,True,31.4,248,40.5,11,100.0,0.999,4.9,77.9,50.0,REALLOCATE,84.5,2,99.8,73.7,39.1,disposal_risk,42.5,모니터링,287,HEURISTIC 29% | ABC 14% | TURNOVER 14% | DISPOSAL_RISK 14% | SAFETY_STOCK 8% | EOQ 7% | DEMAND_FORECAST 7% | MATCH 5%,"['⏰ 유통기한 임박 (99%)', '❄️ 냉장·냉동 과잉 (61%)', '💸 배송비 상승 (100%)', '⚡ 복합 스트레스 (60%)']","{'재고위험': '25.3%', '판매가능성': '13.3%', '점포이동적합': '13.3%', '비용절감': '18.7%', '폐기회피이익': '14.5%', '실행가능성': '11.6%', '이력보정': '3.3%'}",True,True,False,True,False,True,52.3,22.8,56.1,60.1,72.0,50.0,62.2,51.2,0.0,57.2,검토,할인 판매,🏷️,220,HIGH,신뢰도 높음 ●,#2e7d32,,,57.2,검토,할인 판매,0,0,True,False,,50.0,10104.0,25689.0,10104.0,9.56,25.21,9.56,19.0,81.0,270.0,168.0,재고 이동,재고 이동,77.004,일치,77.004,51.292,27.623,17.343
유어스 스파클링 자몽,압구정점,상암점,208.0,재배치 추천,17736.0,프로모션 순비용이 재배치 비용보다 높습니다.,31.19502569489793,19.34782608695652,18,0,68.5,검토 가능,17736.0,208.0,118,False,Greedy 선택 후보보다 우선순위가 낮음,3.7,850,273,5,냉장식품,273,26,111,4523,100,300,2,2.4,254,94350,B,0.8363975077842005,2,60.0,73.8,4.88,SLOW,59.0,True,59.9,MEDIUM,유통기한 임박 | 소진일수 74일 초과 | 신선/냉장 고위험 카테고리,5.6,13.0,0.0,SAFE,"재고 여유 — 현재고(273), 재주문점(13)",0.0,211.9,57.3,57645.0,26.2,OPTIMAL,"적정 발주 — EOQ(212개), 권장 발주 주기 57일",26.2,26.0,3.71,7.67,0.0,STABLE,73.5,0.0,WMA,0.0,32.1,10.0,3.6,6.0,7.5,5.0,POOR,낮은 매칭,1.004,50.1,STABLE,14.3,LOW,62.6,MEDIUM,0.3,30.0,215224.0,100.0,0.385,0.385,39.4,True,23.8,449,32.4,146,100.0,0.999,4.9,64.1,50.0,REALLOCATE,84.4,2,99.8,73.7,40.9,disposal_risk,46.0,모니터링,242,HEURISTIC 29% | ABC 14% | TURNOVER 14% | DISPOSAL_RISK 14% | SAFETY_STOCK 8% | EOQ 7% | DEMAND_FORECAST 7% | MATCH 5%,"['⏰ 유통기한 임박 (99%)', '❄️ 냉장·냉동 과잉 (61%)', '💸 배송비 상승 (100%)', '⚡ 복합 스트레스 (60%)']","{'재고위험': '25.3%', '판매가능성': '13.3%', '점포이동적합': '13.3%', '비용절감': '18.7%', '폐기회피이익': '14.5%', '실행가능성': '11.6%', '이력보정': '3.3%'}",True,True,False,True,False,True,55.1,22.9,52.3,56.6,72.0,50.0,58.0,50.8,0.0,50.8,검토,보류,⏸️,254,HIGH,신뢰도 높음 ●,#2e7d32,,,50.8,검토,보류,1,1,True,False,,50.0,17736.0,19821.0,17736.0,18.04,18.69,18.04,36.0,111.0,254.0,208.0,재고 이동,재고 이동,78.828,일치,78.828,52.09,27.774,17.65
서울우유 요구르트,강남점,합정점,194.0,재배치 추천,15369.0,프로모션 순비용이 재배치 비용보다 높습니다.,32.5391101899435,17.82608695652174,18,0,68.4,검토 가능,15369.0,194.0,119,False,Greedy 선택 후보보다 우선순위가 낮음,4.1,970,259,1,냉장식품,266,29,123,13253,400,300,2,4.1,254,119310,C,0.9746620764751487,3,20.0,63.2,5.55,SLOW,64.9,True,62.6,HIGH,유통기한 임박 | 신선/냉장 고위험 카테고리,9.6,17.8,0.0,SAFE,"재고 여유 — 현재고(259), 재주문점(18)",0.0,357.5,87.2,110961.0,24.2,OPTIMAL,"적정 발주 — EOQ(358개), 권장 발주 주기 87일",24.2,28.9,4.13,10.89,0.0,STABLE,62.7,0.0,WMA,0.0,33.9,10.0,8.4,3.0,7.5,5.0,POOR,낮은 매칭 · 폐기위험 높음,1.01,50.3,STABLE,12.3,LOW,76.6,HIGH,0.3,30.0,288047.0,100.0,0.385,0.385,39.4,True,25.3,418,33.3,129,100.0,0.999,4.9,77.9,50.0,REALLOCATE,84.3,2,99.8,73.7,39.8,disposal_risk,41.2,모니터링,315,HEURISTIC 29% | ABC 14% | TURNOVER 14% | DISPOSAL_RISK 14% | SAFETY_STOCK 8% | EOQ 7% | DEMAND_FORECAST 7% | MATCH 5%,"['⏰ 유통기한 임박 (99%)', '❄️ 냉장·냉동 과잉 (61%)', '💸 배송비 상승 (100%)', '⚡ 복합 스트레스 (60%)']","{'재고위험': '25.3%', '판매가능성': '13.3%', '점포이동적합': '13.3%', '비용절감': '18.7%', '폐기회피이익': '14.5%', '실행가능성': '11.6%', '이력보정': '3.3%'}",True,True,False,True,False,True,51.9,23.0,54.7,56.3,72.0,50.0,58.8,50.2,0.0,41.5,검토,할인 판매,🏷️,304,HIGH,신뢰도 높음 ●,#2e7d32,,,41.5,검토,할인 판매,1,0,False,False,,50.0,15369.0,20478.0,15369.0,15.41,19.42,15.41,31.0,123.0,254.0,194.0,재고 이동,재고 이동,75.569,일치,75.569,50.105,26.868,16.974
유어스 스파클링 자몽,청량리점,상암점,208.0,재배치 추천,17943.0,프로모션 순비용이 재배치 비용보다 높습니다.,31.077482183924367,19.34782608695652,18,0,68.4,검토 가능,17943.0,208.0,120,False,Greedy 선택 후보보다 우선순위가 낮음,11.7,850,263,2,냉장식품,263,82,351,6696,100,300,3,3.5,239,298350,B,0.8363975077842005,2,60.0,22.5,16.02,FAST,87.5,False,46.0,MEDIUM,유통기한 임박 | 신선/냉장 고위험 카테고리,10.0,45.1,0.0,SAFE,"재고 여유 — 현재고(263), 재주문점(45)",0.0,458.5,39.2,124723.0,35.9,UNDER,과소 발주 위험 — 현재(253개) < EOQ(458개). 발주량 증가 검토,35.9,82.0,11.71,17.49,5.94,STABLE,22.5,8.5,WMA,8.5,32.5,10.0,4.02,6.0,7.5,5.0,POOR,낮은 매칭,1.001,50.0,STABLE,4.4,LOW,73.1,HIGH,0.3,30.0,215017.0,100.0,0.385,0.385,38.7,True,63.2,56,25.3,314,100.0,0.999,4.9,64.1,50.0,REALLOCATE,84.1,2,99.8,73.7,36.4,turnover,54.3,모니터링,118,HEURISTIC 29% | ABC 14% | TURNOVER 14% | DISPOSAL_RISK 14% | SAFETY_STOCK 8% | EOQ 7% | DEMAND_FORECAST 7% | MATCH 5%,"['⏰ 유통기한 임박 (99%)', '❄️ 냉장·냉동 과잉 (61%)', '💸 배송비 상승 (100%)', '⚡ 복합 스트레스 (60%)']","{'재고위험': '25.3%', '판매가능성': '13.3%', '점포이동적합': '13.3%', '비용절감': '18.7%', '폐기회피이익': '14.5%', '실행가능성': '11.6%', '이력보정': '3.3%'}",True,True,False,True,False,True,56.4,27.0,51.1,58.0,72.0,50.0,79.7,51.7,0.0,67.4,권장,보류,⏸️,165,HIGH,신뢰도 높음 ●,#2e7d32,,,67.4,권장,보류,0,1,False,False,,50.0,17943.0,31683.0,17943.0,18.27,31.87,18.27,37.0,351.0,239.0,208.0,재고 이동,재고 이동,79.66,일치,79.66,52.565,28.066,17.823
유어스 새우롤샌드,역삼점,혜화점,178.0,재배치 추천,12408.0,프로모션 순비용이 재배치 비용보다 높습니다.,34.22049345560887,16.08695652173913,18,0,68.3,검토 가능,12408.0,178.0,121,False,Greedy 선택 후보보다 우선순위가 낮음,11.7,3050,273,2,김밥,273,82,351,7319,500,350,2,6.32,249,1070550,A,0.38340188811180115,1,100.0,23.3,15.43,FAST,87.1,False,38.0,LOW,유통기한 임박,14.7,38.1,0.0,SAFE,"재고 여유 — 현재고(273), 재주문점(38)",0.0,320.1,27.4,195274.0,15.4,OPTIMAL,"적정 발주 — EOQ(320개), 권장 발주 주기 27일",15.4,82.0,11.71,22.14,1.29,STABLE,23.3,8.1,WMA,8.1,32.9,10.0,0.4,10.0,7.5,5.0,POOR,낮은 매칭 · 핵심(A)상품,1.001,50.0,STABLE,4.5,LOW,73.1,HIGH,0.3,30.0,728072.0,100.0,0.385,0.385,39.5,False,58.4,80,22.1,404,100.0,0.999,4.9,77.9,50.0,REALLOCATE,84.0,2,99.8,73.7,23.1,turnover,57.4,검토 필요,67,HEURISTIC 29% | ABC 14% | TURNOVER 14% | DISPOSAL_RISK 14% | SAFETY_STOCK 8% | EOQ 7% | DEMAND_FORECAST 7% | MATCH 5%,"['⏰ 유통기한 임박 (99%)', '❄️ 냉장·냉동 과잉 (61%)', '💸 배송비 상승 (100%)', '⚡ 복합 스트레스 (60%)']","{'재고위험': '25.3%', '판매가능성': '13.3%', '점포이동적합': '13.3%', '비용절감': '18.7%', '폐기회피이익': '14.5%', '실행가능성': '11.6%', '이력보정': '3.3%'}",True,True,False,True,False,True,58.7,27.0,52.0,54.9,72.0,50.0,77.0,51.8,0.0,69.1,권장,보류,⏸️,156,HIGH,신뢰도 높음 ●,#2e7d32,,,69.1,권장,보류,2,0,False,False,,50.0,12408.0,24177.0,12408.0,12.12,23.53,12.12,24.0,351.0,249.0,178.0,재고 이동,재고 이동,78.47,일치,78.47,51.349,27.086,17.546
롯데 카스타드,종로점,목동점,200.0,재배치 추천,16647.0,프로모션 순비용이 재배치 비용보다 높습니다.,31.813406774367564,18.478260869565215,18,0,68.3,검토 가능,16647.0,200.0,122,False,Greedy 선택 후보보다 우선순위가 낮음,7.5,1650,275,2,우유,275,52,225,4362,300,250,3,3.74,260,371250,A,0.6969593137214927,1,100.0,36.7,9.82,NORMAL,79.6,False,41.3,MEDIUM,유통기한 임박,10.7,33.2,0.0,SAFE,"재고 여유 — 현재고(275), 재주문점(33)",0.0,269.0,35.9,88775.0,1.4,OPTIMAL,"적정 발주 — EOQ(269개), 권장 발주 주기 36일",1.4,52.2,7.46,13.63,1.29,STABLE,36.9,3.1,WMA,3.1,36.2,10.0,3.75,10.0,7.5,5.0,POOR,낮은 매칭 · 핵심(A)상품,0.99,49.8,STABLE,7.4,LOW,73.1,HIGH,0.3,30.0,439353.0,100.0,0.385,0.385,38.7,True,29.4,312,24.3,354,100.0,0.999,4.9,77.7,50.0,REALLOCATE,83.9,2,99.8,73.7,24.2,turnover,53.6,모니터링,132,HEURISTIC 29% | ABC 14% | TURNOVER 14% | DISPOSAL_RISK 14% | SAFETY_STOCK 8% | EOQ 7% | DEMAND_FORECAST 7% | MATCH 5%,"['⏰ 유통기한 임박 (99%)', '❄️ 냉장·냉동 과잉 (61%)', '💸 배송비 상승 (100%)', '⚡ 복합 스트레스 (60%)']","{'재고위험': '25.3%', '판매가능성': '13.3%', '점포이동적합': '13.3%', '비용절감': '18.7%', '폐기회피이익': '14.5%', '실행가능성': '11.6%', '이력보정': '3.3%'}",True,True,False,True,False,True,58.2,24.2,53.9,52.8,72.0,50.0,61.1,51.2,0.0,57.9,검토,보류,⏸️,216,HIGH,신뢰도 높음 ●,#2e7d32,,,57.9,검토,보류,1,0,False,False,,50.0,16647.0,31782.0,16647.0,16.83,31.980000000000004,16.83,34.0,225.0,260.0,200.0,재고 이동,재고 이동,78.736,일치,78.736,51.585,27.279,17.567
카페25 아이스카페라떼,건대점,홍대점,206.0,재배치 추천,17835.0,프로모션 순비용이 재배치 비용보다 높습니다.,31.138809233127965,19.130434782608695,18,0,68.3,검토 가능,17835.0,206.0,123,False,Greedy 선택 후보보다 우선순위가 낮음,6.9,1370,271,1,냉장식품,271,48,207,7173,150,300,2,2.68,264,283590,A,0.7250753194918981,1,100.0,39.3,9.17,NORMAL,78.2,False,50.6,MEDIUM,유통기한 임박 | 신선/냉장 고위험 카테고리,6.3,20.1,0.0,SAFE,"재고 여유 — 현재고(271), 재주문점(20)",0.0,287.1,41.6,125855.0,6.2,OPTIMAL,"적정 발주 — EOQ(287개), 권장 발주 주기 42일",6.2,48.1,6.87,11.29,2.45,STABLE,39.4,2.7,WMA,2.7,36.2,10.0,3.73,10.0,7.5,5.0,POOR,낮은 매칭 · 핵심(A)상품,0.994,49.8,STABLE,7.8,LOW,76.6,HIGH,0.3,30.0,351729.0,100.0,0.385,0.385,39.4,True,30.0,291,28.1,210,100.0,0.999,4.9,66.7,50.0,REALLOCATE,83.7,2,99.8,73.7,24.6,turnover,56.2,검토 필요,82,HEURISTIC 29% | ABC 14% | TURNOVER 14% | DISPOSAL_RISK 14% | SAFETY_STOCK 8% | EOQ 7% | DEMAND_FORECAST 7% | MATCH 5%,"['⏰ 유통기한 임박 (99%)', '❄️ 냉장·냉동 과잉 (61%)', '💸 배송비 상승 (100%)', '⚡ 복합 스트레스 (60%)']","{'재고위험': '25.3%', '판매가능성': '13.3%', '점포이동적합': '13.3%', '비용절감': '18.7%', '폐기회피이익': '14.5%', '실행가능성': '11.6%', '이력보정': '3.3%'}",True,True,False,True,False,True,62.0,24.2,53.6,53.5,72.0,50.0,61.4,52.3,0.0,77.1,권장,보류,⏸️,113,HIGH,신뢰도 높음 ●,#2e7d32,,,77.1,권장,보류,1,1,True,False,,50.0,17835.0,19992.0,17835.0,18.15,18.880000000000003,18.15,36.0,207.0,264.0,206.0,재고 이동,재고 이동,81.358,일치,81.358,53.326,28.156,18.141
해태 홈런볼,상암점,합정점,216.0,재배치 추천,19767.0,프로모션 순비용이 재배치 비용보다 높습니다.,30.04173646404134,20.217391304347824,18,0,68.3,검토 가능,19767.0,216.0,124,False,Greedy 선택 후보보다 우선순위가 낮음,7.4,2500,276,3,도시락,276,52,222,7260,250,350,3,2.31,253,555000,A,0.588187697680407,1,100.0,37.3,9.65,NORMAL,79.3,False,41.6,MEDIUM,유통기한 임박,6.6,28.8,0.0,SAFE,"재고 여유 — 현재고(276), 재주문점(29)",0.0,280.1,37.9,140033.0,3.1,OPTIMAL,"적정 발주 — EOQ(280개), 권장 발주 주기 38일",3.1,51.9,7.41,11.23,3.6,STABLE,37.2,3.0,WMA,3.0,36.2,10.0,3.75,10.0,7.5,5.0,POOR,낮은 매칭 · 핵심(A)상품,1.004,50.1,STABLE,7.3,LOW,69.6,MEDIUM,0.3,30.0,682233.0,100.0,0.385,0.385,38.7,True,28.8,332,24.4,351,100.0,0.999,4.9,77.9,50.0,REALLOCATE,83.6,2,99.8,73.7,24.3,turnover,53.7,모니터링,126,HEURISTIC 29% | ABC 14% | TURNOVER 14% | DISPOSAL_RISK 14% | SAFETY_STOCK 8% | EOQ 7% | DEMAND_FORECAST 7% | MATCH 5%,"['⏰ 유통기한 임박 (99%)', '❄️ 냉장·냉동 과잉 (61%)', '💸 배송비 상승 (100%)', '⚡ 복합 스트레스 (60%)']","{'재고위험': '25.3%', '판매가능성': '13.3%', '점포이동적합': '13.3%', '비용절감': '18.7%', '폐기회피이익': '14.5%', '실행가능성': '11.6%', '이력보정': '3.3%'}",True,True,False,True,False,True,58.2,24.3,54.0,53.0,72.0,50.0,60.8,51.3,0.0,59.0,검토,보류,⏸️,210,HIGH,신뢰도 높음 ●,#2e7d32,,,59.0,검토,보류,1,0,False,False,,50.0,0.0,19767.0,19767.0,0.0,18.630000000000003,18.630000000000003,37.0,222.0,253.0,216.0,재고 이동,재고 이동,79.52,일치,79.52,52.012,27.428,17.692
게토레이 레몬,잠실점,용산점,196.0,재배치 추천,16107.0,프로모션 순비용이 재배치 비용보다 높습니다.,32.12004202038556,18.043478260869566,18,0,68.2,검토 가능,16107.0,196.0,125,False,Greedy 선택 후보보다 우선순위가 낮음,6.9,1190,261,1,우유,261,48,207,7221,200,250,5,2.06,254,246330,B,0.8150251138690287,2,60.0,37.8,9.52,NORMAL,79.0,False,41.9,MEDIUM,유통기한 임박,7.6,42.1,0.0,SAFE,"재고 여유 — 현재고(261), 재주문점(42)",0.0,390.9,56.7,93041.0,28.1,OPTIMAL,"적정 발주 — EOQ(391개), 권장 발주 주기 57일",28.1,48.1,6.87,10.27,3.47,STABLE,38.0,2.9,WMA,2.9,32.2,10.0,3.74,6.0,7.5,5.0,POOR,낮은 매칭,0.994,49.8,STABLE,7.5,LOW,76.6,HIGH,0.3,30.0,302981.0,100.0,0.385,0.385,38.6,True,27.8,356,23.8,362,100.0,0.999,4.9,77.4,50.0,REALLOCATE,83.5,2,99.8,73.6,38.1,turnover,46.7,모니터링,230,HEURISTIC 29% | ABC 14% | TURNOVER 14% | DISPOSAL_RISK 14% | SAFETY_STOCK 8% | EOQ 7% | DEMAND_FORECAST 7% | MATCH 5%,"['⏰ 유통기한 임박 (99%)', '❄️ 냉장·냉동 과잉 (61%)', '💸 배송비 상승 (100%)', '⚡ 복합 스트레스 (60%)']","{'재고위험': '25.3%', '판매가능성': '13.3%', '점포이동적합': '13.3%', '비용절감': '18.7%', '폐기회피이익': '14.5%', '실행가능성': '11.6%', '이력보정': '3.3%'}",True,True,False,True,False,True,52.3,24.1,52.0,56.7,72.0,50.0,60.2,50.2,0.0,41.0,검토,보류,⏸️,307,HIGH,신뢰도 높음 ●,#2e7d32,,,41.0,검토,보류,1,0,False,False,,50.0,16107.0,18822.0,16107.0,16.23,17.58,16.23,32.0,207.0,254.0,196.0,재고 이동,재고 이동,77.322,일치,77.322,50.857,27.006,17.286
브레디크 골든슈크림빵,판교3점,안양4점,210.0,재배치 추천,18816.0,프로모션 순비용이 재배치 비용보다 높습니다.,30.58175520286193,19.565217391304348,18,0,68.1,검토 가능,18816.0,210.0,126,False,Greedy 선택 후보보다 우선순위가 낮음,7.5,1620,275,2,김밥,275,52,225,4267,250,350,5,4.24,260,364500,B,0.8762584751273939,2,60.0,36.7,9.82,NORMAL,79.6,False,41.3,MEDIUM,유통기한 임박,15.6,53.1,0.0,SAFE,"재고 여유 — 현재고(275), 재주문점(53)",0.0,268.5,35.8,87001.0,2.7,OPTIMAL,"적정 발주 — EOQ(268개), 권장 발주 주기 36일",2.7,52.2,7.46,14.45,0.46,STABLE,36.9,3.1,WMA,3.1,32.2,10.0,3.75,6.0,7.5,5.0,POOR,낮은 매칭,0.99,49.8,STABLE,7.4,LOW,73.1,HIGH,0.3,30.0,441924.0,100.0,0.385,0.385,38.6,False,28.9,329,23.5,365,100.0,0.999,4.9,74.9,50.0,REALLOCATE,83.3,2,99.8,73.6,37.9,turnover,44.9,모니터링,252,HEURISTIC 29% | ABC 14% | TURNOVER 14% | DISPOSAL_RISK 14% | SAFETY_STOCK 8% | EOQ 7% | DEMAND_FORECAST 7% | MATCH 5%,"['⏰ 유통기한 임박 (99%)', '❄️ 냉장·냉동 과잉 (61%)', '💸 배송비 상승 (100%)', '⚡ 복합 스트레스 (60%)']","{'재고위험': '25.3%', '판매가능성': '13.3%', '점포이동적합': '13.3%', '비용절감': '18.7%', '폐기회피이익': '14.5%', '실행가능성': '11.6%', '이력보정': '3.3%'}",True,True,False,True,False,True,52.2,24.2,51.7,52.9,72.0,50.0,60.8,49.4,0.0,27.4,검토,보류,⏸️,380,HIGH,신뢰도 높음 ●,#2e7d32,,,27.4,검토,보류,1,0,False,False,,50.0,18816.0,54264.0,18816.0,19.24,56.959999999999994,19.24,38.0,225.0,260.0,210.0,재고 이동,재고 이동,75.849,일치,75.849,50.039,26.811,16.95
유어스 방울토마토,사당점,신촌점,180.0,재배치 추천,13281.0,프로모션 순비용이 재배치 비용보다 높습니다.,33.724766474546435,16.304347826086957,18,0,68.0,검토 가능,13281.0,180.0,127,False,Greedy 선택 후보보다 우선순위가 낮음,11.0,3530,260,2,샐러드,260,77,330,6131,300,350,1,2.87,238,1164900,A,0.41267686794205877,1,100.0,23.6,15.23,FAST,86.9,False,38.0,LOW,유통기한 임박,4.7,15.7,0.0,SAFE,"재고 여유 — 현재고(260), 재주문점(16)",0.0,264.1,24.0,186434.0,2.7,OPTIMAL,"적정 발주 — EOQ(264개), 권장 발주 주기 24일",2.7,77.0,11.0,15.74,6.26,STABLE,23.6,8.0,WMA,8.0,32.9,10.0,0.4,10.0,7.5,5.0,POOR,낮은 매칭 · 핵심(A)상품,1.0,50.0,STABLE,4.6,LOW,73.1,HIGH,0.3,30.0,803199.0,100.0,0.385,0.385,43.5,True,58.1,82,22.1,404,100.0,0.999,4.9,77.9,50.0,REALLOCATE,83.2,2,99.8,73.6,23.2,turnover,56.1,검토 필요,84,HEURISTIC 29% | ABC 14% | TURNOVER 14% | DISPOSAL_RISK 14% | SAFETY_STOCK 8% | EOQ 7% | DEMAND_FORECAST 7% | MATCH 5%,"['⏰ 유통기한 임박 (99%)', '❄️ 냉장·냉동 과잉 (61%)', '💸 배송비 상승 (100%)', '⚡ 복합 스트레스 (60%)']","{'재고위험': '25.3%', '판매가능성': '13.3%', '점포이동적합': '13.3%', '비용절감': '18.7%', '폐기회피이익': '14.5%', '실행가능성': '11.6%', '이력보정': '3.3%'}",True,True,False,True,False,True,58.6,27.7,52.0,52.8,72.0,50.0,76.9,51.5,0.0,64.6,검토,보류,⏸️,180,HIGH,신뢰도 높음 ●,#2e7d32,,,64.6,검토,보류,2,0,False,False,,50.0,13281.0,20586.0,13281.0,13.09,19.54,13.09,26.0,330.0,238.0,180.0,재고 이동,재고 이동,76.754,일치,76.754,50.195,26.445,17.186
유어스 고르곤졸라피자,여의도5점,성남5점,248.0,재배치 추천,26295.0,프로모션 순비용이 재배치 비용보다 높습니다.,26.33485704551262,23.695652173913043,18,0,68.0,검토 가능,26295.0,248.0,128,False,Greedy 선택 후보보다 우선순위가 낮음,9.7,2220,273,1,김밥,273,68,291,14848,500,350,2,8.43,263,646020,A,0.7110436475021518,1,100.0,28.1,12.79,FAST,84.4,False,38.0,LOW,유통기한 임박,19.7,39.1,0.0,SAFE,"재고 여유 — 현재고(273), 재주문점(39)",0.0,486.6,50.2,216059.0,38.4,UNDER,과소 발주 위험 — 현재(253개) < EOQ(487개). 발주량 증가 검토,38.4,68.0,9.71,23.62,0.0,STABLE,28.1,5.9,WMA,5.9,32.8,10.0,0.3,10.0,7.5,5.0,POOR,낮은 매칭 · 핵심(A)상품,1.001,50.0,STABLE,5.5,LOW,76.6,HIGH,0.3,30.0,758377.0,100.0,0.385,0.385,39.4,False,46.3,113,22.1,404,100.0,0.999,4.9,55.3,50.0,REALLOCATE,83.1,2,99.8,73.6,23.3,turnover,56.7,검토 필요,78,HEURISTIC 29% | ABC 14% | TURNOVER 14% | DISPOSAL_RISK 14% | SAFETY_STOCK 8% | EOQ 7% | DEMAND_FORECAST 7% | MATCH 5%,"['⏰ 유통기한 임박 (99%)', '❄️ 냉장·냉동 과잉 (61%)', '💸 배송비 상승 (100%)', '⚡ 복합 스트레스 (60%)']","{'재고위험': '25.3%', '판매가능성': '13.3%', '점포이동적합': '13.3%', '비용절감': '18.7%', '폐기회피이익': '14.5%', '실행가능성': '11.6%', '이력보정': '3.3%'}",True,True,False,True,False,True,58.0,25.8,49.7,58.2,72.0,50.0,70.4,51.8,0.0,68.7,권장,보류,⏸️,158,HIGH,신뢰도 높음 ●,#2e7d32,,,68.7,권장,보류,2,1,False,False,,50.0,26295.0,28992.0,26295.0,27.55,28.880000000000003,27.55,55.0,291.0,263.0,248.0,재고 이동,재고 이동,85.021,일치,85.021,55.845,29.626,18.869
유어스 에그마요샌드위치,홍대점,혜화점,166.0,재배치 추천,10824.0,프로모션 순비용이 재배치 비용보다 높습니다.,35.119956843928335,14.782608695652174,18,0,67.9,검토 가능,10824.0,166.0,129,False,Greedy 선택 후보보다 우선순위가 낮음,3.4,1710,246,1,신선식품,246,24,102,10561,400,300,2,2.44,242,174420,B,0.9460132328990509,2,60.0,72.4,4.98,SLOW,59.8,True,69.2,HIGH,유통기한 임박 | 소진일수 72일 초과 | 신선/냉장 고위험 카테고리,5.7,12.5,0.0,SAFE,"재고 여유 — 현재고(246), 재주문점(12)",0.0,209.3,61.6,125252.0,14.8,OPTIMAL,"적정 발주 — EOQ(209개), 권장 발주 주기 62일",14.8,23.9,3.41,7.44,0.0,STABLE,72.1,0.0,WMA,0.0,36.9,10.0,8.4,6.0,7.5,5.0,POOR,낮은 매칭 · 폐기위험 높음,1.008,50.2,STABLE,14.1,LOW,76.6,HIGH,0.3,30.0,396208.0,100.0,0.385,0.385,39.4,True,28.9,329,37.0,59,100.0,0.999,4.9,77.9,50.0,REALLOCATE,82.9,2,99.8,73.6,38.9,disposal_risk,49.3,모니터링,195,HEURISTIC 29% | ABC 14% | TURNOVER 14% | DISPOSAL_RISK 14% | SAFETY_STOCK 8% | EOQ 7% | DEMAND_FORECAST 7% | MATCH 5%,"['⏰ 유통기한 임박 (99%)', '❄️ 냉장·냉동 과잉 (61%)', '💸 배송비 상승 (100%)', '⚡ 복합 스트레스 (60%)']","{'재고위험': '25.3%', '판매가능성': '13.3%', '점포이동적합': '13.3%', '비용절감': '18.7%', '폐기회피이익': '14.5%', '실행가능성': '11.6%', '이력보정': '3.3%'}",True,True,False,True,False,True,59.5,22.9,56.8,54.6,72.0,50.0,60.8,52.1,0.0,74.0,권장,할인 판매,🏷️,130,HIGH,신뢰도 높음 ●,#2e7d32,,,74.0,권장,할인 판매,1,0,False,False,,50.0,10824.0,27741.0,10824.0,10.36,27.490000000000002,10.36,21.0,102.0,242.0,166.0,재고 이동,재고 이동,76.038,일치,76.038,50.34,26.899,17.148
브레디크 우유생크림빵,문래점,강남점,192.0,재배치 추천,15855.0,프로모션 순비용이 재배치 비용보다 높습니다.,32.2631384685273,17.608695652173914,18,0,67.9,검토 가능,15855.0,192.0,130,False,Greedy 선택 후보보다 우선순위가 낮음,8.3,2390,267,1,냉장식품,267,58,249,8863,400,300,2,4.05,258,595110,A,0.6660533387920988,1,100.0,32.2,11.19,NORMAL,82.1,False,47.1,MEDIUM,유통기한 임박 | 신선/냉장 고위험 카테고리,9.5,26.1,0.0,SAFE,"재고 여유 — 현재고(267), 재주문점(26)",0.0,265.0,31.9,202658.0,2.3,OPTIMAL,"적정 발주 — EOQ(265개), 권장 발주 주기 32일",2.3,58.0,8.29,14.97,1.6,STABLE,32.2,3.7,WMA,3.7,36.3,10.0,3.78,10.0,7.5,5.0,POOR,낮은 매칭 · 핵심(A)상품,0.998,50.0,STABLE,6.3,LOW,76.6,HIGH,0.3,30.0,611601.0,100.0,0.385,0.385,39.4,True,35.0,171,26.4,256,100.0,0.999,4.9,69.2,50.0,REALLOCATE,82.8,2,99.8,73.6,24.0,turnover,56.1,검토 필요,83,HEURISTIC 29% | ABC 14% | TURNOVER 14% | DISPOSAL_RISK 14% | SAFETY_STOCK 8% | EOQ 7% | DEMAND_FORECAST 7% | MATCH 5%,"['⏰ 유통기한 임박 (99%)', '❄️ 냉장·냉동 과잉 (61%)', '💸 배송비 상승 (100%)', '⚡ 복합 스트레스 (60%)']","{'재고위험': '25.3%', '판매가능성': '13.3%', '점포이동적합': '13.3%', '비용절감': '18.7%', '폐기회피이익': '14.5%', '실행가능성': '11.6%', '이력보정': '3.3%'}",True,True,False,True,False,True,61.5,24.7,53.5,52.7,72.0,50.0,64.2,52.0,0.0,72.3,권장,보류,⏸️,139,HIGH,신뢰도 높음 ●,#2e7d32,,,72.3,권장,보류,2,1,False,False,,50.0,15855.0,23997.0,15855.0,15.95,23.33,15.95,32.0,249.0,258.0,192.0,재고 이동,재고 이동,79.472,일치,79.472,52.064,27.491,17.753
유어스 에그마요샌드위치,홍대점,신촌점,126.0,재배치 추천,3291.0,프로모션 순비용이 재배치 비용보다 높습니다.,39.39751852587945,10.434782608695652,18,0,67.8,검토 가능,3291.0,126.0,131,False,Greedy 선택 후보보다 우선순위가 낮음,3.4,1710,246,1,신선식품,246,24,102,10561,400,300,2,2.44,242,174420,B,0.9460132328990509,2,60.0,72.4,4.98,SLOW,59.8,True,69.2,HIGH,유통기한 임박 | 소진일수 72일 초과 | 신선/냉장 고위험 카테고리,5.7,12.5,0.0,SAFE,"재고 여유 — 현재고(246), 재주문점(12)",0.0,209.3,61.6,125252.0,14.8,OPTIMAL,"적정 발주 — EOQ(209개), 권장 발주 주기 62일",14.8,23.9,3.41,7.44,0.0,STABLE,72.1,0.0,WMA,0.0,36.9,10.0,8.4,6.0,7.5,5.0,POOR,낮은 매칭 · 폐기위험 높음,1.008,50.2,STABLE,14.1,LOW,76.6,HIGH,0.3,30.0,305661.0,100.0,0.385,0.385,39.4,True,28.9,329,37.0,59,100.0,0.999,4.9,77.9,50.0,REALLOCATE,82.7,2,99.8,73.6,38.9,disposal_risk,49.2,모니터링,197,HEURISTIC 29% | ABC 14% | TURNOVER 14% | DISPOSAL_RISK 14% | SAFETY_STOCK 8% | EOQ 7% | DEMAND_FORECAST 7% | MATCH 5%,"['⏰ 유통기한 임박 (99%)', '❄️ 냉장·냉동 과잉 (61%)', '💸 배송비 상승 (100%)', '⚡ 복합 스트레스 (60%)']","{'재고위험': '25.3%', '판매가능성': '13.3%', '점포이동적합': '13.3%', '비용절감': '18.7%', '폐기회피이익': '14.5%', '실행가능성': '11.6%', '이력보정': '3.3%'}",True,True,False,True,False,True,59.5,22.9,56.8,54.5,72.0,50.0,60.8,52.1,0.0,73.4,권장,할인 판매,🏷️,133,HIGH,신뢰도 높음 ●,#2e7d32,,,73.4,권장,할인 판매,1,0,False,False,,50.0,3291.0,14466.0,3291.0,1.99,12.74,1.99,4.0,102.0,242.0,126.0,재고 이동,재고 이동,73.661,일치,73.661,48.642,25.853,16.664
브레디크 모찌롤,홍대점,혜화점,164.0,재배치 추천,10824.0,프로모션 순비용이 재배치 비용보다 높습니다.,35.119956843928335,14.565217391304348,18,0,67.7,검토 가능,10824.0,164.0,132,False,Greedy 선택 후보보다 우선순위가 낮음,4.1,2820,269,1,김밥,269,29,123,9578,400,350,4,2.26,264,346860,A,0.5672473792465825,1,100.0,65.6,5.49,SLOW,63.6,True,55.8,MEDIUM,유통기한 임박,7.5,23.9,0.0,SAFE,"재고 여유 — 현재고(269), 재주문점(24)",0.0,225.5,55.0,127154.0,16.0,OPTIMAL,"적정 발주 — EOQ(226개), 권장 발주 주기 55일",16.0,28.9,4.13,7.86,0.4,STABLE,65.2,0.0,WMA,0.0,36.1,10.0,3.6,10.0,7.5,5.0,POOR,낮은 매칭 · 핵심(A)상품,1.01,50.3,STABLE,12.8,LOW,76.6,HIGH,0.3,30.0,609752.0,100.0,0.385,0.385,38.6,False,22.6,462,31.1,156,100.0,0.999,4.9,77.9,50.0,REALLOCATE,82.5,2,99.8,73.5,26.4,disposal_risk,52.9,모니터링,144,HEURISTIC 29% | ABC 14% | TURNOVER 14% | DISPOSAL_RISK 14% | SAFETY_STOCK 8% | EOQ 7% | DEMAND_FORECAST 7% | MATCH 5%,"['⏰ 유통기한 임박 (99%)', '❄️ 냉장·냉동 과잉 (61%)', '💸 배송비 상승 (100%)', '⚡ 복합 스트레스 (60%)']","{'재고위험': '25.3%', '판매가능성': '13.3%', '점포이동적합': '13.3%', '비용절감': '18.7%', '폐기회피이익': '14.5%', '실행가능성': '11.6%', '이력보정': '3.3%'}",True,True,False,True,False,True,60.5,22.8,55.3,54.6,72.0,50.0,57.3,52.1,0.0,75.8,권장,보류,⏸️,120,HIGH,신뢰도 높음 ●,#2e7d32,,,75.8,권장,보류,1,0,False,False,,50.0,10824.0,27741.0,10824.0,10.36,27.490000000000002,10.36,21.0,123.0,264.0,164.0,재고 이동,재고 이동,78.515,일치,78.515,51.613,27.336,17.603
브레디크 모찌롤,홍대점,신촌점,124.0,재배치 추천,3291.0,프로모션 순비용이 재배치 비용보다 높습니다.,39.39751852587945,10.217391304347826,18,0,67.6,검토 가능,3291.0,124.0,133,False,Greedy 선택 후보보다 우선순위가 낮음,4.1,2820,269,1,김밥,269,29,123,9578,400,350,4,2.26,264,346860,A,0.5672473792465825,1,100.0,65.6,5.49,SLOW,63.6,True,55.8,MEDIUM,유통기한 임박,7.5,23.9,0.0,SAFE,"재고 여유 — 현재고(269), 재주문점(24)",0.0,225.5,55.0,127154.0,16.0,OPTIMAL,"적정 발주 — EOQ(226개), 권장 발주 주기 55일",16.0,28.9,4.13,7.86,0.4,STABLE,65.2,0.0,WMA,0.0,36.1,10.0,3.6,10.0,7.5,5.0,POOR,낮은 매칭 · 핵심(A)상품,1.01,50.3,STABLE,12.8,LOW,76.6,HIGH,0.3,30.0,465925.0,100.0,0.385,0.385,38.6,False,22.7,459,31.1,156,100.0,0.999,4.9,77.9,50.0,REALLOCATE,82.4,2,99.8,73.5,26.4,disposal_risk,52.8,모니터링,145,HEURISTIC 29% | ABC 14% | TURNOVER 14% | DISPOSAL_RISK 14% | SAFETY_STOCK 8% | EOQ 7% | DEMAND_FORECAST 7% | MATCH 5%,"['⏰ 유통기한 임박 (99%)', '❄️ 냉장·냉동 과잉 (61%)', '💸 배송비 상승 (100%)', '⚡ 복합 스트레스 (60%)']","{'재고위험': '25.3%', '판매가능성': '13.3%', '점포이동적합': '13.3%', '비용절감': '18.7%', '폐기회피이익': '14.5%', '실행가능성': '11.6%', '이력보정': '3.3%'}",True,True,False,True,False,True,60.5,22.8,55.3,54.6,72.0,50.0,57.4,52.1,0.0,75.1,권장,보류,⏸️,124,HIGH,신뢰도 높음 ●,#2e7d32,,,75.1,권장,보류,1,0,False,False,,50.0,3291.0,14466.0,3291.0,1.99,12.74,1.99,4.0,123.0,264.0,124.0,재고 이동,재고 이동,76.138,일치,76.138,49.915,26.29,17.12
카페25 헤이즐넛라떼,방배점,신촌2점,178.0,재배치 추천,13731.0,프로모션 순비용이 재배치 비용보다 높습니다.,33.46923710286477,16.08695652173913,18,0,67.6,검토 가능,13731.0,178.0,134,False,Greedy 선택 후보보다 우선순위가 낮음,6.7,1510,273,3,우유,273,47,201,7920,150,250,5,4.21,252,303510,A,0.7529074215391148,1,100.0,40.7,8.84,NORMAL,77.4,False,43.4,MEDIUM,유통기한 임박,15.5,49.0,0.0,SAFE,"재고 여유 — 현재고(273), 재주문점(49)",0.0,358.1,53.4,108160.0,22.5,OPTIMAL,"적정 발주 — EOQ(358개), 권장 발주 주기 53일",22.5,47.0,6.71,13.66,0.0,STABLE,40.7,2.6,WMA,2.6,36.2,10.0,3.73,10.0,7.5,5.0,POOR,낮은 매칭 · 핵심(A)상품,1.002,50.1,STABLE,7.9,LOW,69.6,MEDIUM,0.3,30.0,335505.0,100.0,0.385,0.385,38.6,True,27.3,373,25.2,324,100.0,0.999,4.9,75.0,50.0,REALLOCATE,82.3,2,99.8,73.5,24.9,turnover,54.3,모니터링,117,HEURISTIC 29% | ABC 14% | TURNOVER 14% | DISPOSAL_RISK 14% | SAFETY_STOCK 8% | EOQ 7% | DEMAND_FORECAST 7% | MATCH 5%,"['⏰ 유통기한 임박 (99%)', '❄️ 냉장·냉동 과잉 (61%)', '💸 배송비 상승 (100%)', '⚡ 복합 스트레스 (60%)']","{'재고위험': '25.3%', '판매가능성': '13.3%', '점포이동적합': '13.3%', '비용절감': '18.7%', '폐기회피이익': '14.5%', '실행가능성': '11.6%', '이력보정': '3.3%'}",True,True,False,True,False,True,58.5,24.0,53.8,55.6,72.0,50.0,59.9,51.8,0.0,68.6,권장,보류,⏸️,159,HIGH,신뢰도 높음 ●,#2e7d32,,,68.6,권장,보류,2,0,False,False,,50.0,13731.0,19101.0,13731.0,13.59,17.89,13.59,27.0,201.0,252.0,178.0,재고 이동,재고 이동,78.79,일치,78.79,51.647,27.259,17.63
해태 홈런볼,상암점,잠원점,196.0,재배치 추천,17070.0,프로모션 순비용이 재배치 비용보다 높습니다.,31.5732091649868,18.043478260869566,18,0,67.6,검토 가능,17070.0,196.0,135,False,Greedy 선택 후보보다 우선순위가 낮음,7.4,2500,276,3,도시락,276,52,222,7260,250,350,3,2.31,253,555000,A,0.588187697680407,1,100.0,37.3,9.65,NORMAL,79.3,False,41.6,MEDIUM,유통기한 임박,6.6,28.8,0.0,SAFE,"재고 여유 — 현재고(276), 재주문점(29)",0.0,280.1,37.9,140033.0,3.1,OPTIMAL,"적정 발주 — EOQ(280개), 권장 발주 주기 38일",3.1,51.9,7.41,11.23,3.6,STABLE,37.2,3.0,WMA,3.0,36.2,10.0,3.75,10.0,7.5,5.0,POOR,낮은 매칭 · 핵심(A)상품,1.004,50.1,STABLE,7.3,LOW,69.6,MEDIUM,0.3,30.0,619930.0,100.0,0.385,0.385,38.7,True,29.1,325,24.4,351,100.0,0.999,4.9,77.4,50.0,REALLOCATE,82.1,2,99.8,73.5,24.4,turnover,53.0,모니터링,142,HEURISTIC 29% | ABC 14% | TURNOVER 14% | DISPOSAL_RISK 14% | SAFETY_STOCK 8% | EOQ 7% | DEMAND_FORECAST 7% | MATCH 5%,"['⏰ 유통기한 임박 (99%)', '❄️ 냉장·냉동 과잉 (61%)', '💸 배송비 상승 (100%)', '⚡ 복합 스트레스 (60%)']","{'재고위험': '25.3%', '판매가능성': '13.3%', '점포이동적합': '13.3%', '비용절감': '18.7%', '폐기회피이익': '14.5%', '실행가능성': '11.6%', '이력보정': '3.3%'}",True,True,False,True,False,True,58.2,24.3,53.9,52.6,72.0,50.0,60.9,51.2,0.0,57.6,검토,보류,⏸️,218,HIGH,신뢰도 높음 ●,#2e7d32,,,57.6,검토,보류,1,0,False,False,,50.0,17070.0,20973.0,17070.0,17.3,19.97,17.3,35.0,222.0,253.0,196.0,재고 이동,재고 이동,78.103,일치,78.103,51.138,26.979,17.447
롯데 카스타드,방배점,목동점,200.0,재배치 추천,17844.0,프로모션 순비용이 재배치 비용보다 높습니다.,31.13369864569433,18.478260869565215,18,0,67.6,검토 가능,17844.0,200.0,136,False,Greedy 선택 후보보다 우선순위가 낮음,9.5,1650,275,3,김밥,275,66,285,4171,300,350,5,2.28,246,470250,A,0.6969593137214927,1,100.0,28.9,12.44,FAST,83.9,False,38.0,LOW,유통기한 임박,8.4,55.9,0.0,SAFE,"재고 여유 — 현재고(275), 재주문점(56)",0.0,296.1,31.2,97701.0,8.0,OPTIMAL,"적정 발주 — EOQ(296개), 권장 발주 주기 31일",8.0,66.2,9.46,13.22,5.7,STABLE,29.1,5.4,WMA,5.4,32.8,10.0,0.27,10.0,7.5,5.0,POOR,낮은 매칭 · 핵심(A)상품,0.992,49.8,STABLE,5.8,LOW,69.6,MEDIUM,0.3,30.0,438156.0,100.0,0.385,0.385,38.6,False,43.3,125,22.1,404,100.0,0.999,4.9,77.7,50.0,REALLOCATE,82.0,2,99.8,73.5,23.3,turnover,53.7,모니터링,128,HEURISTIC 29% | ABC 14% | TURNOVER 14% | DISPOSAL_RISK 14% | SAFETY_STOCK 8% | EOQ 7% | DEMAND_FORECAST 7% | MATCH 5%,"['⏰ 유통기한 임박 (99%)', '❄️ 냉장·냉동 과잉 (61%)', '💸 배송비 상승 (100%)', '⚡ 복합 스트레스 (60%)']","{'재고위험': '25.3%', '판매가능성': '13.3%', '점포이동적합': '13.3%', '비용절감': '18.7%', '폐기회피이익': '14.5%', '실행가능성': '11.6%', '이력보정': '3.3%'}",True,True,False,True,False,True,57.8,25.4,52.0,53.4,72.0,50.0,68.7,51.1,0.0,56.4,검토,보류,⏸️,224,HIGH,신뢰도 높음 ●,#2e7d32,,,56.4,검토,보류,2,0,False,False,,50.0,17844.0,28785.0,17844.0,18.16,28.65,18.16,36.0,285.0,246.0,200.0,재고 이동,재고 이동,78.26,일치,78.26,51.288,27.123,17.484
유어스 스파클링 자몽,압구정점,신촌2점,168.0,재배치 추천,11859.0,프로모션 순비용이 재배치 비용보다 높습니다.,34.5322392890605,15.0,18,0,67.5,검토 가능,11859.0,168.0,137,False,Greedy 선택 후보보다 우선순위가 낮음,3.7,850,273,5,냉장식품,273,26,111,4523,100,300,2,2.4,254,94350,B,0.8363975077842005,2,60.0,73.8,4.88,SLOW,59.0,True,59.9,MEDIUM,유통기한 임박 | 소진일수 74일 초과 | 신선/냉장 고위험 카테고리,5.6,13.0,0.0,SAFE,"재고 여유 — 현재고(273), 재주문점(13)",0.0,211.9,57.3,57645.0,26.2,OPTIMAL,"적정 발주 — EOQ(212개), 권장 발주 주기 57일",26.2,26.0,3.71,7.67,0.0,STABLE,73.5,0.0,WMA,0.0,32.1,10.0,3.6,6.0,7.5,5.0,POOR,낮은 매칭,1.004,50.1,STABLE,14.3,LOW,62.6,MEDIUM,0.3,30.0,176301.0,100.0,0.385,0.385,39.4,True,24.2,443,32.3,147,100.0,0.999,4.9,75.0,50.0,REALLOCATE,81.9,2,99.8,73.5,41.3,disposal_risk,45.1,모니터링,246,HEURISTIC 29% | ABC 14% | TURNOVER 14% | DISPOSAL_RISK 14% | SAFETY_STOCK 8% | EOQ 7% | DEMAND_FORECAST 7% | MATCH 5%,"['⏰ 유통기한 임박 (99%)', '❄️ 냉장·냉동 과잉 (61%)', '💸 배송비 상승 (100%)', '⚡ 복합 스트레스 (60%)']","{'재고위험': '25.3%', '판매가능성': '13.3%', '점포이동적합': '13.3%', '비용절감': '18.7%', '폐기회피이익': '14.5%', '실행가능성': '11.6%', '이력보정': '3.3%'}",True,True,False,True,False,True,55.1,22.9,53.4,56.1,72.0,50.0,58.2,50.8,0.0,51.6,검토,보류,⏸️,250,HIGH,신뢰도 높음 ●,#2e7d32,,,51.6,검토,보류,1,0,False,False,,50.0,11859.0,14574.0,11859.0,11.51,12.860000000000001,11.51,23.0,111.0,254.0,168.0,재고 이동,재고 이동,76.032,일치,76.032,50.192,26.699,17.096
유어스 새우롤샌드,노원점,혜화점,178.0,재배치 추천,13794.0,프로모션 순비용이 재배치 비용보다 높습니다.,33.433462990829334,16.08695652173913,18,0,67.5,검토 가능,13794.0,178.0,138,False,Greedy 선택 후보보다 우선순위가 낮음,3.7,3050,263,5,우유,263,26,111,7438,500,250,1,2.51,244,338550,A,0.38340188811180115,1,100.0,71.1,5.06,SLOW,60.5,True,50.5,MEDIUM,유통기한 임박 | 소진일수 71일 초과,4.1,7.8,0.0,SAFE,"재고 여유 — 현재고(263), 재주문점(8)",0.0,181.5,49.1,110702.0,42.6,OPTIMAL,"적정 발주 — EOQ(182개), 권장 발주 주기 49일",42.6,26.0,3.71,7.86,0.0,STABLE,70.8,0.0,WMA,0.0,36.1,10.0,3.6,10.0,7.5,5.0,POOR,낮은 매칭 · 핵심(A)상품,1.004,50.1,STABLE,13.8,LOW,62.6,MEDIUM,0.3,30.0,726686.0,100.0,0.385,0.385,43.6,True,20.2,485,29.2,196,100.0,0.999,4.9,77.9,50.0,REALLOCATE,81.7,2,99.8,73.5,27.3,disposal_risk,52.3,모니터링,149,HEURISTIC 29% | ABC 14% | TURNOVER 14% | DISPOSAL_RISK 14% | SAFETY_STOCK 8% | EOQ 7% | DEMAND_FORECAST 7% | MATCH 5%,"['⏰ 유통기한 임박 (99%)', '❄️ 냉장·냉동 과잉 (61%)', '💸 배송비 상승 (100%)', '⚡ 복합 스트레스 (60%)']","{'재고위험': '25.3%', '판매가능성': '13.3%', '점포이동적합': '13.3%', '비용절감': '18.7%', '폐기회피이익': '14.5%', '실행가능성': '11.6%', '이력보정': '3.3%'}",True,True,False,True,False,True,57.3,23.8,54.9,58.5,72.0,50.0,56.0,52.1,0.0,74.9,권장,보류,⏸️,125,HIGH,신뢰도 높음 ●,#2e7d32,,,74.9,권장,보류,0,0,True,False,,50.0,13794.0,31476.0,13794.0,13.66,31.64,13.66,27.0,111.0,244.0,178.0,재고 이동,재고 이동,79.236,일치,79.236,52.252,27.782,17.777
유어스 스트링치즈,용산점,합정점,148.0,재배치 추천,8484.0,프로모션 순비용이 재배치 비용보다 높습니다.,36.448709576673004,12.82608695652174,18,0,67.3,검토 가능,8484.0,148.0,139,False,Greedy 선택 후보보다 우선순위가 낮음,2.2,780,268,6,도시락,268,15,66,11942,250,350,2,5.99,254,51480,B,0.9299891207098091,2,60.0,121.8,2.96,DEAD,32.3,True,60.0,HIGH,유통기한 임박 | 소진일수 122일 초과,14.0,18.4,0.0,SAFE,"재고 여유 — 현재고(268), 재주문점(18)",0.0,350.6,159.4,54698.0,22.0,OPTIMAL,"적정 발주 — EOQ(351개), 권장 발주 주기 159일",22.0,15.2,2.17,12.05,0.0,STABLE,123.4,0.0,WMA,0.0,36.9,10.0,8.4,6.0,7.5,5.0,POOR,낮은 매칭 · 폐기위험 높음,0.974,49.4,STABLE,24.3,LOW,59.1,MEDIUM,0.3,30.0,167044.0,100.0,0.385,0.385,39.4,True,24.9,424,35.8,80,100.0,0.999,4.9,77.9,50.0,REALLOCATE,81.6,2,99.8,73.5,43.8,disposal_risk,40.1,모니터링,339,HEURISTIC 29% | ABC 14% | TURNOVER 14% | DISPOSAL_RISK 14% | SAFETY_STOCK 8% | EOQ 7% | DEMAND_FORECAST 7% | MATCH 5%,"['⏰ 유통기한 임박 (99%)', '❄️ 냉장·냉동 과잉 (61%)', '💸 배송비 상승 (100%)', '⚡ 복합 스트레스 (60%)']","{'재고위험': '25.3%', '판매가능성': '13.3%', '점포이동적합': '13.3%', '비용절감': '18.7%', '폐기회피이익': '14.5%', '실행가능성': '11.6%', '이력보정': '3.3%'}",True,True,False,True,False,True,48.1,22.7,56.6,55.3,72.0,50.0,58.6,49.3,0.0,24.2,검토,할인 판매,🏷️,397,HIGH,신뢰도 높음 ●,#2e7d32,,,24.2,검토,할인 판매,0,0,True,False,,50.0,8484.0,25284.0,8484.0,7.76,24.76,7.76,16.0,66.0,254.0,148.0,재고 이동,재고 이동,71.087,일치,71.087,47.097,25.171,16.067
코카콜라 제로,압구정점,신촌점,168.0,재배치 추천,12255.0,프로모션 순비용이 재배치 비용보다 높습니다.,34.30737344198064,15.0,18,0,67.3,검토 가능,12255.0,168.0,140,False,Greedy 선택 후보보다 우선순위가 낮음,2.7,840,253,1,김밥,253,19,81,5951,100,350,4,1.2,250,68040,C,1.0,3,20.0,93.7,3.84,DEAD,47.9,True,68.0,HIGH,유통기한 임박 | 소진일수 94일 초과,4.0,14.8,0.0,SAFE,"재고 여유 — 현재고(253), 재주문점(15)",0.0,264.2,97.9,44391.0,4.6,OPTIMAL,"적정 발주 — EOQ(264개), 권장 발주 주기 98일",4.6,19.0,2.71,4.69,0.73,STABLE,93.2,0.0,WMA,0.0,33.9,10.0,8.4,3.0,7.5,5.0,POOR,낮은 매칭 · 폐기위험 높음,1.005,50.1,STABLE,18.2,LOW,76.6,HIGH,0.3,30.0,173889.0,100.0,0.385,0.385,38.6,False,28.2,346,36.9,63,100.0,0.999,4.9,77.9,50.0,REALLOCATE,81.5,2,99.8,73.5,42.5,disposal_risk,36.6,후순위,397,HEURISTIC 29% | ABC 14% | TURNOVER 14% | DISPOSAL_RISK 14% | SAFETY_STOCK 8% | EOQ 7% | DEMAND_FORECAST 7% | MATCH 5%,"['⏰ 유통기한 임박 (99%)', '❄️ 냉장·냉동 과잉 (61%)', '💸 배송비 상승 (100%)', '⚡ 복합 스트레스 (60%)']","{'재고위험': '25.3%', '판매가능성': '13.3%', '점포이동적합': '13.3%', '비용절감': '18.7%', '폐기회피이익': '14.5%', '실행가능성': '11.6%', '이력보정': '3.3%'}",True,True,False,True,False,True,49.8,22.8,55.4,52.7,72.0,50.0,60.4,49.1,0.0,21.4,검토,할인 판매,🏷️,412,HIGH,신뢰도 높음 ●,#2e7d32,,,21.4,검토,할인 판매,1,0,False,False,,50.0,12255.0,15564.0,12255.0,11.95,13.96,11.95,24.0,81.0,250.0,168.0,재고 이동,재고 이동,70.596,일치,70.596,46.858,25.119,15.956
유어스 방울토마토,성수점,신촌점,180.0,재배치 추천,14577.0,프로모션 순비용이 재배치 비용보다 높습니다.,32.98884188410324,16.304347826086957,18,0,67.3,검토 가능,14577.0,180.0,141,False,Greedy 선택 후보보다 우선순위가 낮음,9.0,3530,260,1,도시락,260,63,270,12690,300,350,2,1.12,251,953100,A,0.41267686794205877,1,100.0,28.9,12.46,FAST,83.9,False,38.0,LOW,유통기한 임박,2.6,20.6,0.0,SAFE,"재고 여유 — 현재고(260), 재주문점(21)",0.0,343.6,38.2,242614.0,20.1,OPTIMAL,"적정 발주 — EOQ(344개), 권장 발주 주기 38일",20.1,63.0,9.0,10.85,7.15,STABLE,28.9,5.5,WMA,5.5,32.8,10.0,0.28,10.0,7.5,5.0,POOR,낮은 매칭 · 핵심(A)상품,1.0,50.0,STABLE,5.6,LOW,76.6,HIGH,0.3,30.0,801903.0,100.0,0.385,0.385,39.5,True,44.0,123,22.1,404,100.0,0.999,4.9,77.9,50.0,REALLOCATE,81.3,2,99.8,73.5,23.4,turnover,54.4,모니터링,115,HEURISTIC 29% | ABC 14% | TURNOVER 14% | DISPOSAL_RISK 14% | SAFETY_STOCK 8% | EOQ 7% | DEMAND_FORECAST 7% | MATCH 5%,"['⏰ 유통기한 임박 (99%)', '❄️ 냉장·냉동 과잉 (61%)', '💸 배송비 상승 (100%)', '⚡ 복합 스트레스 (60%)']","{'재고위험': '25.3%', '판매가능성': '13.3%', '점포이동적합': '13.3%', '비용절감': '18.7%', '폐기회피이익': '14.5%', '실행가능성': '11.6%', '이력보정': '3.3%'}",True,True,False,True,False,True,57.8,25.6,52.0,55.0,72.0,50.0,69.1,51.5,0.0,63.7,검토,보류,⏸️,185,HIGH,신뢰도 높음 ●,#2e7d32,,,63.7,검토,보류,2,0,False,False,,50.0,14577.0,17175.0,14577.0,14.53,15.75,14.53,29.0,270.0,251.0,180.0,재고 이동,재고 이동,78.375,일치,78.375,51.294,27.033,17.525
유어스 스파클링 자몽,압구정점,이태원점,188.0,재배치 추천,16140.0,프로모션 순비용이 재배치 비용보다 높습니다.,32.101303199795574,17.17391304347826,18,0,67.3,검토 가능,16140.0,188.0,142,False,Greedy 선택 후보보다 우선순위가 낮음,3.7,850,273,5,냉장식품,273,26,111,4523,100,300,2,2.4,254,94350,B,0.8363975077842005,2,60.0,73.8,4.88,SLOW,59.0,True,59.9,MEDIUM,유통기한 임박 | 소진일수 74일 초과 | 신선/냉장 고위험 카테고리,5.6,13.0,0.0,SAFE,"재고 여유 — 현재고(273), 재주문점(13)",0.0,211.9,57.3,57645.0,26.2,OPTIMAL,"적정 발주 — EOQ(212개), 권장 발주 주기 57일",26.2,26.0,3.71,7.67,0.0,STABLE,73.5,0.0,WMA,0.0,32.1,10.0,3.6,6.0,7.5,5.0,POOR,낮은 매칭,1.004,50.1,STABLE,14.3,LOW,62.6,MEDIUM,0.3,30.0,194420.0,100.0,0.385,0.385,39.4,True,24.3,439,32.3,147,100.0,0.999,4.9,71.0,50.0,REALLOCATE,81.2,2,99.8,73.5,41.3,disposal_risk,44.9,모니터링,250,HEURISTIC 29% | ABC 14% | TURNOVER 14% | DISPOSAL_RISK 14% | SAFETY_STOCK 8% | EOQ 7% | DEMAND_FORECAST 7% | MATCH 5%,"['⏰ 유통기한 임박 (99%)', '❄️ 냉장·냉동 과잉 (61%)', '💸 배송비 상승 (100%)', '⚡ 복합 스트레스 (60%)']","{'재고위험': '25.3%', '판매가능성': '13.3%', '점포이동적합': '13.3%', '비용절감': '18.7%', '폐기회피이익': '14.5%', '실행가능성': '11.6%', '이력보정': '3.3%'}",True,True,False,True,False,True,55.1,22.9,53.0,55.9,72.0,50.0,58.3,50.7,0.0,50.7,검토,보류,⏸️,255,HIGH,신뢰도 높음 ●,#2e7d32,,,50.7,검토,보류,1,1,True,False,,50.0,0.0,16140.0,16140.0,0.0,14.600000000000001,14.600000000000001,29.0,111.0,254.0,188.0,재고 이동,재고 이동,77.088,일치,77.088,50.882,27.091,17.279
유어스 국물떡볶이,선릉점,압구정점,194.0,재배치 추천,17319.0,프로모션 순비용이 재배치 비용보다 높습니다.,31.43181624598961,17.82608695652174,18,0,67.3,검토 가능,17319.0,194.0,143,False,Greedy 선택 후보보다 우선순위가 낮음,11.1,3110,259,1,김밥,259,78,333,15425,400,350,3,3.25,247,1035630,A,0.1118789381447873,1,100.0,23.3,15.43,FAST,87.1,False,38.0,LOW,유통기한 임박,9.3,42.6,0.0,SAFE,"재고 여유 — 현재고(259), 재주문점(43)",0.0,448.3,40.4,278824.0,35.4,UNDER,과소 발주 위험 — 현재(250개) < EOQ(448개). 발주량 증가 검토,35.4,77.9,11.13,16.49,5.77,STABLE,23.3,8.1,WMA,8.1,32.9,10.0,0.4,10.0,7.5,5.0,POOR,낮은 매칭 · 핵심(A)상품,1.004,50.1,STABLE,4.5,LOW,76.6,HIGH,0.3,30.0,784289.0,100.0,0.385,0.385,38.7,False,58.8,78,22.1,404,100.0,0.999,4.9,66.2,50.0,REALLOCATE,81.1,2,99.8,73.5,23.3,turnover,57.8,검토 필요,66,HEURISTIC 29% | ABC 14% | TURNOVER 14% | DISPOSAL_RISK 14% | SAFETY_STOCK 8% | EOQ 7% | DEMAND_FORECAST 7% | MATCH 5%,"['⏰ 유통기한 임박 (99%)', '❄️ 냉장·냉동 과잉 (61%)', '💸 배송비 상승 (100%)', '⚡ 복합 스트레스 (60%)']","{'재고위험': '25.3%', '판매가능성': '13.3%', '점포이동적합': '13.3%', '비용절감': '18.7%', '폐기회피이익': '14.5%', '실행가능성': '11.6%', '이력보정': '3.3%'}",True,True,False,True,False,True,58.7,26.8,50.8,57.3,72.0,50.0,77.2,52.1,0.0,75.6,권장,보류,⏸️,121,HIGH,신뢰도 높음 ●,#2e7d32,,,75.6,권장,보류,0,1,False,False,,50.0,0.0,17319.0,17319.0,0.0,15.91,15.91,32.0,333.0,247.0,194.0,재고 이동,재고 이동,80.679,일치,80.679,52.832,27.885,17.992
농심 육개장사발면,명동점,마포점,162.0,재배치 추천,11265.0,프로모션 순비용이 재배치 비용보다 높습니다.,34.8695380596803,14.347826086956522,18,0,67.2,검토 가능,11265.0,162.0,144,False,Greedy 선택 후보보다 우선순위가 낮음,8.3,1790,277,1,김밥,278,58,249,5151,400,350,3,1.72,268,445710,A,0.6821352269094287,1,100.0,33.4,10.75,NORMAL,81.4,False,39.7,LOW,유통기한 임박,4.9,29.8,0.0,SAFE,"재고 여유 — 현재고(277), 재주문점(30)",0.0,295.3,35.6,105703.0,6.3,OPTIMAL,"적정 발주 — EOQ(295개), 권장 발주 주기 36일",6.3,58.0,8.29,11.12,5.45,STABLE,33.4,3.5,WMA,3.5,32.7,10.0,0.18,10.0,7.5,5.0,POOR,낮은 매칭 · 핵심(A)상품,0.998,50.0,STABLE,6.5,LOW,76.6,HIGH,0.3,30.0,401511.0,100.0,0.385,0.385,38.7,False,31.5,246,22.8,372,100.0,0.999,4.9,75.1,50.0,REALLOCATE,80.9,2,99.8,73.4,23.6,turnover,51.9,모니터링,157,HEURISTIC 29% | ABC 14% | TURNOVER 14% | DISPOSAL_RISK 14% | SAFETY_STOCK 8% | EOQ 7% | DEMAND_FORECAST 7% | MATCH 5%,"['⏰ 유통기한 임박 (99%)', '❄️ 냉장·냉동 과잉 (61%)', '💸 배송비 상승 (100%)', '⚡ 복합 스트레스 (60%)']","{'재고위험': '25.3%', '판매가능성': '13.3%', '점포이동적합': '13.3%', '비용절감': '18.7%', '폐기회피이익': '14.5%', '실행가능성': '11.6%', '이력보정': '3.3%'}",True,True,False,True,False,True,57.9,24.5,51.8,52.9,72.0,50.0,62.2,50.9,0.0,53.6,검토,보류,⏸️,239,HIGH,신뢰도 높음 ●,#2e7d32,,,53.6,검토,보류,1,0,False,False,,50.0,11265.0,29838.0,11265.0,10.85,29.82,10.85,22.0,249.0,268.0,162.0,재고 이동,재고 이동,76.813,일치,76.813,50.26,26.525,17.188
서울우유 요구르트,이태원점,여의도2점,154.0,재배치 추천,9861.0,프로모션 순비용이 재배치 비용보다 높습니다.,35.666789699327104,13.478260869565217,18,0,67.1,검토 가능,9861.0,154.0,145,False,Greedy 선택 후보보다 우선순위가 낮음,6.1,970,279,2,김밥,279,43,183,13575,400,350,1,2.95,266,177510,C,0.9746620764751487,3,20.0,45.7,7.87,NORMAL,74.6,False,45.9,MEDIUM,유통기한 임박,4.9,11.0,0.0,SAFE,"재고 여유 — 현재고(279), 재주문점(11)",0.0,558.2,91.5,108292.0,40.7,UNDER,과소 발주 위험 — 현재(274개) < EOQ(558개). 발주량 증가 검토,40.7,42.9,6.13,11.0,1.26,STABLE,45.5,1.9,WMA,1.9,29.2,10.0,3.7,3.0,7.5,5.0,POOR,낮은 매칭,1.007,50.2,STABLE,8.9,LOW,73.1,HIGH,0.3,30.0,230995.0,100.0,0.385,0.385,43.3,False,23.7,450,25.0,335,100.0,0.999,4.9,73.8,50.0,REALLOCATE,80.8,2,99.8,73.4,40.6,turnover,37.9,후순위,377,HEURISTIC 29% | ABC 14% | TURNOVER 14% | DISPOSAL_RISK 14% | SAFETY_STOCK 8% | EOQ 7% | DEMAND_FORECAST 7% | MATCH 5%,"['⏰ 유통기한 임박 (99%)', '❄️ 냉장·냉동 과잉 (61%)', '💸 배송비 상승 (100%)', '⚡ 복합 스트레스 (60%)']","{'재고위험': '25.3%', '판매가능성': '13.3%', '점포이동적합': '13.3%', '비용절감': '18.7%', '폐기회피이익': '14.5%', '실행가능성': '11.6%', '이력보정': '3.3%'}",True,True,False,True,False,True,46.9,24.7,50.5,58.0,72.0,50.0,57.9,48.9,0.0,20.5,검토,보류,⏸️,417,HIGH,신뢰도 높음 ●,#2e7d32,,,20.5,검토,보류,1,0,False,False,,50.0,9861.0,16635.0,9861.0,9.29,15.149999999999999,9.29,19.0,183.0,266.0,154.0,재고 이동,재고 이동,72.964,일치,72.964,48.189,25.734,16.403
유어스 스파클링 자몽,청량리점,신촌2점,168.0,재배치 추천,12894.0,프로모션 순비용이 재배치 비용보다 높습니다.,33.94452173419267,15.0,18,0,66.9,검토 가능,12894.0,168.0,146,False,Greedy 선택 후보보다 우선순위가 낮음,11.7,850,263,2,냉장식품,263,82,351,6696,100,300,3,3.5,239,298350,B,0.8363975077842005,2,60.0,22.5,16.02,FAST,87.5,False,46.0,MEDIUM,유통기한 임박 | 신선/냉장 고위험 카테고리,10.0,45.1,0.0,SAFE,"재고 여유 — 현재고(263), 재주문점(45)",0.0,458.5,39.2,124723.0,35.9,UNDER,과소 발주 위험 — 현재(253개) < EOQ(458개). 발주량 증가 검토,35.9,82.0,11.71,17.49,5.94,STABLE,22.5,8.5,WMA,8.5,32.5,10.0,4.02,6.0,7.5,5.0,POOR,낮은 매칭,1.001,50.0,STABLE,4.4,LOW,73.1,HIGH,0.3,30.0,175266.0,100.0,0.385,0.385,38.7,True,63.8,54,25.2,324,100.0,0.999,4.9,75.0,50.0,REALLOCATE,80.7,2,99.8,73.4,36.8,turnover,52.9,모니터링,143,HEURISTIC 29% | ABC 14% | TURNOVER 14% | DISPOSAL_RISK 14% | SAFETY_STOCK 8% | EOQ 7% | DEMAND_FORECAST 7% | MATCH 5%,"['⏰ 유통기한 임박 (99%)', '❄️ 냉장·냉동 과잉 (61%)', '💸 배송비 상승 (100%)', '⚡ 복합 스트레스 (60%)']","{'재고위험': '25.3%', '판매가능성': '13.3%', '점포이동적합': '13.3%', '비용절감': '18.7%', '폐기회피이익': '14.5%', '실행가능성': '11.6%', '이력보정': '3.3%'}",True,True,False,True,False,True,56.4,27.0,52.2,57.2,72.0,50.0,80.0,51.7,0.0,67.1,권장,보류,⏸️,167,HIGH,신뢰도 높음 ●,#2e7d32,,,67.1,권장,보류,0,0,True,False,,50.0,12894.0,25959.0,12894.0,12.66,25.509999999999998,12.66,25.0,351.0,239.0,168.0,재고 이동,재고 이동,76.703,일치,76.703,50.568,26.94,17.24
유어스 치즈핫도그,건대점,노원점,188.0,재배치 추천,17070.0,프로모션 순비용이 재배치 비용보다 높습니다.,31.5732091649868,17.17391304347826,18,0,66.7,검토 가능,17070.0,188.0,147,False,Greedy 선택 후보보다 우선순위가 낮음,6.2,4400,248,1,도시락,248,43,186,8870,400,350,2,1.15,241,818400,A,0.18855229419502584,1,100.0,40.0,9.0,NORMAL,77.8,False,43.0,MEDIUM,유통기한 임박,2.7,15.1,0.0,SAFE,"재고 여유 — 현재고(248), 재주문점(15)",0.0,213.6,34.5,187958.0,14.8,OPTIMAL,"적정 발주 — EOQ(214개), 권장 발주 주기 34일",14.8,43.2,6.17,8.07,4.27,STABLE,40.2,2.6,WMA,2.6,36.2,10.0,3.73,10.0,7.5,5.0,POOR,낮은 매칭 · 핵심(A)상품,0.991,49.8,STABLE,8.0,LOW,76.6,HIGH,0.3,30.0,1050770.0,100.0,0.385,0.385,39.4,True,27.6,365,25.0,335,100.0,0.999,4.9,73.6,50.0,REALLOCATE,80.5,2,99.8,73.3,24.9,turnover,52.8,모니터링,146,HEURISTIC 29% | ABC 14% | TURNOVER 14% | DISPOSAL_RISK 14% | SAFETY_STOCK 8% | EOQ 7% | DEMAND_FORECAST 7% | MATCH 5%,"['⏰ 유통기한 임박 (99%)', '❄️ 냉장·냉동 과잉 (61%)', '💸 배송비 상승 (100%)', '⚡ 복합 스트레스 (60%)']","{'재고위험': '25.3%', '판매가능성': '13.3%', '점포이동적합': '13.3%', '비용절감': '18.7%', '폐기회피이익': '14.5%', '실행가능성': '11.6%', '이력보정': '3.3%'}",True,True,False,True,False,True,58.5,24.1,53.6,53.9,72.0,50.0,60.1,51.5,0.0,63.1,검토,보류,⏸️,188,HIGH,신뢰도 높음 ●,#2e7d32,,,63.1,검토,보류,1,0,False,False,,50.0,17070.0,32799.0,17070.0,17.3,33.11,17.3,35.0,186.0,241.0,188.0,재고 이동,재고 이동,77.606,일치,77.606,51.0,27.05,17.391
유어스 에그마요샌드위치,강남2점,혜화점,166.0,재배치 추천,13128.0,프로모션 순비용이 재배치 비용보다 높습니다.,33.8116464609182,14.782608695652174,18,0,66.6,검토 가능,13128.0,166.0,148,False,Greedy 선택 후보보다 우선순위가 낮음,5.4,1710,266,2,샐러드,266,38,162,11779,400,350,1,1.93,255,277020,B,0.9460132328990509,2,60.0,49.3,7.31,NORMAL,72.6,False,47.6,MEDIUM,유통기한 임박,3.2,8.6,0.0,SAFE,"재고 여유 — 현재고(266), 재주문점(9)",0.0,368.5,68.2,126016.0,22.9,OPTIMAL,"적정 발주 — EOQ(368개), 권장 발주 주기 68일",22.9,37.9,5.41,8.6,2.23,STABLE,49.1,1.4,WMA,1.4,32.2,10.0,3.67,6.0,7.5,5.0,POOR,낮은 매칭,1.005,50.1,STABLE,9.6,LOW,73.1,HIGH,0.3,30.0,393904.0,100.0,0.385,0.385,43.3,True,22.6,462,26.4,256,100.0,0.999,4.9,77.9,50.0,REALLOCATE,80.4,2,99.8,73.3,40.1,turnover,44.2,모니터링,259,HEURISTIC 29% | ABC 14% | TURNOVER 14% | DISPOSAL_RISK 14% | SAFETY_STOCK 8% | EOQ 7% | DEMAND_FORECAST 7% | MATCH 5%,"['⏰ 유통기한 임박 (99%)', '❄️ 냉장·냉동 과잉 (61%)', '💸 배송비 상승 (100%)', '⚡ 복합 스트레스 (60%)']","{'재고위험': '25.3%', '판매가능성': '13.3%', '점포이동적합': '13.3%', '비용절감': '18.7%', '폐기회피이익': '14.5%', '실행가능성': '11.6%', '이력보정': '3.3%'}",True,True,False,True,False,True,53.2,24.4,52.6,55.1,72.0,50.0,57.3,50.2,0.0,41.9,검토,보류,⏸️,302,HIGH,신뢰도 높음 ●,#2e7d32,,,41.9,검토,보류,1,0,False,False,,50.0,13128.0,25401.0,13128.0,12.92,24.89,12.92,26.0,162.0,255.0,166.0,재고 이동,재고 이동,74.63,일치,74.63,49.191,26.191,16.77
유어스 방울토마토,사당점,신촌2점,170.0,재배치 추천,13830.0,프로모션 순비용이 재배치 비용보다 높습니다.,33.4130206410948,15.217391304347828,18,0,66.6,검토 가능,13830.0,170.0,149,False,Greedy 선택 후보보다 우선순위가 낮음,11.0,3530,260,2,샐러드,260,77,330,6131,300,350,1,2.87,238,1164900,A,0.41267686794205877,1,100.0,23.6,15.23,FAST,86.9,False,38.0,LOW,유통기한 임박,4.7,15.7,0.0,SAFE,"재고 여유 — 현재고(260), 재주문점(16)",0.0,264.1,24.0,186434.0,2.7,OPTIMAL,"적정 발주 — EOQ(264개), 권장 발주 주기 24일",2.7,77.0,11.0,15.74,6.26,STABLE,23.6,8.0,WMA,8.0,32.9,10.0,0.4,10.0,7.5,5.0,POOR,낮은 매칭 · 핵심(A)상품,1.0,50.0,STABLE,4.6,LOW,73.1,HIGH,0.3,30.0,757290.0,100.0,0.385,0.385,43.5,True,58.6,79,22.1,404,100.0,0.999,4.9,75.0,50.0,REALLOCATE,80.3,2,99.8,73.3,23.4,turnover,54.8,모니터링,105,HEURISTIC 29% | ABC 14% | TURNOVER 14% | DISPOSAL_RISK 14% | SAFETY_STOCK 8% | EOQ 7% | DEMAND_FORECAST 7% | MATCH 5%,"['⏰ 유통기한 임박 (99%)', '❄️ 냉장·냉동 과잉 (61%)', '💸 배송비 상승 (100%)', '⚡ 복합 스트레스 (60%)']","{'재고위험': '25.3%', '판매가능성': '13.3%', '점포이동적합': '13.3%', '비용절감': '18.7%', '폐기회피이익': '14.5%', '실행가능성': '11.6%', '이력보정': '3.3%'}",True,True,False,True,False,True,58.6,27.7,51.7,52.0,72.0,50.0,77.1,51.4,0.0,60.5,검토,보류,⏸️,202,HIGH,신뢰도 높음 ●,#2e7d32,,,60.5,검토,보류,2,0,False,False,,50.0,13830.0,19596.0,13830.0,13.7,18.439999999999998,13.7,27.0,330.0,238.0,170.0,재고 이동,재고 이동,75.597,일치,75.597,49.454,26.059,16.958
혜자로운 집밥 함박스테이크,성남4점,건대4점,190.0,재배치 추천,17655.0,프로모션 순비용이 재배치 비용보다 높습니다.,31.24102098180063,17.391304347826086,18,0,66.6,검토 가능,17655.0,190.0,150,False,Greedy 선택 후보보다 우선순위가 낮음,12.5,2820,275,1,냉장식품,275,88,375,6704,300,300,4,2.35,262,1057500,A,0.3196923169211457,1,100.0,22.0,16.36,FAST,87.8,False,46.0,MEDIUM,유통기한 임박 | 신선/냉장 고위험 카테고리,7.8,57.8,0.0,SAFE,"재고 여유 — 현재고(275), 재주문점(58)",0.0,260.4,20.8,234954.0,2.6,OPTIMAL,"적정 발주 — EOQ(260개), 권장 발주 주기 21일",2.6,87.8,12.54,16.42,8.67,STABLE,21.9,8.8,WMA,8.8,36.5,10.0,4.04,10.0,7.5,5.0,POOR,낮은 매칭 · 핵심(A)상품,1.006,50.1,STABLE,4.3,LOW,76.6,HIGH,0.3,30.0,682305.0,100.0,0.385,0.385,38.6,True,65.7,44,26.0,280,100.0,0.999,4.9,79.5,50.0,REALLOCATE,80.1,2,99.8,73.3,24.3,turnover,59.1,검토 필요,57,HEURISTIC 29% | ABC 14% | TURNOVER 14% | DISPOSAL_RISK 14% | SAFETY_STOCK 8% | EOQ 7% | DEMAND_FORECAST 7% | MATCH 5%,"['⏰ 유통기한 임박 (99%)', '❄️ 냉장·냉동 과잉 (61%)', '💸 배송비 상승 (100%)', '⚡ 복합 스트레스 (60%)']","{'재고위험': '25.3%', '판매가능성': '13.3%', '점포이동적합': '13.3%', '비용절감': '18.7%', '폐기회피이익': '14.5%', '실행가능성': '11.6%', '이력보정': '3.3%'}",True,True,False,True,False,True,62.5,27.2,54.6,52.0,72.0,50.0,81.0,52.6,0.0,82.7,최적,보류,⏸️,83,HIGH,신뢰도 높음 ●,#2e7d32,,,82.7,최적,보류,0,0,True,False,,50.0,17655.0,25446.0,17655.0,17.95,24.94,17.95,36.0,375.0,262.0,190.0,재고 이동,재고 이동,79.585,일치,79.585,52.141,27.553,17.783
유어스 불고기피자,안양4점,홍대4점,230.0,재배치 추천,25377.0,프로모션 순비용이 재배치 비용보다 높습니다.,26.85613696374322,21.73913043478261,18,0,66.6,검토 가능,25377.0,230.0,151,False,Greedy 선택 후보보다 우선순위가 낮음,2.5,2260,275,3,우유,275,18,75,11999,500,250,1,6.88,267,169500,B,0.8465497611767049,2,60.0,110.0,3.27,DEAD,38.9,True,68.0,HIGH,유통기한 임박 | 소진일수 110일 초과,11.4,13.9,0.0,SAFE,"재고 여유 — 현재고(275), 재주문점(14)",0.0,220.1,88.0,99489.0,19.8,OPTIMAL,"적정 발주 — EOQ(220개), 권장 발주 주기 88일",19.8,17.8,2.54,13.89,0.0,STABLE,108.1,0.0,WMA,0.0,36.9,10.0,8.4,6.0,7.5,5.0,POOR,낮은 매칭 · 폐기위험 높음,1.029,50.7,STABLE,21.4,LOW,69.6,MEDIUM,0.3,30.0,713383.0,100.0,0.385,0.385,43.3,True,28.8,332,38.3,32,100.0,0.999,4.9,70.0,50.0,DISCOUNT,80.0,2,99.8,73.3,41.8,disposal_risk,43.3,모니터링,278,HEURISTIC 29% | ABC 14% | TURNOVER 14% | DISPOSAL_RISK 14% | SAFETY_STOCK 8% | EOQ 7% | DEMAND_FORECAST 7% | MATCH 5%,"['⏰ 유통기한 임박 (99%)', '❄️ 냉장·냉동 과잉 (61%)', '💸 배송비 상승 (100%)', '⚡ 복합 스트레스 (60%)']","{'재고위험': '25.3%', '판매가능성': '13.3%', '점포이동적합': '13.3%', '비용절감': '18.7%', '폐기회피이익': '14.5%', '실행가능성': '11.6%', '이력보정': '3.3%'}",True,True,False,True,False,True,53.4,23.9,56.3,54.6,72.0,50.0,60.8,50.6,0.0,48.8,검토,할인 판매,🏷️,265,HIGH,신뢰도 높음 ●,#2e7d32,,,48.8,검토,할인 판매,0,1,False,False,,50.0,25377.0,32151.0,25377.0,26.53,32.39,26.53,53.0,75.0,267.0,230.0,재고 이동,재고 이동,78.476,일치,78.476,52.125,27.995,17.578
브레디크 골든단팥빵,상암점,신촌5점,134.0,재배치 추천,7152.0,프로모션 순비용이 재배치 비용보다 높습니다.,37.205076516850745,11.304347826086957,18,0,66.5,검토 가능,7152.0,134.0,152,False,Greedy 선택 후보보다 우선순위가 낮음,4.6,1360,274,3,신선식품,274,32,138,7951,400,300,2,1.45,260,187680,C,0.9810345678353668,3,20.0,59.6,6.04,NORMAL,66.9,False,62.8,HIGH,유통기한 임박 | 신선/냉장 고위험 카테고리,3.4,12.6,0.0,SAFE,"재고 여유 — 현재고(274), 재주문점(13)",0.0,236.8,51.5,112734.0,14.3,OPTIMAL,"적정 발주 — EOQ(237개), 권장 발주 주기 52일",14.3,32.1,4.59,6.98,2.19,STABLE,59.8,0.0,WMA,0.0,33.9,10.0,8.4,3.0,7.5,5.0,POOR,낮은 매칭 · 폐기위험 높음,0.994,49.8,STABLE,11.7,LOW,69.6,MEDIUM,0.3,30.0,265136.0,100.0,0.385,0.385,39.4,True,26.1,399,33.2,132,100.0,0.999,4.9,77.7,50.0,DISCOUNT,79.9,2,99.8,73.3,39.7,disposal_risk,39.2,후순위,359,HEURISTIC 29% | ABC 14% | TURNOVER 14% | DISPOSAL_RISK 14% | SAFETY_STOCK 8% | EOQ 7% | DEMAND_FORECAST 7% | MATCH 5%,"['⏰ 유통기한 임박 (99%)', '❄️ 냉장·냉동 과잉 (61%)', '💸 배송비 상승 (100%)', '⚡ 복합 스트레스 (60%)']","{'재고위험': '25.3%', '판매가능성': '13.3%', '점포이동적합': '13.3%', '비용절감': '18.7%', '폐기회피이익': '14.5%', '실행가능성': '11.6%', '이력보정': '3.3%'}",True,True,False,True,False,True,52.5,22.8,54.7,53.7,72.0,50.0,59.3,49.9,0.0,36.5,검토,할인 판매,🏷️,331,HIGH,신뢰도 높음 ●,#2e7d32,,,36.5,검토,할인 판매,1,0,False,False,,50.0,7152.0,17994.0,7152.0,6.28,16.66,6.28,13.0,138.0,260.0,134.0,재고 이동,재고 이동,70.91,일치,70.91,46.938,25.104,16.037
카페25 헤이즐넛라떼,종로점,용산점,138.0,재배치 추천,7872.0,프로모션 순비용이 재배치 비용보다 높습니다.,36.796229522160075,11.73913043478261,18,0,66.5,검토 가능,7872.0,138.0,153,False,Greedy 선택 후보보다 우선순위가 낮음,4.7,1510,273,2,냉장식품,273,33,141,6789,150,300,3,6.8,263,212910,A,0.7529074215391148,1,100.0,58.1,6.2,NORMAL,67.7,False,60.0,HIGH,유통기한 임박 | 신선/냉장 고위험 카테고리,19.4,33.5,0.0,SAFE,"재고 여유 — 현재고(273), 재주문점(34)",0.0,219.6,46.7,106091.0,15.5,OPTIMAL,"적정 발주 — EOQ(220개), 권장 발주 주기 47일",15.5,33.0,4.71,15.93,0.0,STABLE,57.9,0.3,WMA,0.3,40.9,10.0,8.41,10.0,7.5,5.0,FAIR,보통 매칭 · 폐기위험 높음 · 핵심(A)상품,1.003,50.1,STABLE,11.3,LOW,73.1,HIGH,0.3,30.0,262884.0,100.0,0.385,0.385,38.7,True,26.4,391,33.4,127,100.0,0.999,4.9,77.4,50.0,DISCOUNT,79.7,1,100.0,73.3,26.0,disposal_risk,55.7,검토 필요,91,HEURISTIC 29% | ABC 14% | TURNOVER 14% | DISPOSAL_RISK 14% | SAFETY_STOCK 8% | EOQ 7% | DEMAND_FORECAST 7% | MATCH 5%,"['⏰ 유통기한 임박 (99%)', '❄️ 냉장·냉동 과잉 (61%)', '💸 배송비 상승 (100%)', '⚡ 복합 스트레스 (60%)']","{'재고위험': '25.3%', '판매가능성': '13.3%', '점포이동적합': '13.3%', '비용절감': '18.7%', '폐기회피이익': '14.5%', '실행가능성': '11.6%', '이력보정': '3.3%'}",True,True,False,True,False,True,63.4,22.9,57.8,53.9,72.0,50.0,59.5,53.1,0.0,88.1,최적,할인 판매,🏷️,54,HIGH,신뢰도 높음 ●,#2e7d32,,,88.1,최적,할인 판매,1,0,False,False,,50.0,7872.0,16896.0,7872.0,7.08,15.44,7.08,14.0,141.0,263.0,138.0,재고 이동,재고 이동,77.686,일치,77.686,51.015,26.936,17.463
농심 육개장사발면,혜화점,마포점,162.0,재배치 추천,12543.0,프로모션 순비용이 재배치 비용보다 높습니다.,34.14383464410437,14.347826086956522,18,0,66.5,검토 가능,12543.0,162.0,154,False,Greedy 선택 후보보다 우선순위가 낮음,2.3,1790,267,5,김밥,270,16,69,5024,400,350,4,4.52,255,123510,A,0.6821352269094287,1,100.0,116.1,3.07,DEAD,35.5,True,60.0,HIGH,유통기한 임박 | 소진일수 116일 초과,14.9,24.1,0.0,SAFE,"재고 여유 — 현재고(267), 재주문점(24)",0.0,153.5,66.7,54953.0,64.2,OVER,과잉 발주 위험 — 현재(252개) > EOQ(154개). 발주 주기 67일 권장,64.2,16.0,2.29,9.74,0.0,STABLE,116.8,0.0,WMA,0.0,40.9,10.0,8.4,10.0,7.5,5.0,FAIR,보통 매칭 · 폐기위험 높음 · 핵심(A)상품,0.994,49.8,STABLE,22.7,LOW,62.6,MEDIUM,0.3,30.0,400233.0,100.0,0.385,0.385,38.6,False,25.8,406,36.2,76,100.0,0.999,4.9,75.1,50.0,DISCOUNT,79.6,2,99.8,73.3,27.7,disposal_risk,51.7,모니터링,159,HEURISTIC 29% | ABC 14% | TURNOVER 14% | DISPOSAL_RISK 14% | SAFETY_STOCK 8% | EOQ 7% | DEMAND_FORECAST 7% | MATCH 5%,"['⏰ 유통기한 임박 (99%)', '❄️ 냉장·냉동 과잉 (61%)', '💸 배송비 상승 (100%)', '⚡ 복합 스트레스 (60%)']","{'재고위험': '25.3%', '판매가능성': '13.3%', '점포이동적합': '13.3%', '비용절감': '18.7%', '폐기회피이익': '14.5%', '실행가능성': '11.6%', '이력보정': '3.3%'}",True,True,False,True,False,True,54.9,22.7,58.2,61.2,72.0,50.0,59.1,52.3,0.0,78.4,권장,할인 판매,🏷️,106,HIGH,신뢰도 높음 ●,#2e7d32,,,78.4,권장,할인 판매,0,0,True,False,,50.0,12543.0,31143.0,12543.0,12.27,31.27,12.27,25.0,69.0,255.0,162.0,재고 이동,재고 이동,79.056,일치,79.056,52.38,27.966,17.783
브레디크 모찌롤,교대점,혜화점,164.0,재배치 추천,12876.0,프로모션 순비용이 재배치 비용보다 높습니다.,33.95474290905994,14.565217391304348,18,0,66.5,검토 가능,12876.0,164.0,155,False,Greedy 선택 후보보다 우선순위가 낮음,6.1,2820,249,2,김밥,249,43,183,8866,400,350,3,4.31,236,516060,A,0.5672473792465825,1,100.0,40.8,8.82,NORMAL,77.3,False,43.4,MEDIUM,유통기한 임박,12.3,30.6,0.0,SAFE,"재고 여유 — 현재고(249), 재주문점(31)",0.0,264.6,43.4,149221.0,8.4,OPTIMAL,"적정 발주 — EOQ(265개), 권장 발주 주기 43일",8.4,42.9,6.13,13.24,0.0,STABLE,40.6,2.6,WMA,2.6,36.2,10.0,3.73,10.0,7.5,5.0,POOR,낮은 매칭 · 핵심(A)상품,1.007,50.2,STABLE,7.9,LOW,73.1,HIGH,0.3,30.0,607700.0,100.0,0.385,0.385,38.7,False,27.8,356,25.2,324,100.0,0.999,4.9,77.9,50.0,DISCOUNT,79.5,2,99.8,73.3,25.1,turnover,52.2,모니터링,152,HEURISTIC 29% | ABC 14% | TURNOVER 14% | DISPOSAL_RISK 14% | SAFETY_STOCK 8% | EOQ 7% | DEMAND_FORECAST 7% | MATCH 5%,"['⏰ 유통기한 임박 (99%)', '❄️ 냉장·냉동 과잉 (61%)', '💸 배송비 상승 (100%)', '⚡ 복합 스트레스 (60%)']","{'재고위험': '25.3%', '판매가능성': '13.3%', '점포이동적합': '13.3%', '비용절감': '18.7%', '폐기회피이익': '14.5%', '실행가능성': '11.6%', '이력보정': '3.3%'}",True,True,False,True,False,True,58.5,24.1,54.1,52.8,72.0,50.0,60.2,51.3,0.0,60.0,검토,보류,⏸️,205,HIGH,신뢰도 높음 ●,#2e7d32,,,60.0,검토,보류,2,0,False,False,,50.0,12876.0,24546.0,12876.0,12.64,23.939999999999998,12.64,25.0,183.0,236.0,164.0,재고 이동,재고 이동,75.327,일치,75.327,49.415,26.115,16.931
유어스 방울토마토,성수점,신촌2점,170.0,재배치 추천,14019.0,프로모션 순비용이 재배치 비용보다 높습니다.,33.3056983049885,15.217391304347828,18,0,66.5,검토 가능,14019.0,170.0,156,False,Greedy 선택 후보보다 우선순위가 낮음,9.0,3530,260,1,도시락,260,63,270,12690,300,350,2,1.12,251,953100,A,0.41267686794205877,1,100.0,28.9,12.46,FAST,83.9,False,38.0,LOW,유통기한 임박,2.6,20.6,0.0,SAFE,"재고 여유 — 현재고(260), 재주문점(21)",0.0,343.6,38.2,242614.0,20.1,OPTIMAL,"적정 발주 — EOQ(344개), 권장 발주 주기 38일",20.1,63.0,9.0,10.85,7.15,STABLE,28.9,5.5,WMA,5.5,32.8,10.0,0.28,10.0,7.5,5.0,POOR,낮은 매칭 · 핵심(A)상품,1.0,50.0,STABLE,5.6,LOW,76.6,HIGH,0.3,30.0,757101.0,100.0,0.385,0.385,39.5,True,44.3,122,22.0,411,100.0,0.999,4.9,75.0,50.0,DISCOUNT,79.3,2,99.8,73.3,23.6,turnover,53.6,모니터링,131,HEURISTIC 29% | ABC 14% | TURNOVER 14% | DISPOSAL_RISK 14% | SAFETY_STOCK 8% | EOQ 7% | DEMAND_FORECAST 7% | MATCH 5%,"['⏰ 유통기한 임박 (99%)', '❄️ 냉장·냉동 과잉 (61%)', '💸 배송비 상승 (100%)', '⚡ 복합 스트레스 (60%)']","{'재고위험': '25.3%', '판매가능성': '13.3%', '점포이동적합': '13.3%', '비용절감': '18.7%', '폐기회피이익': '14.5%', '실행가능성': '11.6%', '이력보정': '3.3%'}",True,True,False,True,False,True,57.8,25.6,51.7,54.6,72.0,50.0,69.3,51.4,0.0,60.4,검토,보류,⏸️,203,HIGH,신뢰도 높음 ●,#2e7d32,,,60.4,검토,보류,2,0,False,False,,50.0,14019.0,16185.0,14019.0,13.91,14.65,13.91,28.0,270.0,251.0,170.0,재고 이동,재고 이동,77.456,일치,77.456,50.692,26.709,17.344
유어스 치즈핫도그,건대점,잠원점,148.0,재배치 추천,10023.0,프로모션 순비용이 재배치 비용보다 높습니다.,35.57479912552171,12.82608695652174,18,0,66.4,검토 가능,10023.0,148.0,157,False,Greedy 선택 후보보다 우선순위가 낮음,6.2,4400,248,1,도시락,248,43,186,8870,400,350,2,1.15,241,818400,A,0.18855229419502584,1,100.0,40.0,9.0,NORMAL,77.8,False,43.0,MEDIUM,유통기한 임박,2.7,15.1,0.0,SAFE,"재고 여유 — 현재고(248), 재주문점(15)",0.0,213.6,34.5,187958.0,14.8,OPTIMAL,"적정 발주 — EOQ(214개), 권장 발주 주기 34일",14.8,43.2,6.17,8.07,4.27,STABLE,40.2,2.6,WMA,2.6,36.2,10.0,3.73,10.0,7.5,5.0,POOR,낮은 매칭 · 핵심(A)상품,0.991,49.8,STABLE,8.0,LOW,76.6,HIGH,0.3,30.0,830617.0,100.0,0.385,0.385,39.4,True,27.7,360,25.0,335,100.0,0.999,4.9,77.4,50.0,DISCOUNT,79.2,2,99.8,73.3,25.0,turnover,52.6,모니터링,148,HEURISTIC 29% | ABC 14% | TURNOVER 14% | DISPOSAL_RISK 14% | SAFETY_STOCK 8% | EOQ 7% | DEMAND_FORECAST 7% | MATCH 5%,"['⏰ 유통기한 임박 (99%)', '❄️ 냉장·냉동 과잉 (61%)', '💸 배송비 상승 (100%)', '⚡ 복합 스트레스 (60%)']","{'재고위험': '25.3%', '판매가능성': '13.3%', '점포이동적합': '13.3%', '비용절감': '18.7%', '폐기회피이익': '14.5%', '실행가능성': '11.6%', '이력보정': '3.3%'}",True,True,False,True,False,True,58.5,24.1,54.0,53.7,72.0,50.0,60.1,51.5,0.0,63.3,검토,보류,⏸️,187,HIGH,신뢰도 높음 ●,#2e7d32,,,63.3,검토,보류,1,0,False,False,,50.0,10023.0,22242.0,10023.0,9.47,21.380000000000003,9.47,19.0,186.0,241.0,148.0,재고 이동,재고 이동,75.147,일치,75.147,49.267,26.007,16.902
브레디크 우유생크림빵,이태원점,강남점,192.0,재배치 추천,18444.0,프로모션 순비용이 재배치 비용보다 높습니다.,30.79299281678544,17.608695652173914,18,0,66.4,검토 가능,18444.0,192.0,158,False,Greedy 선택 후보보다 우선순위가 낮음,2.3,2390,257,5,냉장식품,257,16,69,6499,400,300,3,2.34,245,164910,A,0.6660533387920988,1,100.0,111.7,3.22,DEAD,37.9,True,68.0,HIGH,유통기한 임박 | 소진일수 112일 초과 | 신선/냉장 고위험 카테고리,6.7,13.6,0.0,SAFE,"재고 여유 — 현재고(257), 재주문점(14)",0.0,119.4,51.9,91353.0,100.0,OVER,과잉 발주 위험 — 현재(250개) > EOQ(119개). 발주 주기 52일 권장,100.0,16.0,2.29,6.15,0.0,STABLE,112.4,0.0,WMA,0.0,40.9,10.0,8.4,10.0,7.5,5.0,FAIR,보통 매칭 · 폐기위험 높음 · 핵심(A)상품,0.994,49.8,STABLE,21.9,LOW,62.6,MEDIUM,0.3,30.0,609012.0,100.0,0.385,0.385,38.7,True,29.3,315,39.2,20,100.0,0.999,4.9,69.2,50.0,DISCOUNT,79.1,2,99.8,73.3,26.4,disposal_risk,57.1,검토 필요,71,HEURISTIC 29% | ABC 14% | TURNOVER 14% | DISPOSAL_RISK 14% | SAFETY_STOCK 8% | EOQ 7% | DEMAND_FORECAST 7% | MATCH 5%,"['⏰ 유통기한 임박 (99%)', '❄️ 냉장·냉동 과잉 (61%)', '💸 배송비 상승 (100%)', '⚡ 복합 스트레스 (60%)']","{'재고위험': '25.3%', '판매가능성': '13.3%', '점포이동적합': '13.3%', '비용절감': '18.7%', '폐기회피이익': '14.5%', '실행가능성': '11.6%', '이력보정': '3.3%'}",True,True,False,True,False,True,59.2,22.7,58.2,66.5,72.0,50.0,61.0,54.4,0.0,95.9,최적,할인 판매,🏷️,12,HIGH,신뢰도 높음 ●,#2e7d32,,,95.9,최적,할인 판매,1,1,True,False,,50.0,0.0,18444.0,18444.0,0.0,17.16,17.16,34.0,69.0,245.0,192.0,재고 이동,재고 이동,85.212,일치,85.212,56.546,30.206,19.087
유어스 국물떡볶이,노원점,압구정점,194.0,재배치 추천,18798.0,프로모션 순비용이 재배치 비용보다 높습니다.,30.591976377729196,17.82608695652174,18,0,66.4,검토 가능,18798.0,194.0,159,False,Greedy 선택 후보보다 우선순위가 낮음,3.1,3110,269,4,김밥,269,22,93,12537,400,350,2,2.5,256,289230,A,0.1118789381447873,1,100.0,86.8,4.15,SLOW,51.8,True,58.4,MEDIUM,유통기한 임박 | 소진일수 87일 초과,5.8,12.0,0.0,SAFE,"재고 여유 — 현재고(269), 재주문점(12)",0.0,213.6,68.9,132842.0,23.2,OPTIMAL,"적정 발주 — EOQ(214개), 권장 발주 주기 69일",23.2,21.9,3.13,7.25,0.0,STABLE,86.0,0.0,WMA,0.0,36.1,10.0,3.6,10.0,7.5,5.0,POOR,낮은 매칭 · 핵심(A)상품,1.014,50.3,STABLE,16.9,LOW,66.1,MEDIUM,0.3,30.0,782810.0,100.0,0.385,0.385,39.5,False,24.4,437,33.1,136,100.0,0.999,4.9,66.2,50.0,DISCOUNT,78.9,2,99.8,73.3,27.7,disposal_risk,50.3,모니터링,179,HEURISTIC 29% | ABC 14% | TURNOVER 14% | DISPOSAL_RISK 14% | SAFETY_STOCK 8% | EOQ 7% | DEMAND_FORECAST 7% | MATCH 5%,"['⏰ 유통기한 임박 (99%)', '❄️ 냉장·냉동 과잉 (61%)', '💸 배송비 상승 (100%)', '⚡ 복합 스트레스 (60%)']","{'재고위험': '25.3%', '판매가능성': '13.3%', '점포이동적합': '13.3%', '비용절감': '18.7%', '폐기회피이익': '14.5%', '실행가능성': '11.6%', '이력보정': '3.3%'}",True,True,False,True,False,True,58.5,23.0,54.5,55.0,72.0,50.0,58.3,51.6,0.0,65.4,권장,보류,⏸️,176,HIGH,신뢰도 높음 ●,#2e7d32,,,65.4,권장,보류,0,1,False,False,,50.0,18798.0,31431.0,18798.0,19.22,31.59,19.22,38.0,93.0,256.0,194.0,재고 이동,재고 이동,79.092,일치,79.092,52.21,27.793,17.737
카페25 헤이즐넛라떼,종로점,이태원점,198.0,재배치 추천,19695.0,프로모션 순비용이 재배치 비용보다 높습니다.,30.082621163510407,18.26086956521739,18,0,66.3,검토 가능,19695.0,198.0,160,False,Greedy 선택 후보보다 우선순위가 낮음,4.7,1510,273,2,냉장식품,273,33,141,6789,150,300,3,6.8,263,212910,A,0.7529074215391148,1,100.0,58.1,6.2,NORMAL,67.7,False,60.0,HIGH,유통기한 임박 | 신선/냉장 고위험 카테고리,19.4,33.5,0.0,SAFE,"재고 여유 — 현재고(273), 재주문점(34)",0.0,219.6,46.7,106091.0,15.5,OPTIMAL,"적정 발주 — EOQ(220개), 권장 발주 주기 47일",15.5,33.0,4.71,15.93,0.0,STABLE,57.9,0.3,WMA,0.3,40.9,10.0,8.41,10.0,7.5,5.0,FAIR,보통 매칭 · 폐기위험 높음 · 핵심(A)상품,1.003,50.1,STABLE,11.3,LOW,73.1,HIGH,0.3,30.0,368781.0,100.0,0.385,0.385,38.7,True,26.4,391,33.3,129,100.0,0.999,4.9,71.0,50.0,DISCOUNT,78.8,2,99.8,73.3,26.1,disposal_risk,55.5,검토 필요,92,HEURISTIC 29% | ABC 14% | TURNOVER 14% | DISPOSAL_RISK 14% | SAFETY_STOCK 8% | EOQ 7% | DEMAND_FORECAST 7% | MATCH 5%,"['⏰ 유통기한 임박 (99%)', '❄️ 냉장·냉동 과잉 (61%)', '💸 배송비 상승 (100%)', '⚡ 복합 스트레스 (60%)']","{'재고위험': '25.3%', '판매가능성': '13.3%', '점포이동적합': '13.3%', '비용절감': '18.7%', '폐기회피이익': '14.5%', '실행가능성': '11.6%', '이력보정': '3.3%'}",True,True,False,True,False,True,63.4,22.9,57.2,53.8,72.0,50.0,59.4,53.0,0.0,87.0,최적,할인 판매,🏷️,60,HIGH,신뢰도 높음 ●,#2e7d32,,,87.0,최적,할인 판매,1,1,True,False,,50.0,0.0,19695.0,19695.0,0.0,18.549999999999997,18.549999999999997,37.0,141.0,263.0,198.0,재고 이동,재고 이동,81.167,일치,81.167,53.346,28.25,18.125
유어스 불고기피자,평촌5점,홍대4점,230.0,재배치 추천,25899.0,프로모션 순비용이 재배치 비용보다 높습니다.,26.55972289259249,21.73913043478261,18,0,66.3,검토 가능,25899.0,230.0,161,False,Greedy 선택 후보보다 우선순위가 낮음,5.5,2260,275,1,김밥,275,38,165,15101,500,350,1,0.87,269,372900,B,0.8465497611767049,2,60.0,50.0,7.2,NORMAL,72.2,False,48.0,MEDIUM,유통기한 임박,1.4,6.9,0.0,SAFE,"재고 여유 — 현재고(275), 재주문점(7)",0.0,366.2,66.6,165545.0,20.2,OPTIMAL,"적정 발주 — EOQ(366개), 권장 발주 주기 67일",20.2,38.2,5.46,6.89,4.02,STABLE,50.4,1.3,WMA,1.3,32.2,10.0,3.66,6.0,7.5,5.0,POOR,낮은 매칭,0.987,49.7,STABLE,10.0,LOW,76.6,HIGH,0.3,30.0,712861.0,100.0,0.385,0.385,43.8,False,22.6,462,26.6,249,100.0,0.999,4.9,70.0,50.0,DISCOUNT,78.7,2,99.8,73.3,40.3,turnover,43.7,모니터링,272,HEURISTIC 29% | ABC 14% | TURNOVER 14% | DISPOSAL_RISK 14% | SAFETY_STOCK 8% | EOQ 7% | DEMAND_FORECAST 7% | MATCH 5%,"['⏰ 유통기한 임박 (99%)', '❄️ 냉장·냉동 과잉 (61%)', '💸 배송비 상승 (100%)', '⚡ 복합 스트레스 (60%)']","{'재고위험': '25.3%', '판매가능성': '13.3%', '점포이동적합': '13.3%', '비용절감': '18.7%', '폐기회피이익': '14.5%', '실행가능성': '11.6%', '이력보정': '3.3%'}",True,True,False,True,False,True,53.3,24.3,51.8,54.5,72.0,50.0,57.3,50.0,0.0,38.4,검토,보류,⏸️,321,HIGH,신뢰도 높음 ●,#2e7d32,,,38.4,검토,보류,1,1,True,False,,50.0,25899.0,32475.0,25899.0,27.11,32.75,27.11,54.0,165.0,269.0,230.0,재고 이동,재고 이동,78.878,일치,78.878,52.085,27.843,17.595
브레디크 우유생크림빵,신촌2점,목동점,152.0,재배치 추천,11193.0,프로모션 순비용이 재배치 비용보다 높습니다.,34.91042275914937,13.260869565217392,18,0,66.2,검토 가능,11193.0,152.0,162,False,Greedy 선택 후보보다 우선순위가 낮음,2.3,2390,277,5,우유,277,16,69,6239,400,250,4,7.71,265,164910,A,0.6660533387920988,1,100.0,120.4,2.99,DEAD,33.1,True,60.0,HIGH,유통기한 임박 | 소진일수 120일 초과,25.4,34.6,0.0,SAFE,"재고 여유 — 현재고(277), 재주문점(35)",0.0,148.0,64.3,70761.0,70.0,OVER,과잉 발주 위험 — 현재(252개) > EOQ(148개). 발주 주기 64일 권장,70.0,16.0,2.29,15.01,0.0,STABLE,121.2,0.0,WMA,0.0,40.9,10.0,8.4,10.0,7.5,5.0,FAIR,보통 매칭 · 폐기위험 높음 · 핵심(A)상품,0.994,49.8,STABLE,23.6,LOW,62.6,MEDIUM,0.3,30.0,485543.0,100.0,0.385,0.385,38.6,True,25.9,402,36.4,72,100.0,0.999,4.9,77.7,50.0,DISCOUNT,78.5,2,99.8,73.2,27.5,disposal_risk,51.3,모니터링,165,HEURISTIC 29% | ABC 14% | TURNOVER 14% | DISPOSAL_RISK 14% | SAFETY_STOCK 8% | EOQ 7% | DEMAND_FORECAST 7% | MATCH 5%,"['⏰ 유통기한 임박 (99%)', '❄️ 냉장·냉동 과잉 (61%)', '💸 배송비 상승 (100%)', '⚡ 복합 스트레스 (60%)']","{'재고위험': '25.3%', '판매가능성': '13.3%', '점포이동적합': '13.3%', '비용절감': '18.7%', '폐기회피이익': '14.5%', '실행가능성': '11.6%', '이력보정': '3.3%'}",True,True,False,True,False,True,54.3,22.7,58.5,61.9,72.0,50.0,59.2,52.3,0.0,79.0,권장,할인 판매,🏷️,103,HIGH,신뢰도 높음 ●,#2e7d32,,,79.0,권장,할인 판매,0,0,True,False,,50.0,11193.0,20604.0,11193.0,10.77,19.560000000000002,10.77,22.0,69.0,265.0,152.0,재고 이동,재고 이동,79.173,일치,79.173,52.388,27.888,17.799
CJ 비비고 왕교자,압구정점,신촌2점,156.0,재배치 추천,11859.0,프로모션 순비용이 재배치 비용보다 높습니다.,34.5322392890605,13.695652173913043,18,0,66.2,검토 가능,11859.0,156.0,163,False,Greedy 선택 후보보다 우선순위가 낮음,3.4,5400,276,1,신선식품,276,24,102,12280,300,300,3,1.21,272,550800,A,0.2553498367000712,1,100.0,81.2,4.43,SLOW,54.9,True,73.6,HIGH,유통기한 임박 | 소진일수 81일 초과 | 신선/냉장 고위험 카테고리,3.5,13.7,0.0,SAFE,"재고 여유 — 현재고(276), 재주문점(14)",0.0,127.0,37.4,240011.0,100.0,OVER,과잉 발주 위험 — 현재(272개) > EOQ(127개). 발주 주기 37일 권장,100.0,23.9,3.41,5.41,1.42,STABLE,80.8,0.0,WMA,0.0,40.9,10.0,8.4,10.0,7.5,5.0,FAIR,보통 매칭 · 폐기위험 높음 · 핵심(A)상품,1.008,50.2,STABLE,15.8,LOW,76.6,HIGH,0.3,30.0,1045821.0,100.0,0.385,0.385,38.7,True,31.7,238,39.9,15,100.0,0.999,4.9,75.0,50.0,DISCOUNT,78.4,2,99.8,73.2,25.2,disposal_risk,62.5,검토 필요,33,HEURISTIC 29% | ABC 14% | TURNOVER 14% | DISPOSAL_RISK 14% | SAFETY_STOCK 8% | EOQ 7% | DEMAND_FORECAST 7% | MATCH 5%,"['⏰ 유통기한 임박 (99%)', '❄️ 냉장·냉동 과잉 (61%)', '💸 배송비 상승 (100%)', '⚡ 복합 스트레스 (60%)']","{'재고위험': '25.3%', '판매가능성': '13.3%', '점포이동적합': '13.3%', '비용절감': '18.7%', '폐기회피이익': '14.5%', '실행가능성': '11.6%', '이력보정': '3.3%'}",True,True,False,True,False,True,66.2,22.8,58.9,66.4,72.0,50.0,62.3,56.2,0.0,98.0,최적,할인 판매,🏷️,1,HIGH,신뢰도 높음 ●,#2e7d32,,,98.0,최적,할인 판매,1,0,False,False,,50.0,11859.0,14574.0,11859.0,11.51,12.860000000000001,11.51,23.0,102.0,272.0,156.0,재고 이동,재고 이동,87.523,일치,87.523,57.953,30.853,19.617
유어스 에그마요샌드위치,노원점,혜화점,166.0,재배치 추천,13794.0,프로모션 순비용이 재배치 비용보다 높습니다.,33.433462990829334,14.782608695652174,18,0,66.2,검토 가능,13794.0,166.0,164,False,Greedy 선택 후보보다 우선순위가 낮음,3.4,1710,266,1,도시락,266,24,102,11113,400,350,2,2.08,262,174420,B,0.9460132328990509,2,60.0,78.2,4.6,SLOW,56.6,True,62.1,HIGH,유통기한 임박 | 소진일수 78일 초과,4.9,11.7,0.0,SAFE,"재고 여유 — 현재고(266), 재주문점(12)",0.0,284.0,83.5,97125.0,6.5,OPTIMAL,"적정 발주 — EOQ(284개), 권장 발주 주기 84일",6.5,23.9,3.41,6.85,0.0,STABLE,77.9,0.0,WMA,0.0,36.9,10.0,8.4,6.0,7.5,5.0,POOR,낮은 매칭 · 폐기위험 높음,1.008,50.2,STABLE,15.2,LOW,76.6,HIGH,0.3,30.0,393238.0,100.0,0.385,0.385,39.4,True,26.3,395,34.3,111,100.0,0.999,4.9,77.9,50.0,DISCOUNT,78.3,2,99.8,73.2,41.9,disposal_risk,44.1,모니터링,262,HEURISTIC 29% | ABC 14% | TURNOVER 14% | DISPOSAL_RISK 14% | SAFETY_STOCK 8% | EOQ 7% | DEMAND_FORECAST 7% | MATCH 5%,"['⏰ 유통기한 임박 (99%)', '❄️ 냉장·냉동 과잉 (61%)', '💸 배송비 상승 (100%)', '⚡ 복합 스트레스 (60%)']","{'재고위험': '25.3%', '판매가능성': '13.3%', '점포이동적합': '13.3%', '비용절감': '18.7%', '폐기회피이익': '14.5%', '실행가능성': '11.6%', '이력보정': '3.3%'}",True,True,False,True,False,True,55.4,22.9,56.3,52.4,72.0,50.0,59.4,50.6,0.0,48.6,검토,할인 판매,🏷️,266,HIGH,신뢰도 높음 ●,#2e7d32,,,48.6,검토,할인 판매,0,0,True,False,,50.0,13794.0,31476.0,13794.0,13.66,31.64,13.66,27.0,102.0,262.0,166.0,재고 이동,재고 이동,74.036,일치,74.036,48.966,26.169,16.676
유어스 스트링치즈,용산점,잠원점,128.0,재배치 추천,6837.0,프로모션 순비용이 재배치 비용보다 높습니다.,37.38394707702791,10.652173913043478,18,0,66.0,검토 가능,6837.0,128.0,165,False,Greedy 선택 후보보다 우선순위가 낮음,2.2,780,268,6,도시락,268,15,66,11942,250,350,2,5.99,254,51480,B,0.9299891207098091,2,60.0,121.8,2.96,DEAD,32.3,True,60.0,HIGH,유통기한 임박 | 소진일수 122일 초과,14.0,18.4,0.0,SAFE,"재고 여유 — 현재고(268), 재주문점(18)",0.0,350.6,159.4,54698.0,22.0,OPTIMAL,"적정 발주 — EOQ(351개), 권장 발주 주기 159일",22.0,15.2,2.17,12.05,0.0,STABLE,123.4,0.0,WMA,0.0,36.9,10.0,8.4,6.0,7.5,5.0,POOR,낮은 매칭 · 폐기위험 높음,0.974,49.4,STABLE,24.3,LOW,59.1,MEDIUM,0.3,30.0,144971.0,100.0,0.385,0.385,39.4,True,25.4,415,35.8,80,100.0,0.999,4.9,77.4,50.0,DISCOUNT,78.1,2,99.8,73.2,44.3,disposal_risk,38.9,후순위,365,HEURISTIC 29% | ABC 14% | TURNOVER 14% | DISPOSAL_RISK 14% | SAFETY_STOCK 8% | EOQ 7% | DEMAND_FORECAST 7% | MATCH 5%,"['⏰ 유통기한 임박 (99%)', '❄️ 냉장·냉동 과잉 (61%)', '💸 배송비 상승 (100%)', '⚡ 복합 스트레스 (60%)']","{'재고위험': '25.3%', '판매가능성': '13.3%', '점포이동적합': '13.3%', '비용절감': '18.7%', '폐기회피이익': '14.5%', '실행가능성': '11.6%', '이력보정': '3.3%'}",True,True,False,True,False,True,48.1,22.7,56.5,54.6,72.0,50.0,58.9,49.1,0.0,22.3,검토,할인 판매,🏷️,407,HIGH,신뢰도 높음 ●,#2e7d32,,,22.3,검토,할인 판매,0,0,True,False,,50.0,6837.0,20703.0,6837.0,5.93,19.67,5.93,12.0,66.0,254.0,128.0,재고 이동,재고 이동,69.398,일치,69.398,45.966,24.536,15.73
카페25 헤이즐넛라떼,방배점,용산점,138.0,재배치 추천,8826.0,프로모션 순비용이 재배치 비용보다 높습니다.,36.25450725419494,11.73913043478261,18,0,66.0,검토 가능,8826.0,138.0,166,False,Greedy 선택 후보보다 우선순위가 낮음,6.7,1510,273,3,우유,273,47,201,7920,150,250,5,4.21,252,303510,A,0.7529074215391148,1,100.0,40.7,8.84,NORMAL,77.4,False,43.4,MEDIUM,유통기한 임박,15.5,49.0,0.0,SAFE,"재고 여유 — 현재고(273), 재주문점(49)",0.0,358.1,53.4,108160.0,22.5,OPTIMAL,"적정 발주 — EOQ(358개), 권장 발주 주기 53일",22.5,47.0,6.71,13.66,0.0,STABLE,40.7,2.6,WMA,2.6,36.2,10.0,3.73,10.0,7.5,5.0,POOR,낮은 매칭 · 핵심(A)상품,1.002,50.1,STABLE,7.9,LOW,69.6,MEDIUM,0.3,30.0,261930.0,100.0,0.385,0.385,38.6,True,28.1,350,25.1,333,100.0,0.999,4.9,77.4,50.0,DISCOUNT,78.0,2,99.8,73.2,25.2,turnover,52.8,모니터링,147,HEURISTIC 29% | ABC 14% | TURNOVER 14% | DISPOSAL_RISK 14% | SAFETY_STOCK 8% | EOQ 7% | DEMAND_FORECAST 7% | MATCH 5%,"['⏰ 유통기한 임박 (99%)', '❄️ 냉장·냉동 과잉 (61%)', '💸 배송비 상승 (100%)', '⚡ 복합 스트레스 (60%)']","{'재고위험': '25.3%', '판매가능성': '13.3%', '점포이동적합': '13.3%', '비용절감': '18.7%', '폐기회피이익': '14.5%', '실행가능성': '11.6%', '이력보정': '3.3%'}",True,True,False,True,False,True,58.5,24.0,54.1,54.7,72.0,50.0,60.4,51.7,0.0,65.8,권장,보류,⏸️,174,HIGH,신뢰도 높음 ●,#2e7d32,,,65.8,권장,보류,2,0,False,False,,50.0,8826.0,22512.0,8826.0,8.14,21.68,8.14,16.0,201.0,252.0,138.0,재고 이동,재고 이동,75.676,일치,75.676,49.618,26.194,17.015
CJ 비비고 왕교자,압구정점,이태원점,176.0,재배치 추천,16140.0,프로모션 순비용이 재배치 비용보다 높습니다.,32.101303199795574,15.869565217391305,18,0,66.0,검토 가능,16140.0,176.0,167,False,Greedy 선택 후보보다 우선순위가 낮음,3.4,5400,276,1,신선식품,276,24,102,12280,300,300,3,1.21,272,550800,A,0.2553498367000712,1,100.0,81.2,4.43,SLOW,54.9,True,73.6,HIGH,유통기한 임박 | 소진일수 81일 초과 | 신선/냉장 고위험 카테고리,3.5,13.7,0.0,SAFE,"재고 여유 — 현재고(276), 재주문점(14)",0.0,127.0,37.4,240011.0,100.0,OVER,과잉 발주 위험 — 현재(272개) > EOQ(127개). 발주 주기 37일 권장,100.0,23.9,3.41,5.41,1.42,STABLE,80.8,0.0,WMA,0.0,40.9,10.0,8.4,10.0,7.5,5.0,FAIR,보통 매칭 · 폐기위험 높음 · 핵심(A)상품,1.008,50.2,STABLE,15.8,LOW,76.6,HIGH,0.3,30.0,1177140.0,100.0,0.385,0.385,38.7,True,31.7,238,39.9,15,100.0,0.999,4.9,71.0,50.0,DISCOUNT,77.9,2,99.8,73.2,25.2,disposal_risk,62.3,검토 필요,35,HEURISTIC 29% | ABC 14% | TURNOVER 14% | DISPOSAL_RISK 14% | SAFETY_STOCK 8% | EOQ 7% | DEMAND_FORECAST 7% | MATCH 5%,"['⏰ 유통기한 임박 (99%)', '❄️ 냉장·냉동 과잉 (61%)', '💸 배송비 상승 (100%)', '⚡ 복합 스트레스 (60%)']","{'재고위험': '25.3%', '판매가능성': '13.3%', '점포이동적합': '13.3%', '비용절감': '18.7%', '폐기회피이익': '14.5%', '실행가능성': '11.6%', '이력보정': '3.3%'}",True,True,False,True,False,True,66.2,22.8,58.5,66.3,72.0,50.0,62.3,56.2,0.0,97.8,최적,할인 판매,🏷️,2,HIGH,신뢰도 높음 ●,#2e7d32,,,97.8,최적,할인 판매,1,1,True,False,,50.0,0.0,16140.0,16140.0,0.0,14.600000000000001,14.600000000000001,29.0,102.0,272.0,176.0,재고 이동,재고 이동,88.58,일치,88.58,58.643,31.245,19.8
혜자로운 집밥 함박스테이크,신림점,건대4점,190.0,재배치 추천,18690.0,프로모션 순비용이 재배치 비용보다 높습니다.,30.653303426932794,17.391304347826086,18,0,66.0,검토 가능,18690.0,190.0,168,False,Greedy 선택 후보보다 우선순위가 낮음,9.0,2820,270,1,신선식품,270,63,270,6841,300,300,5,2.1,261,761400,A,0.3196923169211457,1,100.0,30.0,12.0,FAST,83.3,False,48.0,MEDIUM,유통기한 임박 | 신선/냉장 고위험 카테고리,7.7,52.7,0.0,SAFE,"재고 여유 — 현재고(270), 재주문점(53)",0.0,213.4,23.7,210621.0,22.9,OPTIMAL,"적정 발주 — EOQ(213개), 권장 발주 주기 24일",22.9,63.0,9.0,12.46,5.54,STABLE,30.0,5.0,WMA,5.0,36.4,10.0,3.85,10.0,7.5,5.0,POOR,낮은 매칭 · 핵심(A)상품,1.0,50.0,STABLE,5.8,LOW,76.6,HIGH,0.3,30.0,681270.0,100.0,0.385,0.385,38.6,True,44.4,119,26.7,245,100.0,0.999,4.9,79.5,50.0,DISCOUNT,77.7,2,99.8,73.2,24.5,turnover,57.1,검토 필요,72,HEURISTIC 29% | ABC 14% | TURNOVER 14% | DISPOSAL_RISK 14% | SAFETY_STOCK 8% | EOQ 7% | DEMAND_FORECAST 7% | MATCH 5%,"['⏰ 유통기한 임박 (99%)', '❄️ 냉장·냉동 과잉 (61%)', '💸 배송비 상승 (100%)', '⚡ 복합 스트레스 (60%)']","{'재고위험': '25.3%', '판매가능성': '13.3%', '점포이동적합': '13.3%', '비용절감': '18.7%', '폐기회피이익': '14.5%', '실행가능성': '11.6%', '이력보정': '3.3%'}",True,True,False,True,False,True,62.2,25.2,54.7,54.7,72.0,50.0,69.3,52.8,0.0,84.8,최적,보류,⏸️,72,HIGH,신뢰도 높음 ●,#2e7d32,,,84.8,최적,보류,2,0,False,False,,50.0,18690.0,21189.0,18690.0,19.1,20.21,19.1,38.0,270.0,261.0,190.0,재고 이동,재고 이동,80.938,일치,80.938,53.125,28.101,18.092
광동 옥수수수염차,구로점,여의도2점,130.0,재배치 추천,7413.0,프로모션 순비용이 재배치 비용보다 높습니다.,37.05686948127537,10.869565217391305,18,0,65.9,검토 가능,7413.0,130.0,169,False,Greedy 선택 후보보다 우선순위가 낮음,5.5,1360,245,1,우유,245,38,165,7946,200,250,4,5.53,239,224400,B,0.9381662113932748,2,60.0,44.5,8.08,NORMAL,75.3,False,45.3,MEDIUM,유통기한 임박,18.2,40.2,0.0,SAFE,"재고 여유 — 현재고(245), 재주문점(40)",0.0,342.5,62.3,93154.0,27.0,OPTIMAL,"적정 발주 — EOQ(342개), 권장 발주 주기 62일",27.0,38.2,5.46,14.58,0.0,STABLE,44.9,2.0,WMA,2.0,32.2,10.0,3.7,6.0,7.5,5.0,POOR,낮은 매칭,0.987,49.7,STABLE,9.0,LOW,76.6,HIGH,0.3,30.0,230747.0,100.0,0.385,0.385,38.6,True,24.9,424,25.3,314,100.0,0.999,4.9,73.8,50.0,DISCOUNT,77.6,2,99.8,73.2,39.7,turnover,44.1,모니터링,261,HEURISTIC 29% | ABC 14% | TURNOVER 14% | DISPOSAL_RISK 14% | SAFETY_STOCK 8% | EOQ 7% | DEMAND_FORECAST 7% | MATCH 5%,"['⏰ 유통기한 임박 (99%)', '❄️ 냉장·냉동 과잉 (61%)', '💸 배송비 상승 (100%)', '⚡ 복합 스트레스 (60%)']","{'재고위험': '25.3%', '판매가능성': '13.3%', '점포이동적합': '13.3%', '비용절감': '18.7%', '폐기회피이익': '14.5%', '실행가능성': '11.6%', '이력보정': '3.3%'}",True,True,False,True,False,True,52.9,23.6,51.9,55.3,72.0,50.0,58.6,50.0,0.0,38.0,검토,보류,⏸️,323,HIGH,신뢰도 높음 ●,#2e7d32,,,38.0,검토,보류,1,0,False,False,,50.0,7413.0,25131.0,7413.0,6.57,24.59,6.57,13.0,165.0,239.0,130.0,재고 이동,재고 이동,71.586,일치,71.586,47.186,25.109,16.181
유어스 과일컵,동대문점,신촌점,144.0,재배치 추천,10104.0,프로모션 순비용이 재배치 비용보다 높습니다.,35.528803838619005,12.391304347826088,18,0,65.9,검토 가능,10104.0,144.0,170,False,Greedy 선택 후보보다 우선순위가 낮음,2.1,3260,279,7,우유,279,15,63,8681,400,250,2,2.61,264,205380,B,0.9130967109601626,2,60.0,132.9,2.71,DEAD,26.2,True,60.0,HIGH,유통기한 임박 | 소진일수 133일 초과,6.1,10.3,0.0,SAFE,"재고 여유 — 현재고(279), 재주문점(10)",0.0,142.9,68.0,93149.0,91.0,OVER,과잉 발주 위험 — 현재(273개) > EOQ(143개). 발주 주기 68일 권장,91.0,14.9,2.13,6.44,0.0,STABLE,131.1,0.0,WMA,0.0,36.9,10.0,8.4,6.0,7.5,5.0,POOR,낮은 매칭 · 폐기위험 높음,1.02,50.5,STABLE,25.8,LOW,55.6,MEDIUM,0.3,30.0,610824.0,100.0,0.385,0.385,39.4,True,25.5,412,36.1,78,100.0,0.999,4.9,77.9,50.0,DISCOUNT,77.5,2,99.8,73.2,43.8,disposal_risk,42.3,모니터링,293,HEURISTIC 29% | ABC 14% | TURNOVER 14% | DISPOSAL_RISK 14% | SAFETY_STOCK 8% | EOQ 7% | DEMAND_FORECAST 7% | MATCH 5%,"['⏰ 유통기한 임박 (99%)', '❄️ 냉장·냉동 과잉 (61%)', '💸 배송비 상승 (100%)', '⚡ 복합 스트레스 (60%)']","{'재고위험': '25.3%', '판매가능성': '13.3%', '점포이동적합': '13.3%', '비용절감': '18.7%', '폐기회피이익': '14.5%', '실행가능성': '11.6%', '이력보정': '3.3%'}",True,True,False,True,False,True,46.4,23.0,56.6,64.9,72.0,50.0,58.9,50.7,0.0,50.5,검토,할인 판매,🏷️,256,HIGH,신뢰도 높음 ●,#2e7d32,,,50.5,검토,할인 판매,0,0,True,False,,50.0,10104.0,25689.0,10104.0,9.56,25.21,9.56,19.0,63.0,264.0,144.0,재고 이동,재고 이동,76.207,일치,76.207,50.747,27.262,17.193
유어스 샐러드랩,종로점,목동점,178.0,재배치 추천,16647.0,프로모션 순비용이 재배치 비용보다 높습니다.,31.813406774367564,16.08695652173913,18,0,65.9,검토 가능,16647.0,178.0,171,False,Greedy 선택 후보보다 우선순위가 낮음,6.2,2800,258,1,신선식품,258,43,186,8871,500,300,2,8.1,251,520800,A,0.4955087509106965,1,100.0,41.6,8.65,NORMAL,76.9,False,53.8,MEDIUM,유통기한 임박 | 신선/냉장 고위험 카테고리,18.9,31.3,0.0,SAFE,"재고 여유 — 현재고(258), 재주문점(31)",0.0,202.4,32.6,198361.0,18.1,OPTIMAL,"적정 발주 — EOQ(202개), 권장 발주 주기 33일",18.1,43.2,6.17,19.54,0.0,STABLE,41.8,2.4,WMA,2.4,36.2,10.0,3.72,10.0,7.5,5.0,POOR,낮은 매칭 · 핵심(A)상품,0.991,49.8,STABLE,8.3,LOW,76.6,HIGH,0.3,30.0,670433.0,100.0,0.385,0.385,39.4,True,30.8,268,29.4,191,100.0,0.999,4.9,77.7,50.0,DISCOUNT,77.3,2,99.8,73.2,25.1,turnover,55.3,검토 필요,99,HEURISTIC 29% | ABC 14% | TURNOVER 14% | DISPOSAL_RISK 14% | SAFETY_STOCK 8% | EOQ 7% | DEMAND_FORECAST 7% | MATCH 5%,"['⏰ 유통기한 임박 (99%)', '❄️ 냉장·냉동 과잉 (61%)', '💸 배송비 상승 (100%)', '⚡ 복합 스트레스 (60%)']","{'재고위험': '25.3%', '판매가능성': '13.3%', '점포이동적합': '13.3%', '비용절감': '18.7%', '폐기회피이익': '14.5%', '실행가능성': '11.6%', '이력보정': '3.3%'}",True,True,False,True,False,True,63.1,24.0,54.9,54.0,72.0,50.0,61.8,52.8,0.0,84.4,최적,보류,⏸️,74,HIGH,신뢰도 높음 ●,#2e7d32,,,84.4,최적,보류,1,0,False,False,,50.0,16647.0,31782.0,16647.0,16.83,31.980000000000004,16.83,34.0,186.0,251.0,178.0,재고 이동,재고 이동,79.338,일치,79.338,52.221,27.729,17.799
광동 옥수수수염차,강남점,합정점,170.0,재배치 추천,15369.0,프로모션 순비용이 재배치 비용보다 높습니다.,32.5391101899435,15.217391304347828,18,0,65.8,검토 가능,15369.0,170.0,172,False,Greedy 선택 후보보다 우선순위가 낮음,3.5,1360,265,7,우유,265,24,105,3546,200,250,2,4.44,240,142800,B,0.9381662113932748,2,60.0,75.7,4.75,SLOW,57.9,True,52.9,MEDIUM,유통기한 임박 | 소진일수 76일 초과,10.4,17.4,0.0,SAFE,"재고 여유 — 현재고(265), 재주문점(17)",0.0,182.5,52.1,49642.0,39.5,OPTIMAL,"적정 발주 — EOQ(182개), 권장 발주 주기 52일",39.5,24.2,3.46,10.78,0.0,STABLE,76.7,0.0,WMA,0.0,32.1,10.0,3.6,6.0,7.5,5.0,POOR,낮은 매칭,0.98,49.5,STABLE,15.2,LOW,55.6,MEDIUM,0.3,30.0,296071.0,100.0,0.385,0.385,39.4,True,21.7,475,29.7,179,100.0,0.999,4.9,77.9,50.0,DISCOUNT,77.2,2,99.8,73.2,43.5,disposal_risk,42.0,모니터링,299,HEURISTIC 29% | ABC 14% | TURNOVER 14% | DISPOSAL_RISK 14% | SAFETY_STOCK 8% | EOQ 7% | DEMAND_FORECAST 7% | MATCH 5%,"['⏰ 유통기한 임박 (99%)', '❄️ 냉장·냉동 과잉 (61%)', '💸 배송비 상승 (100%)', '⚡ 복합 스트레스 (60%)']","{'재고위험': '25.3%', '판매가능성': '13.3%', '점포이동적합': '13.3%', '비용절감': '18.7%', '폐기회피이익': '14.5%', '실행가능성': '11.6%', '이력보정': '3.3%'}",True,True,False,True,False,True,51.7,22.7,53.2,57.1,72.0,50.0,56.8,50.1,0.0,39.3,검토,보류,⏸️,316,HIGH,신뢰도 높음 ●,#2e7d32,,,39.3,검토,보류,1,0,False,False,,50.0,15369.0,20478.0,15369.0,15.41,19.42,15.41,31.0,105.0,240.0,170.0,재고 이동,재고 이동,74.443,일치,74.443,49.271,26.311,16.779
해태 홈런볼,강남점,왕십리점,136.0,재배치 추천,9069.0,프로모션 순비용이 재배치 비용보다 높습니다.,36.11652139348684,11.521739130434783,18,0,65.6,검토 가능,9069.0,136.0,173,False,Greedy 선택 후보보다 우선순위가 낮음,5.4,2500,276,2,신선식품,276,38,162,9583,250,300,2,5.13,265,405000,A,0.588187697680407,1,100.0,51.1,7.04,NORMAL,71.6,False,58.6,MEDIUM,유통기한 임박 | 신선/냉장 고위험 카테고리,12.0,22.8,0.0,SAFE,"재고 여유 — 현재고(276), 재주문점(23)",0.0,207.8,38.5,181808.0,27.0,OPTIMAL,"적정 발주 — EOQ(208개), 권장 발주 주기 38일",27.0,37.9,5.41,13.88,0.0,STABLE,51.0,1.2,WMA,1.2,36.2,10.0,3.66,10.0,7.5,5.0,POOR,낮은 매칭 · 핵심(A)상품,1.005,50.1,STABLE,9.9,LOW,73.1,HIGH,0.3,30.0,432931.0,100.0,0.385,0.385,39.4,True,27.8,356,31.6,152,100.0,0.999,4.9,72.7,50.0,DISCOUNT,77.1,1,100.0,73.1,25.5,disposal_risk,55.2,검토 필요,100,HEURISTIC 29% | ABC 14% | TURNOVER 14% | DISPOSAL_RISK 14% | SAFETY_STOCK 8% | EOQ 7% | DEMAND_FORECAST 7% | MATCH 5%,"['⏰ 유통기한 임박 (99%)', '❄️ 냉장·냉동 과잉 (61%)', '💸 배송비 상승 (100%)', '⚡ 복합 스트레스 (60%)']","{'재고위험': '25.3%', '판매가능성': '13.3%', '점포이동적합': '13.3%', '비용절감': '18.7%', '폐기회피이익': '14.5%', '실행가능성': '11.6%', '이력보정': '3.3%'}",True,True,False,True,False,True,63.8,23.5,54.9,55.1,72.0,50.0,60.3,53.1,0.0,88.7,최적,보류,⏸️,51,HIGH,신뢰도 높음 ●,#2e7d32,,,88.7,최적,보류,1,0,False,False,,50.0,9069.0,20955.0,9069.0,8.41,19.950000000000003,8.41,17.0,162.0,265.0,136.0,재고 이동,재고 이동,78.51,일치,78.51,51.615,27.308,17.65
서울우유 딸기우유,신촌점,건대5점,170.0,재배치 추천,15756.0,프로모션 순비용이 재배치 비용보다 높습니다.,32.319354930297266,15.217391304347828,18,0,65.5,검토 가능,15756.0,170.0,174,False,Greedy 선택 후보보다 우선순위가 낮음,12.5,970,265,1,냉장식품,265,88,375,13138,250,300,1,3.8,252,363750,A,0.7665829007856005,1,100.0,21.2,16.98,FAST,88.2,False,46.0,MEDIUM,유통기한 임박 | 신선/냉장 고위험 카테고리,6.3,18.8,0.0,SAFE,"재고 여유 — 현재고(265), 재주문점(19)",0.0,621.5,49.7,192904.0,46.7,UNDER,과소 발주 위험 — 현재(259개) < EOQ(622개). 발주량 증가 검토,46.7,87.8,12.54,18.81,6.27,STABLE,21.1,9.1,WMA,9.1,36.6,10.0,4.06,10.0,7.5,5.0,POOR,낮은 매칭 · 핵심(A)상품,1.006,50.1,STABLE,4.1,LOW,76.6,HIGH,0.3,30.0,224624.0,100.0,0.385,0.385,43.3,True,67.4,34,25.9,285,100.0,0.999,4.9,77.5,50.0,DISCOUNT,76.9,2,99.8,73.1,24.4,turnover,61.5,검토 필요,40,HEURISTIC 29% | ABC 14% | TURNOVER 14% | DISPOSAL_RISK 14% | SAFETY_STOCK 8% | EOQ 7% | DEMAND_FORECAST 7% | MATCH 5%,"['⏰ 유통기한 임박 (99%)', '❄️ 냉장·냉동 과잉 (61%)', '💸 배송비 상승 (100%)', '⚡ 복합 스트레스 (60%)']","{'재고위험': '25.3%', '판매가능성': '13.3%', '점포이동적합': '13.3%', '비용절감': '18.7%', '폐기회피이익': '14.5%', '실행가능성': '11.6%', '이력보정': '3.3%'}",True,True,False,True,False,True,62.6,28.2,54.4,58.0,72.0,50.0,82.0,53.9,0.0,94.3,최적,보류,⏸️,21,HIGH,신뢰도 높음 ●,#2e7d32,,,94.3,최적,보류,0,0,True,False,,50.0,15756.0,18525.0,15756.0,15.84,17.25,15.84,32.0,375.0,252.0,170.0,재고 이동,재고 이동,81.403,일치,81.403,53.476,28.3,18.236
유어스 스파클링 레몬,여의도3점,안양4점,188.0,재배치 추천,19248.0,프로모션 순비용이 재배치 비용보다 높습니다.,30.33644700604753,17.17391304347826,18,0,65.5,검토 가능,19248.0,188.0,175,False,Greedy 선택 후보보다 우선순위가 낮음,9.7,1100,263,1,냉장식품,263,68,291,6854,100,300,3,8.17,253,320100,C,0.9678109295193111,3,20.0,27.1,13.28,FAST,84.9,False,46.0,MEDIUM,유통기한 임박 | 신선/냉장 고위험 카테고리,23.3,52.4,0.0,SAFE,"재고 여유 — 현재고(263), 재주문점(52)",0.0,371.3,38.3,130705.0,28.4,OPTIMAL,"적정 발주 — EOQ(371개), 권장 발주 주기 38일",28.4,68.0,9.71,23.19,0.0,STABLE,27.1,6.4,WMA,6.4,29.4,10.0,3.92,3.0,7.5,5.0,POOR,낮은 매칭,1.001,50.0,STABLE,5.3,LOW,76.6,HIGH,0.3,30.0,247712.0,100.0,0.385,0.385,38.7,True,52.4,95,24.5,347,100.0,0.999,4.9,74.9,50.0,DISCOUNT,76.8,2,99.8,73.1,37.6,turnover,40.8,모니터링,323,HEURISTIC 29% | ABC 14% | TURNOVER 14% | DISPOSAL_RISK 14% | SAFETY_STOCK 8% | EOQ 7% | DEMAND_FORECAST 7% | MATCH 5%,"['⏰ 유통기한 임박 (99%)', '❄️ 냉장·냉동 과잉 (61%)', '💸 배송비 상승 (100%)', '⚡ 복합 스트레스 (60%)']","{'재고위험': '25.3%', '판매가능성': '13.3%', '점포이동적합': '13.3%', '비용절감': '18.7%', '폐기회피이익': '14.5%', '실행가능성': '11.6%', '이력보정': '3.3%'}",True,True,False,True,False,True,49.7,25.9,50.6,55.3,72.0,50.0,73.7,49.3,0.0,25.3,검토,보류,⏸️,391,HIGH,신뢰도 높음 ●,#2e7d32,,,25.3,검토,보류,2,0,False,False,,50.0,19248.0,36507.0,19248.0,19.72,37.23,19.72,39.0,291.0,253.0,188.0,재고 이동,재고 이동,73.673,일치,73.673,48.838,26.287,16.556
서울우유 요구르트,강남점,여의도2점,154.0,재배치 추천,12894.0,프로모션 순비용이 재배치 비용보다 높습니다.,33.94452173419267,13.478260869565217,18,0,65.4,검토 가능,12894.0,154.0,176,False,Greedy 선택 후보보다 우선순위가 낮음,4.1,970,259,1,냉장식품,266,29,123,13253,400,300,2,4.1,254,119310,C,0.9746620764751487,3,20.0,63.2,5.55,SLOW,64.9,True,62.6,HIGH,유통기한 임박 | 신선/냉장 고위험 카테고리,9.6,17.8,0.0,SAFE,"재고 여유 — 현재고(259), 재주문점(18)",0.0,357.5,87.2,110961.0,24.2,OPTIMAL,"적정 발주 — EOQ(358개), 권장 발주 주기 87일",24.2,28.9,4.13,10.89,0.0,STABLE,62.7,0.0,WMA,0.0,33.9,10.0,8.4,3.0,7.5,5.0,POOR,낮은 매칭 · 폐기위험 높음,1.01,50.3,STABLE,12.3,LOW,76.6,HIGH,0.3,30.0,227962.0,100.0,0.385,0.385,39.4,True,26.5,389,33.2,132,100.0,0.999,4.9,73.8,50.0,DISCOUNT,76.7,2,99.8,73.1,40.8,disposal_risk,38.4,후순위,369,HEURISTIC 29% | ABC 14% | TURNOVER 14% | DISPOSAL_RISK 14% | SAFETY_STOCK 8% | EOQ 7% | DEMAND_FORECAST 7% | MATCH 5%,"['⏰ 유통기한 임박 (99%)', '❄️ 냉장·냉동 과잉 (61%)', '💸 배송비 상승 (100%)', '⚡ 복합 스트레스 (60%)']","{'재고위험': '25.3%', '판매가능성': '13.3%', '점포이동적합': '13.3%', '비용절감': '18.7%', '폐기회피이익': '14.5%', '실행가능성': '11.6%', '이력보정': '3.3%'}",True,True,False,True,False,True,51.9,23.0,54.3,54.6,72.0,50.0,59.5,49.8,0.0,36.3,검토,할인 판매,🏷️,332,HIGH,신뢰도 높음 ●,#2e7d32,,,36.3,검토,할인 판매,1,0,False,False,,50.0,12894.0,21027.0,12894.0,12.66,20.03,12.66,25.0,123.0,254.0,154.0,재고 이동,재고 이동,71.949,일치,71.949,47.758,25.635,16.262
유어스 고르곤졸라피자,안양4점,광명6점,178.0,재배치 추천,17475.0,프로모션 순비용이 재배치 비용보다 높습니다.,31.343232730473296,16.08695652173913,18,0,65.4,검토 가능,17475.0,178.0,177,False,Greedy 선택 후보보다 우선순위가 낮음,2.2,2220,278,6,도시락,278,15,66,10589,500,350,1,1.17,264,146520,A,0.7110436475021518,1,100.0,126.4,2.85,DEAD,29.8,True,60.0,HIGH,유통기한 임박 | 소진일수 126일 초과,1.9,4.1,0.0,SAFE,"재고 여유 — 현재고(278), 재주문점(4)",0.0,195.7,89.0,86894.0,41.1,OPTIMAL,"적정 발주 — EOQ(196개), 권장 발주 주기 89일",41.1,15.2,2.17,4.1,0.24,STABLE,128.0,0.0,WMA,0.0,40.9,10.0,8.4,10.0,7.5,5.0,FAIR,보통 매칭 · 폐기위험 높음 · 핵심(A)상품,0.974,49.4,STABLE,25.2,LOW,59.1,MEDIUM,0.3,30.0,545717.0,100.0,0.385,0.385,43.7,True,26.3,395,36.8,65,100.0,0.999,4.9,78.6,50.0,DISCOUNT,76.5,2,99.8,73.1,27.4,disposal_risk,47.7,모니터링,217,HEURISTIC 29% | ABC 14% | TURNOVER 14% | DISPOSAL_RISK 14% | SAFETY_STOCK 8% | EOQ 7% | DEMAND_FORECAST 7% | MATCH 5%,"['⏰ 유통기한 임박 (99%)', '❄️ 냉장·냉동 과잉 (61%)', '💸 배송비 상승 (100%)', '⚡ 복합 스트레스 (60%)']","{'재고위험': '25.3%', '판매가능성': '13.3%', '점포이동적합': '13.3%', '비용절감': '18.7%', '폐기회피이익': '14.5%', '실행가능성': '11.6%', '이력보정': '3.3%'}",True,True,False,True,False,True,53.5,23.6,58.6,57.1,72.0,50.0,59.4,51.4,0.0,60.9,검토,할인 판매,🏷️,200,HIGH,신뢰도 높음 ●,#2e7d32,,,60.9,검토,할인 판매,0,0,True,False,,50.0,17475.0,45363.0,17475.0,17.75,47.07,17.75,36.0,66.0,264.0,178.0,재고 이동,재고 이동,77.264,일치,77.264,51.261,27.475,17.382
브레디크 모찌롤,명동점,신촌점,124.0,재배치 추천,7350.0,프로모션 순비용이 재배치 비용보다 높습니다.,37.09264359331081,10.217391304347826,18,0,65.3,검토 가능,7350.0,124.0,178,False,Greedy 선택 후보보다 우선순위가 낮음,6.1,2820,269,2,냉장식품,274,43,183,7402,400,300,5,2.12,256,516060,A,0.5672473792465825,1,100.0,44.1,8.01,NORMAL,75.5,False,53.0,MEDIUM,유통기한 임박 | 신선/냉장 고위험 카테고리,7.8,38.3,0.0,SAFE,"재고 여유 — 현재고(269), 재주문점(38)",0.0,191.1,31.3,172465.0,36.7,OPTIMAL,"적정 발주 — EOQ(191개), 권장 발주 주기 31일",36.7,42.9,6.13,9.63,2.63,STABLE,43.9,2.1,WMA,2.1,36.2,10.0,3.7,10.0,7.5,5.0,POOR,낮은 매칭 · 핵심(A)상품,1.007,50.2,STABLE,8.6,LOW,73.1,HIGH,0.3,30.0,461866.0,100.0,0.385,0.385,38.6,True,29.2,322,29.1,197,100.0,0.999,4.9,77.9,50.0,DISCOUNT,76.4,2,99.8,73.1,25.5,turnover,55.3,검토 필요,98,HEURISTIC 29% | ABC 14% | TURNOVER 14% | DISPOSAL_RISK 14% | SAFETY_STOCK 8% | EOQ 7% | DEMAND_FORECAST 7% | MATCH 5%,"['⏰ 유통기한 임박 (99%)', '❄️ 냉장·냉동 과잉 (61%)', '💸 배송비 상승 (100%)', '⚡ 복합 스트레스 (60%)']","{'재고위험': '25.3%', '판매가능성': '13.3%', '점포이동적합': '13.3%', '비용절감': '18.7%', '폐기회피이익': '14.5%', '실행가능성': '11.6%', '이력보정': '3.3%'}",True,True,False,True,False,True,62.4,23.8,54.9,56.4,72.0,50.0,61.0,53.0,0.0,87.4,최적,보류,⏸️,58,HIGH,신뢰도 높음 ●,#2e7d32,,,87.4,최적,보류,1,0,False,False,,50.0,7350.0,24825.0,7350.0,6.5,24.25,6.5,13.0,183.0,256.0,124.0,재고 이동,재고 이동,77.462,일치,77.462,50.941,26.975,17.445
혜자로운 집밥 함박스테이크,신림점,평촌4점,160.0,재배치 추천,14181.0,프로모션 순비용이 재배치 비용보다 높습니다.,33.2137077311831,14.130434782608695,18,0,65.3,검토 가능,14181.0,160.0,179,False,Greedy 선택 후보보다 우선순위가 낮음,9.0,2820,270,1,신선식품,270,63,270,6841,300,300,5,2.1,261,761400,A,0.3196923169211457,1,100.0,30.0,12.0,FAST,83.3,False,48.0,MEDIUM,유통기한 임박 | 신선/냉장 고위험 카테고리,7.7,52.7,0.0,SAFE,"재고 여유 — 현재고(270), 재주문점(53)",0.0,213.4,23.7,210621.0,22.9,OPTIMAL,"적정 발주 — EOQ(213개), 권장 발주 주기 24일",22.9,63.0,9.0,12.46,5.54,STABLE,30.0,5.0,WMA,5.0,36.4,10.0,3.85,10.0,7.5,5.0,POOR,낮은 매칭 · 핵심(A)상품,1.0,50.0,STABLE,5.8,LOW,76.6,HIGH,0.3,30.0,575259.0,100.0,0.385,0.385,38.6,True,44.7,118,26.7,245,100.0,0.999,4.9,76.6,50.0,DISCOUNT,76.3,2,99.8,73.1,24.6,turnover,56.5,검토 필요,80,HEURISTIC 29% | ABC 14% | TURNOVER 14% | DISPOSAL_RISK 14% | SAFETY_STOCK 8% | EOQ 7% | DEMAND_FORECAST 7% | MATCH 5%,"['⏰ 유통기한 임박 (99%)', '❄️ 냉장·냉동 과잉 (61%)', '💸 배송비 상승 (100%)', '⚡ 복합 스트레스 (60%)']","{'재고위험': '25.3%', '판매가능성': '13.3%', '점포이동적합': '13.3%', '비용절감': '18.7%', '폐기회피이익': '14.5%', '실행가능성': '11.6%', '이력보정': '3.3%'}",True,True,False,True,False,True,62.2,25.2,54.4,54.4,72.0,50.0,69.5,52.7,0.0,83.1,최적,보류,⏸️,81,HIGH,신뢰도 높음 ●,#2e7d32,,,83.1,최적,보류,2,0,False,False,,50.0,14181.0,37488.0,14181.0,14.09,38.32,14.09,28.0,270.0,261.0,160.0,재고 이동,재고 이동,78.683,일치,78.683,51.733,27.468,17.655
광동 옥수수수염차,상암점,여의도2점,130.0,재배치 추천,8727.0,프로모션 순비용이 재배치 비용보다 높습니다.,36.310723715964905,10.869565217391305,18,0,65.2,검토 가능,8727.0,130.0,180,False,Greedy 선택 후보보다 우선순위가 낮음,5.5,1360,265,1,김밥,265,38,165,3944,200,350,5,1.21,259,224400,B,0.9381662113932748,2,60.0,48.2,7.47,NORMAL,73.2,False,47.1,MEDIUM,유통기한 임박,4.5,32.0,0.0,SAFE,"재고 여유 — 현재고(265), 재주문점(32)",0.0,241.3,43.9,65629.0,8.0,OPTIMAL,"적정 발주 — EOQ(241개), 권장 발주 주기 44일",8.0,38.2,5.46,7.45,3.46,STABLE,48.6,1.5,WMA,1.5,32.2,10.0,3.68,6.0,7.5,5.0,POOR,낮은 매칭,0.987,49.7,STABLE,9.7,LOW,76.6,HIGH,0.3,30.0,229433.0,100.0,0.385,0.385,38.6,False,23.7,450,26.1,272,100.0,0.999,4.9,73.8,50.0,DISCOUNT,76.1,2,99.8,73.0,40.4,turnover,41.9,모니터링,303,HEURISTIC 29% | ABC 14% | TURNOVER 14% | DISPOSAL_RISK 14% | SAFETY_STOCK 8% | EOQ 7% | DEMAND_FORECAST 7% | MATCH 5%,"['⏰ 유통기한 임박 (99%)', '❄️ 냉장·냉동 과잉 (61%)', '💸 배송비 상승 (100%)', '⚡ 복합 스트레스 (60%)']","{'재고위험': '25.3%', '판매가능성': '13.3%', '점포이동적합': '13.3%', '비용절감': '18.7%', '폐기회피이익': '14.5%', '실행가능성': '11.6%', '이력보정': '3.3%'}",True,True,False,True,False,True,53.1,23.4,52.1,52.1,72.0,50.0,57.9,49.4,0.0,28.7,검토,보류,⏸️,373,HIGH,신뢰도 높음 ●,#2e7d32,,,28.7,검토,보류,1,0,False,False,,50.0,8727.0,20316.0,8727.0,8.03,19.240000000000002,8.03,16.0,165.0,259.0,130.0,재고 이동,재고 이동,70.806,일치,70.806,46.564,24.705,15.981
유어스 치즈핫도그,잠실2점,잠원점,148.0,재배치 추천,12183.0,프로모션 순비용이 재배치 비용보다 높습니다.,34.348258141449705,12.82608695652174,18,0,65.2,검토 가능,12183.0,148.0,181,False,Greedy 선택 후보보다 우선순위가 낮음,8.2,4400,268,2,신선식품,268,57,246,8211,400,300,1,6.45,251,1082400,A,0.18855229419502584,1,100.0,32.7,11.01,NORMAL,81.8,False,49.3,MEDIUM,유통기한 임박 | 신선/냉장 고위험 카테고리,10.6,18.8,0.0,SAFE,"재고 여유 — 현재고(268), 재주문점(19)",0.0,178.7,21.8,275123.0,44.0,OPTIMAL,"적정 발주 — EOQ(179개), 권장 발주 주기 22일",44.0,57.2,8.17,18.81,0.0,STABLE,32.8,3.6,WMA,3.6,36.3,10.0,3.78,10.0,7.5,5.0,POOR,낮은 매칭 · 핵심(A)상품,0.993,49.8,STABLE,6.5,LOW,73.1,HIGH,0.3,30.0,828457.0,100.0,0.385,0.385,43.5,True,36.3,161,27.2,229,100.0,0.999,4.9,77.4,50.0,DISCOUNT,76.0,2,99.8,73.0,24.5,turnover,57.0,검토 필요,73,HEURISTIC 29% | ABC 14% | TURNOVER 14% | DISPOSAL_RISK 14% | SAFETY_STOCK 8% | EOQ 7% | DEMAND_FORECAST 7% | MATCH 5%,"['⏰ 유통기한 임박 (99%)', '❄️ 냉장·냉동 과잉 (61%)', '💸 배송비 상승 (100%)', '⚡ 복합 스트레스 (60%)']","{'재고위험': '25.3%', '판매가능성': '13.3%', '점포이동적합': '13.3%', '비용절감': '18.7%', '폐기회피이익': '14.5%', '실행가능성': '11.6%', '이력보정': '3.3%'}",True,True,False,True,False,True,62.4,25.4,54.5,57.5,72.0,50.0,64.9,53.4,0.0,91.5,최적,보류,⏸️,36,HIGH,신뢰도 높음 ●,#2e7d32,,,91.5,최적,보류,2,0,False,False,,50.0,12183.0,27102.0,12183.0,11.87,26.78,11.87,24.0,246.0,251.0,148.0,재고 이동,재고 이동,79.341,일치,79.341,52.207,27.689,17.83
서울우유 요구르트,이태원점,잠원점,174.0,재배치 추천,17292.0,프로모션 순비용이 재배치 비용보다 높습니다.,31.447148008290505,15.65217391304348,18,0,65.1,검토 가능,17292.0,174.0,182,False,Greedy 선택 후보보다 우선순위가 낮음,6.1,970,279,2,김밥,279,43,183,13575,400,350,1,2.95,266,177510,C,0.9746620764751487,3,20.0,45.7,7.87,NORMAL,74.6,False,45.9,MEDIUM,유통기한 임박,4.9,11.0,0.0,SAFE,"재고 여유 — 현재고(279), 재주문점(11)",0.0,558.2,91.5,108292.0,40.7,UNDER,과소 발주 위험 — 현재(274개) < EOQ(558개). 발주량 증가 검토,40.7,42.9,6.13,11.0,1.26,STABLE,45.5,1.9,WMA,1.9,29.2,10.0,3.7,3.0,7.5,5.0,POOR,낮은 매칭,1.007,50.2,STABLE,8.9,LOW,73.1,HIGH,0.3,30.0,254844.0,100.0,0.385,0.385,43.3,False,24.8,427,24.9,339,100.0,0.999,4.9,77.4,50.0,DISCOUNT,75.9,2,99.8,73.0,41.3,turnover,36.0,후순위,402,HEURISTIC 29% | ABC 14% | TURNOVER 14% | DISPOSAL_RISK 14% | SAFETY_STOCK 8% | EOQ 7% | DEMAND_FORECAST 7% | MATCH 5%,"['⏰ 유통기한 임박 (99%)', '❄️ 냉장·냉동 과잉 (61%)', '💸 배송비 상승 (100%)', '⚡ 복합 스트레스 (60%)']","{'재고위험': '25.3%', '판매가능성': '13.3%', '점포이동적합': '13.3%', '비용절감': '18.7%', '폐기회피이익': '14.5%', '실행가능성': '11.6%', '이력보정': '3.3%'}",True,True,False,True,False,True,46.9,24.7,50.9,56.9,72.0,50.0,58.6,48.8,0.0,18.8,검토,보류,⏸️,426,HIGH,신뢰도 높음 ●,#2e7d32,,,18.8,검토,보류,1,0,False,False,,50.0,0.0,17292.0,17292.0,0.0,15.879999999999999,15.879999999999999,31.0,183.0,266.0,174.0,재고 이동,재고 이동,73.306,일치,73.306,48.452,25.926,16.442
유어스 컵과일 파인애플,구로점,건대3점,196.0,재배치 추천,21480.0,프로모션 순비용이 재배치 비용보다 높습니다.,29.06902132250646,18.043478260869566,18,0,65.1,검토 가능,21480.0,196.0,183,False,Greedy 선택 후보보다 우선순위가 낮음,5.9,2490,271,4,냉장식품,271,41,177,12704,500,300,2,5.32,247,440730,B,0.8261761444298684,2,60.0,45.9,7.84,NORMAL,74.5,False,46.0,MEDIUM,유통기한 임박 | 신선/냉장 고위험 카테고리,12.4,24.2,0.0,SAFE,"재고 여유 — 현재고(271), 재주문점(24)",0.0,262.0,44.4,208801.0,1.0,OPTIMAL,"적정 발주 — EOQ(262개), 권장 발주 주기 44일",1.0,41.1,5.87,14.65,0.0,STABLE,46.2,1.8,WMA,1.8,32.2,10.0,3.69,6.0,7.5,5.0,POOR,낮은 매칭,0.993,49.8,STABLE,9.1,LOW,66.1,MEDIUM,0.3,30.0,662168.0,100.0,0.385,0.385,39.4,True,24.7,432,25.6,300,100.0,0.999,4.9,78.0,50.0,DISCOUNT,75.7,2,99.8,73.0,40.1,turnover,41.4,모니터링,313,HEURISTIC 29% | ABC 14% | TURNOVER 14% | DISPOSAL_RISK 14% | SAFETY_STOCK 8% | EOQ 7% | DEMAND_FORECAST 7% | MATCH 5%,"['⏰ 유통기한 임박 (99%)', '❄️ 냉장·냉동 과잉 (61%)', '💸 배송비 상승 (100%)', '⚡ 복합 스트레스 (60%)']","{'재고위험': '25.3%', '판매가능성': '13.3%', '점포이동적합': '13.3%', '비용절감': '18.7%', '폐기회피이익': '14.5%', '실행가능성': '11.6%', '이력보정': '3.3%'}",True,True,False,True,False,True,53.0,23.7,52.4,51.0,72.0,50.0,58.5,49.3,0.0,24.0,검토,보류,⏸️,398,HIGH,신뢰도 높음 ●,#2e7d32,,,24.0,검토,보류,1,0,False,False,,50.0,21480.0,24438.0,21480.0,22.2,23.82,22.2,44.0,177.0,247.0,196.0,재고 이동,재고 이동,73.427,일치,73.427,48.402,25.79,16.484
해태 홈런볼,강남점,잠원점,196.0,재배치 추천,21684.0,프로모션 순비용이 재배치 비용보다 높습니다.,28.953181340677435,18.043478260869566,18,0,65.0,검토 가능,21684.0,196.0,184,False,Greedy 선택 후보보다 우선순위가 낮음,5.4,2500,276,2,신선식품,276,38,162,9583,250,300,2,5.13,265,405000,A,0.588187697680407,1,100.0,51.1,7.04,NORMAL,71.6,False,58.6,MEDIUM,유통기한 임박 | 신선/냉장 고위험 카테고리,12.0,22.8,0.0,SAFE,"재고 여유 — 현재고(276), 재주문점(23)",0.0,207.8,38.5,181808.0,27.0,OPTIMAL,"적정 발주 — EOQ(208개), 권장 발주 주기 38일",27.0,37.9,5.41,13.88,0.0,STABLE,51.0,1.2,WMA,1.2,36.2,10.0,3.66,10.0,7.5,5.0,POOR,낮은 매칭 · 핵심(A)상품,1.005,50.1,STABLE,9.9,LOW,73.1,HIGH,0.3,30.0,615316.0,100.0,0.385,0.385,39.4,True,28.1,350,31.5,153,100.0,0.999,4.9,77.4,50.0,DISCOUNT,75.6,2,99.8,73.0,25.6,disposal_risk,54.6,모니터링,109,HEURISTIC 29% | ABC 14% | TURNOVER 14% | DISPOSAL_RISK 14% | SAFETY_STOCK 8% | EOQ 7% | DEMAND_FORECAST 7% | MATCH 5%,"['⏰ 유통기한 임박 (99%)', '❄️ 냉장·냉동 과잉 (61%)', '💸 배송비 상승 (100%)', '⚡ 복합 스트레스 (60%)']","{'재고위험': '25.3%', '판매가능성': '13.3%', '점포이동적합': '13.3%', '비용절감': '18.7%', '폐기회피이익': '14.5%', '실행가능성': '11.6%', '이력보정': '3.3%'}",True,True,False,True,False,True,63.8,23.5,55.3,54.8,72.0,50.0,60.4,53.1,0.0,88.5,최적,보류,⏸️,52,HIGH,신뢰도 높음 ●,#2e7d32,,,88.5,최적,보류,1,0,False,False,,50.0,0.0,21684.0,21684.0,0.0,20.759999999999998,20.759999999999998,41.0,162.0,265.0,196.0,재고 이동,재고 이동,81.837,일치,81.837,53.837,28.554,18.277
서울우유 흰우유,구로점,합정점,132.0,재배치 추천,9654.0,프로모션 순비용이 재배치 비용보다 높습니다.,35.78433321030067,11.08695652173913,18,0,64.9,검토 가능,9654.0,132.0,185,False,Greedy 선택 후보보다 우선순위가 낮음,5.3,1090,277,3,우유,277,37,159,7637,400,250,2,5.71,261,173310,C,0.9609082265319502,3,20.0,52.3,6.89,NORMAL,70.9,False,49.1,MEDIUM,유통기한 임박,13.3,23.9,0.0,SAFE,"재고 여유 — 현재고(277), 재주문점(24)",0.0,368.2,69.5,80258.0,22.7,OPTIMAL,"적정 발주 — EOQ(368개), 권장 발주 주기 70일",22.7,37.0,5.29,14.71,0.0,STABLE,52.4,1.0,WMA,1.0,29.2,10.0,3.65,3.0,7.5,5.0,POOR,낮은 매칭,0.997,49.9,STABLE,10.2,LOW,69.6,MEDIUM,0.3,30.0,215802.0,100.0,0.385,0.385,39.5,True,22.5,466,26.4,256,100.0,0.999,4.9,77.9,50.0,DISCOUNT,75.5,2,99.8,73.0,42.2,turnover,34.1,후순위,419,HEURISTIC 29% | ABC 14% | TURNOVER 14% | DISPOSAL_RISK 14% | SAFETY_STOCK 8% | EOQ 7% | DEMAND_FORECAST 7% | MATCH 5%,"['⏰ 유통기한 임박 (99%)', '❄️ 냉장·냉동 과잉 (61%)', '💸 배송비 상승 (100%)', '⚡ 복합 스트레스 (60%)']","{'재고위험': '25.3%', '판매가능성': '13.3%', '점포이동적합': '13.3%', '비용절감': '18.7%', '폐기회피이익': '14.5%', '실행가능성': '11.6%', '이력보정': '3.3%'}",True,True,False,True,False,True,47.4,23.4,51.2,54.1,72.0,50.0,57.3,48.3,0.0,14.9,검토,보류,⏸️,447,HIGH,신뢰도 높음 ●,#2e7d32,,,14.9,검토,보류,1,0,False,False,,50.0,9654.0,24582.0,9654.0,9.06,23.98,9.06,18.0,159.0,261.0,132.0,재고 이동,재고 이동,68.917,일치,68.917,45.611,24.437,15.588
남양 불가리스,합정점,혜화점,144.0,재배치 추천,11850.0,프로모션 순비용이 재배치 비용보다 높습니다.,34.53734987649413,12.391304347826088,18,0,64.9,검토 가능,11850.0,144.0,186,False,Greedy 선택 후보보다 우선순위가 낮음,2.1,1300,269,7,김밥,269,15,63,9182,400,350,1,2.39,254,81900,C,0.9537217580413242,3,20.0,128.1,2.81,DEAD,28.8,True,60.0,HIGH,유통기한 임박 | 소진일수 128일 초과,3.9,6.0,0.0,SAFE,"재고 여유 — 현재고(269), 재주문점(6)",0.0,232.7,110.8,60496.0,13.9,OPTIMAL,"적정 발주 — EOQ(233개), 권장 발주 주기 111일",13.9,14.9,2.13,6.07,0.0,STABLE,126.4,0.0,WMA,0.0,33.9,10.0,8.4,3.0,7.5,5.0,POOR,낮은 매칭 · 폐기위험 높음,1.02,50.5,STABLE,24.9,LOW,55.6,MEDIUM,0.3,30.0,270390.0,100.0,0.385,0.385,43.6,False,25.5,412,35.2,94,100.0,0.999,4.9,77.9,50.0,DISCOUNT,75.3,2,99.8,73.0,48.1,disposal_risk,28.2,후순위,462,HEURISTIC 29% | ABC 14% | TURNOVER 14% | DISPOSAL_RISK 14% | SAFETY_STOCK 8% | EOQ 7% | DEMAND_FORECAST 7% | MATCH 5%,"['⏰ 유통기한 임박 (99%)', '❄️ 냉장·냉동 과잉 (61%)', '💸 배송비 상승 (100%)', '⚡ 복합 스트레스 (60%)']","{'재고위험': '25.3%', '판매가능성': '13.3%', '점포이동적합': '13.3%', '비용절감': '18.7%', '폐기회피이익': '14.5%', '실행가능성': '11.6%', '이력보정': '3.3%'}",True,True,False,True,False,True,41.1,23.9,55.1,52.8,72.0,50.0,58.9,47.0,0.0,7.6,검토,할인 판매,🏷️,486,HIGH,신뢰도 높음 ●,#2e7d32,,,7.6,검토,할인 판매,0,0,True,False,,50.0,11850.0,28659.0,11850.0,11.5,28.51,11.5,23.0,63.0,254.0,144.0,재고 이동,재고 이동,65.408,일치,65.408,43.607,23.534,14.873
서울우유 흰우유,구리3점,노원점,152.0,재배치 추천,13515.0,프로모션 순비용이 재배치 비용보다 높습니다.,33.59189120127197,13.260869565217392,18,0,64.9,검토 가능,13515.0,152.0,187,False,Greedy 선택 후보보다 우선순위가 낮음,3.3,1090,257,2,우유,257,23,99,6641,400,250,1,1.26,250,107910,C,0.9609082265319502,3,20.0,77.9,4.62,SLOW,56.7,True,61.9,HIGH,유통기한 임박 | 소진일수 78일 초과,2.1,5.4,0.0,SAFE,"재고 여유 — 현재고(257), 재주문점(5)",0.0,270.9,82.1,59056.0,4.7,OPTIMAL,"적정 발주 — EOQ(271개), 권장 발주 주기 82일",4.7,23.0,3.29,5.36,1.21,STABLE,78.2,0.0,WMA,0.0,33.9,10.0,8.4,3.0,7.5,5.0,POOR,낮은 매칭 · 폐기위험 높음,0.996,49.9,STABLE,15.2,LOW,73.1,HIGH,0.3,30.0,246101.0,100.0,0.385,0.385,43.2,True,26.4,391,33.6,125,100.0,0.999,4.9,73.6,50.0,DISCOUNT,75.2,2,99.8,73.0,43.7,disposal_risk,34.5,후순위,416,HEURISTIC 29% | ABC 14% | TURNOVER 14% | DISPOSAL_RISK 14% | SAFETY_STOCK 8% | EOQ 7% | DEMAND_FORECAST 7% | MATCH 5%,"['⏰ 유통기한 임박 (99%)', '❄️ 냉장·냉동 과잉 (61%)', '💸 배송비 상승 (100%)', '⚡ 복합 스트레스 (60%)']","{'재고위험': '25.3%', '판매가능성': '13.3%', '점포이동적합': '13.3%', '비용절감': '18.7%', '폐기회피이익': '14.5%', '실행가능성': '11.6%', '이력보정': '3.3%'}",True,True,False,True,False,True,49.4,23.6,54.3,51.4,72.0,50.0,59.4,48.7,0.0,17.9,검토,할인 판매,🏷️,431,HIGH,신뢰도 높음 ●,#2e7d32,,,17.9,검토,할인 판매,1,0,False,False,,50.0,13515.0,41781.0,13515.0,13.35,43.09,13.35,27.0,99.0,250.0,152.0,재고 이동,재고 이동,68.355,일치,68.355,45.525,24.607,15.505
브레디크 초코크림빵,강남3점,군포6점,206.0,재배치 추천,23757.0,프로모션 순비용이 재배치 비용보다 높습니다.,27.776042701797223,19.130434782608695,18,0,64.9,검토 가능,23757.0,206.0,188,False,Greedy 선택 후보보다 우선순위가 낮음,3.9,2070,271,3,우유,271,27,117,7457,300,250,4,1.87,259,242190,B,0.8038568058177319,2,60.0,69.5,5.18,SLOW,61.4,True,57.7,MEDIUM,유통기한 임박 | 소진일수 70일 초과,6.2,21.8,0.0,SAFE,"재고 여유 — 현재고(271), 재주문점(22)",0.0,226.5,58.1,93751.0,16.9,OPTIMAL,"적정 발주 — EOQ(226개), 권장 발주 주기 58일",16.9,27.1,3.87,6.96,0.79,STABLE,70.0,0.0,WMA,0.0,32.1,10.0,3.6,6.0,7.5,5.0,POOR,낮은 매칭,0.989,49.7,STABLE,13.8,LOW,69.6,MEDIUM,0.3,30.0,549747.0,100.0,0.385,0.385,38.6,True,24.3,439,31.2,154,100.0,0.999,4.9,74.9,50.0,DISCOUNT,75.1,2,99.8,73.0,42.0,disposal_risk,41.8,모니터링,305,HEURISTIC 29% | ABC 14% | TURNOVER 14% | DISPOSAL_RISK 14% | SAFETY_STOCK 8% | EOQ 7% | DEMAND_FORECAST 7% | MATCH 5%,"['⏰ 유통기한 임박 (99%)', '❄️ 냉장·냉동 과잉 (61%)', '💸 배송비 상승 (100%)', '⚡ 복합 스트레스 (60%)']","{'재고위험': '25.3%', '판매가능성': '13.3%', '점포이동적합': '13.3%', '비용절감': '18.7%', '폐기회피이익': '14.5%', '실행가능성': '11.6%', '이력보정': '3.3%'}",True,True,False,True,False,True,54.8,22.6,53.2,53.2,72.0,50.0,58.3,50.1,0.0,39.9,검토,보류,⏸️,313,HIGH,신뢰도 높음 ●,#2e7d32,,,39.9,검토,보류,1,0,False,False,,50.0,23757.0,39630.0,23757.0,24.73,40.7,24.73,49.0,117.0,259.0,206.0,재고 이동,재고 이동,76.404,일치,76.404,50.659,27.202,17.149
풀무원 얇은피만두,건대2점,의정부4점,220.0,재배치 추천,26475.0,프로모션 순비용이 재배치 비용보다 높습니다.,26.23264529683995,20.652173913043477,18,0,64.9,검토 가능,26475.0,220.0,189,False,Greedy 선택 후보보다 우선순위가 낮음,7.5,3520,265,2,냉장식품,265,52,225,8468,300,300,2,2.64,250,792000,A,0.608622131193652,1,100.0,35.3,10.19,NORMAL,80.4,False,48.7,MEDIUM,유통기한 임박 | 신선/냉장 고위험 카테고리,6.2,21.2,0.0,SAFE,"재고 여유 — 현재고(265), 재주문점(21)",0.0,202.9,27.1,228522.0,27.6,OPTIMAL,"적정 발주 — EOQ(203개), 권장 발주 주기 27일",27.6,52.2,7.46,11.81,3.1,STABLE,35.5,3.3,WMA,3.3,36.3,10.0,3.76,10.0,7.5,5.0,POOR,낮은 매칭 · 핵심(A)상품,0.99,49.8,STABLE,7.1,LOW,73.1,HIGH,0.3,30.0,968805.0,100.0,0.385,0.385,39.4,True,34.4,183,27.1,232,100.0,0.999,4.9,74.3,50.0,DISCOUNT,74.9,2,99.8,73.0,24.8,turnover,54.9,모니터링,104,HEURISTIC 29% | ABC 14% | TURNOVER 14% | DISPOSAL_RISK 14% | SAFETY_STOCK 8% | EOQ 7% | DEMAND_FORECAST 7% | MATCH 5%,"['⏰ 유통기한 임박 (99%)', '❄️ 냉장·냉동 과잉 (61%)', '💸 배송비 상승 (100%)', '⚡ 복합 스트레스 (60%)']","{'재고위험': '25.3%', '판매가능성': '13.3%', '점포이동적합': '13.3%', '비용절감': '18.7%', '폐기회피이익': '14.5%', '실행가능성': '11.6%', '이력보정': '3.3%'}",True,True,False,True,False,True,61.7,24.5,54.2,54.8,72.0,50.0,63.8,52.6,0.0,82.0,최적,보류,⏸️,87,HIGH,신뢰도 높음 ●,#2e7d32,,,82.0,최적,보류,2,0,False,False,,50.0,26475.0,42384.0,26475.0,27.75,43.76,27.75,56.0,225.0,250.0,220.0,재고 이동,재고 이동,81.675,일치,81.675,53.896,28.766,18.258
유어스 에그마요샌드위치,홍대점,마포점,106.0,재배치 추천,5010.0,프로모션 순비용이 재배치 비용보다 높습니다.,38.42139632605548,8.26086956521739,18,0,64.7,검토 가능,5010.0,106.0,190,False,Greedy 선택 후보보다 우선순위가 낮음,3.4,1710,246,1,신선식품,246,24,102,10561,400,300,2,2.44,242,174420,B,0.9460132328990509,2,60.0,72.4,4.98,SLOW,59.8,True,69.2,HIGH,유통기한 임박 | 소진일수 72일 초과 | 신선/냉장 고위험 카테고리,5.7,12.5,0.0,SAFE,"재고 여유 — 현재고(246), 재주문점(12)",0.0,209.3,61.6,125252.0,14.8,OPTIMAL,"적정 발주 — EOQ(209개), 권장 발주 주기 62일",14.8,23.9,3.41,7.44,0.0,STABLE,72.1,0.0,WMA,0.0,36.9,10.0,8.4,6.0,7.5,5.0,POOR,낮은 매칭 · 폐기위험 높음,1.008,50.2,STABLE,14.1,LOW,76.6,HIGH,0.3,30.0,254902.0,100.0,0.385,0.385,39.4,True,29.9,297,36.8,65,100.0,0.999,4.9,75.1,50.0,DISCOUNT,74.8,2,99.8,72.9,39.7,disposal_risk,46.2,모니터링,240,HEURISTIC 29% | ABC 14% | TURNOVER 14% | DISPOSAL_RISK 14% | SAFETY_STOCK 8% | EOQ 7% | DEMAND_FORECAST 7% | MATCH 5%,"['⏰ 유통기한 임박 (99%)', '❄️ 냉장·냉동 과잉 (61%)', '💸 배송비 상승 (100%)', '⚡ 복합 스트레스 (60%)']","{'재고위험': '25.3%', '판매가능성': '13.3%', '점포이동적합': '13.3%', '비용절감': '18.7%', '폐기회피이익': '14.5%', '실행가능성': '11.6%', '이력보정': '3.3%'}",True,True,False,True,False,True,59.5,22.9,56.5,52.8,72.0,50.0,61.4,51.7,0.0,67.2,권장,할인 판매,🏷️,166,HIGH,신뢰도 높음 ●,#2e7d32,,,67.2,권장,할인 판매,1,0,False,False,,50.0,5010.0,18093.0,5010.0,3.9,16.77,3.9,8.0,102.0,242.0,106.0,재고 이동,재고 이동,71.155,일치,71.155,47.082,25.09,16.175
매일 바이오 플레인요거트,용산점,잠원점,116.0,재배치 추천,6837.0,프로모션 순비용이 재배치 비용보다 높습니다.,37.38394707702791,9.347826086956522,18,0,64.7,검토 가능,6837.0,116.0,191,False,Greedy 선택 후보보다 우선순위가 낮음,15.9,2280,271,2,김밥,271,111,477,6199,500,350,2,0.66,239,1087560,A,0.4413232235595307,1,100.0,17.0,21.12,FAST,90.6,False,38.0,LOW,유통기한 임박,1.5,33.3,0.0,SAFE,"재고 여유 — 현재고(271), 재주문점(33)",0.0,397.2,25.0,181135.0,25.7,OPTIMAL,"적정 발주 — EOQ(397개), 권장 발주 주기 25일",25.7,111.1,15.87,16.96,14.78,STABLE,17.1,11.0,WMA,11.0,33.0,10.0,0.55,10.0,7.5,5.0,POOR,낮은 매칭 · 핵심(A)상품,0.997,49.9,STABLE,3.4,LOW,73.1,HIGH,0.3,30.0,368539.0,100.0,0.385,0.385,39.6,False,69.7,22,22.0,411,100.0,0.999,4.9,77.4,50.0,DISCOUNT,74.7,2,99.8,72.9,23.4,turnover,57.4,검토 필요,68,HEURISTIC 29% | ABC 14% | TURNOVER 14% | DISPOSAL_RISK 14% | SAFETY_STOCK 8% | EOQ 7% | DEMAND_FORECAST 7% | MATCH 5%,"['⏰ 유통기한 임박 (99%)', '❄️ 냉장·냉동 과잉 (61%)', '💸 배송비 상승 (100%)', '⚡ 복합 스트레스 (60%)']","{'재고위험': '25.3%', '판매가능성': '13.3%', '점포이동적합': '13.3%', '비용절감': '18.7%', '폐기회피이익': '14.5%', '실행가능성': '11.6%', '이력보정': '3.3%'}",True,True,False,True,False,True,59.6,28.4,52.0,54.4,72.0,50.0,83.2,52.2,0.0,76.2,권장,보류,⏸️,118,HIGH,신뢰도 높음 ●,#2e7d32,,,76.2,권장,보류,0,0,True,False,,50.0,6837.0,20703.0,6837.0,5.93,19.67,5.93,12.0,477.0,239.0,116.0,재고 이동,재고 이동,74.071,일치,74.071,48.508,25.58,16.712
서울우유 흰우유,구로점,신촌5점,132.0,재배치 추천,10041.0,프로모션 순비용이 재배치 비용보다 높습니다.,35.56457795065444,11.08695652173913,18,0,64.7,검토 가능,10041.0,132.0,192,False,Greedy 선택 후보보다 우선순위가 낮음,5.3,1090,277,3,우유,277,37,159,7637,400,250,2,5.71,261,173310,C,0.9609082265319502,3,20.0,52.3,6.89,NORMAL,70.9,False,49.1,MEDIUM,유통기한 임박,13.3,23.9,0.0,SAFE,"재고 여유 — 현재고(277), 재주문점(24)",0.0,368.2,69.5,80258.0,22.7,OPTIMAL,"적정 발주 — EOQ(368개), 권장 발주 주기 70일",22.7,37.0,5.29,14.71,0.0,STABLE,52.4,1.0,WMA,1.0,29.2,10.0,3.65,3.0,7.5,5.0,POOR,낮은 매칭,0.997,49.9,STABLE,10.2,LOW,69.6,MEDIUM,0.3,30.0,215415.0,100.0,0.385,0.385,39.5,True,22.6,462,26.4,256,100.0,0.999,4.9,77.7,50.0,DISCOUNT,74.5,2,99.8,72.9,42.3,turnover,33.9,후순위,423,HEURISTIC 29% | ABC 14% | TURNOVER 14% | DISPOSAL_RISK 14% | SAFETY_STOCK 8% | EOQ 7% | DEMAND_FORECAST 7% | MATCH 5%,"['⏰ 유통기한 임박 (99%)', '❄️ 냉장·냉동 과잉 (61%)', '💸 배송비 상승 (100%)', '⚡ 복합 스트레스 (60%)']","{'재고위험': '25.3%', '판매가능성': '13.3%', '점포이동적합': '13.3%', '비용절감': '18.7%', '폐기회피이익': '14.5%', '실행가능성': '11.6%', '이력보정': '3.3%'}",True,True,False,True,False,True,47.4,23.4,51.2,54.0,72.0,50.0,57.3,48.2,0.0,14.5,검토,보류,⏸️,449,HIGH,신뢰도 높음 ●,#2e7d32,,,14.5,검토,보류,1,0,False,False,,50.0,10041.0,22809.0,10041.0,9.49,22.009999999999998,9.49,19.0,159.0,261.0,132.0,재고 이동,재고 이동,68.846,일치,68.846,45.559,24.4,15.573
브레디크 모찌롤,명동점,동대문점,184.0,재배치 추천,20010.0,프로모션 순비용이 재배치 비용보다 높습니다.,29.90375060333324,16.73913043478261,18,0,64.6,검토 가능,20010.0,184.0,193,False,Greedy 선택 후보보다 우선순위가 낮음,6.1,2820,269,2,냉장식품,274,43,183,7402,400,300,5,2.12,256,516060,A,0.5672473792465825,1,100.0,44.1,8.01,NORMAL,75.5,False,53.0,MEDIUM,유통기한 임박 | 신선/냉장 고위험 카테고리,7.8,38.3,0.0,SAFE,"재고 여유 — 현재고(269), 재주문점(38)",0.0,191.1,31.3,172465.0,36.7,OPTIMAL,"적정 발주 — EOQ(191개), 권장 발주 주기 31일",36.7,42.9,6.13,9.63,2.63,STABLE,43.9,2.1,WMA,2.1,36.2,10.0,3.7,10.0,7.5,5.0,POOR,낮은 매칭 · 핵심(A)상품,1.007,50.2,STABLE,8.6,LOW,73.1,HIGH,0.3,30.0,676246.0,100.0,0.385,0.385,38.6,True,29.6,305,29.0,198,100.0,0.999,4.9,75.1,50.0,DISCOUNT,74.4,2,99.8,72.9,25.6,turnover,54.6,모니터링,108,HEURISTIC 29% | ABC 14% | TURNOVER 14% | DISPOSAL_RISK 14% | SAFETY_STOCK 8% | EOQ 7% | DEMAND_FORECAST 7% | MATCH 5%,"['⏰ 유통기한 임박 (99%)', '❄️ 냉장·냉동 과잉 (61%)', '💸 배송비 상승 (100%)', '⚡ 복합 스트레스 (60%)']","{'재고위험': '25.3%', '판매가능성': '13.3%', '점포이동적합': '13.3%', '비용절감': '18.7%', '폐기회피이익': '14.5%', '실행가능성': '11.6%', '이력보정': '3.3%'}",True,True,False,True,False,True,62.4,23.8,54.6,56.0,72.0,50.0,61.2,52.9,0.0,85.9,최적,보류,⏸️,66,HIGH,신뢰도 높음 ●,#2e7d32,,,85.9,최적,보류,1,0,False,False,,50.0,0.0,20010.0,20010.0,0.0,18.9,18.9,38.0,183.0,256.0,184.0,재고 이동,재고 이동,80.806,일치,80.806,53.144,28.171,18.074
유어스 샐러드랩,홍대2점,청량리점,158.0,재배치 추천,15216.0,프로모션 순비용이 재배치 비용보다 높습니다.,32.62599017631527,13.91304347826087,18,0,64.5,검토 가능,15216.0,158.0,194,False,Greedy 선택 후보보다 우선순위가 낮음,8.2,2800,278,2,샐러드,280,57,246,11897,500,350,1,3.62,261,688800,A,0.4955087509106965,1,100.0,33.9,10.54,NORMAL,81.2,False,40.0,MEDIUM,유통기한 임박,6.0,14.2,0.0,SAFE,"재고 여유 — 현재고(278), 재주문점(14)",0.0,356.6,43.5,199701.0,19.0,OPTIMAL,"적정 발주 — EOQ(357개), 권장 발주 주기 44일",19.0,57.2,8.17,14.14,2.2,STABLE,34.0,3.5,WMA,3.5,36.3,10.0,3.77,10.0,7.5,5.0,POOR,낮은 매칭 · 핵심(A)상품,0.993,49.8,STABLE,6.8,LOW,73.1,HIGH,0.3,30.0,594664.0,100.0,0.385,0.385,43.3,True,33.2,203,23.5,365,100.0,0.999,4.9,74.3,50.0,DISCOUNT,74.3,2,99.8,72.9,24.5,turnover,51.5,모니터링,164,HEURISTIC 29% | ABC 14% | TURNOVER 14% | DISPOSAL_RISK 14% | SAFETY_STOCK 8% | EOQ 7% | DEMAND_FORECAST 7% | MATCH 5%,"['⏰ 유통기한 임박 (99%)', '❄️ 냉장·냉동 과잉 (61%)', '💸 배송비 상승 (100%)', '⚡ 복합 스트레스 (60%)']","{'재고위험': '25.3%', '판매가능성': '13.3%', '점포이동적합': '13.3%', '비용절감': '18.7%', '폐기회피이익': '14.5%', '실행가능성': '11.6%', '이력보정': '3.3%'}",True,True,False,True,False,True,58.0,25.3,53.5,53.3,72.0,50.0,63.2,51.4,0.0,61.1,검토,보류,⏸️,199,HIGH,신뢰도 높음 ●,#2e7d32,,,61.1,검토,보류,1,0,False,False,,50.0,15216.0,27777.0,15216.0,15.24,27.53,15.24,30.0,246.0,261.0,158.0,재고 이동,재고 이동,76.298,일치,76.298,50.046,26.474,17.118
유어스 스파클링 레몬,여의도3점,시흥6점,208.0,재배치 추천,24918.0,프로모션 순비용이 재배치 비용보다 높습니다.,27.11677692285852,19.34782608695652,18,0,64.5,검토 가능,24918.0,208.0,195,False,Greedy 선택 후보보다 우선순위가 낮음,9.7,1100,263,1,냉장식품,263,68,291,6854,100,300,3,8.17,253,320100,C,0.9678109295193111,3,20.0,27.1,13.28,FAST,84.9,False,46.0,MEDIUM,유통기한 임박 | 신선/냉장 고위험 카테고리,23.3,52.4,0.0,SAFE,"재고 여유 — 현재고(263), 재주문점(52)",0.0,371.3,38.3,130705.0,28.4,OPTIMAL,"적정 발주 — EOQ(371개), 권장 발주 주기 38일",28.4,68.0,9.71,23.19,0.0,STABLE,27.1,6.4,WMA,6.4,29.4,10.0,3.92,3.0,7.5,5.0,POOR,낮은 매칭,1.001,50.0,STABLE,5.3,LOW,76.6,HIGH,0.3,30.0,270442.0,100.0,0.385,0.385,38.7,True,52.8,94,24.5,347,100.0,0.999,4.9,80.2,50.0,DISCOUNT,74.1,2,99.8,72.9,38.0,turnover,39.9,후순위,342,HEURISTIC 29% | ABC 14% | TURNOVER 14% | DISPOSAL_RISK 14% | SAFETY_STOCK 8% | EOQ 7% | DEMAND_FORECAST 7% | MATCH 5%,"['⏰ 유통기한 임박 (99%)', '❄️ 냉장·냉동 과잉 (61%)', '💸 배송비 상승 (100%)', '⚡ 복합 스트레스 (60%)']","{'재고위험': '25.3%', '판매가능성': '13.3%', '점포이동적합': '13.3%', '비용절감': '18.7%', '폐기회피이익': '14.5%', '실행가능성': '11.6%', '이력보정': '3.3%'}",True,True,False,True,False,True,49.7,25.9,51.2,54.7,72.0,50.0,73.9,49.3,0.0,24.6,검토,보류,⏸️,395,HIGH,신뢰도 높음 ●,#2e7d32,,,24.6,검토,보류,2,0,False,False,,50.0,24918.0,44931.0,24918.0,26.02,46.589999999999996,26.02,52.0,291.0,253.0,208.0,재고 이동,재고 이동,74.385,일치,74.385,49.422,26.709,16.699
롯데 카스타드,종로점,잠원점,130.0,재배치 추천,10059.0,프로모션 순비용이 재배치 비용보다 높습니다.,35.55435677578717,10.869565217391305,18,0,64.4,검토 가능,10059.0,130.0,196,False,Greedy 선택 후보보다 우선순위가 낮음,7.5,1650,275,2,우유,275,52,225,4362,300,250,3,3.74,260,371250,A,0.6969593137214927,1,100.0,36.7,9.82,NORMAL,79.6,False,41.3,MEDIUM,유통기한 임박,10.7,33.2,0.0,SAFE,"재고 여유 — 현재고(275), 재주문점(33)",0.0,269.0,35.9,88775.0,1.4,OPTIMAL,"적정 발주 — EOQ(269개), 권장 발주 주기 36일",1.4,52.2,7.46,13.63,1.29,STABLE,36.9,3.1,WMA,3.1,36.2,10.0,3.75,10.0,7.5,5.0,POOR,낮은 매칭 · 핵심(A)상품,0.99,49.8,STABLE,7.4,LOW,73.1,HIGH,0.3,30.0,286341.0,100.0,0.385,0.385,38.7,True,31.2,255,24.1,355,100.0,0.999,4.9,77.4,50.0,DISCOUNT,74.0,2,99.8,72.9,24.9,turnover,49.9,모니터링,183,HEURISTIC 29% | ABC 14% | TURNOVER 14% | DISPOSAL_RISK 14% | SAFETY_STOCK 8% | EOQ 7% | DEMAND_FORECAST 7% | MATCH 5%,"['⏰ 유통기한 임박 (99%)', '❄️ 냉장·냉동 과잉 (61%)', '💸 배송비 상승 (100%)', '⚡ 복합 스트레스 (60%)']","{'재고위험': '25.3%', '판매가능성': '13.3%', '점포이동적합': '13.3%', '비용절감': '18.7%', '폐기회피이익': '14.5%', '실행가능성': '11.6%', '이력보정': '3.3%'}",True,True,False,True,False,True,58.2,24.2,53.9,50.6,72.0,50.0,62.1,50.8,0.0,51.8,검토,보류,⏸️,249,HIGH,신뢰도 높음 ●,#2e7d32,,,51.8,검토,보류,1,0,False,False,,50.0,10059.0,22179.0,10059.0,9.51,21.31,9.51,19.0,225.0,260.0,130.0,재고 이동,재고 이동,73.016,일치,73.016,47.775,25.173,16.438
브레디크 우유생크림빵,이태원점,용산점,172.0,재배치 추천,18219.0,프로모션 순비용이 재배치 비용보다 높습니다.,30.920757502626273,15.434782608695652,18,0,64.4,검토 가능,18219.0,172.0,197,False,Greedy 선택 후보보다 우선순위가 낮음,2.3,2390,257,5,냉장식품,257,16,69,6499,400,300,3,2.34,245,164910,A,0.6660533387920988,1,100.0,111.7,3.22,DEAD,37.9,True,68.0,HIGH,유통기한 임박 | 소진일수 112일 초과 | 신선/냉장 고위험 카테고리,6.7,13.6,0.0,SAFE,"재고 여유 — 현재고(257), 재주문점(14)",0.0,119.4,51.9,91353.0,100.0,OVER,과잉 발주 위험 — 현재(250개) > EOQ(119개). 발주 주기 52일 권장,100.0,16.0,2.29,6.15,0.0,STABLE,112.4,0.0,WMA,0.0,40.9,10.0,8.4,10.0,7.5,5.0,FAIR,보통 매칭 · 폐기위험 높음 · 핵심(A)상품,0.994,49.8,STABLE,21.9,LOW,62.6,MEDIUM,0.3,30.0,543877.0,100.0,0.385,0.385,38.7,True,30.0,291,39.1,22,100.0,0.999,4.9,77.4,50.0,DISCOUNT,73.9,2,99.8,72.9,26.8,disposal_risk,55.2,검토 필요,101,HEURISTIC 29% | ABC 14% | TURNOVER 14% | DISPOSAL_RISK 14% | SAFETY_STOCK 8% | EOQ 7% | DEMAND_FORECAST 7% | MATCH 5%,"['⏰ 유통기한 임박 (99%)', '❄️ 냉장·냉동 과잉 (61%)', '💸 배송비 상승 (100%)', '⚡ 복합 스트레스 (60%)']","{'재고위험': '25.3%', '판매가능성': '13.3%', '점포이동적합': '13.3%', '비용절감': '18.7%', '폐기회피이익': '14.5%', '실행가능성': '11.6%', '이력보정': '3.3%'}",True,True,False,True,False,True,59.2,22.7,59.0,65.4,72.0,50.0,61.4,54.3,0.0,95.4,최적,할인 판매,🏷️,15,HIGH,신뢰도 높음 ●,#2e7d32,,,95.4,최적,할인 판매,1,0,False,False,,50.0,0.0,18219.0,18219.0,0.0,16.91,16.91,34.0,69.0,245.0,172.0,재고 이동,재고 이동,83.171,일치,83.171,55.237,29.527,18.685
유어스 치즈핫도그,잠실2점,노원점,188.0,재배치 추천,21453.0,프로모션 순비용이 재배치 비용보다 높습니다.,29.08435308480736,17.17391304347826,18,0,64.3,검토 가능,21453.0,188.0,198,False,Greedy 선택 후보보다 우선순위가 낮음,8.2,4400,268,2,신선식품,268,57,246,8211,400,300,1,6.45,251,1082400,A,0.18855229419502584,1,100.0,32.7,11.01,NORMAL,81.8,False,49.3,MEDIUM,유통기한 임박 | 신선/냉장 고위험 카테고리,10.6,18.8,0.0,SAFE,"재고 여유 — 현재고(268), 재주문점(19)",0.0,178.7,21.8,275123.0,44.0,OPTIMAL,"적정 발주 — EOQ(179개), 권장 발주 주기 22일",44.0,57.2,8.17,18.81,0.0,STABLE,32.8,3.6,WMA,3.6,36.3,10.0,3.78,10.0,7.5,5.0,POOR,낮은 매칭 · 핵심(A)상품,0.993,49.8,STABLE,6.5,LOW,73.1,HIGH,0.3,30.0,1046387.0,100.0,0.385,0.385,43.5,True,36.6,157,27.2,229,100.0,0.999,4.9,73.6,50.0,DISCOUNT,73.7,1,100.0,72.9,24.6,turnover,56.1,검토 필요,86,HEURISTIC 29% | ABC 14% | TURNOVER 14% | DISPOSAL_RISK 14% | SAFETY_STOCK 8% | EOQ 7% | DEMAND_FORECAST 7% | MATCH 5%,"['⏰ 유통기한 임박 (99%)', '❄️ 냉장·냉동 과잉 (61%)', '💸 배송비 상승 (100%)', '⚡ 복합 스트레스 (60%)']","{'재고위험': '25.3%', '판매가능성': '13.3%', '점포이동적합': '13.3%', '비용절감': '18.7%', '폐기회피이익': '14.5%', '실행가능성': '11.6%', '이력보정': '3.3%'}",True,True,False,True,False,True,62.4,25.4,54.1,57.0,72.0,50.0,65.1,53.2,0.0,90.4,최적,보류,⏸️,42,HIGH,신뢰도 높음 ●,#2e7d32,,,90.4,최적,보류,2,0,False,False,,50.0,21453.0,33870.0,21453.0,22.17,34.3,22.17,44.0,246.0,251.0,188.0,재고 이동,재고 이동,81.372,일치,81.372,53.665,28.576,18.237
유어스 스트링치즈,용산점,여의도2점,108.0,재배치 추천,6306.0,프로모션 순비용이 재배치 비용보다 높습니다.,37.685471735612275,8.478260869565217,18,0,64.2,검토 가능,6306.0,108.0,199,False,Greedy 선택 후보보다 우선순위가 낮음,2.2,780,268,6,도시락,268,15,66,11942,250,350,2,5.99,254,51480,B,0.9299891207098091,2,60.0,121.8,2.96,DEAD,32.3,True,60.0,HIGH,유통기한 임박 | 소진일수 122일 초과,14.0,18.4,0.0,SAFE,"재고 여유 — 현재고(268), 재주문점(18)",0.0,350.6,159.4,54698.0,22.0,OPTIMAL,"적정 발주 — EOQ(351개), 권장 발주 주기 159일",22.0,15.2,2.17,12.05,0.0,STABLE,123.4,0.0,WMA,0.0,36.9,10.0,8.4,6.0,7.5,5.0,POOR,낮은 매칭 · 폐기위험 높음,0.974,49.4,STABLE,24.3,LOW,59.1,MEDIUM,0.3,30.0,121782.0,100.0,0.385,0.385,39.4,True,26.2,397,35.7,84,100.0,0.999,4.9,73.8,50.0,DISCOUNT,73.6,2,99.8,72.8,44.9,disposal_risk,37.2,후순위,390,HEURISTIC 29% | ABC 14% | TURNOVER 14% | DISPOSAL_RISK 14% | SAFETY_STOCK 8% | EOQ 7% | DEMAND_FORECAST 7% | MATCH 5%,"['⏰ 유통기한 임박 (99%)', '❄️ 냉장·냉동 과잉 (61%)', '💸 배송비 상승 (100%)', '⚡ 복합 스트레스 (60%)']","{'재고위험': '25.3%', '판매가능성': '13.3%', '점포이동적합': '13.3%', '비용절감': '18.7%', '폐기회피이익': '14.5%', '실행가능성': '11.6%', '이력보정': '3.3%'}",True,True,False,True,False,True,48.1,22.7,56.1,53.6,72.0,50.0,59.3,48.9,0.0,20.1,검토,할인 판매,🏷️,419,HIGH,신뢰도 높음 ●,#2e7d32,,,20.1,검토,할인 판매,0,0,True,False,,50.0,6306.0,22755.0,6306.0,5.34,21.95,5.34,11.0,66.0,254.0,108.0,재고 이동,재고 이동,67.417,일치,67.417,44.706,23.896,15.341
유어스 스파클링 레몬,여의도3점,홍대5점,118.0,재배치 추천,8070.0,프로모션 순비용이 재배치 비용보다 높습니다.,36.68379659862014,9.565217391304348,18,0,64.2,검토 가능,8070.0,118.0,200,False,Greedy 선택 후보보다 우선순위가 낮음,9.7,1100,263,1,냉장식품,263,68,291,6854,100,300,3,8.17,253,320100,C,0.9678109295193111,3,20.0,27.1,13.28,FAST,84.9,False,46.0,MEDIUM,유통기한 임박 | 신선/냉장 고위험 카테고리,23.3,52.4,0.0,SAFE,"재고 여유 — 현재고(263), 재주문점(52)",0.0,371.3,38.3,130705.0,28.4,OPTIMAL,"적정 발주 — EOQ(371개), 권장 발주 주기 38일",28.4,68.0,9.71,23.19,0.0,STABLE,27.1,6.4,WMA,6.4,29.4,10.0,3.92,3.0,7.5,5.0,POOR,낮은 매칭,1.001,50.0,STABLE,5.3,LOW,76.6,HIGH,0.3,30.0,159490.0,100.0,0.385,0.385,38.7,True,52.9,93,24.5,347,100.0,0.999,4.9,74.7,50.0,DISCOUNT,73.5,2,99.8,72.8,38.0,turnover,39.6,후순위,349,HEURISTIC 29% | ABC 14% | TURNOVER 14% | DISPOSAL_RISK 14% | SAFETY_STOCK 8% | EOQ 7% | DEMAND_FORECAST 7% | MATCH 5%,"['⏰ 유통기한 임박 (99%)', '❄️ 냉장·냉동 과잉 (61%)', '💸 배송비 상승 (100%)', '⚡ 복합 스트레스 (60%)']","{'재고위험': '25.3%', '판매가능성': '13.3%', '점포이동적합': '13.3%', '비용절감': '18.7%', '폐기회피이익': '14.5%', '실행가능성': '11.6%', '이력보정': '3.3%'}",True,True,False,True,False,True,49.7,25.9,50.6,54.6,72.0,50.0,74.0,49.2,0.0,22.5,검토,보류,⏸️,406,HIGH,신뢰도 높음 ●,#2e7d32,,,22.5,검토,보류,2,0,False,False,,50.0,8070.0,19119.0,8070.0,7.3,17.91,7.3,15.0,291.0,253.0,118.0,재고 이동,재고 이동,69.057,일치,69.057,45.625,24.388,15.642
남양 불가리스,강남2점,혜화점,144.0,재배치 추천,13128.0,프로모션 순비용이 재배치 비용보다 높습니다.,33.8116464609182,12.391304347826088,18,0,64.2,검토 가능,13128.0,144.0,201,False,Greedy 선택 후보보다 우선순위가 낮음,4.1,1300,249,1,김밥,249,29,123,7165,400,350,2,6.64,244,159900,C,0.9537217580413242,3,20.0,60.7,5.93,SLOW,66.3,True,53.4,MEDIUM,유통기한 임박,15.5,23.7,0.0,SAFE,"재고 여유 — 현재고(249), 재주문점(24)",0.0,287.2,70.0,74670.0,15.0,OPTIMAL,"적정 발주 — EOQ(287개), 권장 발주 주기 70일",15.0,28.9,4.13,15.08,0.0,STABLE,60.3,0.0,WMA,0.0,29.1,10.0,3.6,3.0,7.5,5.0,POOR,낮은 매칭,1.01,50.3,STABLE,11.8,LOW,76.6,HIGH,0.3,30.0,269112.0,100.0,0.385,0.385,39.4,False,22.5,466,28.3,208,100.0,0.999,4.9,77.9,50.0,DISCOUNT,73.3,2,99.8,72.8,43.1,disposal_risk,32.5,후순위,434,HEURISTIC 29% | ABC 14% | TURNOVER 14% | DISPOSAL_RISK 14% | SAFETY_STOCK 8% | EOQ 7% | DEMAND_FORECAST 7% | MATCH 5%,"['⏰ 유통기한 임박 (99%)', '❄️ 냉장·냉동 과잉 (61%)', '💸 배송비 상승 (100%)', '⚡ 복합 스트레스 (60%)']","{'재고위험': '25.3%', '판매가능성': '13.3%', '점포이동적합': '13.3%', '비용절감': '18.7%', '폐기회피이익': '14.5%', '실행가능성': '11.6%', '이력보정': '3.3%'}",True,True,False,True,False,True,48.1,23.0,51.5,52.6,72.0,50.0,57.3,48.1,0.0,13.6,검토,보류,⏸️,454,HIGH,신뢰도 높음 ●,#2e7d32,,,13.6,검토,보류,1,0,False,False,,50.0,13128.0,25401.0,13128.0,12.92,24.89,12.92,26.0,123.0,244.0,144.0,재고 이동,재고 이동,67.961,일치,67.961,45.101,24.232,15.411
카페25 아이스아메리카노,평촌4점,시흥6점,174.0,재배치 추천,19167.0,프로모션 순비용이 재배치 비용보다 높습니다.,30.382442292950227,15.65217391304348,18,0,64.0,검토 가능,19167.0,174.0,202,False,Greedy 선택 후보보다 우선순위가 낮음,2.1,1210,279,7,김밥,279,15,63,6975,200,350,3,3.68,264,76230,C,0.987055427709805,3,20.0,132.9,2.71,DEAD,26.2,True,60.0,HIGH,유통기한 임박 | 소진일수 133일 초과,10.5,16.8,0.0,SAFE,"재고 여유 — 현재고(279), 재주문점(17)",0.0,210.2,100.1,50869.0,27.7,OPTIMAL,"적정 발주 — EOQ(210개), 권장 발주 주기 100일",27.7,14.9,2.13,8.2,0.0,STABLE,131.1,0.0,WMA,0.0,33.9,10.0,8.4,3.0,7.5,5.0,POOR,낮은 매칭 · 폐기위험 높음,1.02,50.5,STABLE,25.8,LOW,55.6,MEDIUM,0.3,30.0,268281.0,100.0,0.385,0.385,38.7,False,25.9,402,35.4,89,100.0,0.999,4.9,80.2,50.0,DISCOUNT,73.2,2,99.8,72.8,48.5,disposal_risk,27.7,후순위,467,HEURISTIC 29% | ABC 14% | TURNOVER 14% | DISPOSAL_RISK 14% | SAFETY_STOCK 8% | EOQ 7% | DEMAND_FORECAST 7% | MATCH 5%,"['⏰ 유통기한 임박 (99%)', '❄️ 냉장·냉동 과잉 (61%)', '💸 배송비 상승 (100%)', '⚡ 복합 스트레스 (60%)']","{'재고위험': '25.3%', '판매가능성': '13.3%', '점포이동적합': '13.3%', '비용절감': '18.7%', '폐기회피이익': '14.5%', '실행가능성': '11.6%', '이력보정': '3.3%'}",True,True,False,True,False,True,40.4,22.9,55.4,54.4,72.0,50.0,59.2,47.0,0.0,7.8,검토,할인 판매,🏷️,485,HIGH,신뢰도 높음 ●,#2e7d32,,,7.8,검토,할인 판매,0,0,True,False,,50.0,19167.0,58404.0,19167.0,19.63,61.56,19.63,39.0,63.0,264.0,174.0,재고 이동,재고 이동,68.054,일치,68.054,45.649,24.921,15.423
브레디크 초코크림빵,화성6점,군포6점,206.0,재배치 추천,25377.0,프로모션 순비용이 재배치 비용보다 높습니다.,26.85613696374322,19.130434782608695,18,0,64.0,검토 가능,25377.0,206.0,203,False,Greedy 선택 후보보다 우선순위가 낮음,7.4,2070,276,3,샐러드,276,52,222,8637,300,350,4,2.08,253,459540,B,0.8038568058177319,2,60.0,37.3,9.65,NORMAL,79.3,False,41.6,MEDIUM,유통기한 임박,6.9,36.5,0.0,SAFE,"재고 여유 — 현재고(276), 재주문점(36)",0.0,335.7,45.4,138982.0,15.9,OPTIMAL,"적정 발주 — EOQ(336개), 권장 발주 주기 45일",15.9,51.9,7.41,10.85,3.98,STABLE,37.2,3.0,WMA,3.0,32.2,10.0,3.75,6.0,7.5,5.0,POOR,낮은 매칭,1.004,50.1,STABLE,7.3,LOW,69.6,MEDIUM,0.3,30.0,548127.0,100.0,0.385,0.385,38.6,True,30.4,278,23.4,367,100.0,0.999,4.9,74.9,50.0,DISCOUNT,73.1,2,99.8,72.8,39.2,turnover,41.9,모니터링,301,HEURISTIC 29% | ABC 14% | TURNOVER 14% | DISPOSAL_RISK 14% | SAFETY_STOCK 8% | EOQ 7% | DEMAND_FORECAST 7% | MATCH 5%,"['⏰ 유통기한 임박 (99%)', '❄️ 냉장·냉동 과잉 (61%)', '💸 배송비 상승 (100%)', '⚡ 복합 스트레스 (60%)']","{'재고위험': '25.3%', '판매가능성': '13.3%', '점포이동적합': '13.3%', '비용절감': '18.7%', '폐기회피이익': '14.5%', '실행가능성': '11.6%', '이력보정': '3.3%'}",True,True,False,True,False,True,52.2,24.2,51.7,52.6,72.0,50.0,61.6,49.4,0.0,26.6,검토,보류,⏸️,384,HIGH,신뢰도 높음 ●,#2e7d32,,,26.6,검토,보류,1,0,False,False,,50.0,25377.0,79707.0,25377.0,26.53,85.23,26.53,53.0,222.0,253.0,206.0,재고 이동,재고 이동,74.499,일치,74.499,49.512,26.843,16.728
유어스 샐러드랩,압구정점,목동점,178.0,재배치 추천,20184.0,프로모션 순비용이 재배치 비용보다 높습니다.,29.804945912949663,16.08695652173913,18,0,63.9,검토 가능,20184.0,178.0,204,False,Greedy 선택 후보보다 우선순위가 낮음,6.2,2800,278,1,도시락,278,43,186,9646,500,350,2,4.09,271,520800,A,0.4955087509106965,1,100.0,44.8,8.03,NORMAL,75.1,False,45.4,MEDIUM,유통기한 임박,9.5,21.9,0.0,SAFE,"재고 여유 — 현재고(278), 재주문점(22)",0.0,279.2,45.0,156360.0,3.1,OPTIMAL,"적정 발주 — EOQ(279개), 권장 발주 주기 45일",3.1,43.2,6.17,12.92,0.0,STABLE,45.0,2.0,WMA,2.0,36.2,10.0,3.7,10.0,7.5,5.0,POOR,낮은 매칭 · 핵심(A)상품,0.991,49.8,STABLE,8.9,LOW,76.6,HIGH,0.3,30.0,666896.0,100.0,0.385,0.385,39.5,True,26.7,383,26.0,280,100.0,0.999,4.9,77.7,50.0,DISCOUNT,72.9,2,99.8,72.8,25.9,turnover,49.1,모니터링,199,HEURISTIC 29% | ABC 14% | TURNOVER 14% | DISPOSAL_RISK 14% | SAFETY_STOCK 8% | EOQ 7% | DEMAND_FORECAST 7% | MATCH 5%,"['⏰ 유통기한 임박 (99%)', '❄️ 냉장·냉동 과잉 (61%)', '💸 배송비 상승 (100%)', '⚡ 복합 스트레스 (60%)']","{'재고위험': '25.3%', '판매가능성': '13.3%', '점포이동적합': '13.3%', '비용절감': '18.7%', '폐기회피이익': '14.5%', '실행가능성': '11.6%', '이력보정': '3.3%'}",True,True,False,True,False,True,58.8,23.8,54.3,50.6,72.0,50.0,59.6,51.0,0.0,54.4,검토,보류,⏸️,235,HIGH,신뢰도 높음 ●,#2e7d32,,,54.4,검토,보류,1,0,False,False,,50.0,20184.0,24258.0,20184.0,20.76,23.62,20.76,42.0,186.0,271.0,178.0,재고 이동,재고 이동,76.634,일치,76.634,50.278,26.597,17.164
롯데 카스타드,신촌2점,잠원점,130.0,재배치 추천,11391.0,프로모션 순비용이 재배치 비용보다 높습니다.,34.79798983560944,10.869565217391305,18,0,63.7,검토 가능,11391.0,130.0,205,False,Greedy 선택 후보보다 우선순위가 낮음,3.5,1650,265,7,김밥,265,24,105,5374,300,350,3,1.53,240,173250,A,0.6969593137214927,1,100.0,75.7,4.75,SLOW,57.9,True,52.9,MEDIUM,유통기한 임박 | 소진일수 76일 초과,4.4,14.9,0.0,SAFE,"재고 여유 — 현재고(265), 재주문점(15)",0.0,204.0,58.3,67313.0,27.7,OPTIMAL,"적정 발주 — EOQ(204개), 권장 발주 주기 58일",27.7,24.2,3.46,5.98,0.93,STABLE,76.7,0.0,WMA,0.0,36.1,10.0,3.6,10.0,7.5,5.0,POOR,낮은 매칭 · 핵심(A)상품,0.98,49.5,STABLE,15.2,LOW,55.6,MEDIUM,0.3,30.0,285009.0,100.0,0.385,0.385,38.7,False,23.3,454,30.4,171,100.0,0.999,4.9,77.4,50.0,DISCOUNT,72.8,2,99.8,72.7,28.2,disposal_risk,47.8,모니터링,215,HEURISTIC 29% | ABC 14% | TURNOVER 14% | DISPOSAL_RISK 14% | SAFETY_STOCK 8% | EOQ 7% | DEMAND_FORECAST 7% | MATCH 5%,"['⏰ 유통기한 임박 (99%)', '❄️ 냉장·냉동 과잉 (61%)', '💸 배송비 상승 (100%)', '⚡ 복합 스트레스 (60%)']","{'재고위험': '25.3%', '판매가능성': '13.3%', '점포이동적합': '13.3%', '비용절감': '18.7%', '폐기회피이익': '14.5%', '실행가능성': '11.6%', '이력보정': '3.3%'}",True,True,False,True,False,True,57.7,22.6,55.1,54.2,72.0,50.0,57.7,51.3,0.0,59.2,검토,보류,⏸️,209,HIGH,신뢰도 높음 ●,#2e7d32,,,59.2,검토,보류,0,0,True,False,,50.0,11391.0,15726.0,11391.0,10.99,14.14,10.99,22.0,105.0,240.0,130.0,재고 이동,재고 이동,73.473,일치,73.473,48.397,25.627,16.612
광동 옥수수수염차,구로점,잠원점,150.0,재배치 추천,15207.0,프로모션 순비용이 재배치 비용보다 높습니다.,32.631100763748904,13.043478260869565,18,0,63.7,검토 가능,15207.0,150.0,206,False,Greedy 선택 후보보다 우선순위가 낮음,5.5,1360,245,1,우유,245,38,165,7946,200,250,4,5.53,239,224400,B,0.9381662113932748,2,60.0,44.5,8.08,NORMAL,75.3,False,45.3,MEDIUM,유통기한 임박,18.2,40.2,0.0,SAFE,"재고 여유 — 현재고(245), 재주문점(40)",0.0,342.5,62.3,93154.0,27.0,OPTIMAL,"적정 발주 — EOQ(342개), 권장 발주 주기 62일",27.0,38.2,5.46,14.58,0.0,STABLE,44.9,2.0,WMA,2.0,32.2,10.0,3.7,6.0,7.5,5.0,POOR,낮은 매칭,0.987,49.7,STABLE,9.0,LOW,76.6,HIGH,0.3,30.0,259593.0,100.0,0.385,0.385,38.6,True,26.2,397,25.2,324,100.0,0.999,4.9,77.4,50.0,DISCOUNT,72.7,2,99.8,72.7,40.3,turnover,42.0,모니터링,300,HEURISTIC 29% | ABC 14% | TURNOVER 14% | DISPOSAL_RISK 14% | SAFETY_STOCK 8% | EOQ 7% | DEMAND_FORECAST 7% | MATCH 5%,"['⏰ 유통기한 임박 (99%)', '❄️ 냉장·냉동 과잉 (61%)', '💸 배송비 상승 (100%)', '⚡ 복합 스트레스 (60%)']","{'재고위험': '25.3%', '판매가능성': '13.3%', '점포이동적합': '13.3%', '비용절감': '18.7%', '폐기회피이익': '14.5%', '실행가능성': '11.6%', '이력보정': '3.3%'}",True,True,False,True,False,True,52.9,23.6,52.3,54.1,72.0,50.0,59.3,49.8,0.0,35.8,검토,보류,⏸️,335,HIGH,신뢰도 높음 ●,#2e7d32,,,35.8,검토,보류,1,0,False,False,,50.0,15207.0,25788.0,15207.0,15.23,25.32,15.23,30.0,165.0,239.0,150.0,재고 이동,재고 이동,71.9,일치,71.9,47.49,25.342,16.242
농심 육개장사발면,교대점,마포점,162.0,재배치 추천,17448.0,프로모션 순비용이 재배치 비용보다 높습니다.,31.358564492774196,14.347826086956522,18,0,63.7,검토 가능,17448.0,162.0,207,False,Greedy 선택 후보보다 우선순위가 낮음,8.3,1790,257,1,우유,257,58,249,6476,400,250,5,3.67,248,445710,A,0.6821352269094287,1,100.0,31.0,11.63,NORMAL,82.8,False,38.5,LOW,유통기한 임박,13.5,55.0,0.0,SAFE,"재고 여유 — 현재고(257), 재주문점(55)",0.0,331.1,39.9,118521.0,21.2,OPTIMAL,"적정 발주 — EOQ(331개), 권장 발주 주기 40일",21.2,58.0,8.29,14.34,2.23,STABLE,31.0,3.9,WMA,3.9,32.7,10.0,0.2,10.0,7.5,5.0,POOR,낮은 매칭 · 핵심(A)상품,0.998,50.0,STABLE,6.1,LOW,76.6,HIGH,0.3,30.0,395328.0,100.0,0.385,0.385,38.6,True,35.3,168,22.0,411,100.0,0.999,4.9,75.1,50.0,DISCOUNT,72.5,2,99.8,72.7,23.8,turnover,49.9,모니터링,184,HEURISTIC 29% | ABC 14% | TURNOVER 14% | DISPOSAL_RISK 14% | SAFETY_STOCK 8% | EOQ 7% | DEMAND_FORECAST 7% | MATCH 5%,"['⏰ 유통기한 임박 (99%)', '❄️ 냉장·냉동 과잉 (61%)', '💸 배송비 상승 (100%)', '⚡ 복합 스트레스 (60%)']","{'재고위험': '25.3%', '판매가능성': '13.3%', '점포이동적합': '13.3%', '비용절감': '18.7%', '폐기회피이익': '14.5%', '실행가능성': '11.6%', '이력보정': '3.3%'}",True,True,False,True,False,True,57.8,24.7,51.6,53.2,72.0,50.0,64.3,50.9,0.0,54.0,검토,보류,⏸️,237,HIGH,신뢰도 높음 ●,#2e7d32,,,54.0,검토,보류,2,0,False,False,,50.0,17448.0,22053.0,17448.0,17.72,21.17,17.72,35.0,249.0,248.0,162.0,재고 이동,재고 이동,75.676,일치,75.676,49.652,26.255,16.999
유어스 치즈핫도그,구로점,잠원점,148.0,재배치 추천,15207.0,프로모션 순비용이 재배치 비용보다 높습니다.,32.631100763748904,12.82608695652174,18,0,63.5,검토 가능,15207.0,148.0,208,False,Greedy 선택 후보보다 우선순위가 낮음,6.2,4400,268,1,샐러드,272,43,186,11892,400,350,3,3.41,261,818400,A,0.18855229419502584,1,100.0,43.2,8.21,NORMAL,76.0,False,44.6,MEDIUM,유통기한 임박,9.7,28.3,0.0,SAFE,"재고 여유 — 현재고(268), 재주문점(28)",0.0,247.3,39.9,217634.0,4.4,OPTIMAL,"적정 발주 — EOQ(247개), 권장 발주 주기 40일",4.4,43.2,6.17,11.8,0.54,STABLE,43.4,2.2,WMA,2.2,36.2,10.0,3.71,10.0,7.5,5.0,POOR,낮은 매칭 · 핵심(A)상품,0.991,49.8,STABLE,8.6,LOW,76.6,HIGH,0.3,30.0,825433.0,100.0,0.385,0.385,38.7,True,27.6,365,25.6,300,100.0,0.999,4.9,77.4,50.0,DISCOUNT,72.4,2,99.8,72.7,25.8,turnover,48.9,모니터링,202,HEURISTIC 29% | ABC 14% | TURNOVER 14% | DISPOSAL_RISK 14% | SAFETY_STOCK 8% | EOQ 7% | DEMAND_FORECAST 7% | MATCH 5%,"['⏰ 유통기한 임박 (99%)', '❄️ 냉장·냉동 과잉 (61%)', '💸 배송비 상승 (100%)', '⚡ 복합 스트레스 (60%)']","{'재고위험': '25.3%', '판매가능성': '13.3%', '점포이동적합': '13.3%', '비용절감': '18.7%', '폐기회피이익': '14.5%', '실행가능성': '11.6%', '이력보정': '3.3%'}",True,True,False,True,False,True,58.7,23.8,54.2,50.6,72.0,50.0,60.1,50.9,0.0,53.3,검토,보류,⏸️,241,HIGH,신뢰도 높음 ●,#2e7d32,,,53.3,검토,보류,1,0,False,False,,50.0,15207.0,25788.0,15207.0,15.23,25.32,15.23,30.0,186.0,261.0,148.0,재고 이동,재고 이동,74.188,일치,74.188,48.672,25.738,16.689
유어스 치즈핫도그,건대점,합정점,168.0,재배치 추천,18915.0,프로모션 순비용이 재배치 비용보다 높습니다.,30.525538741091964,15.0,18,0,63.5,검토 가능,18915.0,168.0,209,False,Greedy 선택 후보보다 우선순위가 낮음,6.2,4400,248,1,도시락,248,43,186,8870,400,350,2,1.15,241,818400,A,0.18855229419502584,1,100.0,40.0,9.0,NORMAL,77.8,False,43.0,MEDIUM,유통기한 임박,2.7,15.1,0.0,SAFE,"재고 여유 — 현재고(248), 재주문점(15)",0.0,213.6,34.5,187958.0,14.8,OPTIMAL,"적정 발주 — EOQ(214개), 권장 발주 주기 34일",14.8,43.2,6.17,8.07,4.27,STABLE,40.2,2.6,WMA,2.6,36.2,10.0,3.73,10.0,7.5,5.0,POOR,낮은 매칭 · 핵심(A)상품,0.991,49.8,STABLE,8.0,LOW,76.6,HIGH,0.3,30.0,935325.0,100.0,0.385,0.385,39.4,True,29.3,315,24.9,339,100.0,0.999,4.9,77.9,50.0,DISCOUNT,72.3,2,99.8,72.7,25.4,turnover,49.8,모니터링,187,HEURISTIC 29% | ABC 14% | TURNOVER 14% | DISPOSAL_RISK 14% | SAFETY_STOCK 8% | EOQ 7% | DEMAND_FORECAST 7% | MATCH 5%,"['⏰ 유통기한 임박 (99%)', '❄️ 냉장·냉동 과잉 (61%)', '💸 배송비 상승 (100%)', '⚡ 복합 스트레스 (60%)']","{'재고위험': '25.3%', '판매가능성': '13.3%', '점포이동적합': '13.3%', '비용절감': '18.7%', '폐기회피이익': '14.5%', '실행가능성': '11.6%', '이력보정': '3.3%'}",True,True,False,True,False,True,58.5,24.1,54.1,52.1,72.0,50.0,61.0,51.2,0.0,57.0,검토,보류,⏸️,221,HIGH,신뢰도 높음 ●,#2e7d32,,,57.0,검토,보류,1,0,False,False,,50.0,18915.0,21036.0,18915.0,19.35,20.04,19.35,39.0,186.0,241.0,168.0,재고 이동,재고 이동,75.209,일치,75.209,49.409,26.152,16.915
유어스 스트링치즈,잠실점,잠원점,128.0,재배치 추천,11445.0,프로모션 순비용이 재배치 비용보다 높습니다.,34.767326311007636,10.652173913043478,18,0,63.4,검토 가능,11445.0,128.0,210,False,Greedy 선택 후보보다 우선순위가 낮음,8.2,780,278,2,도시락,278,57,246,10862,250,350,2,4.68,261,191880,B,0.9299891207098091,2,60.0,33.9,10.62,NORMAL,81.2,False,40.0,MEDIUM,유통기한 임박,10.9,27.3,0.0,SAFE,"재고 여유 — 현재고(278), 재주문점(27)",0.0,645.6,78.7,100713.0,46.9,UNDER,과소 발주 위험 — 현재(267개) < EOQ(646개). 발주량 증가 검토,46.9,57.2,8.17,15.89,0.45,STABLE,34.0,3.5,WMA,3.5,32.3,10.0,3.77,6.0,7.5,5.0,POOR,낮은 매칭,0.993,49.8,STABLE,6.8,LOW,73.1,HIGH,0.3,30.0,140363.0,100.0,0.385,0.385,39.5,True,33.3,199,22.7,374,100.0,0.999,4.9,77.4,50.0,DISCOUNT,72.1,2,99.8,72.7,38.7,turnover,43.8,모니터링,269,HEURISTIC 29% | ABC 14% | TURNOVER 14% | DISPOSAL_RISK 14% | SAFETY_STOCK 8% | EOQ 7% | DEMAND_FORECAST 7% | MATCH 5%,"['⏰ 유통기한 임박 (99%)', '❄️ 냉장·냉동 과잉 (61%)', '💸 배송비 상승 (100%)', '⚡ 복합 스트레스 (60%)']","{'재고위험': '25.3%', '판매가능성': '13.3%', '점포이동적합': '13.3%', '비용절감': '18.7%', '폐기회피이익': '14.5%', '실행가능성': '11.6%', '이력보정': '3.3%'}",True,True,False,True,False,True,52.0,24.6,51.8,56.9,72.0,50.0,63.2,50.2,0.0,41.2,검토,보류,⏸️,306,HIGH,신뢰도 높음 ●,#2e7d32,,,41.2,검토,보류,1,0,False,False,,50.0,11445.0,26742.0,11445.0,11.05,26.380000000000003,11.05,22.0,246.0,261.0,128.0,재고 이동,재고 이동,73.167,일치,73.167,48.245,25.709,16.501
광동 옥수수수염차,상암점,합정점,170.0,재배치 추천,19767.0,프로모션 순비용이 재배치 비용보다 높습니다.,30.04173646404134,15.217391304347828,18,0,63.3,검토 가능,19767.0,170.0,211,False,Greedy 선택 후보보다 우선순위가 낮음,5.5,1360,265,1,김밥,265,38,165,3944,200,350,5,1.21,259,224400,B,0.9381662113932748,2,60.0,48.2,7.47,NORMAL,73.2,False,47.1,MEDIUM,유통기한 임박,4.5,32.0,0.0,SAFE,"재고 여유 — 현재고(265), 재주문점(32)",0.0,241.3,43.9,65629.0,8.0,OPTIMAL,"적정 발주 — EOQ(241개), 권장 발주 주기 44일",8.0,38.2,5.46,7.45,3.46,STABLE,48.6,1.5,WMA,1.5,32.2,10.0,3.68,6.0,7.5,5.0,POOR,낮은 매칭,0.987,49.7,STABLE,9.7,LOW,76.6,HIGH,0.3,30.0,291673.0,100.0,0.385,0.385,38.6,False,24.8,427,26.0,280,100.0,0.999,4.9,77.9,50.0,DISCOUNT,72.0,2,99.8,72.7,40.9,turnover,40.1,모니터링,341,HEURISTIC 29% | ABC 14% | TURNOVER 14% | DISPOSAL_RISK 14% | SAFETY_STOCK 8% | EOQ 7% | DEMAND_FORECAST 7% | MATCH 5%,"['⏰ 유통기한 임박 (99%)', '❄️ 냉장·냉동 과잉 (61%)', '💸 배송비 상승 (100%)', '⚡ 복합 스트레스 (60%)']","{'재고위험': '25.3%', '판매가능성': '13.3%', '점포이동적합': '13.3%', '비용절감': '18.7%', '폐기회피이익': '14.5%', '실행가능성': '11.6%', '이력보정': '3.3%'}",True,True,False,True,False,True,53.1,23.4,52.5,51.0,72.0,50.0,58.6,49.3,0.0,24.9,검토,보류,⏸️,393,HIGH,신뢰도 높음 ●,#2e7d32,,,24.9,검토,보류,1,0,False,False,,50.0,0.0,19767.0,19767.0,0.0,18.630000000000003,18.630000000000003,37.0,165.0,259.0,170.0,재고 이동,재고 이동,72.377,일치,72.377,47.646,25.345,16.255
브레디크 골든단팥빵,강남점,신촌5점,134.0,재배치 추천,13038.0,프로모션 순비용이 재배치 비용보다 높습니다.,33.862752335254534,11.304347826086957,18,0,63.2,검토 가능,13038.0,134.0,212,False,Greedy 선택 후보보다 우선순위가 낮음,2.6,1360,274,2,샐러드,274,18,78,8139,400,350,3,3.09,268,106080,C,0.9810345678353668,3,20.0,105.4,3.42,DEAD,41.4,True,68.0,HIGH,유통기한 임박 | 소진일수 105일 초과,8.8,16.6,0.0,SAFE,"재고 여유 — 현재고(274), 재주문점(17)",0.0,238.3,91.7,64821.0,11.3,OPTIMAL,"적정 발주 — EOQ(238개), 권장 발주 주기 92일",11.3,18.1,2.59,7.68,0.0,STABLE,106.0,0.0,WMA,0.0,33.9,10.0,8.4,3.0,7.5,5.0,POOR,낮은 매칭 · 폐기위험 높음,0.989,49.7,STABLE,20.8,LOW,73.1,HIGH,0.3,30.0,259250.0,100.0,0.385,0.385,38.7,True,29.7,302,37.3,52,100.0,0.999,4.9,77.7,50.0,DISCOUNT,71.9,2,99.8,72.6,44.9,disposal_risk,31.7,후순위,439,HEURISTIC 29% | ABC 14% | TURNOVER 14% | DISPOSAL_RISK 14% | SAFETY_STOCK 8% | EOQ 7% | DEMAND_FORECAST 7% | MATCH 5%,"['⏰ 유통기한 임박 (99%)', '❄️ 냉장·냉동 과잉 (61%)', '💸 배송비 상승 (100%)', '⚡ 복합 스트레스 (60%)']","{'재고위험': '25.3%', '판매가능성': '13.3%', '점포이동적합': '13.3%', '비용절감': '18.7%', '폐기회피이익': '14.5%', '실행가능성': '11.6%', '이력보정': '3.3%'}",True,True,False,True,False,True,48.1,22.7,55.5,51.5,72.0,50.0,61.2,48.4,0.0,16.4,검토,할인 판매,🏷️,439,HIGH,신뢰도 높음 ●,#2e7d32,,,16.4,검토,할인 판매,1,0,False,False,,50.0,13038.0,18705.0,13038.0,12.82,17.45,12.82,26.0,78.0,268.0,134.0,재고 이동,재고 이동,67.641,일치,67.641,45.011,24.205,15.369
브레디크 우유생크림빵,이태원점,목동점,152.0,재배치 추천,16440.0,프로모션 순비용이 재배치 비용보다 높습니다.,31.930950285341133,13.260869565217392,18,0,63.2,검토 가능,16440.0,152.0,213,False,Greedy 선택 후보보다 우선순위가 낮음,2.3,2390,257,5,냉장식품,257,16,69,6499,400,300,3,2.34,245,164910,A,0.6660533387920988,1,100.0,111.7,3.22,DEAD,37.9,True,68.0,HIGH,유통기한 임박 | 소진일수 112일 초과 | 신선/냉장 고위험 카테고리,6.7,13.6,0.0,SAFE,"재고 여유 — 현재고(257), 재주문점(14)",0.0,119.4,51.9,91353.0,100.0,OVER,과잉 발주 위험 — 현재(250개) > EOQ(119개). 발주 주기 52일 권장,100.0,16.0,2.29,6.15,0.0,STABLE,112.4,0.0,WMA,0.0,40.9,10.0,8.4,10.0,7.5,5.0,FAIR,보통 매칭 · 폐기위험 높음 · 핵심(A)상품,0.994,49.8,STABLE,21.9,LOW,62.6,MEDIUM,0.3,30.0,480296.0,100.0,0.385,0.385,38.7,True,30.4,278,39.0,24,100.0,0.999,4.9,77.7,50.0,DISCOUNT,71.7,2,99.8,72.6,27.0,disposal_risk,54.1,모니터링,120,HEURISTIC 29% | ABC 14% | TURNOVER 14% | DISPOSAL_RISK 14% | SAFETY_STOCK 8% | EOQ 7% | DEMAND_FORECAST 7% | MATCH 5%,"['⏰ 유통기한 임박 (99%)', '❄️ 냉장·냉동 과잉 (61%)', '💸 배송비 상승 (100%)', '⚡ 복합 스트레스 (60%)']","{'재고위험': '25.3%', '판매가능성': '13.3%', '점포이동적합': '13.3%', '비용절감': '18.7%', '폐기회피이익': '14.5%', '실행가능성': '11.6%', '이력보정': '3.3%'}",True,True,False,True,False,True,59.2,22.7,59.0,64.8,72.0,50.0,61.6,54.2,0.0,95.2,최적,할인 판매,🏷️,16,HIGH,신뢰도 높음 ●,#2e7d32,,,95.2,최적,할인 판매,1,0,False,False,,50.0,16440.0,22170.0,16440.0,16.6,21.3,16.6,33.0,69.0,245.0,152.0,재고 이동,재고 이동,81.538,일치,81.538,54.248,29.045,18.398
유어스 과일컵,광명6점,신촌점,144.0,재배치 추천,15027.0,프로모션 순비용이 재배치 비용보다 높습니다.,32.73331251242156,12.391304347826088,18,0,63.1,검토 가능,15027.0,144.0,214,False,Greedy 선택 후보보다 우선순위가 낮음,3.1,3260,279,4,김밥,279,22,93,12582,400,350,1,3.73,266,303180,B,0.9130967109601626,2,60.0,90.0,4.0,SLOW,50.0,True,60.0,HIGH,유통기한 임박 | 소진일수 90일 초과,6.2,9.3,0.0,SAFE,"재고 여유 — 현재고(279), 재주문점(9)",0.0,209.0,67.4,136251.0,30.5,OPTIMAL,"적정 발주 — EOQ(209개), 권장 발주 주기 67일",30.5,21.9,3.13,9.28,0.0,STABLE,89.2,0.0,WMA,0.0,36.9,10.0,8.4,6.0,7.5,5.0,POOR,낮은 매칭 · 폐기위험 높음,1.014,50.3,STABLE,17.5,LOW,66.1,MEDIUM,0.3,30.0,605901.0,100.0,0.385,0.385,43.3,False,26.7,383,33.9,118,100.0,0.999,4.9,77.9,50.0,DISCOUNT,71.6,2,99.8,72.6,44.4,disposal_risk,40.8,모니터링,322,HEURISTIC 29% | ABC 14% | TURNOVER 14% | DISPOSAL_RISK 14% | SAFETY_STOCK 8% | EOQ 7% | DEMAND_FORECAST 7% | MATCH 5%,"['⏰ 유통기한 임박 (99%)', '❄️ 냉장·냉동 과잉 (61%)', '💸 배송비 상승 (100%)', '⚡ 복합 스트레스 (60%)']","{'재고위험': '25.3%', '판매가능성': '13.3%', '점포이동적합': '13.3%', '비용절감': '18.7%', '폐기회피이익': '14.5%', '실행가능성': '11.6%', '이력보정': '3.3%'}",True,True,False,True,False,True,52.8,23.8,56.2,54.3,72.0,50.0,59.6,50.4,0.0,45.4,검토,할인 판매,🏷️,283,HIGH,신뢰도 높음 ●,#2e7d32,,,45.4,검토,할인 판매,0,0,True,False,,50.0,15027.0,26103.0,15027.0,15.03,25.67,15.03,30.0,93.0,266.0,144.0,재고 이동,재고 이동,72.689,일치,72.689,48.186,25.791,16.432
유어스 복숭아아이스티,강남점,합정점,146.0,재배치 추천,15369.0,프로모션 순비용이 재배치 비용보다 높습니다.,32.5391101899435,12.608695652173912,18,0,63.1,검토 가능,15369.0,146.0,215,False,Greedy 선택 후보보다 우선순위가 낮음,2.9,1420,271,6,김밥,271,20,87,6201,100,350,2,6.37,253,123540,B,0.9217523190193241,2,60.0,93.4,3.85,DEAD,48.1,True,60.0,HIGH,유통기한 임박 | 소진일수 93일 초과,14.9,20.7,0.0,SAFE,"재고 여유 — 현재고(271), 재주문점(21)",0.0,215.0,74.1,61059.0,19.1,OPTIMAL,"적정 발주 — EOQ(215개), 권장 발주 주기 74일",19.1,20.1,2.87,13.38,0.0,STABLE,94.4,0.0,WMA,0.0,36.9,10.0,8.4,6.0,7.5,5.0,POOR,낮은 매칭 · 폐기위험 높음,0.985,49.6,STABLE,18.5,LOW,59.1,MEDIUM,0.3,30.0,248015.0,100.0,0.385,0.385,39.4,False,26.7,383,34.2,113,100.0,0.999,4.9,77.9,50.0,DISCOUNT,71.5,2,99.8,72.6,44.7,disposal_risk,39.5,후순위,353,HEURISTIC 29% | ABC 14% | TURNOVER 14% | DISPOSAL_RISK 14% | SAFETY_STOCK 8% | EOQ 7% | DEMAND_FORECAST 7% | MATCH 5%,"['⏰ 유통기한 임박 (99%)', '❄️ 냉장·냉동 과잉 (61%)', '💸 배송비 상승 (100%)', '⚡ 복합 스트레스 (60%)']","{'재고위험': '25.3%', '판매가능성': '13.3%', '점포이동적합': '13.3%', '비용절감': '18.7%', '폐기회피이익': '14.5%', '실행가능성': '11.6%', '이력보정': '3.3%'}",True,True,False,True,False,True,52.3,22.8,56.2,52.6,72.0,50.0,59.6,49.8,0.0,35.2,검토,할인 판매,🏷️,338,HIGH,신뢰도 높음 ●,#2e7d32,,,35.2,검토,할인 판매,1,0,False,False,,50.0,15369.0,20478.0,15369.0,15.41,19.42,15.41,31.0,87.0,253.0,146.0,재고 이동,재고 이동,70.918,일치,70.918,46.991,25.115,16.061
심플리쿡 닭가슴살샐러드,일산4점,부천4점,198.0,재배치 추천,25359.0,프로모션 순비용이 재배치 비용보다 높습니다.,26.866358138610487,18.26086956521739,18,0,63.1,검토 가능,25359.0,198.0,216,False,Greedy 선택 후보보다 우선순위가 낮음,6.2,2450,278,1,샐러드,280,43,186,10526,500,350,1,7.99,271,455700,A,0.7793834479153464,1,100.0,44.8,7.97,NORMAL,75.1,False,45.4,MEDIUM,유통기한 임박,13.2,19.4,0.0,SAFE,"재고 여유 — 현재고(278), 재주문점(19)",0.0,311.8,50.3,152787.0,12.1,OPTIMAL,"적정 발주 — EOQ(312개), 권장 발주 주기 50일",12.1,43.2,6.17,19.35,0.0,STABLE,45.0,2.0,WMA,2.0,36.2,10.0,3.7,10.0,7.5,5.0,POOR,낮은 매칭 · 핵심(A)상품,0.991,49.8,STABLE,8.9,LOW,76.6,HIGH,0.3,30.0,655761.0,100.0,0.385,0.385,43.4,True,27.1,375,26.0,280,100.0,0.999,4.9,75.0,50.0,DISCOUNT,71.3,2,99.8,72.6,26.0,turnover,49.0,모니터링,201,HEURISTIC 29% | ABC 14% | TURNOVER 14% | DISPOSAL_RISK 14% | SAFETY_STOCK 8% | EOQ 7% | DEMAND_FORECAST 7% | MATCH 5%,"['⏰ 유통기한 임박 (99%)', '❄️ 냉장·냉동 과잉 (61%)', '💸 배송비 상승 (100%)', '⚡ 복합 스트레스 (60%)']","{'재고위험': '25.3%', '판매가능성': '13.3%', '점포이동적합': '13.3%', '비용절감': '18.7%', '폐기회피이익': '14.5%', '실행가능성': '11.6%', '이력보정': '3.3%'}",True,True,False,True,False,True,58.8,24.6,54.0,51.5,72.0,50.0,59.8,51.2,0.0,57.7,검토,보류,⏸️,217,HIGH,신뢰도 높음 ●,#2e7d32,,,57.7,검토,보류,1,0,False,False,,50.0,25359.0,57009.0,25359.0,26.51,60.01,26.51,53.0,186.0,271.0,198.0,재고 이동,재고 이동,78.034,일치,78.034,51.503,27.559,17.471
브레디크 모찌롤,명동점,혜화점,164.0,재배치 추천,19128.0,프로모션 순비용이 재배치 비용보다 높습니다.,30.404588171829307,14.565217391304348,18,0,63.0,검토 가능,19128.0,164.0,217,False,Greedy 선택 후보보다 우선순위가 낮음,6.1,2820,269,2,냉장식품,274,43,183,7402,400,300,5,2.12,256,516060,A,0.5672473792465825,1,100.0,44.1,8.01,NORMAL,75.5,False,53.0,MEDIUM,유통기한 임박 | 신선/냉장 고위험 카테고리,7.8,38.3,0.0,SAFE,"재고 여유 — 현재고(269), 재주문점(38)",0.0,191.1,31.3,172465.0,36.7,OPTIMAL,"적정 발주 — EOQ(191개), 권장 발주 주기 31일",36.7,42.9,6.13,9.63,2.63,STABLE,43.9,2.1,WMA,2.1,36.2,10.0,3.7,10.0,7.5,5.0,POOR,낮은 매칭 · 핵심(A)상품,1.007,50.2,STABLE,8.6,LOW,73.1,HIGH,0.3,30.0,601448.0,100.0,0.385,0.385,38.6,True,30.4,278,29.0,198,100.0,0.999,4.9,77.9,50.0,DISCOUNT,71.2,2,99.8,72.6,25.8,turnover,53.1,모니터링,138,HEURISTIC 29% | ABC 14% | TURNOVER 14% | DISPOSAL_RISK 14% | SAFETY_STOCK 8% | EOQ 7% | DEMAND_FORECAST 7% | MATCH 5%,"['⏰ 유통기한 임박 (99%)', '❄️ 냉장·냉동 과잉 (61%)', '💸 배송비 상승 (100%)', '⚡ 복합 스트레스 (60%)']","{'재고위험': '25.3%', '판매가능성': '13.3%', '점포이동적합': '13.3%', '비용절감': '18.7%', '폐기회피이익': '14.5%', '실행가능성': '11.6%', '이력보정': '3.3%'}",True,True,False,True,False,True,62.4,23.8,54.9,55.2,72.0,50.0,61.6,52.8,0.0,84.2,최적,보류,⏸️,75,HIGH,신뢰도 높음 ●,#2e7d32,,,84.2,최적,보류,1,0,False,False,,50.0,0.0,19128.0,19128.0,0.0,17.92,17.92,36.0,183.0,256.0,164.0,재고 이동,재고 이동,78.942,일치,78.942,51.937,27.533,17.708
풀무원 얇은피만두,과천3점,부천4점,210.0,재배치 추천,27942.0,프로모션 순비용이 재배치 비용보다 높습니다.,25.399619545157716,19.565217391304348,18,0,63.0,검토 가능,27942.0,210.0,218,False,Greedy 선택 후보보다 우선순위가 낮음,3.5,3520,275,7,우유,275,24,105,16805,300,250,1,3.55,250,369600,A,0.608622131193652,1,100.0,78.6,4.58,SLOW,56.3,True,54.3,MEDIUM,유통기한 임박 | 소진일수 79일 초과,5.9,9.4,0.0,SAFE,"재고 여유 — 현재고(275), 재주문점(9)",0.0,247.0,70.6,173861.0,8.9,OPTIMAL,"적정 발주 — EOQ(247개), 권장 발주 주기 71일",8.9,24.2,3.46,9.31,0.0,STABLE,79.5,0.0,WMA,0.0,36.1,10.0,3.6,10.0,7.5,5.0,POOR,낮은 매칭 · 핵심(A)상품,0.98,49.5,STABLE,15.8,LOW,55.6,MEDIUM,0.3,30.0,922098.0,100.0,0.385,0.385,43.3,True,24.3,439,31.0,159,100.0,0.999,4.9,75.0,50.0,DISCOUNT,71.1,2,99.8,72.6,28.4,disposal_risk,45.9,모니터링,243,HEURISTIC 29% | ABC 14% | TURNOVER 14% | DISPOSAL_RISK 14% | SAFETY_STOCK 8% | EOQ 7% | DEMAND_FORECAST 7% | MATCH 5%,"['⏰ 유통기한 임박 (99%)', '❄️ 냉장·냉동 과잉 (61%)', '💸 배송비 상승 (100%)', '⚡ 복합 스트레스 (60%)']","{'재고위험': '25.3%', '판매가능성': '13.3%', '점포이동적합': '13.3%', '비용절감': '18.7%', '폐기회피이익': '14.5%', '실행가능성': '11.6%', '이력보정': '3.3%'}",True,True,False,True,False,True,57.9,23.5,54.9,51.0,72.0,50.0,58.3,50.9,0.0,52.3,검토,보류,⏸️,246,HIGH,신뢰도 높음 ●,#2e7d32,,,52.3,검토,보류,1,0,False,False,,50.0,27942.0,47235.0,27942.0,29.38,49.15,29.38,59.0,105.0,250.0,210.0,재고 이동,재고 이동,76.716,일치,76.716,50.794,27.212,17.232
매일 바이오 플레인요거트,용산점,여의도2점,96.0,재배치 추천,6306.0,프로모션 순비용이 재배치 비용보다 높습니다.,37.685471735612275,7.173913043478261,18,0,62.9,검토 가능,6306.0,96.0,219,False,Greedy 선택 후보보다 우선순위가 낮음,15.9,2280,271,2,김밥,271,111,477,6199,500,350,2,0.66,239,1087560,A,0.4413232235595307,1,100.0,17.0,21.12,FAST,90.6,False,38.0,LOW,유통기한 임박,1.5,33.3,0.0,SAFE,"재고 여유 — 현재고(271), 재주문점(33)",0.0,397.2,25.0,181135.0,25.7,OPTIMAL,"적정 발주 — EOQ(397개), 권장 발주 주기 25일",25.7,111.1,15.87,16.96,14.78,STABLE,17.1,11.0,WMA,11.0,33.0,10.0,0.55,10.0,7.5,5.0,POOR,낮은 매칭 · 핵심(A)상품,0.997,49.9,STABLE,3.4,LOW,73.1,HIGH,0.3,30.0,304350.0,100.0,0.385,0.385,39.6,False,70.3,14,21.9,415,100.0,0.999,4.9,73.8,50.0,DISCOUNT,70.9,2,99.8,72.6,23.7,turnover,55.7,검토 필요,90,HEURISTIC 29% | ABC 14% | TURNOVER 14% | DISPOSAL_RISK 14% | SAFETY_STOCK 8% | EOQ 7% | DEMAND_FORECAST 7% | MATCH 5%,"['⏰ 유통기한 임박 (99%)', '❄️ 냉장·냉동 과잉 (61%)', '💸 배송비 상승 (100%)', '⚡ 복합 스트레스 (60%)']","{'재고위험': '25.3%', '판매가능성': '13.3%', '점포이동적합': '13.3%', '비용절감': '18.7%', '폐기회피이익': '14.5%', '실행가능성': '11.6%', '이력보정': '3.3%'}",True,True,False,True,False,True,59.6,28.4,51.6,53.4,72.0,50.0,83.6,52.0,0.0,70.8,권장,보류,⏸️,147,HIGH,신뢰도 높음 ●,#2e7d32,,,70.8,권장,보류,0,0,True,False,,50.0,6306.0,22755.0,6306.0,5.34,21.95,5.34,11.0,477.0,239.0,96.0,재고 이동,재고 이동,72.091,일치,72.091,47.247,24.941,16.324
유어스 스파클링 레몬,건대3점,안양4점,188.0,재배치 추천,23802.0,프로모션 순비용이 재배치 비용보다 높습니다.,27.750489764629055,17.17391304347826,18,0,62.9,검토 가능,23802.0,188.0,220,False,Greedy 선택 후보보다 우선순위가 낮음,2.2,1100,268,6,샐러드,272,15,66,5526,100,350,3,1.34,254,72600,C,0.9678109295193111,3,20.0,121.8,2.91,DEAD,32.3,True,60.0,HIGH,유통기한 임박 | 소진일수 122일 초과,3.8,10.4,0.0,SAFE,"재고 여유 — 현재고(268), 재주문점(10)",0.0,200.8,91.3,44186.0,31.6,OPTIMAL,"적정 발주 — EOQ(201개), 권장 발주 주기 91일",31.6,15.2,2.17,4.38,0.0,STABLE,123.4,0.0,WMA,0.0,33.9,10.0,8.4,3.0,7.5,5.0,POOR,낮은 매칭 · 폐기위험 높음,0.974,49.4,STABLE,24.3,LOW,59.1,MEDIUM,0.3,30.0,243158.0,100.0,0.385,0.385,38.7,True,26.4,391,35.0,101,100.0,0.999,4.9,74.9,50.0,DISCOUNT,70.8,2,99.8,72.6,49.0,disposal_risk,28.4,후순위,461,HEURISTIC 29% | ABC 14% | TURNOVER 14% | DISPOSAL_RISK 14% | SAFETY_STOCK 8% | EOQ 7% | DEMAND_FORECAST 7% | MATCH 5%,"['⏰ 유통기한 임박 (99%)', '❄️ 냉장·냉동 과잉 (61%)', '💸 배송비 상승 (100%)', '⚡ 복합 스트레스 (60%)']","{'재고위험': '25.3%', '판매가능성': '13.3%', '점포이동적합': '13.3%', '비용절감': '18.7%', '폐기회피이익': '14.5%', '실행가능성': '11.6%', '이력보정': '3.3%'}",True,True,False,True,False,True,42.1,22.6,54.7,54.3,72.0,50.0,59.4,47.3,0.0,9.5,검토,할인 판매,🏷️,476,HIGH,신뢰도 높음 ●,#2e7d32,,,9.5,검토,할인 판매,0,0,True,False,,50.0,23802.0,37569.0,23802.0,24.78,38.41,24.78,50.0,66.0,254.0,188.0,재고 이동,재고 이동,69.162,일치,69.162,46.303,25.153,15.658
유어스 복숭아아이스티,잠실2점,잠원점,126.0,재배치 추천,12183.0,프로모션 순비용이 재배치 비용보다 높습니다.,34.348258141449705,10.434782608695652,18,0,62.8,검토 가능,12183.0,126.0,221,False,Greedy 선택 후보보다 우선순위가 낮음,6.9,1420,251,1,냉장식품,251,48,207,4098,100,300,3,1.78,244,293940,B,0.9217523190193241,2,60.0,36.4,9.9,NORMAL,79.8,False,49.2,MEDIUM,유통기한 임박 | 신선/냉장 고위험 카테고리,5.1,25.8,0.0,SAFE,"재고 여유 — 현재고(251), 재주문점(26)",0.0,213.1,30.9,96848.0,15.4,OPTIMAL,"적정 발주 — EOQ(213개), 권장 발주 주기 31일",15.4,48.1,6.87,9.81,3.93,STABLE,36.5,3.1,WMA,3.1,32.2,10.0,3.75,6.0,7.5,5.0,POOR,낮은 매칭,0.994,49.8,STABLE,7.2,LOW,76.6,HIGH,0.3,30.0,215121.0,100.0,0.385,0.385,38.7,True,33.9,191,26.4,256,100.0,0.999,4.9,77.4,50.0,DISCOUNT,70.7,2,99.8,72.6,38.9,turnover,43.3,모니터링,276,HEURISTIC 29% | ABC 14% | TURNOVER 14% | DISPOSAL_RISK 14% | SAFETY_STOCK 8% | EOQ 7% | DEMAND_FORECAST 7% | MATCH 5%,"['⏰ 유통기한 임박 (99%)', '❄️ 냉장·냉동 과잉 (61%)', '💸 배송비 상승 (100%)', '⚡ 복합 스트레스 (60%)']","{'재고위험': '25.3%', '판매가능성': '13.3%', '점포이동적합': '13.3%', '비용절감': '18.7%', '폐기회피이익': '14.5%', '실행가능성': '11.6%', '이력보정': '3.3%'}",True,True,False,True,False,True,55.8,24.2,52.5,51.8,72.0,50.0,63.6,50.3,0.0,43.0,검토,보류,⏸️,296,HIGH,신뢰도 높음 ●,#2e7d32,,,43.0,검토,보류,2,0,False,False,,50.0,12183.0,27102.0,12183.0,11.87,26.78,11.87,24.0,207.0,244.0,126.0,재고 이동,재고 이동,70.534,일치,70.534,46.555,24.827,15.981
광동 옥수수수염차,강남점,여의도2점,130.0,재배치 추천,12894.0,프로모션 순비용이 재배치 비용보다 높습니다.,33.94452173419267,10.869565217391305,18,0,62.8,검토 가능,12894.0,130.0,222,False,Greedy 선택 후보보다 우선순위가 낮음,3.5,1360,265,7,우유,265,24,105,3546,200,250,2,4.44,240,142800,B,0.9381662113932748,2,60.0,75.7,4.75,SLOW,57.9,True,52.9,MEDIUM,유통기한 임박 | 소진일수 76일 초과,10.4,17.4,0.0,SAFE,"재고 여유 — 현재고(265), 재주문점(17)",0.0,182.5,52.1,49642.0,39.5,OPTIMAL,"적정 발주 — EOQ(182개), 권장 발주 주기 52일",39.5,24.2,3.46,10.78,0.0,STABLE,76.7,0.0,WMA,0.0,32.1,10.0,3.6,6.0,7.5,5.0,POOR,낮은 매칭,0.98,49.5,STABLE,15.2,LOW,55.6,MEDIUM,0.3,30.0,225266.0,100.0,0.385,0.385,39.4,True,23.3,454,29.5,186,100.0,0.999,4.9,73.8,50.0,DISCOUNT,70.5,2,99.8,72.6,44.4,disposal_risk,39.1,후순위,361,HEURISTIC 29% | ABC 14% | TURNOVER 14% | DISPOSAL_RISK 14% | SAFETY_STOCK 8% | EOQ 7% | DEMAND_FORECAST 7% | MATCH 5%,"['⏰ 유통기한 임박 (99%)', '❄️ 냉장·냉동 과잉 (61%)', '💸 배송비 상승 (100%)', '⚡ 복합 스트레스 (60%)']","{'재고위험': '25.3%', '판매가능성': '13.3%', '점포이동적합': '13.3%', '비용절감': '18.7%', '폐기회피이익': '14.5%', '실행가능성': '11.6%', '이력보정': '3.3%'}",True,True,False,True,False,True,51.7,22.7,52.7,55.5,72.0,50.0,57.7,49.7,0.0,33.9,검토,보류,⏸️,345,HIGH,신뢰도 높음 ●,#2e7d32,,,33.9,검토,보류,1,0,False,False,,50.0,12894.0,21027.0,12894.0,12.66,20.03,12.66,25.0,105.0,240.0,130.0,재고 이동,재고 이동,70.815,일치,70.815,46.921,25.078,16.064
유어스 불고기피자,안양4점,압구정점,180.0,재배치 추천,22551.0,프로모션 순비용이 재배치 비용보다 높습니다.,28.46086141790409,16.304347826086957,18,0,62.8,검토 가능,22551.0,180.0,223,False,Greedy 선택 후보보다 우선순위가 낮음,2.5,2260,275,3,우유,275,18,75,11999,500,250,1,6.88,267,169500,B,0.8465497611767049,2,60.0,110.0,3.27,DEAD,38.9,True,68.0,HIGH,유통기한 임박 | 소진일수 110일 초과,11.4,13.9,0.0,SAFE,"재고 여유 — 현재고(275), 재주문점(14)",0.0,220.1,88.0,99489.0,19.8,OPTIMAL,"적정 발주 — EOQ(220개), 권장 발주 주기 88일",19.8,17.8,2.54,13.89,0.0,STABLE,108.1,0.0,WMA,0.0,36.9,10.0,8.4,6.0,7.5,5.0,POOR,낮은 매칭 · 폐기위험 높음,1.029,50.7,STABLE,21.4,LOW,69.6,MEDIUM,0.3,30.0,555609.0,100.0,0.385,0.385,43.3,True,30.1,287,38.1,39,100.0,0.999,4.9,66.2,50.0,DISCOUNT,70.4,2,99.8,72.6,42.9,disposal_risk,39.7,후순위,345,HEURISTIC 29% | ABC 14% | TURNOVER 14% | DISPOSAL_RISK 14% | SAFETY_STOCK 8% | EOQ 7% | DEMAND_FORECAST 7% | MATCH 5%,"['⏰ 유통기한 임박 (99%)', '❄️ 냉장·냉동 과잉 (61%)', '💸 배송비 상승 (100%)', '⚡ 복합 스트레스 (60%)']","{'재고위험': '25.3%', '판매가능성': '13.3%', '점포이동적합': '13.3%', '비용절감': '18.7%', '폐기회피이익': '14.5%', '실행가능성': '11.6%', '이력보정': '3.3%'}",True,True,False,True,False,True,53.4,23.9,55.8,52.5,72.0,50.0,61.5,50.2,0.0,40.6,검토,할인 판매,🏷️,309,HIGH,신뢰도 높음 ●,#2e7d32,,,40.6,검토,할인 판매,0,1,False,False,,50.0,22551.0,34437.0,22551.0,23.39,34.93,23.39,47.0,75.0,267.0,180.0,재고 이동,재고 이동,73.875,일치,73.875,49.159,26.454,16.675
유어스 불고기피자,평촌5점,압구정점,180.0,재배치 추천,22560.0,프로모션 순비용이 재배치 비용보다 높습니다.,28.455750830470457,16.304347826086957,18,0,62.8,검토 가능,22560.0,180.0,224,False,Greedy 선택 후보보다 우선순위가 낮음,5.5,2260,275,1,김밥,275,38,165,15101,500,350,1,0.87,269,372900,B,0.8465497611767049,2,60.0,50.0,7.2,NORMAL,72.2,False,48.0,MEDIUM,유통기한 임박,1.4,6.9,0.0,SAFE,"재고 여유 — 현재고(275), 재주문점(7)",0.0,366.2,66.6,165545.0,20.2,OPTIMAL,"적정 발주 — EOQ(366개), 권장 발주 주기 67일",20.2,38.2,5.46,6.89,4.02,STABLE,50.4,1.3,WMA,1.3,32.2,10.0,3.66,6.0,7.5,5.0,POOR,낮은 매칭,0.987,49.7,STABLE,10.0,LOW,76.6,HIGH,0.3,30.0,555600.0,100.0,0.385,0.385,43.8,False,24.7,432,26.4,256,100.0,0.999,4.9,66.2,50.0,DISCOUNT,70.3,2,99.8,72.6,41.2,turnover,40.4,모니터링,333,HEURISTIC 29% | ABC 14% | TURNOVER 14% | DISPOSAL_RISK 14% | SAFETY_STOCK 8% | EOQ 7% | DEMAND_FORECAST 7% | MATCH 5%,"['⏰ 유통기한 임박 (99%)', '❄️ 냉장·냉동 과잉 (61%)', '💸 배송비 상승 (100%)', '⚡ 복합 스트레스 (60%)']","{'재고위험': '25.3%', '판매가능성': '13.3%', '점포이동적합': '13.3%', '비용절감': '18.7%', '폐기회피이익': '14.5%', '실행가능성': '11.6%', '이력보정': '3.3%'}",True,True,False,True,False,True,53.3,24.3,51.4,52.6,72.0,50.0,58.5,49.6,0.0,31.8,검토,보류,⏸️,356,HIGH,신뢰도 높음 ●,#2e7d32,,,31.8,검토,보류,1,1,True,False,,50.0,22560.0,34077.0,22560.0,23.4,34.53,23.4,47.0,165.0,269.0,180.0,재고 이동,재고 이동,74.4,일치,74.4,49.187,26.327,16.716
비비고 김치왕교자,압구정점,청량리점,102.0,재배치 추천,7737.0,프로모션 순비용이 재배치 비용보다 높습니다.,36.87288833366458,7.82608695652174,18,0,62.7,검토 가능,7737.0,102.0,225,False,Greedy 선택 후보보다 우선순위가 낮음,3.3,3520,247,2,우유,247,23,99,9592,500,250,2,1.01,240,348480,A,0.35165760934543605,1,100.0,74.8,4.81,SLOW,58.4,True,60.4,HIGH,유통기한 임박 | 소진일수 75일 초과,2.4,9.0,0.0,SAFE,"재고 여유 — 현재고(247), 재주문점(9)",0.0,181.2,54.9,127544.0,35.0,OPTIMAL,"적정 발주 — EOQ(181개), 권장 발주 주기 55일",35.0,23.0,3.29,4.95,1.62,STABLE,75.2,0.0,WMA,0.0,40.9,10.0,8.4,10.0,7.5,5.0,FAIR,보통 매칭 · 폐기위험 높음 · 핵심(A)상품,0.996,49.9,STABLE,14.7,LOW,73.1,HIGH,0.3,30.0,474111.0,100.0,0.385,0.385,39.3,True,27.6,365,34.2,113,100.0,0.999,4.9,74.3,50.0,DISCOUNT,70.1,2,99.8,72.5,27.8,disposal_risk,51.3,모니터링,166,HEURISTIC 29% | ABC 14% | TURNOVER 14% | DISPOSAL_RISK 14% | SAFETY_STOCK 8% | EOQ 7% | DEMAND_FORECAST 7% | MATCH 5%,"['⏰ 유통기한 임박 (99%)', '❄️ 냉장·냉동 과잉 (61%)', '💸 배송비 상승 (100%)', '⚡ 복합 스트레스 (60%)']","{'재고위험': '25.3%', '판매가능성': '13.3%', '점포이동적합': '13.3%', '비용절감': '18.7%', '폐기회피이익': '14.5%', '실행가능성': '11.6%', '이력보정': '3.3%'}",True,True,False,True,False,True,61.2,22.8,57.7,54.7,72.0,50.0,60.1,52.6,0.0,82.9,최적,할인 판매,🏷️,82,HIGH,신뢰도 높음 ●,#2e7d32,,,82.9,최적,할인 판매,1,0,False,False,,50.0,7737.0,21603.0,7737.0,6.93,20.67,6.93,14.0,99.0,240.0,102.0,재고 이동,재고 이동,73.346,일치,73.346,48.435,25.722,16.648
광동 옥수수수염차,상암점,잠원점,150.0,재배치 추천,17070.0,프로모션 순비용이 재배치 비용보다 높습니다.,31.5732091649868,13.043478260869565,18,0,62.6,검토 가능,17070.0,150.0,226,False,Greedy 선택 후보보다 우선순위가 낮음,5.5,1360,265,1,김밥,265,38,165,3944,200,350,5,1.21,259,224400,B,0.9381662113932748,2,60.0,48.2,7.47,NORMAL,73.2,False,47.1,MEDIUM,유통기한 임박,4.5,32.0,0.0,SAFE,"재고 여유 — 현재고(265), 재주문점(32)",0.0,241.3,43.9,65629.0,8.0,OPTIMAL,"적정 발주 — EOQ(241개), 권장 발주 주기 44일",8.0,38.2,5.46,7.45,3.46,STABLE,48.6,1.5,WMA,1.5,32.2,10.0,3.68,6.0,7.5,5.0,POOR,낮은 매칭,0.987,49.7,STABLE,9.7,LOW,76.6,HIGH,0.3,30.0,257730.0,100.0,0.385,0.385,38.6,False,25.3,418,26.0,280,100.0,0.999,4.9,77.4,50.0,DISCOUNT,70.0,2,99.8,72.5,41.1,turnover,39.4,후순위,355,HEURISTIC 29% | ABC 14% | TURNOVER 14% | DISPOSAL_RISK 14% | SAFETY_STOCK 8% | EOQ 7% | DEMAND_FORECAST 7% | MATCH 5%,"['⏰ 유통기한 임박 (99%)', '❄️ 냉장·냉동 과잉 (61%)', '💸 배송비 상승 (100%)', '⚡ 복합 스트레스 (60%)']","{'재고위험': '25.3%', '판매가능성': '13.3%', '점포이동적합': '13.3%', '비용절감': '18.7%', '폐기회피이익': '14.5%', '실행가능성': '11.6%', '이력보정': '3.3%'}",True,True,False,True,False,True,53.1,23.4,52.4,50.6,72.0,50.0,58.8,49.2,0.0,23.3,검토,보류,⏸️,402,HIGH,신뢰도 높음 ●,#2e7d32,,,23.3,검토,보류,1,0,False,False,,50.0,17070.0,20973.0,17070.0,17.3,19.97,17.3,35.0,165.0,259.0,150.0,재고 이동,재고 이동,70.96,일치,70.96,46.773,24.896,16.01
서울우유 요구르트,강남점,잠원점,174.0,재배치 추천,21684.0,프로모션 순비용이 재배치 비용보다 높습니다.,28.953181340677435,15.65217391304348,18,0,62.6,검토 가능,21684.0,174.0,227,False,Greedy 선택 후보보다 우선순위가 낮음,4.1,970,259,1,냉장식품,266,29,123,13253,400,300,2,4.1,254,119310,C,0.9746620764751487,3,20.0,63.2,5.55,SLOW,64.9,True,62.6,HIGH,유통기한 임박 | 신선/냉장 고위험 카테고리,9.6,17.8,0.0,SAFE,"재고 여유 — 현재고(259), 재주문점(18)",0.0,357.5,87.2,110961.0,24.2,OPTIMAL,"적정 발주 — EOQ(358개), 권장 발주 주기 87일",24.2,28.9,4.13,10.89,0.0,STABLE,62.7,0.0,WMA,0.0,33.9,10.0,8.4,3.0,7.5,5.0,POOR,낮은 매칭 · 폐기위험 높음,1.01,50.3,STABLE,12.3,LOW,76.6,HIGH,0.3,30.0,250452.0,100.0,0.385,0.385,39.4,True,27.7,360,33.0,140,100.0,0.999,4.9,77.4,50.0,DISCOUNT,69.9,2,99.8,72.5,41.7,disposal_risk,35.7,후순위,405,HEURISTIC 29% | ABC 14% | TURNOVER 14% | DISPOSAL_RISK 14% | SAFETY_STOCK 8% | EOQ 7% | DEMAND_FORECAST 7% | MATCH 5%,"['⏰ 유통기한 임박 (99%)', '❄️ 냉장·냉동 과잉 (61%)', '💸 배송비 상승 (100%)', '⚡ 복합 스트레스 (60%)']","{'재고위험': '25.3%', '판매가능성': '13.3%', '점포이동적합': '13.3%', '비용절감': '18.7%', '폐기회피이익': '14.5%', '실행가능성': '11.6%', '이력보정': '3.3%'}",True,True,False,True,False,True,51.9,23.0,54.6,53.1,72.0,50.0,60.1,49.6,0.0,30.7,검토,할인 판매,🏷️,362,HIGH,신뢰도 높음 ●,#2e7d32,,,30.7,검토,할인 판매,1,0,False,False,,50.0,0.0,21684.0,21684.0,0.0,20.759999999999998,20.759999999999998,41.0,123.0,254.0,174.0,재고 이동,재고 이동,71.917,일치,71.917,47.788,25.719,16.219
브레디크 모찌롤,교대점,신촌점,124.0,재배치 추천,12489.0,프로모션 순비용이 재배치 비용보다 높습니다.,34.174498168706165,10.217391304347826,18,0,62.4,검토 가능,12489.0,124.0,228,False,Greedy 선택 후보보다 우선순위가 낮음,6.1,2820,249,2,김밥,249,43,183,8866,400,350,3,4.31,236,516060,A,0.5672473792465825,1,100.0,40.8,8.82,NORMAL,77.3,False,43.4,MEDIUM,유통기한 임박,12.3,30.6,0.0,SAFE,"재고 여유 — 현재고(249), 재주문점(31)",0.0,264.6,43.4,149221.0,8.4,OPTIMAL,"적정 발주 — EOQ(265개), 권장 발주 주기 43일",8.4,42.9,6.13,13.24,0.0,STABLE,40.6,2.6,WMA,2.6,36.2,10.0,3.73,10.0,7.5,5.0,POOR,낮은 매칭 · 핵심(A)상품,1.007,50.2,STABLE,7.9,LOW,73.1,HIGH,0.3,30.0,456727.0,100.0,0.385,0.385,38.7,False,30.0,291,25.0,335,100.0,0.999,4.9,77.9,50.0,DISCOUNT,69.7,2,99.8,72.5,25.8,turnover,48.3,모니터링,210,HEURISTIC 29% | ABC 14% | TURNOVER 14% | DISPOSAL_RISK 14% | SAFETY_STOCK 8% | EOQ 7% | DEMAND_FORECAST 7% | MATCH 5%,"['⏰ 유통기한 임박 (99%)', '❄️ 냉장·냉동 과잉 (61%)', '💸 배송비 상승 (100%)', '⚡ 복합 스트레스 (60%)']","{'재고위험': '25.3%', '판매가능성': '13.3%', '점포이동적합': '13.3%', '비용절감': '18.7%', '폐기회피이익': '14.5%', '실행가능성': '11.6%', '이력보정': '3.3%'}",True,True,False,True,False,True,58.5,24.1,54.1,50.6,72.0,50.0,61.4,50.9,0.0,52.7,검토,보류,⏸️,244,HIGH,신뢰도 높음 ●,#2e7d32,,,52.7,검토,보류,2,0,False,False,,50.0,12489.0,18426.0,12489.0,12.21,17.14,12.21,24.0,183.0,236.0,124.0,재고 이동,재고 이동,71.296,일치,71.296,46.788,24.706,16.135
풀무원 얇은피만두,군포6점,부천4점,210.0,재배치 추천,29382.0,프로모션 순비용이 재배치 비용보다 높습니다.,24.581925555776387,19.565217391304348,18,0,62.1,검토 가능,29382.0,210.0,229,False,Greedy 선택 후보보다 우선순위가 낮음,3.0,3520,270,5,신선식품,270,21,90,15868,300,300,2,4.11,255,316800,A,0.608622131193652,1,100.0,90.0,4.0,SLOW,50.0,True,70.0,HIGH,유통기한 임박 | 소진일수 90일 초과 | 신선/냉장 고위험 카테고리,9.6,15.6,0.0,SAFE,"재고 여유 — 현재고(270), 재주문점(16)",0.0,167.9,56.0,206913.0,55.1,OVER,과잉 발주 위험 — 현재(260개) > EOQ(168개). 발주 주기 56일 권장,55.1,21.0,3.0,9.78,0.0,STABLE,90.0,0.0,WMA,0.0,40.9,10.0,8.4,10.0,7.5,5.0,FAIR,보통 매칭 · 폐기위험 높음 · 핵심(A)상품,1.0,50.0,STABLE,17.5,LOW,62.6,MEDIUM,0.3,30.0,920658.0,100.0,0.385,0.385,39.4,True,31.6,242,38.7,28,100.0,0.999,4.9,75.0,50.0,DISCOUNT,69.6,2,99.8,72.4,26.9,disposal_risk,53.2,모니터링,136,HEURISTIC 29% | ABC 14% | TURNOVER 14% | DISPOSAL_RISK 14% | SAFETY_STOCK 8% | EOQ 7% | DEMAND_FORECAST 7% | MATCH 5%,"['⏰ 유통기한 임박 (99%)', '❄️ 냉장·냉동 과잉 (61%)', '💸 배송비 상승 (100%)', '⚡ 복합 스트레스 (60%)']","{'재고위험': '25.3%', '판매가능성': '13.3%', '점포이동적합': '13.3%', '비용절감': '18.7%', '폐기회피이익': '14.5%', '실행가능성': '11.6%', '이력보정': '3.3%'}",True,True,False,True,False,True,63.2,22.9,58.6,57.4,72.0,50.0,62.3,53.8,0.0,93.7,최적,할인 판매,🏷️,24,HIGH,신뢰도 높음 ●,#2e7d32,,,93.7,최적,할인 판매,0,0,True,False,,50.0,29382.0,56730.0,29382.0,30.98,59.7,30.98,62.0,90.0,255.0,210.0,재고 이동,재고 이동,82.725,일치,82.725,55.139,29.756,18.599
유어스 복숭아아이스티,잠실2점,노원점,166.0,재배치 추천,21453.0,프로모션 순비용이 재배치 비용보다 높습니다.,29.08435308480736,14.782608695652174,18,0,61.9,검토 가능,21453.0,166.0,230,False,Greedy 선택 후보보다 우선순위가 낮음,6.9,1420,251,1,냉장식품,251,48,207,4098,100,300,3,1.78,244,293940,B,0.9217523190193241,2,60.0,36.4,9.9,NORMAL,79.8,False,49.2,MEDIUM,유통기한 임박 | 신선/냉장 고위험 카테고리,5.1,25.8,0.0,SAFE,"재고 여유 — 현재고(251), 재주문점(26)",0.0,213.1,30.9,96848.0,15.4,OPTIMAL,"적정 발주 — EOQ(213개), 권장 발주 주기 31일",15.4,48.1,6.87,9.81,3.93,STABLE,36.5,3.1,WMA,3.1,32.2,10.0,3.75,6.0,7.5,5.0,POOR,낮은 매칭,0.994,49.8,STABLE,7.2,LOW,76.6,HIGH,0.3,30.0,278011.0,100.0,0.385,0.385,38.7,True,34.4,183,26.3,266,100.0,0.999,4.9,73.6,50.0,DISCOUNT,69.5,2,99.8,72.4,39.1,turnover,42.4,모니터링,292,HEURISTIC 29% | ABC 14% | TURNOVER 14% | DISPOSAL_RISK 14% | SAFETY_STOCK 8% | EOQ 7% | DEMAND_FORECAST 7% | MATCH 5%,"['⏰ 유통기한 임박 (99%)', '❄️ 냉장·냉동 과잉 (61%)', '💸 배송비 상승 (100%)', '⚡ 복합 스트레스 (60%)']","{'재고위험': '25.3%', '판매가능성': '13.3%', '점포이동적합': '13.3%', '비용절감': '18.7%', '폐기회피이익': '14.5%', '실행가능성': '11.6%', '이력보정': '3.3%'}",True,True,False,True,False,True,55.8,24.2,52.1,51.4,72.0,50.0,63.8,50.1,0.0,39.5,검토,보류,⏸️,315,HIGH,신뢰도 높음 ●,#2e7d32,,,39.5,검토,보류,2,0,False,False,,50.0,21453.0,33870.0,21453.0,22.17,34.3,22.17,44.0,207.0,244.0,166.0,재고 이동,재고 이동,72.542,일치,72.542,48.003,25.712,16.378
유어스 스트링치즈,문래점,잠원점,128.0,재배치 추천,14325.0,프로모션 순비용이 재배치 비용보다 높습니다.,33.131938332244964,10.652173913043478,18,0,61.8,검토 가능,14325.0,128.0,231,False,Greedy 선택 후보보다 우선순위가 낮음,10.2,780,278,3,샐러드,280,71,306,7104,250,350,1,3.0,247,238680,B,0.9299891207098091,2,60.0,27.3,13.11,FAST,84.8,False,38.0,LOW,유통기한 임박,4.9,15.1,0.0,SAFE,"재고 여유 — 현재고(278), 재주문점(15)",0.0,582.3,57.1,90840.0,42.5,UNDER,과소 발주 위험 — 현재(273개) < EOQ(582개). 발주량 증가 검토,42.5,71.2,10.17,15.12,5.22,STABLE,27.3,6.2,WMA,6.2,28.8,10.0,0.31,6.0,7.5,5.0,POOR,낮은 매칭,0.994,49.9,STABLE,5.4,LOW,69.6,MEDIUM,0.3,30.0,137483.0,100.0,0.385,0.385,43.6,True,50.0,98,21.0,481,100.0,0.999,4.9,77.4,50.0,DISCOUNT,69.3,2,99.8,72.4,38.1,turnover,42.8,모니터링,281,HEURISTIC 29% | ABC 14% | TURNOVER 14% | DISPOSAL_RISK 14% | SAFETY_STOCK 8% | EOQ 7% | DEMAND_FORECAST 7% | MATCH 5%,"['⏰ 유통기한 임박 (99%)', '❄️ 냉장·냉동 과잉 (61%)', '💸 배송비 상승 (100%)', '⚡ 복합 스트레스 (60%)']","{'재고위험': '25.3%', '판매가능성': '13.3%', '점포이동적합': '13.3%', '비용절감': '18.7%', '폐기회피이익': '14.5%', '실행가능성': '11.6%', '이력보정': '3.3%'}",True,True,False,True,False,True,52.1,26.8,49.9,55.4,72.0,50.0,72.4,50.0,0.0,37.4,검토,보류,⏸️,326,HIGH,신뢰도 높음 ●,#2e7d32,,,37.4,검토,보류,2,0,False,False,,50.0,14325.0,22845.0,14325.0,14.25,22.05,14.25,28.0,306.0,247.0,128.0,재고 이동,재고 이동,71.494,일치,71.494,47.159,25.132,16.166
브레디크 골든단팥빵,강남점,합정점,134.0,재배치 추천,15369.0,프로모션 순비용이 재배치 비용보다 높습니다.,32.5391101899435,11.304347826086957,18,0,61.8,검토 가능,15369.0,134.0,232,False,Greedy 선택 후보보다 우선순위가 낮음,2.6,1360,274,2,샐러드,274,18,78,8139,400,350,3,3.09,268,106080,C,0.9810345678353668,3,20.0,105.4,3.42,DEAD,41.4,True,68.0,HIGH,유통기한 임박 | 소진일수 105일 초과,8.8,16.6,0.0,SAFE,"재고 여유 — 현재고(274), 재주문점(17)",0.0,238.3,91.7,64821.0,11.3,OPTIMAL,"적정 발주 — EOQ(238개), 권장 발주 주기 92일",11.3,18.1,2.59,7.68,0.0,STABLE,106.0,0.0,WMA,0.0,33.9,10.0,8.4,3.0,7.5,5.0,POOR,낮은 매칭 · 폐기위험 높음,0.989,49.7,STABLE,20.8,LOW,73.1,HIGH,0.3,30.0,256919.0,100.0,0.385,0.385,38.7,True,30.2,284,37.3,52,100.0,0.999,4.9,77.9,50.0,DISCOUNT,69.2,2,99.8,72.4,45.4,disposal_risk,30.4,후순위,448,HEURISTIC 29% | ABC 14% | TURNOVER 14% | DISPOSAL_RISK 14% | SAFETY_STOCK 8% | EOQ 7% | DEMAND_FORECAST 7% | MATCH 5%,"['⏰ 유통기한 임박 (99%)', '❄️ 냉장·냉동 과잉 (61%)', '💸 배송비 상승 (100%)', '⚡ 복합 스트레스 (60%)']","{'재고위험': '25.3%', '판매가능성': '13.3%', '점포이동적합': '13.3%', '비용절감': '18.7%', '폐기회피이익': '14.5%', '실행가능성': '11.6%', '이력보정': '3.3%'}",True,True,False,True,False,True,48.1,22.7,55.5,50.7,72.0,50.0,61.5,48.3,0.0,15.1,검토,할인 판매,🏷️,446,HIGH,신뢰도 높음 ●,#2e7d32,,,15.1,검토,할인 판매,1,0,False,False,,50.0,15369.0,20478.0,15369.0,15.41,19.42,15.41,31.0,78.0,268.0,134.0,재고 이동,재고 이동,67.079,일치,67.079,44.691,24.075,15.258
혜자로운 참치마요김밥,상암점,건대3점,162.0,재배치 추천,20760.0,프로모션 순비용이 재배치 비용보다 높습니다.,29.477868317197125,14.347826086956522,18,0,61.8,검토 가능,20760.0,162.0,233,False,Greedy 선택 후보보다 우선순위가 낮음,4.3,2810,277,6,우유,277,30,129,4299,500,250,5,2.91,251,362490,B,0.8665181171073832,2,60.0,64.4,5.59,SLOW,64.2,True,47.2,MEDIUM,유통기한 임박,10.7,32.2,0.0,SAFE,"재고 여유 — 현재고(277), 재주문점(32)",0.0,155.0,36.0,87086.0,71.8,OVER,과잉 발주 위험 — 현재(266개) > EOQ(155개). 발주 주기 36일 권장,71.8,30.0,4.29,9.09,0.0,STABLE,64.6,0.0,WMA,0.0,32.1,10.0,3.6,6.0,7.5,5.0,POOR,낮은 매칭,0.997,49.9,STABLE,12.6,LOW,59.1,MEDIUM,0.3,30.0,606504.0,100.0,0.385,0.385,38.6,True,21.7,475,26.5,254,100.0,0.999,4.9,78.0,50.0,DISCOUNT,69.1,2,99.8,72.4,43.8,disposal_risk,40.1,모니터링,340,HEURISTIC 29% | ABC 14% | TURNOVER 14% | DISPOSAL_RISK 14% | SAFETY_STOCK 8% | EOQ 7% | DEMAND_FORECAST 7% | MATCH 5%,"['⏰ 유통기한 임박 (99%)', '❄️ 냉장·냉동 과잉 (61%)', '💸 배송비 상승 (100%)', '⚡ 복합 스트레스 (60%)']","{'재고위험': '25.3%', '판매가능성': '13.3%', '점포이동적합': '13.3%', '비용절감': '18.7%', '폐기회피이익': '14.5%', '실행가능성': '11.6%', '이력보정': '3.3%'}",True,True,False,True,False,True,50.8,22.7,52.5,59.8,72.0,50.0,56.8,50.3,0.0,42.6,검토,보류,⏸️,298,HIGH,신뢰도 높음 ●,#2e7d32,,,42.6,검토,보류,1,0,False,False,,50.0,20760.0,22566.0,20760.0,21.4,21.740000000000002,21.4,43.0,129.0,251.0,162.0,재고 이동,재고 이동,75.534,일치,75.534,50.113,26.853,17.033
유어스 스트링치즈,잠실점,합정점,148.0,프로모션 추천,21732.0,프로모션 순비용이 재배치 비용보다 낮습니다.,28.925924874364725,12.82608695652174,12,8,61.8,검토 가능,21732.0,148.0,234,False,Greedy 선택 후보보다 우선순위가 낮음,8.2,780,278,2,도시락,278,57,246,10862,250,350,2,4.68,261,191880,B,0.9299891207098091,2,60.0,33.9,10.62,NORMAL,81.2,False,40.0,MEDIUM,유통기한 임박,10.9,27.3,0.0,SAFE,"재고 여유 — 현재고(278), 재주문점(27)",0.0,645.6,78.7,100713.0,46.9,UNDER,과소 발주 위험 — 현재(267개) < EOQ(646개). 발주량 증가 검토,46.9,57.2,8.17,15.89,0.45,STABLE,34.0,3.5,WMA,3.5,32.3,10.0,3.77,6.0,7.5,5.0,POOR,낮은 매칭,0.993,49.8,STABLE,6.8,LOW,73.1,HIGH,0.3,30.0,153796.0,100.0,0.385,0.385,39.5,True,34.1,185,22.6,382,100.0,0.999,4.9,77.9,50.0,DISCOUNT,68.9,2,99.8,72.4,39.1,turnover,42.3,모니터링,295,HEURISTIC 29% | ABC 14% | TURNOVER 14% | DISPOSAL_RISK 14% | SAFETY_STOCK 8% | EOQ 7% | DEMAND_FORECAST 7% | MATCH 5%,"['⏰ 유통기한 임박 (99%)', '❄️ 냉장·냉동 과잉 (61%)', '💸 배송비 상승 (100%)', '⚡ 복합 스트레스 (60%)']","{'재고위험': '25.3%', '판매가능성': '13.3%', '점포이동적합': '13.3%', '비용절감': '18.7%', '폐기회피이익': '14.5%', '실행가능성': '11.6%', '이력보정': '3.3%'}",True,True,False,True,False,True,52.0,24.6,51.8,56.0,72.0,50.0,63.7,50.0,0.0,38.9,검토,보류,⏸️,318,HIGH,신뢰도 높음 ●,#2e7d32,,,38.9,검토,보류,1,0,False,False,,50.0,22668.0,25536.0,22668.0,23.52,25.04,23.52,47.0,246.0,261.0,148.0,할인,재고 이동,73.282,다름,73.282,48.453,25.911,16.534
유어스 컵과일 파인애플,군포3점,건대3점,196.0,재배치 추천,27330.0,프로모션 순비용이 재배치 비용보다 높습니다.,25.747139490644784,18.043478260869566,18,0,61.8,검토 가능,27330.0,196.0,235,False,Greedy 선택 후보보다 우선순위가 낮음,6.9,2490,271,1,우유,271,48,207,11236,500,250,1,2.82,264,515430,B,0.8261761444298684,2,60.0,39.3,9.17,NORMAL,78.2,False,42.6,MEDIUM,유통기한 임박,4.7,11.6,0.0,SAFE,"재고 여유 — 현재고(271), 재주문점(12)",0.0,337.1,48.9,167883.0,16.8,OPTIMAL,"적정 발주 — EOQ(337개), 권장 발주 주기 49일",16.8,48.1,6.87,11.52,2.22,STABLE,39.4,2.7,WMA,2.7,32.2,10.0,3.73,6.0,7.5,5.0,POOR,낮은 매칭,0.994,49.8,STABLE,7.8,LOW,76.6,HIGH,0.3,30.0,656318.0,100.0,0.385,0.385,43.2,True,30.1,287,23.8,362,100.0,0.999,4.9,78.0,50.0,DISCOUNT,68.8,2,99.8,72.4,40.0,turnover,39.8,후순위,344,HEURISTIC 29% | ABC 14% | TURNOVER 14% | DISPOSAL_RISK 14% | SAFETY_STOCK 8% | EOQ 7% | DEMAND_FORECAST 7% | MATCH 5%,"['⏰ 유통기한 임박 (99%)', '❄️ 냉장·냉동 과잉 (61%)', '💸 배송비 상승 (100%)', '⚡ 복합 스트레스 (60%)']","{'재고위험': '25.3%', '판매가능성': '13.3%', '점포이동적합': '13.3%', '비용절감': '18.7%', '폐기회피이익': '14.5%', '실행가능성': '11.6%', '이력보정': '3.3%'}",True,True,False,True,False,True,52.4,24.9,52.1,51.5,72.0,50.0,61.5,49.4,0.0,26.2,검토,보류,⏸️,386,HIGH,신뢰도 높음 ●,#2e7d32,,,26.2,검토,보류,1,0,False,False,,50.0,27330.0,40629.0,27330.0,28.7,41.81,28.7,57.0,207.0,264.0,196.0,재고 이동,재고 이동,74.105,일치,74.105,49.019,26.297,16.634
브레디크 초코크림빵,잠실6점,군포6점,206.0,재배치 추천,29175.0,프로모션 순비용이 재배치 비용보다 높습니다.,24.69946906674995,19.130434782608695,18,0,61.8,검토 가능,29175.0,206.0,236,False,Greedy 선택 후보보다 우선순위가 낮음,5.4,2070,246,2,샐러드,246,38,162,5652,300,350,2,2.13,235,335340,B,0.8038568058177319,2,60.0,45.6,7.9,NORMAL,74.7,False,45.8,MEDIUM,유통기한 임박,5.0,15.8,0.0,SAFE,"재고 여유 — 현재고(246), 재주문점(16)",0.0,232.0,43.0,96042.0,3.9,OPTIMAL,"적정 발주 — EOQ(232개), 권장 발주 주기 43일",3.9,37.9,5.41,8.93,1.9,STABLE,45.4,1.9,WMA,1.9,32.2,10.0,3.7,6.0,7.5,5.0,POOR,낮은 매칭,1.005,50.1,STABLE,8.9,LOW,73.1,HIGH,0.3,30.0,544329.0,100.0,0.385,0.385,39.4,True,27.1,375,25.3,314,100.0,0.999,4.9,74.9,50.0,DISCOUNT,68.7,2,99.8,72.4,41.0,turnover,38.5,후순위,367,HEURISTIC 29% | ABC 14% | TURNOVER 14% | DISPOSAL_RISK 14% | SAFETY_STOCK 8% | EOQ 7% | DEMAND_FORECAST 7% | MATCH 5%,"['⏰ 유통기한 임박 (99%)', '❄️ 냉장·냉동 과잉 (61%)', '💸 배송비 상승 (100%)', '⚡ 복합 스트레스 (60%)']","{'재고위험': '25.3%', '판매가능성': '13.3%', '점포이동적합': '13.3%', '비용절감': '18.7%', '폐기회피이익': '14.5%', '실행가능성': '11.6%', '이력보정': '3.3%'}",True,True,False,True,False,True,52.9,23.9,52.0,49.6,72.0,50.0,59.8,49.0,0.0,20.7,검토,보류,⏸️,416,HIGH,신뢰도 높음 ●,#2e7d32,,,20.7,검토,보류,1,0,False,False,,50.0,29175.0,47019.0,29175.0,30.75,48.910000000000004,30.75,61.0,162.0,235.0,206.0,재고 이동,재고 이동,72.087,일치,72.087,47.827,25.757,16.241
서울우유 초코우유,홍대4점,홍대7점,122.0,재배치 추천,13260.0,프로모션 순비용이 재배치 비용보다 높습니다.,33.736691178558246,10.0,18,0,61.7,검토 가능,13260.0,122.0,237,False,Greedy 선택 후보보다 우선순위가 낮음,3.8,1590,272,4,신선식품,272,27,114,6245,400,300,2,1.99,256,181260,B,0.9042650107182639,2,60.0,71.6,5.03,SLOW,60.2,True,60.8,HIGH,유통기한 임박 | 소진일수 72일 초과 | 신선/냉장 고위험 카테고리,4.6,12.2,0.0,SAFE,"재고 여유 — 현재고(272), 재주문점(12)",0.0,176.4,46.4,98187.0,51.6,OVER,과잉 발주 위험 — 현재(267개) > EOQ(176개). 발주 주기 46일 권장,51.6,26.8,3.83,7.11,0.55,STABLE,71.0,0.0,WMA,0.0,36.9,10.0,8.4,6.0,7.5,5.0,POOR,낮은 매칭 · 폐기위험 높음,1.015,50.4,STABLE,13.9,LOW,66.1,MEDIUM,0.3,30.0,268316.0,100.0,0.385,0.385,39.5,True,27.6,365,33.3,129,100.0,0.999,4.9,74.9,50.0,DISCOUNT,68.5,2,99.8,72.3,42.7,disposal_risk,43.5,모니터링,274,HEURISTIC 29% | ABC 14% | TURNOVER 14% | DISPOSAL_RISK 14% | SAFETY_STOCK 8% | EOQ 7% | DEMAND_FORECAST 7% | MATCH 5%,"['⏰ 유통기한 임박 (99%)', '❄️ 냉장·냉동 과잉 (61%)', '💸 배송비 상승 (100%)', '⚡ 복합 스트레스 (60%)']","{'재고위험': '25.3%', '판매가능성': '13.3%', '점포이동적합': '13.3%', '비용절감': '18.7%', '폐기회피이익': '14.5%', '실행가능성': '11.6%', '이력보정': '3.3%'}",True,True,False,True,False,True,55.8,23.0,55.8,56.7,72.0,50.0,60.1,51.4,0.0,62.0,검토,할인 판매,🏷️,194,HIGH,신뢰도 높음 ●,#2e7d32,,,62.0,검토,할인 판매,1,0,False,False,,50.0,0.0,13260.0,13260.0,0.0,11.4,11.4,23.0,114.0,256.0,122.0,재고 이동,재고 이동,73.508,일치,73.508,48.681,25.981,16.631
유어스 복숭아아이스티,상암점,노원점,166.0,재배치 추천,21804.0,프로모션 순비용이 재배치 비용보다 높습니다.,28.88504017489566,14.782608695652174,18,0,61.7,검토 가능,21804.0,166.0,238,False,Greedy 선택 후보보다 우선순위가 낮음,4.9,1420,271,7,냉장식품,271,34,147,6418,100,300,2,0.75,236,208740,B,0.9217523190193241,2,60.0,55.3,6.51,NORMAL,69.3,False,50.6,MEDIUM,유통기한 임박 | 신선/냉장 고위험 카테고리,1.8,11.6,0.0,SAFE,"재고 여유 — 현재고(271), 재주문점(12)",0.0,224.8,45.9,102136.0,19.8,OPTIMAL,"적정 발주 — EOQ(225개), 권장 발주 주기 46일",19.8,34.1,4.87,6.11,3.63,STABLE,55.6,0.6,WMA,0.6,32.1,10.0,3.63,6.0,7.5,5.0,POOR,낮은 매칭,0.991,49.8,STABLE,11.0,LOW,55.6,MEDIUM,0.3,30.0,277660.0,100.0,0.385,0.385,39.3,True,24.2,443,27.6,223,100.0,0.999,4.9,73.6,50.0,DISCOUNT,68.4,2,99.8,72.3,42.0,disposal_risk,39.0,후순위,362,HEURISTIC 29% | ABC 14% | TURNOVER 14% | DISPOSAL_RISK 14% | SAFETY_STOCK 8% | EOQ 7% | DEMAND_FORECAST 7% | MATCH 5%,"['⏰ 유통기한 임박 (99%)', '❄️ 냉장·냉동 과잉 (61%)', '💸 배송비 상승 (100%)', '⚡ 복합 스트레스 (60%)']","{'재고위험': '25.3%', '판매가능성': '13.3%', '점포이동적합': '13.3%', '비용절감': '18.7%', '폐기회피이익': '14.5%', '실행가능성': '11.6%', '이력보정': '3.3%'}",True,True,False,True,False,True,53.7,23.1,52.3,51.9,72.0,50.0,58.2,49.5,0.0,30.0,검토,보류,⏸️,366,HIGH,신뢰도 높음 ●,#2e7d32,,,30.0,검토,보류,1,0,False,False,,50.0,21804.0,42753.0,21804.0,22.56,44.17,22.56,45.0,147.0,236.0,166.0,재고 이동,재고 이동,71.317,일치,71.317,47.357,25.484,16.141
매일 소화가잘되는우유,이태원점,합정점,112.0,재배치 추천,11562.0,프로모션 순비용이 재배치 비용보다 높습니다.,34.700888674370404,8.91304347826087,18,0,61.6,검토 가능,11562.0,112.0,239,False,Greedy 선택 후보보다 우선순위가 낮음,3.3,1610,277,2,우유,277,23,99,10593,250,250,1,2.39,270,159390,B,0.8566528082763879,2,60.0,83.9,4.29,SLOW,53.4,True,65.0,HIGH,유통기한 임박 | 소진일수 84일 초과,3.9,7.2,0.0,SAFE,"재고 여유 — 현재고(277), 재주문점(7)",0.0,281.5,85.3,90647.0,2.4,OPTIMAL,"적정 발주 — EOQ(282개), 권장 발주 주기 85일",2.4,23.0,3.29,7.23,0.0,STABLE,84.3,0.0,WMA,0.0,36.9,10.0,8.4,6.0,7.5,5.0,POOR,낮은 매칭 · 폐기위험 높음,0.996,49.9,STABLE,16.4,LOW,73.1,HIGH,0.3,30.0,232822.0,100.0,0.385,0.385,43.6,True,29.4,312,35.6,86,100.0,0.999,4.9,77.9,50.0,DISCOUNT,68.3,2,99.8,72.3,43.0,disposal_risk,39.7,후순위,346,HEURISTIC 29% | ABC 14% | TURNOVER 14% | DISPOSAL_RISK 14% | SAFETY_STOCK 8% | EOQ 7% | DEMAND_FORECAST 7% | MATCH 5%,"['⏰ 유통기한 임박 (99%)', '❄️ 냉장·냉동 과잉 (61%)', '💸 배송비 상승 (100%)', '⚡ 복합 스트레스 (60%)']","{'재고위험': '25.3%', '판매가능성': '13.3%', '점포이동적합': '13.3%', '비용절감': '18.7%', '폐기회피이익': '14.5%', '실행가능성': '11.6%', '이력보정': '3.3%'}",True,True,False,True,False,True,55.9,23.7,56.5,49.2,72.0,50.0,61.1,50.3,0.0,42.8,검토,할인 판매,🏷️,297,HIGH,신뢰도 높음 ●,#2e7d32,,,42.8,검토,할인 판매,1,0,False,False,,50.0,11562.0,16086.0,11562.0,11.18,14.54,11.18,22.0,99.0,270.0,112.0,재고 이동,재고 이동,69.242,일치,69.242,45.773,24.38,15.723
유어스 에그마요샌드위치,강남2점,신촌점,126.0,재배치 추천,14271.0,프로모션 순비용이 재배치 비용보다 높습니다.,33.16260185684677,10.434782608695652,18,0,61.6,검토 가능,14271.0,126.0,240,False,Greedy 선택 후보보다 우선순위가 낮음,5.4,1710,266,2,샐러드,266,38,162,11779,400,350,1,1.93,255,277020,B,0.9460132328990509,2,60.0,49.3,7.31,NORMAL,72.6,False,47.6,MEDIUM,유통기한 임박,3.2,8.6,0.0,SAFE,"재고 여유 — 현재고(266), 재주문점(9)",0.0,368.5,68.2,126016.0,22.9,OPTIMAL,"적정 발주 — EOQ(368개), 권장 발주 주기 68일",22.9,37.9,5.41,8.6,2.23,STABLE,49.1,1.4,WMA,1.4,32.2,10.0,3.67,6.0,7.5,5.0,POOR,낮은 매칭,1.005,50.1,STABLE,9.6,LOW,73.1,HIGH,0.3,30.0,294681.0,100.0,0.385,0.385,43.3,True,25.7,407,26.1,272,100.0,0.999,4.9,77.9,50.0,DISCOUNT,68.1,2,99.8,72.3,41.5,turnover,39.5,후순위,354,HEURISTIC 29% | ABC 14% | TURNOVER 14% | DISPOSAL_RISK 14% | SAFETY_STOCK 8% | EOQ 7% | DEMAND_FORECAST 7% | MATCH 5%,"['⏰ 유통기한 임박 (99%)', '❄️ 냉장·냉동 과잉 (61%)', '💸 배송비 상승 (100%)', '⚡ 복합 스트레스 (60%)']","{'재고위험': '25.3%', '판매가능성': '13.3%', '점포이동적합': '13.3%', '비용절감': '18.7%', '폐기회피이익': '14.5%', '실행가능성': '11.6%', '이력보정': '3.3%'}",True,True,False,True,False,True,53.2,24.4,52.5,52.3,72.0,50.0,59.0,49.7,0.0,33.3,검토,보류,⏸️,348,HIGH,신뢰도 높음 ●,#2e7d32,,,33.3,검토,보류,1,0,False,False,,50.0,14271.0,19299.0,14271.0,14.19,18.11,14.19,28.0,162.0,255.0,126.0,재고 이동,재고 이동,70.254,일치,70.254,46.362,24.689,15.907
매일 바이오 플레인요거트,상암점,여의도2점,96.0,재배치 추천,8727.0,프로모션 순비용이 재배치 비용보다 높습니다.,36.310723715964905,7.173913043478261,18,0,61.5,검토 가능,8727.0,96.0,241,False,Greedy 선택 후보보다 우선순위가 낮음,3.9,2280,251,3,김밥,251,27,117,11531,500,350,2,2.16,239,266760,A,0.4413232235595307,1,100.0,64.4,5.59,SLOW,64.2,True,55.2,MEDIUM,유통기한 임박,5.0,12.8,0.0,SAFE,"재고 여유 — 현재고(251), 재주문점(13)",0.0,268.3,68.8,122352.0,6.6,OPTIMAL,"적정 발주 — EOQ(268개), 권장 발주 주기 69일",6.6,27.1,3.87,7.44,0.31,STABLE,64.8,0.0,WMA,0.0,36.1,10.0,3.6,10.0,7.5,5.0,POOR,낮은 매칭 · 핵심(A)상품,0.989,49.7,STABLE,12.8,LOW,69.6,MEDIUM,0.3,30.0,301929.0,100.0,0.385,0.385,39.5,False,25.4,415,30.6,166,100.0,0.999,4.9,73.8,50.0,DISCOUNT,68.0,2,99.8,72.3,27.4,disposal_risk,46.3,모니터링,236,HEURISTIC 29% | ABC 14% | TURNOVER 14% | DISPOSAL_RISK 14% | SAFETY_STOCK 8% | EOQ 7% | DEMAND_FORECAST 7% | MATCH 5%,"['⏰ 유통기한 임박 (99%)', '❄️ 냉장·냉동 과잉 (61%)', '💸 배송비 상승 (100%)', '⚡ 복합 스트레스 (60%)']","{'재고위험': '25.3%', '판매가능성': '13.3%', '점포이동적합': '13.3%', '비용절감': '18.7%', '폐기회피이익': '14.5%', '실행가능성': '11.6%', '이력보정': '3.3%'}",True,True,False,True,False,True,60.4,22.8,54.7,49.8,72.0,50.0,58.9,51.1,0.0,56.6,검토,보류,⏸️,223,HIGH,신뢰도 높음 ●,#2e7d32,,,56.6,검토,보류,1,0,False,False,,50.0,8727.0,20316.0,8727.0,8.03,19.240000000000002,8.03,16.0,117.0,239.0,96.0,재고 이동,재고 이동,69.717,일치,69.717,45.897,24.296,15.859
코카콜라 제로,홍대2점,목동점,98.0,재배치 추천,9033.0,프로모션 순비용이 재배치 비용보다 높습니다.,36.13696374322137,7.391304347826087,18,0,61.5,검토 가능,9033.0,98.0,242,False,Greedy 선택 후보보다 우선순위가 낮음,4.7,840,253,2,냉장식품,255,33,141,4000,100,300,3,4.16,243,118440,C,1.0,3,20.0,53.8,6.64,NORMAL,70.1,False,57.9,MEDIUM,유통기한 임박 | 신선/냉장 고위험 카테고리,11.9,26.0,0.0,SAFE,"재고 여유 — 현재고(253), 재주문점(26)",0.0,226.0,48.1,60737.0,6.7,OPTIMAL,"적정 발주 — EOQ(226개), 권장 발주 주기 48일",6.7,33.0,4.71,11.58,0.0,STABLE,53.7,0.8,WMA,0.8,29.1,10.0,3.64,3.0,7.5,5.0,POOR,낮은 매칭,1.003,50.1,STABLE,10.5,LOW,73.1,HIGH,0.3,30.0,99551.0,100.0,0.385,0.385,38.7,True,27.6,365,29.8,177,100.0,0.999,4.9,77.7,50.0,DISCOUNT,67.9,2,99.8,72.3,41.6,disposal_risk,32.1,후순위,437,HEURISTIC 29% | ABC 14% | TURNOVER 14% | DISPOSAL_RISK 14% | SAFETY_STOCK 8% | EOQ 7% | DEMAND_FORECAST 7% | MATCH 5%,"['⏰ 유통기한 임박 (99%)', '❄️ 냉장·냉동 과잉 (61%)', '💸 배송비 상승 (100%)', '⚡ 복합 스트레스 (60%)']","{'재고위험': '25.3%', '판매가능성': '13.3%', '점포이동적합': '13.3%', '비용절감': '18.7%', '폐기회피이익': '14.5%', '실행가능성': '11.6%', '이력보정': '3.3%'}",True,True,False,True,False,True,51.1,23.2,51.8,49.8,72.0,50.0,60.1,48.5,0.0,17.1,검토,보류,⏸️,435,HIGH,신뢰도 높음 ●,#2e7d32,,,17.1,검토,보류,1,0,False,False,,50.0,9033.0,22917.0,9033.0,8.37,22.13,8.37,17.0,141.0,243.0,98.0,재고 이동,재고 이동,64.576,일치,64.576,42.869,23.022,14.763
혜자로운 집밥 함박스테이크,성남4점,평촌4점,160.0,재배치 추천,21030.0,프로모션 순비용이 재배치 비용보다 높습니다.,29.324550694188126,14.130434782608695,18,0,61.5,검토 가능,21030.0,160.0,243,False,Greedy 선택 후보보다 우선순위가 낮음,12.5,2820,275,1,냉장식품,275,88,375,6704,300,300,4,2.35,262,1057500,A,0.3196923169211457,1,100.0,22.0,16.36,FAST,87.8,False,46.0,MEDIUM,유통기한 임박 | 신선/냉장 고위험 카테고리,7.8,57.8,0.0,SAFE,"재고 여유 — 현재고(275), 재주문점(58)",0.0,260.4,20.8,234954.0,2.6,OPTIMAL,"적정 발주 — EOQ(260개), 권장 발주 주기 21일",2.6,87.8,12.54,16.42,8.67,STABLE,21.9,8.8,WMA,8.8,36.5,10.0,4.04,10.0,7.5,5.0,POOR,낮은 매칭 · 핵심(A)상품,1.006,50.1,STABLE,4.3,LOW,76.6,HIGH,0.3,30.0,568410.0,100.0,0.385,0.385,38.6,True,67.7,32,25.7,294,100.0,0.999,4.9,76.6,50.0,DISCOUNT,67.7,2,99.8,72.3,25.0,turnover,54.3,모니터링,116,HEURISTIC 29% | ABC 14% | TURNOVER 14% | DISPOSAL_RISK 14% | SAFETY_STOCK 8% | EOQ 7% | DEMAND_FORECAST 7% | MATCH 5%,"['⏰ 유통기한 임박 (99%)', '❄️ 냉장·냉동 과잉 (61%)', '💸 배송비 상승 (100%)', '⚡ 복합 스트레스 (60%)']","{'재고위험': '25.3%', '판매가능성': '13.3%', '점포이동적합': '13.3%', '비용절감': '18.7%', '폐기회피이익': '14.5%', '실행가능성': '11.6%', '이력보정': '3.3%'}",True,True,False,True,False,True,62.5,27.2,54.2,49.2,72.0,50.0,82.1,52.1,0.0,72.8,권장,보류,⏸️,136,HIGH,신뢰도 높음 ●,#2e7d32,,,72.8,권장,보류,0,0,True,False,,50.0,21030.0,51141.0,21030.0,21.7,53.489999999999995,21.7,43.0,375.0,262.0,160.0,재고 이동,재고 이동,75.459,일치,75.459,49.713,26.53,16.982
남양 불가리스,구로점,혜화점,144.0,재배치 추천,18312.0,프로모션 순비용이 재배치 비용보다 높습니다.,30.867948099145398,12.391304347826088,18,0,61.3,검토 가능,18312.0,144.0,244,False,Greedy 선택 후보보다 우선순위가 낮음,8.1,1300,279,3,김밥,279,57,243,10715,400,350,1,2.99,254,315900,C,0.9537217580413242,3,20.0,34.4,10.45,NORMAL,80.9,False,40.2,MEDIUM,유통기한 임박,4.9,13.0,0.0,SAFE,"재고 여유 — 현재고(279), 재주문점(13)",0.0,493.6,60.9,128347.0,35.6,UNDER,과소 발주 위험 — 현재(274개) < EOQ(494개). 발주량 증가 검토,35.6,56.9,8.13,13.06,3.2,STABLE,34.3,3.4,WMA,3.4,29.3,10.0,3.77,3.0,7.5,5.0,POOR,낮은 매칭,1.005,50.1,STABLE,6.7,LOW,69.6,MEDIUM,0.3,30.0,263928.0,100.0,0.385,0.385,43.5,False,33.6,193,22.0,411,100.0,0.999,4.9,77.9,50.0,DISCOUNT,67.6,2,99.8,72.3,40.6,turnover,32.7,후순위,432,HEURISTIC 29% | ABC 14% | TURNOVER 14% | DISPOSAL_RISK 14% | SAFETY_STOCK 8% | EOQ 7% | DEMAND_FORECAST 7% | MATCH 5%,"['⏰ 유통기한 임박 (99%)', '❄️ 냉장·냉동 과잉 (61%)', '💸 배송비 상승 (100%)', '⚡ 복합 스트레스 (60%)']","{'재고위험': '25.3%', '판매가능성': '13.3%', '점포이동적합': '13.3%', '비용절감': '18.7%', '폐기회피이익': '14.5%', '실행가능성': '11.6%', '이력보정': '3.3%'}",True,True,False,True,False,True,46.0,25.4,50.4,54.1,72.0,50.0,63.4,48.1,0.0,13.4,검토,보류,⏸️,455,HIGH,신뢰도 높음 ●,#2e7d32,,,13.4,검토,보류,1,0,False,False,,50.0,18312.0,29676.0,18312.0,18.68,29.64,18.68,37.0,243.0,254.0,144.0,재고 이동,재고 이동,68.522,일치,68.522,45.456,24.463,15.509
매일 소화가잘되는우유,이태원점,광명5점,142.0,재배치 추천,18096.0,프로모션 순비용이 재배치 비용보다 높습니다.,30.990602197552594,12.173913043478262,18,0,61.2,검토 가능,18096.0,142.0,245,False,Greedy 선택 후보보다 우선순위가 낮음,3.3,1610,277,2,우유,277,23,99,10593,250,250,1,2.39,270,159390,B,0.8566528082763879,2,60.0,83.9,4.29,SLOW,53.4,True,65.0,HIGH,유통기한 임박 | 소진일수 84일 초과,3.9,7.2,0.0,SAFE,"재고 여유 — 현재고(277), 재주문점(7)",0.0,281.5,85.3,90647.0,2.4,OPTIMAL,"적정 발주 — EOQ(282개), 권장 발주 주기 85일",2.4,23.0,3.29,7.23,0.0,STABLE,84.3,0.0,WMA,0.0,36.9,10.0,8.4,6.0,7.5,5.0,POOR,낮은 매칭 · 폐기위험 높음,0.996,49.9,STABLE,16.4,LOW,73.1,HIGH,0.3,30.0,291748.0,100.0,0.385,0.385,43.6,True,29.5,308,35.5,88,100.0,0.999,4.9,77.8,50.0,DISCOUNT,67.5,2,99.8,72.2,43.1,disposal_risk,39.3,후순위,357,HEURISTIC 29% | ABC 14% | TURNOVER 14% | DISPOSAL_RISK 14% | SAFETY_STOCK 8% | EOQ 7% | DEMAND_FORECAST 7% | MATCH 5%,"['⏰ 유통기한 임박 (99%)', '❄️ 냉장·냉동 과잉 (61%)', '💸 배송비 상승 (100%)', '⚡ 복합 스트레스 (60%)']","{'재고위험': '25.3%', '판매가능성': '13.3%', '점포이동적합': '13.3%', '비용절감': '18.7%', '폐기회피이익': '14.5%', '실행가능성': '11.6%', '이력보정': '3.3%'}",True,True,False,True,False,True,55.9,23.7,56.5,49.0,72.0,50.0,61.1,50.2,0.0,41.7,검토,할인 판매,🏷️,303,HIGH,신뢰도 높음 ●,#2e7d32,,,41.7,검토,할인 판매,1,0,False,False,,50.0,18096.0,25905.0,18096.0,18.44,25.45,18.44,37.0,99.0,270.0,142.0,재고 이동,재고 이동,70.804,일치,70.804,46.919,25.109,16.037
유어스 치즈핫도그,잠실2점,합정점,168.0,재배치 추천,23199.0,프로모션 순비용이 재배치 비용보다 높습니다.,28.09289912268249,15.0,18,0,61.1,검토 가능,23199.0,168.0,246,False,Greedy 선택 후보보다 우선순위가 낮음,8.2,4400,268,2,신선식품,268,57,246,8211,400,300,1,6.45,251,1082400,A,0.18855229419502584,1,100.0,32.7,11.01,NORMAL,81.8,False,49.3,MEDIUM,유통기한 임박 | 신선/냉장 고위험 카테고리,10.6,18.8,0.0,SAFE,"재고 여유 — 현재고(268), 재주문점(19)",0.0,178.7,21.8,275123.0,44.0,OPTIMAL,"적정 발주 — EOQ(179개), 권장 발주 주기 22일",44.0,57.2,8.17,18.81,0.0,STABLE,32.8,3.6,WMA,3.6,36.3,10.0,3.78,10.0,7.5,5.0,POOR,낮은 매칭 · 핵심(A)상품,0.993,49.8,STABLE,6.5,LOW,73.1,HIGH,0.3,30.0,931041.0,100.0,0.385,0.385,43.5,True,38.1,141,27.0,235,100.0,0.999,4.9,77.9,50.0,DISCOUNT,67.3,2,99.8,72.2,25.0,turnover,53.1,모니터링,139,HEURISTIC 29% | ABC 14% | TURNOVER 14% | DISPOSAL_RISK 14% | SAFETY_STOCK 8% | EOQ 7% | DEMAND_FORECAST 7% | MATCH 5%,"['⏰ 유통기한 임박 (99%)', '❄️ 냉장·냉동 과잉 (61%)', '💸 배송비 상승 (100%)', '⚡ 복합 스트레스 (60%)']","{'재고위험': '25.3%', '판매가능성': '13.3%', '점포이동적합': '13.3%', '비용절감': '18.7%', '폐기회피이익': '14.5%', '실행가능성': '11.6%', '이력보정': '3.3%'}",True,True,False,True,False,True,62.4,25.4,54.5,55.2,72.0,50.0,65.9,53.0,0.0,86.4,최적,보류,⏸️,63,HIGH,신뢰도 높음 ●,#2e7d32,,,86.4,최적,보류,2,0,False,False,,50.0,23199.0,25896.0,23199.0,24.11,25.439999999999998,24.11,48.0,246.0,251.0,168.0,재고 이동,재고 이동,78.946,일치,78.946,52.08,27.71,17.756
빙그레 붕어싸만코,구로점,마포점,108.0,재배치 추천,11913.0,프로모션 순비용이 재배치 비용보다 높습니다.,34.50157576445871,8.478260869565217,18,0,61.0,검토 가능,11913.0,108.0,247,False,Greedy 선택 후보보다 우선순위가 낮음,8.7,2390,273,4,우유,273,61,261,7027,400,250,2,3.49,238,623790,A,0.739048939113709,1,100.0,31.4,11.47,NORMAL,82.6,False,30.7,LOW,유통기한 임박,8.1,25.5,0.0,SAFE,"재고 여유 — 현재고(273), 재주문점(26)",0.0,305.6,35.1,146056.0,10.7,OPTIMAL,"적정 발주 — EOQ(306개), 권장 발주 주기 35일",10.7,61.0,8.71,14.47,2.96,STABLE,31.3,3.8,WMA,3.8,32.7,10.0,0.19,10.0,7.5,5.0,POOR,낮은 매칭 · 핵심(A)상품,1.002,50.0,STABLE,6.1,LOW,66.1,MEDIUM,0.3,30.0,341031.0,100.0,0.385,0.385,39.5,True,34.5,179,18.8,496,100.0,0.999,4.9,75.1,50.0,DISCOUNT,67.2,2,99.8,72.2,23.5,turnover,44.1,모니터링,264,HEURISTIC 29% | ABC 14% | TURNOVER 14% | DISPOSAL_RISK 14% | SAFETY_STOCK 8% | EOQ 7% | DEMAND_FORECAST 7% | MATCH 5%,"['⏰ 유통기한 임박 (99%)', '❄️ 냉장·냉동 과잉 (61%)', '💸 배송비 상승 (100%)', '⚡ 복합 스트레스 (60%)']","{'재고위험': '25.3%', '판매가능성': '13.3%', '점포이동적합': '13.3%', '비용절감': '18.7%', '폐기회피이익': '14.5%', '실행가능성': '11.6%', '이력보정': '3.3%'}",True,True,False,True,False,True,54.2,24.8,51.0,50.2,72.0,50.0,63.9,49.4,0.0,27.2,검토,보류,⏸️,381,HIGH,신뢰도 높음 ●,#2e7d32,,,27.2,검토,보류,1,0,False,False,,50.0,11913.0,25599.0,11913.0,11.57,25.11,11.57,23.0,261.0,238.0,108.0,재고 이동,재고 이동,68.368,일치,68.368,44.804,23.664,15.498
유어스 복숭아아이스티,강남점,노원점,166.0,재배치 추천,22902.0,프로모션 순비용이 재배치 비용보다 높습니다.,28.261548507992387,14.782608695652174,18,0,61.0,검토 가능,22902.0,166.0,248,False,Greedy 선택 후보보다 우선순위가 낮음,2.9,1420,271,6,김밥,271,20,87,6201,100,350,2,6.37,253,123540,B,0.9217523190193241,2,60.0,93.4,3.85,DEAD,48.1,True,60.0,HIGH,유통기한 임박 | 소진일수 93일 초과,14.9,20.7,0.0,SAFE,"재고 여유 — 현재고(271), 재주문점(21)",0.0,215.0,74.1,61059.0,19.1,OPTIMAL,"적정 발주 — EOQ(215개), 권장 발주 주기 74일",19.1,20.1,2.87,13.38,0.0,STABLE,94.4,0.0,WMA,0.0,36.9,10.0,8.4,6.0,7.5,5.0,POOR,낮은 매칭 · 폐기위험 높음,0.985,49.6,STABLE,18.5,LOW,59.1,MEDIUM,0.3,30.0,276562.0,100.0,0.385,0.385,39.4,False,27.6,365,34.1,115,100.0,0.999,4.9,73.6,50.0,DISCOUNT,67.1,2,99.8,72.2,45.3,disposal_risk,37.5,후순위,384,HEURISTIC 29% | ABC 14% | TURNOVER 14% | DISPOSAL_RISK 14% | SAFETY_STOCK 8% | EOQ 7% | DEMAND_FORECAST 7% | MATCH 5%,"['⏰ 유통기한 임박 (99%)', '❄️ 냉장·냉동 과잉 (61%)', '💸 배송비 상승 (100%)', '⚡ 복합 스트레스 (60%)']","{'재고위험': '25.3%', '판매가능성': '13.3%', '점포이동적합': '13.3%', '비용절감': '18.7%', '폐기회피이익': '14.5%', '실행가능성': '11.6%', '이력보정': '3.3%'}",True,True,False,True,False,True,52.3,22.8,55.8,51.4,72.0,50.0,60.1,49.5,0.0,29.6,검토,할인 판매,🏷️,368,HIGH,신뢰도 높음 ●,#2e7d32,,,29.6,검토,할인 판매,1,0,False,False,,50.0,22902.0,32484.0,22902.0,23.78,32.76,23.78,48.0,87.0,253.0,166.0,재고 이동,재고 이동,71.163,일치,71.163,47.324,25.452,16.114
유어스 스트링치즈,문래점,여의도2점,108.0,프로모션 추천,15585.0,프로모션 순비용이 재배치 비용보다 낮습니다.,32.4164560915363,8.478260869565217,12,8,60.9,검토 가능,15585.0,108.0,249,False,Greedy 선택 후보보다 우선순위가 낮음,10.2,780,278,3,샐러드,280,71,306,7104,250,350,1,3.0,247,238680,B,0.9299891207098091,2,60.0,27.3,13.11,FAST,84.8,False,38.0,LOW,유통기한 임박,4.9,15.1,0.0,SAFE,"재고 여유 — 현재고(278), 재주문점(15)",0.0,582.3,57.1,90840.0,42.5,UNDER,과소 발주 위험 — 현재(273개) < EOQ(582개). 발주량 증가 검토,42.5,71.2,10.17,15.12,5.22,STABLE,27.3,6.2,WMA,6.2,28.8,10.0,0.31,6.0,7.5,5.0,POOR,낮은 매칭,0.994,49.9,STABLE,5.4,LOW,69.6,MEDIUM,0.3,30.0,112503.0,100.0,0.385,0.385,43.6,True,50.3,97,21.0,481,100.0,0.999,4.9,73.8,50.0,DISCOUNT,66.9,2,99.8,72.2,38.3,turnover,41.9,모니터링,302,HEURISTIC 29% | ABC 14% | TURNOVER 14% | DISPOSAL_RISK 14% | SAFETY_STOCK 8% | EOQ 7% | DEMAND_FORECAST 7% | MATCH 5%,"['⏰ 유통기한 임박 (99%)', '❄️ 냉장·냉동 과잉 (61%)', '💸 배송비 상승 (100%)', '⚡ 복합 스트레스 (60%)']","{'재고위험': '25.3%', '판매가능성': '13.3%', '점포이동적합': '13.3%', '비용절감': '18.7%', '폐기회피이익': '14.5%', '실행가능성': '11.6%', '이력보정': '3.3%'}",True,True,False,True,False,True,52.1,26.8,49.5,54.9,72.0,50.0,72.6,49.8,0.0,35.9,검토,보류,⏸️,334,HIGH,신뢰도 높음 ●,#2e7d32,,,35.9,검토,보류,2,0,False,False,,50.0,0.0,22188.0,22188.0,0.0,21.32,21.32,43.0,306.0,247.0,108.0,할인,재고 이동,69.127,다름,69.127,45.632,24.379,15.683
카페25 헤이즐넛라떼,종로점,신촌2점,178.0,재배치 추천,25383.0,프로모션 순비용이 재배치 비용보다 높습니다.,26.852729905454133,16.08695652173913,18,0,60.9,검토 가능,25383.0,178.0,250,False,Greedy 선택 후보보다 우선순위가 낮음,4.7,1510,273,2,냉장식품,273,33,141,6789,150,300,3,6.8,263,212910,A,0.7529074215391148,1,100.0,58.1,6.2,NORMAL,67.7,False,60.0,HIGH,유통기한 임박 | 신선/냉장 고위험 카테고리,19.4,33.5,0.0,SAFE,"재고 여유 — 현재고(273), 재주문점(34)",0.0,219.6,46.7,106091.0,15.5,OPTIMAL,"적정 발주 — EOQ(220개), 권장 발주 주기 47일",15.5,33.0,4.71,15.93,0.0,STABLE,57.9,0.3,WMA,0.3,40.9,10.0,8.41,10.0,7.5,5.0,FAIR,보통 매칭 · 폐기위험 높음 · 핵심(A)상품,1.003,50.1,STABLE,11.3,LOW,73.1,HIGH,0.3,30.0,323853.0,100.0,0.385,0.385,38.7,True,28.8,332,33.1,136,100.0,0.999,4.9,75.0,50.0,DISCOUNT,66.8,2,99.8,72.2,26.8,disposal_risk,50.4,모니터링,177,HEURISTIC 29% | ABC 14% | TURNOVER 14% | DISPOSAL_RISK 14% | SAFETY_STOCK 8% | EOQ 7% | DEMAND_FORECAST 7% | MATCH 5%,"['⏰ 유통기한 임박 (99%)', '❄️ 냉장·냉동 과잉 (61%)', '💸 배송비 상승 (100%)', '⚡ 복합 스트레스 (60%)']","{'재고위험': '25.3%', '판매가능성': '13.3%', '점포이동적합': '13.3%', '비용절감': '18.7%', '폐기회피이익': '14.5%', '실행가능성': '11.6%', '이력보정': '3.3%'}",True,True,False,True,False,True,63.4,22.9,57.5,50.8,72.0,50.0,60.8,52.5,0.0,80.7,최적,할인 판매,🏷️,94,HIGH,신뢰도 높음 ●,#2e7d32,,,80.7,최적,할인 판매,1,0,False,False,,50.0,0.0,25383.0,25383.0,0.0,24.87,24.87,50.0,141.0,263.0,178.0,재고 이동,재고 이동,77.675,일치,77.675,51.202,27.236,17.433
카페25 아이스카페라떼,홍대6점,시흥6점,196.0,재배치 추천,28968.0,프로모션 순비용이 재배치 비용보다 높습니다.,24.817012577723517,18.043478260869566,18,0,60.9,검토 가능,28968.0,196.0,251,False,Greedy 선택 후보보다 우선순위가 낮음,8.9,1370,261,2,냉장식품,261,62,267,7482,150,300,4,2.1,243,365790,A,0.7250753194918981,1,100.0,29.3,12.28,FAST,83.7,False,46.0,MEDIUM,유통기한 임박 | 신선/냉장 고위험 카테고리,6.9,42.5,0.0,SAFE,"재고 여유 — 현재고(261), 재주문점(42)",0.0,333.0,37.4,145982.0,19.0,OPTIMAL,"적정 발주 — EOQ(333개), 권장 발주 주기 37일",19.0,62.1,8.87,12.34,5.41,STABLE,29.4,5.3,WMA,5.3,36.4,10.0,3.86,10.0,7.5,5.0,POOR,낮은 매칭 · 핵심(A)상품,0.995,49.9,STABLE,5.8,LOW,73.1,HIGH,0.3,30.0,322656.0,100.0,0.385,0.385,38.6,True,47.7,104,25.7,294,100.0,0.999,4.9,80.2,50.0,DISCOUNT,66.7,2,99.8,72.2,25.1,turnover,51.7,모니터링,160,HEURISTIC 29% | ABC 14% | TURNOVER 14% | DISPOSAL_RISK 14% | SAFETY_STOCK 8% | EOQ 7% | DEMAND_FORECAST 7% | MATCH 5%,"['⏰ 유통기한 임박 (99%)', '❄️ 냉장·냉동 과잉 (61%)', '💸 배송비 상승 (100%)', '⚡ 복합 스트레스 (60%)']","{'재고위험': '25.3%', '판매가능성': '13.3%', '점포이동적합': '13.3%', '비용절감': '18.7%', '폐기회피이익': '14.5%', '실행가능성': '11.6%', '이력보정': '3.3%'}",True,True,False,True,False,True,61.4,25.3,54.5,51.3,72.0,50.0,71.1,52.0,0.0,71.2,권장,보류,⏸️,145,HIGH,신뢰도 높음 ●,#2e7d32,,,71.2,권장,보류,1,0,False,False,,50.0,28968.0,41529.0,28968.0,30.52,42.81,30.52,61.0,267.0,243.0,196.0,재고 이동,재고 이동,77.395,일치,77.395,51.114,27.311,17.393
매일 바이오 플레인요거트,이태원점,여의도2점,96.0,재배치 추천,9861.0,프로모션 순비용이 재배치 비용보다 높습니다.,35.666789699327104,7.173913043478261,18,0,60.8,검토 가능,9861.0,96.0,252,False,Greedy 선택 후보보다 우선순위가 낮음,3.9,2280,271,3,냉장식품,271,27,117,9490,500,300,1,1.33,259,266760,A,0.4413232235595307,1,100.0,69.5,5.18,SLOW,61.4,True,65.7,HIGH,유통기한 임박 | 소진일수 70일 초과 | 신선/냉장 고위험 카테고리,2.2,6.1,0.0,SAFE,"재고 여유 — 현재고(271), 재주문점(6)",0.0,192.4,49.3,140401.0,39.7,OPTIMAL,"적정 발주 — EOQ(192개), 권장 발주 주기 49일",39.7,27.1,3.87,6.07,1.68,STABLE,70.0,0.0,WMA,0.0,40.9,10.0,8.4,10.0,7.5,5.0,FAIR,보통 매칭 · 폐기위험 높음 · 핵심(A)상품,0.989,49.7,STABLE,13.8,LOW,69.6,MEDIUM,0.3,30.0,300795.0,100.0,0.385,0.385,43.4,True,30.4,278,35.9,79,100.0,0.999,4.9,73.8,50.0,DISCOUNT,66.5,2,99.8,72.2,26.9,disposal_risk,52.2,모니터링,151,HEURISTIC 29% | ABC 14% | TURNOVER 14% | DISPOSAL_RISK 14% | SAFETY_STOCK 8% | EOQ 7% | DEMAND_FORECAST 7% | MATCH 5%,"['⏰ 유통기한 임박 (99%)', '❄️ 냉장·냉동 과잉 (61%)', '💸 배송비 상승 (100%)', '⚡ 복합 스트레스 (60%)']","{'재고위험': '25.3%', '판매가능성': '13.3%', '점포이동적합': '13.3%', '비용절감': '18.7%', '폐기회피이익': '14.5%', '실행가능성': '11.6%', '이력보정': '3.3%'}",True,True,False,True,False,True,64.4,23.6,58.0,54.4,72.0,50.0,61.6,53.5,0.0,92.0,최적,할인 판매,🏷️,33,HIGH,신뢰도 높음 ●,#2e7d32,,,92.0,최적,할인 판매,1,0,False,False,,50.0,9861.0,16635.0,9861.0,9.29,15.149999999999999,9.29,19.0,117.0,259.0,96.0,재고 이동,재고 이동,75.008,일치,75.008,49.537,26.297,17.008
CJ 비비고 왕교자,분당5점,이태원점,176.0,재배치 추천,25296.0,프로모션 순비용이 재배치 비용보다 높습니다.,26.902132250645924,15.869565217391305,18,0,60.8,검토 가능,25296.0,176.0,253,False,Greedy 선택 후보보다 우선순위가 낮음,8.9,5400,271,2,김밥,271,62,267,14818,300,350,2,1.87,253,1441800,A,0.2553498367000712,1,100.0,30.4,11.82,NORMAL,83.1,False,38.2,LOW,유통기한 임박,4.4,22.2,0.0,SAFE,"재고 여유 — 현재고(271), 재주문점(22)",0.0,298.6,33.6,322451.0,8.6,OPTIMAL,"적정 발주 — EOQ(299개), 권장 발주 주기 34일",8.6,62.1,8.87,11.96,5.79,STABLE,30.5,3.9,WMA,3.9,32.7,10.0,0.2,10.0,7.5,5.0,POOR,낮은 매칭 · 핵심(A)상품,0.995,49.9,STABLE,6.0,LOW,73.1,HIGH,0.3,30.0,1167984.0,100.0,0.385,0.385,39.4,False,36.6,157,21.8,419,100.0,0.999,4.9,71.0,50.0,DISCOUNT,66.4,2,99.8,72.2,24.1,turnover,46.2,모니터링,241,HEURISTIC 29% | ABC 14% | TURNOVER 14% | DISPOSAL_RISK 14% | SAFETY_STOCK 8% | EOQ 7% | DEMAND_FORECAST 7% | MATCH 5%,"['⏰ 유통기한 임박 (99%)', '❄️ 냉장·냉동 과잉 (61%)', '💸 배송비 상승 (100%)', '⚡ 복합 스트레스 (60%)']","{'재고위험': '25.3%', '판매가능성': '13.3%', '점포이동적합': '13.3%', '비용절감': '18.7%', '폐기회피이익': '14.5%', '실행가능성': '11.6%', '이력보정': '3.3%'}",True,True,False,True,False,True,57.7,24.8,51.2,49.7,72.0,50.0,65.0,50.2,0.0,42.3,검토,보류,⏸️,300,HIGH,신뢰도 높음 ●,#2e7d32,,,42.3,검토,보류,2,1,False,False,,50.0,25296.0,37812.0,25296.0,26.44,38.68,26.44,53.0,267.0,253.0,176.0,재고 이동,재고 이동,74.32,일치,74.32,48.913,26.031,16.708
브레디크 소금버터롤,강남2점,남양주3점,194.0,재배치 추천,28608.0,프로모션 순비용이 재배치 비용보다 높습니다.,25.02143607506885,17.82608695652174,18,0,60.8,검토 가능,28608.0,194.0,254,False,Greedy 선택 후보보다 우선순위가 낮음,2.6,2090,264,2,도시락,264,18,78,8370,400,350,5,5.72,258,163020,B,0.8950566611844037,2,60.0,101.5,3.55,DEAD,43.6,True,68.0,HIGH,유통기한 임박 | 소진일수 102일 초과,21.1,34.1,0.0,SAFE,"재고 여유 — 현재고(264), 재주문점(34)",0.0,194.9,75.0,81489.0,24.6,OPTIMAL,"적정 발주 — EOQ(195개), 권장 발주 주기 75일",24.6,18.1,2.59,12.02,0.0,STABLE,102.1,0.0,WMA,0.0,36.9,10.0,8.4,6.0,7.5,5.0,POOR,낮은 매칭 · 폐기위험 높음,0.989,49.7,STABLE,20.0,LOW,73.1,HIGH,0.3,30.0,535544.0,100.0,0.385,0.385,38.6,True,30.9,265,37.6,47,100.0,0.999,4.9,73.4,50.0,DISCOUNT,66.3,2,99.8,72.2,43.3,disposal_risk,39.2,후순위,358,HEURISTIC 29% | ABC 14% | TURNOVER 14% | DISPOSAL_RISK 14% | SAFETY_STOCK 8% | EOQ 7% | DEMAND_FORECAST 7% | MATCH 5%,"['⏰ 유통기한 임박 (99%)', '❄️ 냉장·냉동 과잉 (61%)', '💸 배송비 상승 (100%)', '⚡ 복합 스트레스 (60%)']","{'재고위험': '25.3%', '판매가능성': '13.3%', '점포이동적합': '13.3%', '비용절감': '18.7%', '폐기회피이익': '14.5%', '실행가능성': '11.6%', '이력보정': '3.3%'}",True,True,False,True,False,True,54.7,22.6,56.5,52.1,72.0,50.0,61.9,50.3,0.0,44.5,검토,할인 판매,🏷️,288,HIGH,신뢰도 높음 ●,#2e7d32,,,44.5,검토,할인 판매,1,0,False,False,,50.0,28608.0,41061.0,28608.0,30.12,42.29,30.12,60.0,78.0,258.0,194.0,재고 이동,재고 이동,74.374,일치,74.374,49.629,26.82,16.799
심플리쿡 닭가슴살샐러드,군포6점,부천4점,198.0,재배치 추천,29382.0,프로모션 순비용이 재배치 비용보다 높습니다.,24.581925555776387,18.26086956521739,18,0,60.8,검토 가능,29382.0,198.0,255,False,Greedy 선택 후보보다 우선순위가 낮음,2.7,2450,273,1,우유,273,19,81,12894,500,250,2,1.77,270,198450,A,0.7793834479153464,1,100.0,101.1,3.56,DEAD,43.8,True,68.0,HIGH,유통기한 임박 | 소진일수 101일 초과,4.1,9.5,0.0,SAFE,"재고 여유 — 현재고(273), 재주문점(10)",0.0,227.7,84.3,111593.0,18.1,OPTIMAL,"적정 발주 — EOQ(228개), 권장 발주 주기 84일",18.1,19.0,2.71,5.63,0.0,STABLE,100.6,0.0,WMA,0.0,40.9,10.0,8.4,10.0,7.5,5.0,FAIR,보통 매칭 · 폐기위험 높음 · 핵심(A)상품,1.005,50.1,STABLE,19.7,LOW,76.6,HIGH,0.3,30.0,651738.0,100.0,0.385,0.385,39.5,True,31.3,249,38.3,32,100.0,0.999,4.9,75.0,50.0,DISCOUNT,66.1,2,99.8,72.2,27.6,disposal_risk,47.4,모니터링,220,HEURISTIC 29% | ABC 14% | TURNOVER 14% | DISPOSAL_RISK 14% | SAFETY_STOCK 8% | EOQ 7% | DEMAND_FORECAST 7% | MATCH 5%,"['⏰ 유통기한 임박 (99%)', '❄️ 냉장·냉동 과잉 (61%)', '💸 배송비 상승 (100%)', '⚡ 복합 스트레스 (60%)']","{'재고위험': '25.3%', '판매가능성': '13.3%', '점포이동적합': '13.3%', '비용절감': '18.7%', '폐기회피이익': '14.5%', '실행가능성': '11.6%', '이력보정': '3.3%'}",True,True,False,True,False,True,60.7,22.9,58.6,51.2,72.0,50.0,62.1,52.0,0.0,71.3,권장,할인 판매,🏷️,144,HIGH,신뢰도 높음 ●,#2e7d32,,,71.3,권장,할인 판매,0,0,True,False,,50.0,29382.0,56730.0,29382.0,30.98,59.7,30.98,62.0,81.0,270.0,198.0,재고 이동,재고 이동,77.907,일치,77.907,51.831,27.929,17.54
유어스 스트링치즈,잠실점,여의도2점,108.0,프로모션 추천,15858.0,프로모션 순비용이 재배치 비용보다 낮습니다.,32.26143493938275,8.478260869565217,12,8,60.7,검토 가능,15858.0,108.0,256,False,Greedy 선택 후보보다 우선순위가 낮음,8.2,780,278,2,도시락,278,57,246,10862,250,350,2,4.68,261,191880,B,0.9299891207098091,2,60.0,33.9,10.62,NORMAL,81.2,False,40.0,MEDIUM,유통기한 임박,10.9,27.3,0.0,SAFE,"재고 여유 — 현재고(278), 재주문점(27)",0.0,645.6,78.7,100713.0,46.9,UNDER,과소 발주 위험 — 현재(267개) < EOQ(646개). 발주량 증가 검토,46.9,57.2,8.17,15.89,0.45,STABLE,34.0,3.5,WMA,3.5,32.3,10.0,3.77,6.0,7.5,5.0,POOR,낮은 매칭,0.993,49.8,STABLE,6.8,LOW,73.1,HIGH,0.3,30.0,112230.0,100.0,0.385,0.385,39.5,True,34.7,176,22.5,388,100.0,0.999,4.9,73.8,50.0,DISCOUNT,66.0,2,99.8,72.1,39.4,turnover,41.3,모니터링,314,HEURISTIC 29% | ABC 14% | TURNOVER 14% | DISPOSAL_RISK 14% | SAFETY_STOCK 8% | EOQ 7% | DEMAND_FORECAST 7% | MATCH 5%,"['⏰ 유통기한 임박 (99%)', '❄️ 냉장·냉동 과잉 (61%)', '💸 배송비 상승 (100%)', '⚡ 복합 스트레스 (60%)']","{'재고위험': '25.3%', '판매가능성': '13.3%', '점포이동적합': '13.3%', '비용절감': '18.7%', '폐기회피이익': '14.5%', '실행가능성': '11.6%', '이력보정': '3.3%'}",True,True,False,True,False,True,52.0,24.6,51.4,55.4,72.0,50.0,64.0,49.9,0.0,36.7,검토,보류,⏸️,330,HIGH,신뢰도 높음 ●,#2e7d32,,,36.7,검토,보류,1,0,False,False,,50.0,20904.0,23277.0,20904.0,21.56,22.53,21.56,43.0,246.0,261.0,108.0,할인,재고 이동,70.294,다름,70.294,46.471,24.84,15.952
해태 홈런볼,상암점,왕십리점,136.0,재배치 추천,17700.0,프로모션 순비용이 재배치 비용보다 높습니다.,31.215468044632463,11.521739130434783,18,0,60.7,검토 가능,17700.0,136.0,257,False,Greedy 선택 후보보다 우선순위가 낮음,7.4,2500,276,3,도시락,276,52,222,7260,250,350,3,2.31,253,555000,A,0.588187697680407,1,100.0,37.3,9.65,NORMAL,79.3,False,41.6,MEDIUM,유통기한 임박,6.6,28.8,0.0,SAFE,"재고 여유 — 현재고(276), 재주문점(29)",0.0,280.1,37.9,140033.0,3.1,OPTIMAL,"적정 발주 — EOQ(280개), 권장 발주 주기 38일",3.1,51.9,7.41,11.23,3.6,STABLE,37.2,3.0,WMA,3.0,36.2,10.0,3.75,10.0,7.5,5.0,POOR,낮은 매칭 · 핵심(A)상품,1.004,50.1,STABLE,7.3,LOW,69.6,MEDIUM,0.3,30.0,424300.0,100.0,0.385,0.385,38.7,True,32.6,217,24.0,358,100.0,0.999,4.9,72.7,50.0,DISCOUNT,65.9,2,99.8,72.1,25.5,turnover,46.5,모니터링,234,HEURISTIC 29% | ABC 14% | TURNOVER 14% | DISPOSAL_RISK 14% | SAFETY_STOCK 8% | EOQ 7% | DEMAND_FORECAST 7% | MATCH 5%,"['⏰ 유통기한 임박 (99%)', '❄️ 냉장·냉동 과잉 (61%)', '💸 배송비 상승 (100%)', '⚡ 복합 스트레스 (60%)']","{'재고위험': '25.3%', '판매가능성': '13.3%', '점포이동적합': '13.3%', '비용절감': '18.7%', '폐기회피이익': '14.5%', '실행가능성': '11.6%', '이력보정': '3.3%'}",True,True,False,True,False,True,58.2,24.3,53.4,48.9,72.0,50.0,62.8,50.4,0.0,46.0,검토,보류,⏸️,280,HIGH,신뢰도 높음 ●,#2e7d32,,,46.0,검토,보류,1,0,False,False,,50.0,17700.0,28839.0,17700.0,18.0,28.71,18.0,36.0,222.0,253.0,136.0,재고 이동,재고 이동,71.616,일치,71.616,47.044,24.93,16.174
유어스 복숭아아이스티,상암점,합정점,146.0,재배치 추천,19767.0,프로모션 순비용이 재배치 비용보다 높습니다.,30.04173646404134,12.608695652173912,18,0,60.7,검토 가능,19767.0,146.0,258,False,Greedy 선택 후보보다 우선순위가 낮음,4.9,1420,271,7,냉장식품,271,34,147,6418,100,300,2,0.75,236,208740,B,0.9217523190193241,2,60.0,55.3,6.51,NORMAL,69.3,False,50.6,MEDIUM,유통기한 임박 | 신선/냉장 고위험 카테고리,1.8,11.6,0.0,SAFE,"재고 여유 — 현재고(271), 재주문점(12)",0.0,224.8,45.9,102136.0,19.8,OPTIMAL,"적정 발주 — EOQ(225개), 권장 발주 주기 46일",19.8,34.1,4.87,6.11,3.63,STABLE,55.6,0.6,WMA,0.6,32.1,10.0,3.63,6.0,7.5,5.0,POOR,낮은 매칭,0.991,49.8,STABLE,11.0,LOW,55.6,MEDIUM,0.3,30.0,243617.0,100.0,0.385,0.385,39.3,True,24.8,427,27.5,224,100.0,0.999,4.9,77.9,50.0,DISCOUNT,65.7,2,99.8,72.1,42.2,disposal_risk,38.0,후순위,374,HEURISTIC 29% | ABC 14% | TURNOVER 14% | DISPOSAL_RISK 14% | SAFETY_STOCK 8% | EOQ 7% | DEMAND_FORECAST 7% | MATCH 5%,"['⏰ 유통기한 임박 (99%)', '❄️ 냉장·냉동 과잉 (61%)', '💸 배송비 상승 (100%)', '⚡ 복합 스트레스 (60%)']","{'재고위험': '25.3%', '판매가능성': '13.3%', '점포이동적합': '13.3%', '비용절감': '18.7%', '폐기회피이익': '14.5%', '실행가능성': '11.6%', '이력보정': '3.3%'}",True,True,False,True,False,True,53.7,23.1,52.7,51.4,72.0,50.0,58.6,49.5,0.0,29.2,검토,보류,⏸️,370,HIGH,신뢰도 높음 ●,#2e7d32,,,29.2,검토,보류,1,0,False,False,,50.0,0.0,19767.0,19767.0,0.0,18.630000000000003,18.630000000000003,37.0,147.0,236.0,146.0,재고 이동,재고 이동,69.823,일치,69.823,46.161,24.65,15.805
심플리쿡 닭가슴살샐러드,군포6점,광명3점,148.0,재배치 추천,20031.0,프로모션 순비용이 재배치 비용보다 높습니다.,29.891825899321425,12.82608695652174,18,0,60.7,검토 가능,20031.0,148.0,259,False,Greedy 선택 후보보다 우선순위가 낮음,2.7,2450,273,1,우유,273,19,81,12894,500,250,2,1.77,270,198450,A,0.7793834479153464,1,100.0,101.1,3.56,DEAD,43.8,True,68.0,HIGH,유통기한 임박 | 소진일수 101일 초과,4.1,9.5,0.0,SAFE,"재고 여유 — 현재고(273), 재주문점(10)",0.0,227.7,84.3,111593.0,18.1,OPTIMAL,"적정 발주 — EOQ(228개), 권장 발주 주기 84일",18.1,19.0,2.71,5.63,0.0,STABLE,100.6,0.0,WMA,0.0,40.9,10.0,8.4,10.0,7.5,5.0,FAIR,보통 매칭 · 폐기위험 높음 · 핵심(A)상품,1.005,50.1,STABLE,19.7,LOW,76.6,HIGH,0.3,30.0,489089.0,100.0,0.385,0.385,39.5,True,31.3,249,38.3,32,100.0,0.999,4.9,80.1,50.0,DISCOUNT,65.6,2,99.8,72.1,27.6,disposal_risk,47.3,모니터링,222,HEURISTIC 29% | ABC 14% | TURNOVER 14% | DISPOSAL_RISK 14% | SAFETY_STOCK 8% | EOQ 7% | DEMAND_FORECAST 7% | MATCH 5%,"['⏰ 유통기한 임박 (99%)', '❄️ 냉장·냉동 과잉 (61%)', '💸 배송비 상승 (100%)', '⚡ 복합 스트레스 (60%)']","{'재고위험': '25.3%', '판매가능성': '13.3%', '점포이동적합': '13.3%', '비용절감': '18.7%', '폐기회피이익': '14.5%', '실행가능성': '11.6%', '이력보정': '3.3%'}",True,True,False,True,False,True,60.7,22.9,59.1,51.1,72.0,50.0,62.1,52.1,0.0,72.7,권장,할인 판매,🏷️,137,HIGH,신뢰도 높음 ●,#2e7d32,,,72.7,권장,할인 판매,0,0,True,False,,50.0,20031.0,49008.0,20031.0,20.59,51.120000000000005,20.59,41.0,81.0,270.0,148.0,재고 이동,재고 이동,74.907,일치,74.907,49.74,26.701,16.948
심플리쿡 리코타치즈샐러드,의정부3점,강남3점,212.0,재배치 추천,32550.0,프로모션 순비용이 재배치 비용보다 높습니다.,22.782998779137444,19.782608695652172,18,0,60.6,검토 가능,32550.0,212.0,260,False,Greedy 선택 후보보다 우선순위가 낮음,15.3,3460,277,1,우유,277,107,459,12958,300,250,1,5.35,261,1588140,A,0.28753545168266864,1,100.0,18.1,19.88,FAST,89.9,False,38.0,LOW,유통기한 임박,8.8,24.1,0.0,SAFE,"재고 여유 — 현재고(277), 재주문점(24)",0.0,457.3,29.9,316468.0,33.1,UNDER,과소 발주 위험 — 현재(268개) < EOQ(457개). 발주량 증가 검토,33.1,107.0,15.29,24.11,6.46,STABLE,18.1,10.5,WMA,10.5,33.0,10.0,0.52,10.0,7.5,5.0,POOR,낮은 매칭 · 핵심(A)상품,0.999,50.0,STABLE,3.5,LOW,76.6,HIGH,0.3,30.0,911274.0,100.0,0.385,0.385,43.5,True,69.9,19,21.8,419,100.0,0.999,4.9,61.5,50.0,DISCOUNT,65.5,2,99.8,72.1,24.1,turnover,53.5,모니터링,134,HEURISTIC 29% | ABC 14% | TURNOVER 14% | DISPOSAL_RISK 14% | SAFETY_STOCK 8% | EOQ 7% | DEMAND_FORECAST 7% | MATCH 5%,"['⏰ 유통기한 임박 (99%)', '❄️ 냉장·냉동 과잉 (61%)', '💸 배송비 상승 (100%)', '⚡ 복합 스트레스 (60%)']","{'재고위험': '25.3%', '판매가능성': '13.3%', '점포이동적합': '13.3%', '비용절감': '18.7%', '폐기회피이익': '14.5%', '실행가능성': '11.6%', '이력보정': '3.3%'}",True,True,False,True,False,True,59.4,29.0,50.4,53.3,72.0,50.0,83.4,51.8,0.0,68.4,권장,보류,⏸️,160,HIGH,신뢰도 높음 ●,#2e7d32,,,68.4,권장,보류,0,1,False,False,,50.0,32550.0,41736.0,32550.0,34.5,43.04,34.5,69.0,459.0,261.0,212.0,재고 이동,재고 이동,79.819,일치,79.819,52.647,28.12,17.856
유어스 마카롱,신촌2점,여의도2점,74.0,재배치 추천,6234.0,프로모션 순비용이 재배치 비용보다 높습니다.,37.72635643508134,4.782608695652174,18,0,60.5,검토 가능,6234.0,74.0,261,False,Greedy 선택 후보보다 우선순위가 낮음,2.6,1070,274,2,신선식품,274,18,78,6142,400,300,3,5.02,268,83460,B,0.8858125126903167,2,60.0,105.4,3.42,DEAD,41.4,True,78.0,HIGH,유통기한 임박 | 소진일수 105일 초과 | 신선/냉장 고위험 카테고리,14.3,22.1,0.0,SAFE,"재고 여유 — 현재고(274), 재주문점(22)",0.0,176.4,67.8,66074.0,47.2,OPTIMAL,"적정 발주 — EOQ(176개), 권장 발주 주기 68일",47.2,18.1,2.59,10.87,0.0,STABLE,106.0,0.0,WMA,0.0,36.9,10.0,8.4,6.0,7.5,5.0,POOR,낮은 매칭 · 폐기위험 높음,0.989,49.7,STABLE,20.8,LOW,73.1,HIGH,0.3,30.0,118382.0,100.0,0.385,0.385,38.7,True,34.7,176,41.8,2,100.0,0.999,4.9,73.8,50.0,DISCOUNT,65.3,2,99.8,72.1,39.6,disposal_risk,43.1,모니터링,279,HEURISTIC 29% | ABC 14% | TURNOVER 14% | DISPOSAL_RISK 14% | SAFETY_STOCK 8% | EOQ 7% | DEMAND_FORECAST 7% | MATCH 5%,"['⏰ 유통기한 임박 (99%)', '❄️ 냉장·냉동 과잉 (61%)', '💸 배송비 상승 (100%)', '⚡ 복합 스트레스 (60%)']","{'재고위험': '25.3%', '판매가능성': '13.3%', '점포이동적합': '13.3%', '비용절감': '18.7%', '폐기회피이익': '14.5%', '실행가능성': '11.6%', '이력보정': '3.3%'}",True,True,False,True,False,True,58.6,22.7,57.3,55.4,72.0,50.0,64.0,52.0,0.0,72.5,권장,할인 판매,🏷️,138,HIGH,신뢰도 높음 ●,#2e7d32,,,72.5,권장,할인 판매,0,0,True,False,,50.0,6234.0,15069.0,6234.0,5.26,13.41,5.26,11.0,78.0,268.0,74.0,재고 이동,재고 이동,71.187,일치,71.187,47.363,25.36,16.243
유어스 햄치즈샌드위치,이태원점,왕십리점,80.0,재배치 추천,7377.0,프로모션 순비용이 재배치 비용보다 높습니다.,37.07731183100991,5.434782608695652,18,0,60.5,검토 가능,7377.0,80.0,262,False,Greedy 선택 후보보다 우선순위가 낮음,4.5,2920,265,4,김밥,265,32,135,13618,500,350,1,2.2,247,394200,A,0.520935688066382,1,100.0,58.9,6.11,NORMAL,67.3,False,44.4,MEDIUM,유통기한 임박,3.6,8.1,0.0,SAFE,"재고 여유 — 현재고(265), 재주문점(8)",0.0,276.8,61.5,161633.0,4.5,OPTIMAL,"적정 발주 — EOQ(277개), 권장 발주 주기 62일",4.5,31.8,4.54,8.17,0.91,STABLE,58.3,0.2,WMA,0.2,36.1,10.0,3.61,10.0,7.5,5.0,POOR,낮은 매칭 · 핵심(A)상품,1.016,50.4,STABLE,11.5,LOW,66.1,MEDIUM,0.3,30.0,312943.0,100.0,0.385,0.385,43.5,False,22.5,466,25.9,285,100.0,0.999,4.9,72.7,50.0,DISCOUNT,65.2,2,99.8,72.1,27.6,turnover,42.7,모니터링,284,HEURISTIC 29% | ABC 14% | TURNOVER 14% | DISPOSAL_RISK 14% | SAFETY_STOCK 8% | EOQ 7% | DEMAND_FORECAST 7% | MATCH 5%,"['⏰ 유통기한 임박 (99%)', '❄️ 냉장·냉동 과잉 (61%)', '💸 배송비 상승 (100%)', '⚡ 복합 스트레스 (60%)']","{'재고위험': '25.3%', '판매가능성': '13.3%', '점포이동적합': '13.3%', '비용절감': '18.7%', '폐기회피이익': '14.5%', '실행가능성': '11.6%', '이력보정': '3.3%'}",True,True,False,True,False,True,56.3,23.9,53.7,49.0,72.0,50.0,57.3,50.0,0.0,37.2,검토,보류,⏸️,327,HIGH,신뢰도 높음 ●,#2e7d32,,,37.2,검토,보류,1,0,False,False,,50.0,7377.0,23484.0,7377.0,6.53,22.759999999999998,6.53,13.0,135.0,247.0,80.0,재고 이동,재고 이동,67.015,일치,67.015,44.012,23.259,15.26
혜자로운 집밥 함박스테이크,잠실4점,평촌4점,160.0,재배치 추천,22677.0,프로모션 순비용이 재배치 비용보다 높습니다.,28.389313193833225,14.130434782608695,18,0,60.5,검토 가능,22677.0,160.0,263,False,Greedy 선택 후보보다 우선순위가 낮음,9.0,2820,270,1,도시락,270,63,270,4319,300,350,2,4.59,261,761400,A,0.3196923169211457,1,100.0,30.0,12.0,FAST,83.3,False,38.0,LOW,유통기한 임박,10.7,28.7,0.0,SAFE,"재고 여유 — 현재고(270), 재주문점(29)",0.0,224.3,24.9,126507.0,15.6,OPTIMAL,"적정 발주 — EOQ(224개), 권장 발주 주기 25일",15.6,63.0,9.0,16.57,1.43,STABLE,30.0,5.0,WMA,5.0,32.8,10.0,0.25,10.0,7.5,5.0,POOR,낮은 매칭 · 핵심(A)상품,1.0,50.0,STABLE,5.8,LOW,76.6,HIGH,0.3,30.0,566763.0,100.0,0.385,0.385,39.4,True,43.4,124,21.7,423,100.0,0.999,4.9,76.6,50.0,DISCOUNT,65.1,2,99.8,72.1,24.5,turnover,47.2,모니터링,223,HEURISTIC 29% | ABC 14% | TURNOVER 14% | DISPOSAL_RISK 14% | SAFETY_STOCK 8% | EOQ 7% | DEMAND_FORECAST 7% | MATCH 5%,"['⏰ 유통기한 임박 (99%)', '❄️ 냉장·냉동 과잉 (61%)', '💸 배송비 상승 (100%)', '⚡ 복합 스트레스 (60%)']","{'재고위험': '25.3%', '판매가능성': '13.3%', '점포이동적합': '13.3%', '비용절감': '18.7%', '폐기회피이익': '14.5%', '실행가능성': '11.6%', '이력보정': '3.3%'}",True,True,False,True,False,True,57.7,25.4,51.8,50.6,72.0,50.0,68.8,50.5,0.0,47.7,검토,보류,⏸️,271,HIGH,신뢰도 높음 ●,#2e7d32,,,47.7,검토,보류,2,0,False,False,,50.0,22677.0,40368.0,22677.0,23.53,41.519999999999996,23.53,47.0,270.0,261.0,160.0,재고 이동,재고 이동,74.272,일치,74.272,48.884,26.024,16.71
오리온 초코파이,목동점,여의도점,86.0,재배치 추천,8646.0,프로모션 순비용이 재배치 비용보다 높습니다.,36.35671900286761,6.086956521739131,18,0,60.4,검토 가능,8646.0,86.0,264,False,Greedy 선택 후보보다 우선순위가 낮음,13.9,1780,251,1,우유,251,97,417,8018,400,250,4,1.05,237,742260,A,0.5458094690875979,1,100.0,18.1,19.94,FAST,89.9,False,38.0,LOW,유통기한 임박,3.5,59.1,0.0,SAFE,"재고 여유 — 현재고(251), 재주문점(59)",0.0,478.1,34.4,170187.0,38.6,UNDER,과소 발주 위험 — 현재(248개) < EOQ(478개). 발주량 증가 검토,38.6,97.1,13.87,15.6,12.14,STABLE,18.1,10.6,WMA,10.6,33.0,10.0,0.53,10.0,7.5,5.0,POOR,낮은 매칭 · 핵심(A)상품,0.997,49.9,STABLE,3.6,LOW,76.6,HIGH,0.3,30.0,209450.0,100.0,0.385,0.385,38.6,True,70.2,16,21.8,419,100.0,0.999,4.9,67.4,50.0,DISCOUNT,64.9,2,99.8,72.1,24.1,turnover,53.8,모니터링,124,HEURISTIC 29% | ABC 14% | TURNOVER 14% | DISPOSAL_RISK 14% | SAFETY_STOCK 8% | EOQ 7% | DEMAND_FORECAST 7% | MATCH 5%,"['⏰ 유통기한 임박 (99%)', '❄️ 냉장·냉동 과잉 (61%)', '💸 배송비 상승 (100%)', '⚡ 복합 스트레스 (60%)']","{'재고위험': '25.3%', '판매가능성': '13.3%', '점포이동적합': '13.3%', '비용절감': '18.7%', '폐기회피이익': '14.5%', '실행가능성': '11.6%', '이력보정': '3.3%'}",True,True,False,True,False,True,59.4,28.0,51.0,54.0,72.0,50.0,83.5,51.9,0.0,69.7,권장,보류,⏸️,153,HIGH,신뢰도 높음 ●,#2e7d32,,,69.7,권장,보류,0,2,False,False,,50.0,8646.0,24798.0,8646.0,7.94,24.22,7.94,16.0,417.0,237.0,86.0,재고 이동,재고 이동,71.429,일치,71.429,46.936,24.853,16.221
서울우유 흰우유,잠실2점,노원점,152.0,재배치 추천,21453.0,프로모션 순비용이 재배치 비용보다 높습니다.,29.08435308480736,13.260869565217392,18,0,60.3,검토 가능,21453.0,152.0,265,False,Greedy 선택 후보보다 우선순위가 낮음,7.3,1090,277,4,김밥,277,51,219,11200,400,350,1,2.62,247,238710,C,0.9609082265319502,3,20.0,37.9,9.49,NORMAL,78.9,False,34.0,LOW,유통기한 임박,4.3,11.6,0.0,SAFE,"재고 여유 — 현재고(277), 재주문점(12)",0.0,523.2,71.7,114067.0,38.3,UNDER,과소 발주 위험 — 현재(273개) < EOQ(523개). 발주량 증가 검토,38.3,51.0,7.29,11.61,2.96,STABLE,38.0,2.9,WMA,2.9,25.6,10.0,0.14,3.0,7.5,5.0,POOR,낮은 매칭,0.998,50.0,STABLE,7.4,LOW,66.1,MEDIUM,0.3,30.0,238163.0,100.0,0.385,0.385,43.5,False,29.8,299,18.9,495,100.0,0.999,4.9,73.6,50.0,DISCOUNT,64.8,2,99.8,72.1,41.9,turnover,28.0,후순위,464,HEURISTIC 29% | ABC 14% | TURNOVER 14% | DISPOSAL_RISK 14% | SAFETY_STOCK 8% | EOQ 7% | DEMAND_FORECAST 7% | MATCH 5%,"['⏰ 유통기한 임박 (99%)', '❄️ 냉장·냉동 과잉 (61%)', '💸 배송비 상승 (100%)', '⚡ 복합 스트레스 (60%)']","{'재고위험': '25.3%', '판매가능성': '13.3%', '점포이동적합': '13.3%', '비용절감': '18.7%', '폐기회피이익': '14.5%', '실행가능성': '11.6%', '이력보정': '3.3%'}",True,True,False,True,False,True,42.7,25.2,47.7,53.9,72.0,50.0,61.3,46.8,0.0,6.1,검토,보류,⏸️,494,HIGH,신뢰도 높음 ●,#2e7d32,,,6.1,검토,보류,2,0,False,False,,50.0,21453.0,33870.0,21453.0,22.17,34.3,22.17,44.0,219.0,247.0,152.0,재고 이동,재고 이동,67.091,일치,67.091,44.567,24.046,15.195
유어스 고르곤졸라피자,부천3점,성남5점,248.0,재배치 추천,39894.0,프로모션 순비용이 재배치 비용보다 높습니다.,18.612759433292638,23.695652173913043,18,0,60.3,검토 가능,39894.0,248.0,266,False,Greedy 선택 후보보다 우선순위가 낮음,6.2,2220,268,1,신선식품,268,43,186,14734,500,300,3,1.88,261,412920,A,0.7110436475021518,1,100.0,43.2,8.33,NORMAL,76.0,False,54.6,MEDIUM,유통기한 임박 | 신선/냉장 고위험 카테고리,5.4,24.0,0.0,SAFE,"재고 여유 — 현재고(268), 재주문점(24)",0.0,293.0,47.3,227629.0,8.3,OPTIMAL,"적정 발주 — EOQ(293개), 권장 발주 주기 47일",8.3,43.2,6.17,9.27,3.07,STABLE,43.4,2.2,WMA,2.2,36.2,10.0,3.71,10.0,7.5,5.0,POOR,낮은 매칭 · 핵심(A)상품,0.991,49.8,STABLE,8.6,LOW,76.6,HIGH,0.3,30.0,744778.0,100.0,0.385,0.385,38.7,True,32.8,207,29.5,186,100.0,0.999,4.9,55.3,50.0,DISCOUNT,64.7,2,99.8,72.1,26.0,turnover,49.3,모니터링,196,HEURISTIC 29% | ABC 14% | TURNOVER 14% | DISPOSAL_RISK 14% | SAFETY_STOCK 8% | EOQ 7% | DEMAND_FORECAST 7% | MATCH 5%,"['⏰ 유통기한 임박 (99%)', '❄️ 냉장·냉동 과잉 (61%)', '💸 배송비 상승 (100%)', '⚡ 복합 스트레스 (60%)']","{'재고위험': '25.3%', '판매가능성': '13.3%', '점포이동적합': '13.3%', '비용절감': '18.7%', '폐기회피이익': '14.5%', '실행가능성': '11.6%', '이력보정': '3.3%'}",True,True,False,True,False,True,63.2,23.8,52.7,49.4,72.0,50.0,63.0,51.6,0.0,65.6,권장,보류,⏸️,175,HIGH,신뢰도 높음 ●,#2e7d32,,,65.6,권장,보류,2,1,False,False,,50.0,39894.0,44058.0,39894.0,42.66,45.620000000000005,42.66,85.0,186.0,261.0,248.0,재고 이동,재고 이동,80.929,일치,80.929,53.558,28.7,18.091
카페25 아이스카페라떼,홍대6점,고양3점,146.0,재배치 추천,20598.0,프로모션 순비용이 재배치 비용보다 높습니다.,29.569858891002525,12.608695652173912,18,0,60.2,검토 가능,20598.0,146.0,267,False,Greedy 선택 후보보다 우선순위가 낮음,8.9,1370,261,2,냉장식품,261,62,267,7482,150,300,4,2.1,243,365790,A,0.7250753194918981,1,100.0,29.3,12.28,FAST,83.7,False,46.0,MEDIUM,유통기한 임박 | 신선/냉장 고위험 카테고리,6.9,42.5,0.0,SAFE,"재고 여유 — 현재고(261), 재주문점(42)",0.0,333.0,37.4,145982.0,19.0,OPTIMAL,"적정 발주 — EOQ(333개), 권장 발주 주기 37일",19.0,62.1,8.87,12.34,5.41,STABLE,29.4,5.3,WMA,5.3,36.4,10.0,3.86,10.0,7.5,5.0,POOR,낮은 매칭 · 핵심(A)상품,0.995,49.9,STABLE,5.8,LOW,73.1,HIGH,0.3,30.0,241326.0,100.0,0.385,0.385,38.6,True,48.0,102,25.7,294,100.0,0.999,4.9,78.2,50.0,DISCOUNT,64.5,2,99.8,72.0,25.2,turnover,51.0,모니터링,171,HEURISTIC 29% | ABC 14% | TURNOVER 14% | DISPOSAL_RISK 14% | SAFETY_STOCK 8% | EOQ 7% | DEMAND_FORECAST 7% | MATCH 5%,"['⏰ 유통기한 임박 (99%)', '❄️ 냉장·냉동 과잉 (61%)', '💸 배송비 상승 (100%)', '⚡ 복합 스트레스 (60%)']","{'재고위험': '25.3%', '판매가능성': '13.3%', '점포이동적합': '13.3%', '비용절감': '18.7%', '폐기회피이익': '14.5%', '실행가능성': '11.6%', '이력보정': '3.3%'}",True,True,False,True,False,True,61.4,25.3,54.3,51.0,72.0,50.0,71.3,51.9,0.0,70.2,권장,보류,⏸️,150,HIGH,신뢰도 높음 ●,#2e7d32,,,70.2,권장,보류,1,0,False,False,,50.0,20598.0,29640.0,20598.0,21.22,29.599999999999998,21.22,42.0,267.0,243.0,146.0,재고 이동,재고 이동,74.204,일치,74.204,48.884,25.987,16.762
혜자로운 집밥 치킨마요덮밥,압구정점,군포6점,184.0,재배치 추천,27762.0,프로모션 순비용이 재배치 비용보다 높습니다.,25.501831293830385,16.73913043478261,18,0,60.2,검토 가능,27762.0,184.0,268,False,Greedy 선택 후보보다 우선순위가 낮음,3.1,2720,279,4,우유,279,22,93,5134,300,250,4,5.91,266,252960,A,0.7916396849857364,1,100.0,90.0,4.0,SLOW,50.0,True,60.0,HIGH,유통기한 임박 | 소진일수 90일 초과,19.5,31.9,0.0,SAFE,"재고 여유 — 현재고(279), 재주문점(32)",0.0,146.1,47.1,79500.0,77.6,OVER,과잉 발주 위험 — 현재(260개) > EOQ(146개). 발주 주기 47일 권장,77.6,21.9,3.13,12.88,0.0,STABLE,89.2,0.0,WMA,0.0,40.9,10.0,8.4,10.0,7.5,5.0,FAIR,보통 매칭 · 폐기위험 높음 · 핵심(A)상품,1.014,50.3,STABLE,17.5,LOW,66.1,MEDIUM,0.3,30.0,628014.0,100.0,0.385,0.385,38.6,True,28.5,342,34.6,110,100.0,0.999,4.9,74.9,50.0,DISCOUNT,64.4,2,99.8,72.0,29.0,disposal_risk,49.9,모니터링,186,HEURISTIC 29% | ABC 14% | TURNOVER 14% | DISPOSAL_RISK 14% | SAFETY_STOCK 8% | EOQ 7% | DEMAND_FORECAST 7% | MATCH 5%,"['⏰ 유통기한 임박 (99%)', '❄️ 냉장·냉동 과잉 (61%)', '💸 배송비 상승 (100%)', '⚡ 복합 스트레스 (60%)']","{'재고위험': '25.3%', '판매가능성': '13.3%', '점포이동적합': '13.3%', '비용절감': '18.7%', '폐기회피이익': '14.5%', '실행가능성': '11.6%', '이력보정': '3.3%'}",True,True,False,True,False,True,58.8,22.8,57.8,59.8,72.0,50.0,60.6,53.0,0.0,86.8,최적,할인 판매,🏷️,61,HIGH,신뢰도 높음 ●,#2e7d32,,,86.8,최적,할인 판매,1,0,False,False,,50.0,27762.0,39342.0,27762.0,29.18,40.38,29.18,58.0,93.0,266.0,184.0,재고 이동,재고 이동,81.362,일치,81.362,54.106,29.065,18.303
코카콜라 제로,압구정점,청량리점,78.0,재배치 추천,7737.0,프로모션 순비용이 재배치 비용보다 높습니다.,36.87288833366458,5.217391304347826,18,0,60.1,검토 가능,7737.0,78.0,269,False,Greedy 선택 후보보다 우선순위가 낮음,2.7,840,253,1,김밥,253,19,81,5951,100,350,4,1.2,250,68040,C,1.0,3,20.0,93.7,3.84,DEAD,47.9,True,68.0,HIGH,유통기한 임박 | 소진일수 94일 초과,4.0,14.8,0.0,SAFE,"재고 여유 — 현재고(253), 재주문점(15)",0.0,264.2,97.9,44391.0,4.6,OPTIMAL,"적정 발주 — EOQ(264개), 권장 발주 주기 98일",4.6,19.0,2.71,4.69,0.73,STABLE,93.2,0.0,WMA,0.0,33.9,10.0,8.4,3.0,7.5,5.0,POOR,낮은 매칭 · 폐기위험 높음,1.005,50.1,STABLE,18.2,LOW,76.6,HIGH,0.3,30.0,78687.0,100.0,0.385,0.385,38.6,False,30.9,265,36.5,70,100.0,0.999,4.9,74.3,50.0,DISCOUNT,64.3,2,99.8,72.0,45.1,disposal_risk,29.8,후순위,453,HEURISTIC 29% | ABC 14% | TURNOVER 14% | DISPOSAL_RISK 14% | SAFETY_STOCK 8% | EOQ 7% | DEMAND_FORECAST 7% | MATCH 5%,"['⏰ 유통기한 임박 (99%)', '❄️ 냉장·냉동 과잉 (61%)', '💸 배송비 상승 (100%)', '⚡ 복합 스트레스 (60%)']","{'재고위험': '25.3%', '판매가능성': '13.3%', '점포이동적합': '13.3%', '비용절감': '18.7%', '폐기회피이익': '14.5%', '실행가능성': '11.6%', '이력보정': '3.3%'}",True,True,False,True,False,True,49.8,22.8,55.0,48.7,72.0,50.0,61.9,48.3,0.0,15.3,검토,할인 판매,🏷️,445,HIGH,신뢰도 높음 ●,#2e7d32,,,15.3,검토,할인 판매,1,0,False,False,,50.0,7737.0,21603.0,7737.0,6.93,20.67,6.93,14.0,81.0,250.0,78.0,재고 이동,재고 이동,62.169,일치,62.169,41.445,22.326,14.302
유어스 복숭아아이스티,상암점,잠원점,126.0,재배치 추천,17070.0,프로모션 순비용이 재배치 비용보다 높습니다.,31.5732091649868,10.434782608695652,18,0,60.0,검토 가능,17070.0,126.0,270,False,Greedy 선택 후보보다 우선순위가 낮음,4.9,1420,271,7,냉장식품,271,34,147,6418,100,300,2,0.75,236,208740,B,0.9217523190193241,2,60.0,55.3,6.51,NORMAL,69.3,False,50.6,MEDIUM,유통기한 임박 | 신선/냉장 고위험 카테고리,1.8,11.6,0.0,SAFE,"재고 여유 — 현재고(271), 재주문점(12)",0.0,224.8,45.9,102136.0,19.8,OPTIMAL,"적정 발주 — EOQ(225개), 권장 발주 주기 46일",19.8,34.1,4.87,6.11,3.63,STABLE,55.6,0.6,WMA,0.6,32.1,10.0,3.63,6.0,7.5,5.0,POOR,낮은 매칭,0.991,49.8,STABLE,11.0,LOW,55.6,MEDIUM,0.3,30.0,210234.0,100.0,0.385,0.385,39.3,True,25.3,418,27.5,224,100.0,0.999,4.9,77.4,50.0,DISCOUNT,64.1,2,99.8,72.0,42.4,disposal_risk,37.4,후순위,386,HEURISTIC 29% | ABC 14% | TURNOVER 14% | DISPOSAL_RISK 14% | SAFETY_STOCK 8% | EOQ 7% | DEMAND_FORECAST 7% | MATCH 5%,"['⏰ 유통기한 임박 (99%)', '❄️ 냉장·냉동 과잉 (61%)', '💸 배송비 상승 (100%)', '⚡ 복합 스트레스 (60%)']","{'재고위험': '25.3%', '판매가능성': '13.3%', '점포이동적합': '13.3%', '비용절감': '18.7%', '폐기회피이익': '14.5%', '실행가능성': '11.6%', '이력보정': '3.3%'}",True,True,False,True,False,True,53.7,23.1,52.7,51.0,72.0,50.0,58.8,49.4,0.0,27.9,검토,보류,⏸️,377,HIGH,신뢰도 높음 ●,#2e7d32,,,27.9,검토,보류,1,0,False,False,,50.0,17070.0,20973.0,17070.0,17.3,19.97,17.3,35.0,147.0,236.0,126.0,재고 이동,재고 이동,68.407,일치,68.407,45.288,24.201,15.56
광동 옥수수수염차,강남점,잠원점,150.0,재배치 추천,21684.0,프로모션 순비용이 재배치 비용보다 높습니다.,28.953181340677435,13.043478260869565,18,0,60.0,검토 가능,21684.0,150.0,271,False,Greedy 선택 후보보다 우선순위가 낮음,3.5,1360,265,7,우유,265,24,105,3546,200,250,2,4.44,240,142800,B,0.9381662113932748,2,60.0,75.7,4.75,SLOW,57.9,True,52.9,MEDIUM,유통기한 임박 | 소진일수 76일 초과,10.4,17.4,0.0,SAFE,"재고 여유 — 현재고(265), 재주문점(17)",0.0,182.5,52.1,49642.0,39.5,OPTIMAL,"적정 발주 — EOQ(182개), 권장 발주 주기 52일",39.5,24.2,3.46,10.78,0.0,STABLE,76.7,0.0,WMA,0.0,32.1,10.0,3.6,6.0,7.5,5.0,POOR,낮은 매칭,0.98,49.5,STABLE,15.2,LOW,55.6,MEDIUM,0.3,30.0,253116.0,100.0,0.385,0.385,39.4,True,24.9,424,29.4,191,100.0,0.999,4.9,77.4,50.0,DISCOUNT,64.0,2,99.8,72.0,45.2,disposal_risk,36.5,후순위,398,HEURISTIC 29% | ABC 14% | TURNOVER 14% | DISPOSAL_RISK 14% | SAFETY_STOCK 8% | EOQ 7% | DEMAND_FORECAST 7% | MATCH 5%,"['⏰ 유통기한 임박 (99%)', '❄️ 냉장·냉동 과잉 (61%)', '💸 배송비 상승 (100%)', '⚡ 복합 스트레스 (60%)']","{'재고위험': '25.3%', '판매가능성': '13.3%', '점포이동적합': '13.3%', '비용절감': '18.7%', '폐기회피이익': '14.5%', '실행가능성': '11.6%', '이력보정': '3.3%'}",True,True,False,True,False,True,51.7,22.7,53.1,53.9,72.0,50.0,58.6,49.5,0.0,29.0,검토,보류,⏸️,371,HIGH,신뢰도 높음 ●,#2e7d32,,,29.0,검토,보류,1,0,False,False,,50.0,0.0,21684.0,21684.0,0.0,20.759999999999998,20.759999999999998,41.0,105.0,240.0,150.0,재고 이동,재고 이동,70.79,일치,70.79,46.954,25.163,16.025
유어스 마카롱,신촌2점,잠원점,94.0,재배치 추천,11391.0,프로모션 순비용이 재배치 비용보다 높습니다.,34.79798983560944,6.956521739130435,18,0,59.8,검토 가능,11391.0,94.0,272,False,Greedy 선택 후보보다 우선순위가 낮음,2.6,1070,274,2,신선식품,274,18,78,6142,400,300,3,5.02,268,83460,B,0.8858125126903167,2,60.0,105.4,3.42,DEAD,41.4,True,78.0,HIGH,유통기한 임박 | 소진일수 105일 초과 | 신선/냉장 고위험 카테고리,14.3,22.1,0.0,SAFE,"재고 여유 — 현재고(274), 재주문점(22)",0.0,176.4,67.8,66074.0,47.2,OPTIMAL,"적정 발주 — EOQ(176개), 권장 발주 주기 68일",47.2,18.1,2.59,10.87,0.0,STABLE,106.0,0.0,WMA,0.0,36.9,10.0,8.4,6.0,7.5,5.0,POOR,낮은 매칭 · 폐기위험 높음,0.989,49.7,STABLE,20.8,LOW,73.1,HIGH,0.3,30.0,146905.0,100.0,0.385,0.385,38.7,True,34.9,173,41.8,2,100.0,0.999,4.9,77.4,50.0,DISCOUNT,63.9,2,99.8,72.0,39.7,disposal_risk,42.4,모니터링,290,HEURISTIC 29% | ABC 14% | TURNOVER 14% | DISPOSAL_RISK 14% | SAFETY_STOCK 8% | EOQ 7% | DEMAND_FORECAST 7% | MATCH 5%,"['⏰ 유통기한 임박 (99%)', '❄️ 냉장·냉동 과잉 (61%)', '💸 배송비 상승 (100%)', '⚡ 복합 스트레스 (60%)']","{'재고위험': '25.3%', '판매가능성': '13.3%', '점포이동적합': '13.3%', '비용절감': '18.7%', '폐기회피이익': '14.5%', '실행가능성': '11.6%', '이력보정': '3.3%'}",True,True,False,True,False,True,58.6,22.7,57.7,55.0,72.0,50.0,64.1,52.0,0.0,71.9,권장,할인 판매,🏷️,141,HIGH,신뢰도 높음 ●,#2e7d32,,,71.9,권장,할인 판매,0,0,True,False,,50.0,11391.0,15726.0,11391.0,10.99,14.14,10.99,22.0,78.0,268.0,94.0,재고 이동,재고 이동,72.131,일치,72.131,48.033,25.755,16.434
코카콜라 제로,동대문점,목동점,98.0,프로모션 추천,15585.0,프로모션 순비용이 재배치 비용보다 낮습니다.,32.4164560915363,7.391304347826087,12,8,59.8,검토 가능,15585.0,98.0,273,False,Greedy 선택 후보보다 우선순위가 낮음,2.7,840,273,1,냉장식품,273,19,81,4298,100,300,4,2.33,270,68040,C,1.0,3,20.0,101.1,3.56,DEAD,43.8,True,76.0,HIGH,유통기한 임박 | 소진일수 101일 초과 | 신선/냉장 고위험 카테고리,7.7,18.5,0.0,SAFE,"재고 여유 — 현재고(273), 재주문점(18)",0.0,177.5,65.7,47719.0,49.5,OPTIMAL,"적정 발주 — EOQ(178개), 권장 발주 주기 66일",49.5,19.0,2.71,6.56,0.0,STABLE,100.6,0.0,WMA,0.0,33.9,10.0,8.4,3.0,7.5,5.0,POOR,낮은 매칭 · 폐기위험 높음,1.005,50.1,STABLE,19.7,LOW,76.6,HIGH,0.3,30.0,92999.0,100.0,0.385,0.385,38.6,True,34.0,189,40.1,13,100.0,0.999,4.9,77.7,50.0,DISCOUNT,63.7,2,99.8,72.0,42.1,disposal_risk,34.2,후순위,418,HEURISTIC 29% | ABC 14% | TURNOVER 14% | DISPOSAL_RISK 14% | SAFETY_STOCK 8% | EOQ 7% | DEMAND_FORECAST 7% | MATCH 5%,"['⏰ 유통기한 임박 (99%)', '❄️ 냉장·냉동 과잉 (61%)', '💸 배송비 상승 (100%)', '⚡ 복합 스트레스 (60%)']","{'재고위험': '25.3%', '판매가능성': '13.3%', '점포이동적합': '13.3%', '비용절감': '18.7%', '폐기회피이익': '14.5%', '실행가능성': '11.6%', '이력보정': '3.3%'}",True,True,False,True,False,True,52.3,22.8,56.0,55.3,72.0,50.0,63.6,50.3,0.0,43.4,검토,할인 판매,🏷️,294,HIGH,신뢰도 높음 ●,#2e7d32,,,43.4,검토,할인 판매,0,0,True,False,,50.0,18807.0,32124.0,18807.0,19.23,32.36,19.23,38.0,81.0,270.0,98.0,할인,재고 이동,68.668,다름,68.668,46.087,25.053,15.726
빙그레 바나나맛우유,노원점,고양3점,168.0,재배치 추천,25548.0,프로모션 순비용이 재배치 비용보다 높습니다.,26.759035802504187,15.0,18,0,59.8,검토 가능,25548.0,168.0,274,False,Greedy 선택 후보보다 우선순위가 낮음,2.2,1140,278,6,신선식품,278,15,66,11617,400,300,1,1.33,264,75240,C,0.9920661763821681,3,20.0,126.4,2.85,DEAD,29.8,True,70.0,HIGH,유통기한 임박 | 소진일수 126일 초과 | 신선/냉장 고위험 카테고리,2.2,4.4,0.0,SAFE,"재고 여유 — 현재고(278), 재주문점(4)",0.0,216.2,98.3,86279.0,27.6,OPTIMAL,"적정 발주 — EOQ(216개), 권장 발주 주기 98일",27.6,15.2,2.17,4.37,0.0,STABLE,128.0,0.0,WMA,0.0,33.9,10.0,8.4,3.0,7.5,5.0,POOR,낮은 매칭 · 폐기위험 높음,0.974,49.4,STABLE,25.2,LOW,59.1,MEDIUM,0.3,30.0,271476.0,100.0,0.385,0.385,43.4,True,31.8,233,39.1,22,100.0,0.999,4.9,78.2,50.0,DISCOUNT,63.6,2,99.8,72.0,45.8,disposal_risk,27.7,후순위,468,HEURISTIC 29% | ABC 14% | TURNOVER 14% | DISPOSAL_RISK 14% | SAFETY_STOCK 8% | EOQ 7% | DEMAND_FORECAST 7% | MATCH 5%,"['⏰ 유통기한 임박 (99%)', '❄️ 냉장·냉동 과잉 (61%)', '💸 배송비 상승 (100%)', '⚡ 복합 스트레스 (60%)']","{'재고위험': '25.3%', '판매가능성': '13.3%', '점포이동적합': '13.3%', '비용절감': '18.7%', '폐기회피이익': '14.5%', '실행가능성': '11.6%', '이력보정': '3.3%'}",True,True,False,True,False,True,46.0,23.5,55.9,52.0,72.0,50.0,62.4,48.1,0.0,13.9,검토,할인 판매,🏷️,452,HIGH,신뢰도 높음 ●,#2e7d32,,,13.9,검토,할인 판매,0,0,True,False,,50.0,25548.0,55821.0,25548.0,26.72,58.69,26.72,53.0,66.0,264.0,168.0,재고 이동,재고 이동,68.211,일치,68.211,45.919,25.15,15.523
오리온 초코파이,목동점,여의도2점,76.0,재배치 추천,8097.0,프로모션 순비용이 재배치 비용보다 높습니다.,36.668464836319245,5.0,18,0,59.7,검토 가능,8097.0,76.0,275,False,Greedy 선택 후보보다 우선순위가 낮음,13.9,1780,251,1,우유,251,97,417,8018,400,250,4,1.05,237,742260,A,0.5458094690875979,1,100.0,18.1,19.94,FAST,89.9,False,38.0,LOW,유통기한 임박,3.5,59.1,0.0,SAFE,"재고 여유 — 현재고(251), 재주문점(59)",0.0,478.1,34.4,170187.0,38.6,UNDER,과소 발주 위험 — 현재(248개) < EOQ(478개). 발주량 증가 검토,38.6,97.1,13.87,15.6,12.14,STABLE,18.1,10.6,WMA,10.6,33.0,10.0,0.53,10.0,7.5,5.0,POOR,낮은 매칭 · 핵심(A)상품,0.997,49.9,STABLE,3.6,LOW,76.6,HIGH,0.3,30.0,184639.0,100.0,0.385,0.385,38.6,True,70.4,13,21.7,423,100.0,0.999,4.9,73.8,50.0,DISCOUNT,63.5,2,99.8,71.9,24.2,turnover,53.1,모니터링,140,HEURISTIC 29% | ABC 14% | TURNOVER 14% | DISPOSAL_RISK 14% | SAFETY_STOCK 8% | EOQ 7% | DEMAND_FORECAST 7% | MATCH 5%,"['⏰ 유통기한 임박 (99%)', '❄️ 냉장·냉동 과잉 (61%)', '💸 배송비 상승 (100%)', '⚡ 복합 스트레스 (60%)']","{'재고위험': '25.3%', '판매가능성': '13.3%', '점포이동적합': '13.3%', '비용절감': '18.7%', '폐기회피이익': '14.5%', '실행가능성': '11.6%', '이력보정': '3.3%'}",True,True,False,True,False,True,59.4,28.0,51.6,53.6,72.0,50.0,83.6,51.9,0.0,69.9,권장,보류,⏸️,152,HIGH,신뢰도 높음 ●,#2e7d32,,,69.9,권장,보류,0,0,True,False,,50.0,8097.0,24753.0,8097.0,7.33,24.17,7.33,15.0,417.0,237.0,76.0,재고 이동,재고 이동,70.517,일치,70.517,46.346,24.543,16.041
코카콜라 제로,압구정점,목동점,98.0,프로모션 추천,15828.0,프로모션 순비용이 재배치 비용보다 낮습니다.,32.2784702308282,7.391304347826087,12,8,59.7,검토 가능,15828.0,98.0,276,False,Greedy 선택 후보보다 우선순위가 낮음,2.7,840,253,1,김밥,253,19,81,5951,100,350,4,1.2,250,68040,C,1.0,3,20.0,93.7,3.84,DEAD,47.9,True,68.0,HIGH,유통기한 임박 | 소진일수 94일 초과,4.0,14.8,0.0,SAFE,"재고 여유 — 현재고(253), 재주문점(15)",0.0,264.2,97.9,44391.0,4.6,OPTIMAL,"적정 발주 — EOQ(264개), 권장 발주 주기 98일",4.6,19.0,2.71,4.69,0.73,STABLE,93.2,0.0,WMA,0.0,33.9,10.0,8.4,3.0,7.5,5.0,POOR,낮은 매칭 · 폐기위험 높음,1.005,50.1,STABLE,18.2,LOW,76.6,HIGH,0.3,30.0,92756.0,100.0,0.385,0.385,38.6,False,31.0,262,36.5,70,100.0,0.999,4.9,77.7,50.0,DISCOUNT,63.3,2,99.8,71.9,45.2,disposal_risk,29.4,후순위,458,HEURISTIC 29% | ABC 14% | TURNOVER 14% | DISPOSAL_RISK 14% | SAFETY_STOCK 8% | EOQ 7% | DEMAND_FORECAST 7% | MATCH 5%,"['⏰ 유통기한 임박 (99%)', '❄️ 냉장·냉동 과잉 (61%)', '💸 배송비 상승 (100%)', '⚡ 복합 스트레스 (60%)']","{'재고위험': '25.3%', '판매가능성': '13.3%', '점포이동적합': '13.3%', '비용절감': '18.7%', '폐기회피이익': '14.5%', '실행가능성': '11.6%', '이력보정': '3.3%'}",True,True,False,True,False,True,49.8,22.8,55.3,48.5,72.0,50.0,62.0,48.3,0.0,15.4,검토,할인 판매,🏷️,444,HIGH,신뢰도 높음 ●,#2e7d32,,,15.4,검토,할인 판매,1,0,False,False,,50.0,20184.0,24258.0,20184.0,20.76,23.62,20.76,42.0,81.0,250.0,98.0,할인,재고 이동,62.604,다름,62.604,41.873,22.675,14.405
풀무원 얇은피만두,건대2점,부천4점,210.0,재배치 추천,33747.0,프로모션 순비용이 재배치 비용보다 높습니다.,22.103290650464213,19.565217391304348,18,0,59.7,검토 가능,33747.0,210.0,277,False,Greedy 선택 후보보다 우선순위가 낮음,7.5,3520,265,2,냉장식품,265,52,225,8468,300,300,2,2.64,250,792000,A,0.608622131193652,1,100.0,35.3,10.19,NORMAL,80.4,False,48.7,MEDIUM,유통기한 임박 | 신선/냉장 고위험 카테고리,6.2,21.2,0.0,SAFE,"재고 여유 — 현재고(265), 재주문점(21)",0.0,202.9,27.1,228522.0,27.6,OPTIMAL,"적정 발주 — EOQ(203개), 권장 발주 주기 27일",27.6,52.2,7.46,11.81,3.1,STABLE,35.5,3.3,WMA,3.3,36.3,10.0,3.76,10.0,7.5,5.0,POOR,낮은 매칭 · 핵심(A)상품,0.99,49.8,STABLE,7.1,LOW,73.1,HIGH,0.3,30.0,916293.0,100.0,0.385,0.385,39.4,True,36.8,155,26.8,239,100.0,0.999,4.9,75.0,50.0,DISCOUNT,63.2,1,100.0,71.9,25.5,turnover,50.0,모니터링,182,HEURISTIC 29% | ABC 14% | TURNOVER 14% | DISPOSAL_RISK 14% | SAFETY_STOCK 8% | EOQ 7% | DEMAND_FORECAST 7% | MATCH 5%,"['⏰ 유통기한 임박 (99%)', '❄️ 냉장·냉동 과잉 (61%)', '💸 배송비 상승 (100%)', '⚡ 복합 스트레스 (60%)']","{'재고위험': '25.3%', '판매가능성': '13.3%', '점포이동적합': '13.3%', '비용절감': '18.7%', '폐기회피이익': '14.5%', '실행가능성': '11.6%', '이력보정': '3.3%'}",True,True,False,True,False,True,61.7,24.5,54.2,52.0,72.0,50.0,65.2,52.0,0.0,72.1,권장,보류,⏸️,140,HIGH,신뢰도 높음 ●,#2e7d32,,,72.1,권장,보류,2,0,False,False,,50.0,33747.0,36480.0,33747.0,35.83,37.2,35.83,72.0,225.0,250.0,210.0,재고 이동,재고 이동,79.023,일치,79.023,52.25,27.935,17.734
유어스 과일컵,고양4점,신촌점,144.0,재배치 추천,21183.0,프로모션 순비용이 재배치 비용보다 높습니다.,29.23767070781636,12.391304347826088,18,0,59.6,검토 가능,21183.0,144.0,278,False,Greedy 선택 후보보다 우선순위가 낮음,6.1,3260,279,2,냉장식품,282,43,183,7203,400,300,1,2.33,266,596580,B,0.9130967109601626,2,60.0,45.7,7.79,NORMAL,74.6,False,53.9,MEDIUM,유통기한 임박 | 신선/냉장 고위험 카테고리,3.8,9.9,0.0,SAFE,"재고 여유 — 현재고(279), 재주문점(10)",0.0,175.3,28.7,182922.0,57.0,OVER,과잉 발주 위험 — 현재(275개) > EOQ(175개). 발주 주기 29일 권장,57.0,42.9,6.13,9.97,2.28,STABLE,45.5,1.9,WMA,1.9,32.2,10.0,3.7,6.0,7.5,5.0,POOR,낮은 매칭,1.007,50.2,STABLE,8.9,LOW,73.1,HIGH,0.3,30.0,599745.0,100.0,0.385,0.385,43.6,True,31.2,255,28.4,206,100.0,0.999,4.9,77.9,50.0,DISCOUNT,63.1,2,99.8,71.9,40.6,disposal_risk,42.7,모니터링,282,HEURISTIC 29% | ABC 14% | TURNOVER 14% | DISPOSAL_RISK 14% | SAFETY_STOCK 8% | EOQ 7% | DEMAND_FORECAST 7% | MATCH 5%,"['⏰ 유통기한 임박 (99%)', '❄️ 냉장·냉동 과잉 (61%)', '💸 배송비 상승 (100%)', '⚡ 복합 스트레스 (60%)']","{'재고위험': '25.3%', '판매가능성': '13.3%', '점포이동적합': '13.3%', '비용절감': '18.7%', '폐기회피이익': '14.5%', '실행가능성': '11.6%', '이력보정': '3.3%'}",True,True,False,True,False,True,56.5,24.7,53.0,56.3,72.0,50.0,62.1,51.4,0.0,61.5,검토,보류,⏸️,197,HIGH,신뢰도 높음 ●,#2e7d32,,,61.5,검토,보류,2,0,False,False,,50.0,21183.0,29271.0,21183.0,21.87,29.19,21.87,44.0,183.0,266.0,144.0,재고 이동,재고 이동,75.434,일치,75.434,50.052,26.855,17.039
유어스 햄치즈샌드위치,용산점,신림점,74.0,재배치 추천,7926.0,프로모션 순비용이 재배치 비용보다 높습니다.,36.76556599755828,4.782608695652174,18,0,59.5,검토 가능,7926.0,74.0,279,False,Greedy 선택 후보보다 우선순위가 낮음,2.5,2920,265,3,우유,267,18,75,9460,500,250,2,1.92,257,219000,A,0.520935688066382,1,100.0,106.0,3.37,DEAD,41.1,True,68.0,HIGH,유통기한 임박 | 소진일수 106일 초과,4.5,9.5,0.0,SAFE,"재고 여유 — 현재고(265), 재주문점(10)",0.0,171.9,68.8,100411.0,51.5,OVER,과잉 발주 위험 — 현재(260개) > EOQ(172개). 발주 주기 69일 권장,51.5,17.8,2.54,5.71,0.0,STABLE,104.2,0.0,WMA,0.0,40.9,10.0,8.4,10.0,7.5,5.0,FAIR,보통 매칭 · 폐기위험 높음 · 핵심(A)상품,1.029,50.7,STABLE,20.6,LOW,69.6,MEDIUM,0.3,30.0,288370.0,100.0,0.385,0.385,39.4,True,31.8,233,38.5,29,100.0,0.999,4.9,66.5,50.0,DISCOUNT,62.9,2,99.8,71.9,27.7,disposal_risk,47.9,모니터링,214,HEURISTIC 29% | ABC 14% | TURNOVER 14% | DISPOSAL_RISK 14% | SAFETY_STOCK 8% | EOQ 7% | DEMAND_FORECAST 7% | MATCH 5%,"['⏰ 유통기한 임박 (99%)', '❄️ 냉장·냉동 과잉 (61%)', '💸 배송비 상승 (100%)', '⚡ 복합 스트레스 (60%)']","{'재고위험': '25.3%', '판매가능성': '13.3%', '점포이동적합': '13.3%', '비용절감': '18.7%', '폐기회피이익': '14.5%', '실행가능성': '11.6%', '이력보정': '3.3%'}",True,True,False,True,False,True,60.0,23.1,57.8,55.4,72.0,50.0,62.4,52.5,0.0,81.2,최적,할인 판매,🏷️,91,HIGH,신뢰도 높음 ●,#2e7d32,,,81.2,최적,할인 판매,0,2,False,False,,50.0,7926.0,21477.0,7926.0,7.14,20.53,7.14,14.0,75.0,257.0,74.0,재고 이동,재고 이동,72.043,일치,72.043,47.785,25.478,16.424
유어스 마카롱,목동점,여의도2점,74.0,재배치 추천,8097.0,프로모션 순비용이 재배치 비용보다 높습니다.,36.668464836319245,4.782608695652174,18,0,59.5,검토 가능,8097.0,74.0,280,False,Greedy 선택 후보보다 우선순위가 낮음,14.6,1070,274,1,샐러드,274,102,438,9657,400,350,3,2.29,259,468660,B,0.8858125126903167,2,60.0,18.8,19.18,FAST,89.6,False,38.0,LOW,유통기한 임박,6.5,50.3,0.0,SAFE,"재고 여유 — 현재고(274), 재주문점(50)",0.0,693.5,47.5,148411.0,49.1,UNDER,과소 발주 위험 — 현재(268개) < EOQ(694개). 발주량 증가 검토,49.1,102.1,14.59,18.36,10.81,STABLE,18.8,10.2,WMA,10.2,29.0,10.0,0.51,6.0,7.5,5.0,POOR,낮은 매칭,0.998,50.0,STABLE,3.7,LOW,76.6,HIGH,0.3,30.0,116519.0,100.0,0.385,0.385,38.7,True,69.1,29,20.9,483,100.0,0.999,4.9,73.8,50.0,DISCOUNT,62.8,2,99.8,71.9,37.6,turnover,44.8,모니터링,255,HEURISTIC 29% | ABC 14% | TURNOVER 14% | DISPOSAL_RISK 14% | SAFETY_STOCK 8% | EOQ 7% | DEMAND_FORECAST 7% | MATCH 5%,"['⏰ 유통기한 임박 (99%)', '❄️ 냉장·냉동 과잉 (61%)', '💸 배송비 상승 (100%)', '⚡ 복합 스트레스 (60%)']","{'재고위험': '25.3%', '판매가능성': '13.3%', '점포이동적합': '13.3%', '비용절감': '18.7%', '폐기회피이익': '14.5%', '실행가능성': '11.6%', '이력보정': '3.3%'}",True,True,False,True,False,True,53.4,27.8,49.6,55.1,72.0,50.0,82.9,50.3,0.0,44.7,검토,보류,⏸️,287,HIGH,신뢰도 높음 ●,#2e7d32,,,44.7,검토,보류,0,0,True,False,,50.0,8097.0,24753.0,8097.0,7.33,24.17,7.33,15.0,438.0,259.0,74.0,재고 이동,재고 이동,69.078,일치,69.078,45.551,24.272,15.711
게토레이 레몬,잠실점,목동점,176.0,재배치 추천,27492.0,프로모션 순비용이 재배치 비용보다 높습니다.,25.655148916839387,15.869565217391305,18,0,59.5,검토 가능,27492.0,176.0,281,False,Greedy 선택 후보보다 우선순위가 낮음,6.9,1190,261,1,우유,261,48,207,7221,200,250,5,2.06,254,246330,B,0.8150251138690287,2,60.0,37.8,9.52,NORMAL,79.0,False,41.9,MEDIUM,유통기한 임박,7.6,42.1,0.0,SAFE,"재고 여유 — 현재고(261), 재주문점(42)",0.0,390.9,56.7,93041.0,28.1,OPTIMAL,"적정 발주 — EOQ(391개), 권장 발주 주기 57일",28.1,48.1,6.87,10.27,3.47,STABLE,38.0,2.9,WMA,2.9,32.2,10.0,3.74,6.0,7.5,5.0,POOR,낮은 매칭,0.994,49.8,STABLE,7.5,LOW,76.6,HIGH,0.3,30.0,259036.0,100.0,0.385,0.385,38.6,True,32.3,225,23.3,370,100.0,0.999,4.9,77.7,50.0,DISCOUNT,62.7,2,99.8,71.9,40.3,turnover,38.5,후순위,368,HEURISTIC 29% | ABC 14% | TURNOVER 14% | DISPOSAL_RISK 14% | SAFETY_STOCK 8% | EOQ 7% | DEMAND_FORECAST 7% | MATCH 5%,"['⏰ 유통기한 임박 (99%)', '❄️ 냉장·냉동 과잉 (61%)', '💸 배송비 상승 (100%)', '⚡ 복합 스트레스 (60%)']","{'재고위험': '25.3%', '판매가능성': '13.3%', '점포이동적합': '13.3%', '비용절감': '18.7%', '폐기회피이익': '14.5%', '실행가능성': '11.6%', '이력보정': '3.3%'}",True,True,False,True,False,True,52.3,24.1,51.9,51.9,72.0,50.0,62.7,49.3,0.0,24.4,검토,보류,⏸️,396,HIGH,신뢰도 높음 ●,#2e7d32,,,24.4,검토,보류,1,0,False,False,,50.0,27492.0,29712.0,27492.0,28.88,29.68,28.88,58.0,207.0,254.0,176.0,재고 이동,재고 이동,72.49,일치,72.49,47.98,25.712,16.339
코카콜라 제로,동대문점,청량리점,78.0,프로모션 추천,12404.0,프로모션 순비용이 재배치 비용보다 낮습니다.,34.2227648278016,5.217391304347826,12,8,59.4,검토 가능,12404.0,78.0,282,False,Greedy 선택 후보보다 우선순위가 낮음,2.7,840,273,1,냉장식품,273,19,81,4298,100,300,4,2.33,270,68040,C,1.0,3,20.0,101.1,3.56,DEAD,43.8,True,76.0,HIGH,유통기한 임박 | 소진일수 101일 초과 | 신선/냉장 고위험 카테고리,7.7,18.5,0.0,SAFE,"재고 여유 — 현재고(273), 재주문점(18)",0.0,177.5,65.7,47719.0,49.5,OPTIMAL,"적정 발주 — EOQ(178개), 권장 발주 주기 66일",49.5,19.0,2.71,6.56,0.0,STABLE,100.6,0.0,WMA,0.0,33.9,10.0,8.4,3.0,7.5,5.0,POOR,낮은 매칭 · 폐기위험 높음,1.005,50.1,STABLE,19.7,LOW,76.6,HIGH,0.3,30.0,74020.0,100.0,0.385,0.385,38.6,True,34.1,185,40.1,13,100.0,0.999,4.9,74.3,50.0,DISCOUNT,62.5,2,99.8,71.9,42.2,disposal_risk,33.9,후순위,424,HEURISTIC 29% | ABC 14% | TURNOVER 14% | DISPOSAL_RISK 14% | SAFETY_STOCK 8% | EOQ 7% | DEMAND_FORECAST 7% | MATCH 5%,"['⏰ 유통기한 임박 (99%)', '❄️ 냉장·냉동 과잉 (61%)', '💸 배송비 상승 (100%)', '⚡ 복합 스트레스 (60%)']","{'재고위험': '25.3%', '판매가능성': '13.3%', '점포이동적합': '13.3%', '비용절감': '18.7%', '폐기회피이익': '14.5%', '실행가능성': '11.6%', '이력보정': '3.3%'}",True,True,False,True,False,True,52.3,22.8,55.7,55.1,72.0,50.0,63.7,50.2,0.0,41.3,검토,할인 판매,🏷️,305,HIGH,신뢰도 높음 ●,#2e7d32,,,41.3,검토,할인 판매,0,0,True,False,,50.0,0.0,24402.0,24402.0,0.0,23.78,23.78,48.0,81.0,270.0,78.0,할인,재고 이동,66.862,다름,66.862,44.819,24.352,15.335
코카콜라 제로,홍대2점,청량리점,78.0,프로모션 추천,12505.0,프로모션 순비용이 재배치 비용보다 낮습니다.,34.165412679935265,5.217391304347826,12,8,59.4,검토 가능,12505.0,78.0,283,False,Greedy 선택 후보보다 우선순위가 낮음,4.7,840,253,2,냉장식품,255,33,141,4000,100,300,3,4.16,243,118440,C,1.0,3,20.0,53.8,6.64,NORMAL,70.1,False,57.9,MEDIUM,유통기한 임박 | 신선/냉장 고위험 카테고리,11.9,26.0,0.0,SAFE,"재고 여유 — 현재고(253), 재주문점(26)",0.0,226.0,48.1,60737.0,6.7,OPTIMAL,"적정 발주 — EOQ(226개), 권장 발주 주기 48일",6.7,33.0,4.71,11.58,0.0,STABLE,53.7,0.8,WMA,0.8,29.1,10.0,3.64,3.0,7.5,5.0,POOR,낮은 매칭,1.003,50.1,STABLE,10.5,LOW,73.1,HIGH,0.3,30.0,73919.0,100.0,0.385,0.385,38.7,True,28.7,336,29.7,179,100.0,0.999,4.9,74.3,50.0,DISCOUNT,62.4,1,100.0,71.9,42.3,disposal_risk,30.2,후순위,450,HEURISTIC 29% | ABC 14% | TURNOVER 14% | DISPOSAL_RISK 14% | SAFETY_STOCK 8% | EOQ 7% | DEMAND_FORECAST 7% | MATCH 5%,"['⏰ 유통기한 임박 (99%)', '❄️ 냉장·냉동 과잉 (61%)', '💸 배송비 상승 (100%)', '⚡ 복합 스트레스 (60%)']","{'재고위험': '25.3%', '판매가능성': '13.3%', '점포이동적합': '13.3%', '비용절감': '18.7%', '폐기회피이익': '14.5%', '실행가능성': '11.6%', '이력보정': '3.3%'}",True,True,False,True,False,True,51.1,23.2,51.5,48.7,72.0,50.0,60.8,48.2,0.0,14.3,검토,보류,⏸️,450,HIGH,신뢰도 높음 ●,#2e7d32,,,14.3,검토,보류,1,0,False,False,,50.0,15216.0,27777.0,15216.0,15.24,27.53,15.24,30.0,141.0,243.0,78.0,할인,재고 이동,61.955,다름,61.955,41.292,22.289,14.259
게토레이 레몬,문래점,목동점,176.0,재배치 추천,27723.0,프로모션 순비용이 재배치 비용보다 높습니다.,25.52397717270946,15.869565217391305,18,0,59.4,검토 가능,27723.0,176.0,284,False,Greedy 선택 후보보다 우선순위가 낮음,8.9,1190,261,2,김밥,261,62,267,4990,200,350,4,4.92,243,317730,B,0.8150251138690287,2,60.0,29.3,12.28,FAST,83.7,False,38.0,LOW,유통기한 임박,16.2,51.8,0.0,SAFE,"재고 여유 — 현재고(261), 재주문점(52)",0.0,369.1,41.5,87841.0,26.9,OPTIMAL,"적정 발주 — EOQ(369개), 권장 발주 주기 42일",26.9,62.1,8.87,16.99,0.75,STABLE,29.4,5.3,WMA,5.3,28.8,10.0,0.26,6.0,7.5,5.0,POOR,낮은 매칭,0.995,49.9,STABLE,5.8,LOW,73.1,HIGH,0.3,30.0,258805.0,100.0,0.385,0.385,38.6,False,45.4,116,20.9,483,100.0,0.999,4.9,77.7,50.0,DISCOUNT,62.3,2,99.8,71.9,38.8,turnover,38.6,후순위,366,HEURISTIC 29% | ABC 14% | TURNOVER 14% | DISPOSAL_RISK 14% | SAFETY_STOCK 8% | EOQ 7% | DEMAND_FORECAST 7% | MATCH 5%,"['⏰ 유통기한 임박 (99%)', '❄️ 냉장·냉동 과잉 (61%)', '💸 배송비 상승 (100%)', '⚡ 복합 스트레스 (60%)']","{'재고위험': '25.3%', '판매가능성': '13.3%', '점포이동적합': '13.3%', '비용절감': '18.7%', '폐기회피이익': '14.5%', '실행가능성': '11.6%', '이력보정': '3.3%'}",True,True,False,True,False,True,51.8,25.3,49.9,51.7,72.0,50.0,69.9,49.0,0.0,20.8,검토,보류,⏸️,415,HIGH,신뢰도 높음 ●,#2e7d32,,,20.8,검토,보류,2,0,False,True,2420.0,96.0,0.0,27723.0,27723.0,0.0,27.47,27.47,55.0,267.0,243.0,176.0,재고 이동,재고 이동,71.479,일치,71.479,47.202,25.26,16.084
유어스 치즈핫도그,구로점,노원점,188.0,재배치 추천,29967.0,프로모션 순비용이 재배치 비용보다 높습니다.,24.249737372590214,17.17391304347826,18,0,59.4,검토 가능,29967.0,188.0,285,False,Greedy 선택 후보보다 우선순위가 낮음,6.2,4400,268,1,샐러드,272,43,186,11892,400,350,3,3.41,261,818400,A,0.18855229419502584,1,100.0,43.2,8.21,NORMAL,76.0,False,44.6,MEDIUM,유통기한 임박,9.7,28.3,0.0,SAFE,"재고 여유 — 현재고(268), 재주문점(28)",0.0,247.3,39.9,217634.0,4.4,OPTIMAL,"적정 발주 — EOQ(247개), 권장 발주 주기 40일",4.4,43.2,6.17,11.8,0.54,STABLE,43.4,2.2,WMA,2.2,36.2,10.0,3.71,10.0,7.5,5.0,POOR,낮은 매칭 · 핵심(A)상품,0.991,49.8,STABLE,8.6,LOW,76.6,HIGH,0.3,30.0,1037873.0,100.0,0.385,0.385,38.7,True,30.0,291,25.4,310,100.0,0.999,4.9,73.6,50.0,DISCOUNT,62.1,2,99.8,71.9,26.4,turnover,45.0,모니터링,247,HEURISTIC 29% | ABC 14% | TURNOVER 14% | DISPOSAL_RISK 14% | SAFETY_STOCK 8% | EOQ 7% | DEMAND_FORECAST 7% | MATCH 5%,"['⏰ 유통기한 임박 (99%)', '❄️ 냉장·냉동 과잉 (61%)', '💸 배송비 상승 (100%)', '⚡ 복합 스트레스 (60%)']","{'재고위험': '25.3%', '판매가능성': '13.3%', '점포이동적합': '13.3%', '비용절감': '18.7%', '폐기회피이익': '14.5%', '실행가능성': '11.6%', '이력보정': '3.3%'}",True,True,False,True,False,True,58.7,23.8,53.7,48.3,72.0,50.0,61.4,50.4,0.0,46.2,검토,보류,⏸️,279,HIGH,신뢰도 높음 ●,#2e7d32,,,46.2,검토,보류,1,0,False,False,,50.0,29967.0,40539.0,29967.0,31.63,41.71,31.63,63.0,186.0,261.0,188.0,재고 이동,재고 이동,74.828,일치,74.828,49.367,26.35,16.82
비비고 김치왕교자,신촌점,청량리점,102.0,재배치 추천,13803.0,프로모션 순비용이 재배치 비용보다 높습니다.,33.4283524033957,7.82608695652174,18,0,59.3,검토 가능,13803.0,102.0,286,False,Greedy 선택 후보보다 우선순위가 낮음,15.3,3520,267,1,우유,267,107,459,16527,500,250,2,3.0,251,1615680,A,0.35165760934543605,1,100.0,17.5,20.63,FAST,90.3,False,38.0,LOW,유통기한 임박,7.0,37.6,0.0,SAFE,"재고 여유 — 현재고(267), 재주문점(38)",0.0,512.1,33.5,360488.0,39.4,UNDER,과소 발주 위험 — 현재(260개) < EOQ(512개). 발주량 증가 검토,39.4,107.0,15.29,20.24,10.34,STABLE,17.5,10.8,WMA,10.8,33.0,10.0,0.54,10.0,7.5,5.0,POOR,낮은 매칭 · 핵심(A)상품,0.999,50.0,STABLE,3.4,LOW,76.6,HIGH,0.3,30.0,468045.0,100.0,0.385,0.385,39.4,True,71.0,11,21.7,423,100.0,0.999,4.9,74.3,50.0,DISCOUNT,62.0,2,99.8,71.9,24.1,turnover,53.0,모니터링,141,HEURISTIC 29% | ABC 14% | TURNOVER 14% | DISPOSAL_RISK 14% | SAFETY_STOCK 8% | EOQ 7% | DEMAND_FORECAST 7% | MATCH 5%,"['⏰ 유통기한 임박 (99%)', '❄️ 냉장·냉동 과잉 (61%)', '💸 배송비 상승 (100%)', '⚡ 복합 스트레스 (60%)']","{'재고위험': '25.3%', '판매가능성': '13.3%', '점포이동적합': '13.3%', '비용절감': '18.7%', '폐기회피이익': '14.5%', '실행가능성': '11.6%', '이력보정': '3.3%'}",True,True,False,True,False,True,59.5,28.3,51.6,53.5,72.0,50.0,84.0,51.9,0.0,70.4,권장,보류,⏸️,149,HIGH,신뢰도 높음 ●,#2e7d32,,,70.4,권장,보류,0,0,True,False,,50.0,13803.0,25923.0,13803.0,13.67,25.47,13.67,27.0,459.0,251.0,102.0,재고 이동,재고 이동,72.836,일치,72.836,47.883,25.385,16.497
브레디크 골든단팥빵,상암점,합정점,134.0,재배치 추천,19767.0,프로모션 순비용이 재배치 비용보다 높습니다.,30.04173646404134,11.304347826086957,18,0,59.3,검토 가능,19767.0,134.0,287,False,Greedy 선택 후보보다 우선순위가 낮음,4.6,1360,274,3,신선식품,274,32,138,7951,400,300,2,1.45,260,187680,C,0.9810345678353668,3,20.0,59.6,6.04,NORMAL,66.9,False,62.8,HIGH,유통기한 임박 | 신선/냉장 고위험 카테고리,3.4,12.6,0.0,SAFE,"재고 여유 — 현재고(274), 재주문점(13)",0.0,236.8,51.5,112734.0,14.3,OPTIMAL,"적정 발주 — EOQ(237개), 권장 발주 주기 52일",14.3,32.1,4.59,6.98,2.19,STABLE,59.8,0.0,WMA,0.0,33.9,10.0,8.4,3.0,7.5,5.0,POOR,낮은 매칭 · 폐기위험 높음,0.994,49.8,STABLE,11.7,LOW,69.6,MEDIUM,0.3,30.0,252521.0,100.0,0.385,0.385,39.4,True,29.2,322,32.8,142,100.0,0.999,4.9,77.9,50.0,DISCOUNT,61.9,2,99.8,71.9,41.9,disposal_risk,32.4,후순위,435,HEURISTIC 29% | ABC 14% | TURNOVER 14% | DISPOSAL_RISK 14% | SAFETY_STOCK 8% | EOQ 7% | DEMAND_FORECAST 7% | MATCH 5%,"['⏰ 유통기한 임박 (99%)', '❄️ 냉장·냉동 과잉 (61%)', '💸 배송비 상승 (100%)', '⚡ 복합 스트레스 (60%)']","{'재고위험': '25.3%', '판매가능성': '13.3%', '점포이동적합': '13.3%', '비용절감': '18.7%', '폐기회피이익': '14.5%', '실행가능성': '11.6%', '이력보정': '3.3%'}",True,True,False,True,False,True,52.5,22.8,54.6,49.8,72.0,50.0,61.0,49.1,0.0,22.0,검토,할인 판매,🏷️,409,HIGH,신뢰도 높음 ●,#2e7d32,,,22.0,검토,할인 판매,1,0,False,False,,50.0,0.0,19767.0,19767.0,0.0,18.630000000000003,18.630000000000003,37.0,138.0,260.0,134.0,재고 이동,재고 이동,67.914,일치,67.914,45.13,24.282,15.415
카페25 아이스아메리카노,평촌4점,군포4점,64.0,재배치 추천,6666.0,프로모션 순비용이 재배치 비용보다 높습니다.,37.48104823826694,3.6956521739130435,18,0,59.2,검토 가능,6666.0,64.0,288,False,Greedy 선택 후보보다 우선순위가 낮음,2.1,1210,279,7,김밥,279,15,63,6975,200,350,3,3.68,264,76230,C,0.987055427709805,3,20.0,132.9,2.71,DEAD,26.2,True,60.0,HIGH,유통기한 임박 | 소진일수 133일 초과,10.5,16.8,0.0,SAFE,"재고 여유 — 현재고(279), 재주문점(17)",0.0,210.2,100.1,50869.0,27.7,OPTIMAL,"적정 발주 — EOQ(210개), 권장 발주 주기 100일",27.7,14.9,2.13,8.2,0.0,STABLE,131.1,0.0,WMA,0.0,33.9,10.0,8.4,3.0,7.5,5.0,POOR,낮은 매칭 · 폐기위험 높음,1.02,50.5,STABLE,25.8,LOW,55.6,MEDIUM,0.3,30.0,99062.0,100.0,0.385,0.385,38.7,False,28.2,346,35.2,94,100.0,0.999,4.9,70.6,50.0,DISCOUNT,61.7,2,99.8,71.8,50.6,disposal_risk,23.2,후순위,490,HEURISTIC 29% | ABC 14% | TURNOVER 14% | DISPOSAL_RISK 14% | SAFETY_STOCK 8% | EOQ 7% | DEMAND_FORECAST 7% | MATCH 5%,"['⏰ 유통기한 임박 (99%)', '❄️ 냉장·냉동 과잉 (61%)', '💸 배송비 상승 (100%)', '⚡ 복합 스트레스 (60%)']","{'재고위험': '25.3%', '판매가능성': '13.3%', '점포이동적합': '13.3%', '비용절감': '18.7%', '폐기회피이익': '14.5%', '실행가능성': '11.6%', '이력보정': '3.3%'}",True,True,False,True,False,True,40.4,22.9,54.4,51.7,72.0,50.0,60.4,46.4,0.0,5.6,검토,할인 판매,🏷️,497,HIGH,신뢰도 높음 ●,#2e7d32,,,5.6,검토,할인 판매,0,1,False,False,,50.0,6666.0,50115.0,6666.0,5.74,52.35,5.74,11.0,63.0,264.0,64.0,재고 이동,재고 이동,59.504,일치,59.504,39.959,21.823,13.742
오리온 초코파이,종로점,여의도점,86.0,재배치 추천,10923.0,프로모션 순비용이 재배치 비용보다 높습니다.,35.06374038215837,6.086956521739131,18,0,59.2,검토 가능,10923.0,86.0,289,False,Greedy 선택 후보보다 우선순위가 낮음,5.9,1780,261,4,우유,261,41,177,7312,400,250,4,3.87,237,315060,A,0.5458094690875979,1,100.0,44.2,8.14,NORMAL,75.4,False,37.1,LOW,유통기한 임박,12.8,36.4,0.0,SAFE,"재고 여유 — 현재고(261), 재주문점(36)",0.0,297.4,50.4,105884.0,13.2,OPTIMAL,"적정 발주 — EOQ(297개), 권장 발주 주기 50일",13.2,41.1,5.87,12.26,0.0,STABLE,44.5,2.1,WMA,2.1,32.6,10.0,0.11,10.0,7.5,5.0,POOR,낮은 매칭 · 핵심(A)상품,0.993,49.8,STABLE,8.8,LOW,66.1,MEDIUM,0.3,30.0,207173.0,100.0,0.385,0.385,38.6,True,27.4,372,21.7,423,100.0,0.999,4.9,67.4,50.0,DISCOUNT,61.6,2,99.8,71.8,26.0,turnover,41.8,모니터링,307,HEURISTIC 29% | ABC 14% | TURNOVER 14% | DISPOSAL_RISK 14% | SAFETY_STOCK 8% | EOQ 7% | DEMAND_FORECAST 7% | MATCH 5%,"['⏰ 유통기한 임박 (99%)', '❄️ 냉장·냉동 과잉 (61%)', '💸 배송비 상승 (100%)', '⚡ 복합 스트레스 (60%)']","{'재고위험': '25.3%', '판매가능성': '13.3%', '점포이동적합': '13.3%', '비용절감': '18.7%', '폐기회피이익': '14.5%', '실행가능성': '11.6%', '이력보정': '3.3%'}",True,True,False,True,False,True,55.2,23.7,50.8,49.5,72.0,50.0,60.0,49.4,0.0,26.4,검토,보류,⏸️,385,HIGH,신뢰도 높음 ●,#2e7d32,,,26.4,검토,보류,1,2,False,False,,50.0,10923.0,24699.0,10923.0,10.47,24.11,10.47,21.0,177.0,237.0,86.0,재고 이동,재고 이동,66.746,일치,66.746,43.851,23.203,15.209
해태 홈런볼,구로점,왕십리점,136.0,재배치 추천,20472.0,프로모션 순비용이 재배치 비용보다 높습니다.,29.64140711507339,11.521739130434783,18,0,59.2,검토 가능,20472.0,136.0,290,False,Greedy 선택 후보보다 우선순위가 낮음,7.4,2500,256,3,신선식품,256,52,222,5216,250,300,3,2.46,233,555000,A,0.588187697680407,1,100.0,34.6,10.41,NORMAL,80.8,False,50.3,MEDIUM,유통기한 임박 | 신선/냉장 고위험 카테고리,7.0,29.2,0.0,SAFE,"재고 여유 — 현재고(256), 재주문점(29)",0.0,179.4,24.2,157018.0,38.8,OPTIMAL,"적정 발주 — EOQ(179개), 권장 발주 주기 24일",38.8,51.9,7.41,11.47,3.36,STABLE,34.5,3.4,WMA,3.4,36.3,10.0,3.77,10.0,7.5,5.0,POOR,낮은 매칭 · 핵심(A)상품,1.004,50.1,STABLE,6.7,LOW,69.6,MEDIUM,0.3,30.0,421528.0,100.0,0.385,0.385,38.7,True,38.1,141,27.4,227,100.0,0.999,4.9,72.7,50.0,DISCOUNT,61.5,2,99.8,71.8,25.5,turnover,50.9,모니터링,172,HEURISTIC 29% | ABC 14% | TURNOVER 14% | DISPOSAL_RISK 14% | SAFETY_STOCK 8% | EOQ 7% | DEMAND_FORECAST 7% | MATCH 5%,"['⏰ 유통기한 임박 (99%)', '❄️ 냉장·냉동 과잉 (61%)', '💸 배송비 상승 (100%)', '⚡ 복합 스트레스 (60%)']","{'재고위험': '25.3%', '판매가능성': '13.3%', '점포이동적합': '13.3%', '비용절감': '18.7%', '폐기회피이익': '14.5%', '실행가능성': '11.6%', '이력보정': '3.3%'}",True,True,False,True,False,True,62.5,24.5,54.1,53.4,72.0,50.0,65.9,52.5,0.0,80.9,최적,보류,⏸️,93,HIGH,신뢰도 높음 ●,#2e7d32,,,80.9,최적,보류,1,0,False,False,,50.0,20472.0,26625.0,20472.0,21.08,26.25,21.08,42.0,222.0,233.0,136.0,재고 이동,재고 이동,74.84,일치,74.84,49.443,26.335,16.953
혜자로운 집밥 치킨마요덮밥,건대5점,군포6점,184.0,재배치 추천,29625.0,프로모션 순비용이 재배치 비용보다 높습니다.,24.443939695068284,16.73913043478261,18,0,59.2,검토 가능,29625.0,184.0,291,False,Greedy 선택 후보보다 우선순위가 낮음,2.1,2720,269,7,냉장식품,274,15,63,5265,300,300,5,2.98,254,171360,A,0.7916396849857364,1,100.0,128.1,2.76,DEAD,28.8,True,68.0,HIGH,유통기한 임박 | 소진일수 128일 초과 | 신선/냉장 고위험 카테고리,11.0,21.5,0.0,SAFE,"재고 여유 — 현재고(269), 재주문점(22)",0.0,96.3,45.9,83817.0,100.0,OVER,과잉 발주 위험 — 현재(258개) > EOQ(96개). 발주 주기 46일 권장,100.0,14.9,2.13,7.05,0.0,STABLE,126.4,0.0,WMA,0.0,40.9,10.0,8.4,10.0,7.5,5.0,FAIR,보통 매칭 · 폐기위험 높음 · 핵심(A)상품,1.02,50.5,STABLE,24.9,LOW,55.6,MEDIUM,0.3,30.0,626151.0,100.0,0.385,0.385,38.6,True,31.9,231,39.6,17,100.0,0.999,4.9,74.9,50.0,DISCOUNT,61.3,2,99.8,71.8,26.8,disposal_risk,48.2,모니터링,211,HEURISTIC 29% | ABC 14% | TURNOVER 14% | DISPOSAL_RISK 14% | SAFETY_STOCK 8% | EOQ 7% | DEMAND_FORECAST 7% | MATCH 5%,"['⏰ 유통기한 임박 (99%)', '❄️ 냉장·냉동 과잉 (61%)', '💸 배송비 상승 (100%)', '⚡ 복합 스트레스 (60%)']","{'재고위험': '25.3%', '판매가능성': '13.3%', '점포이동적합': '13.3%', '비용절감': '18.7%', '폐기회피이익': '14.5%', '실행가능성': '11.6%', '이력보정': '3.3%'}",True,True,False,True,False,True,56.7,22.9,58.8,62.6,72.0,50.0,62.5,53.1,0.0,89.2,최적,할인 판매,🏷️,48,HIGH,신뢰도 높음 ●,#2e7d32,,,89.2,최적,할인 판매,0,0,True,False,,50.0,29625.0,42843.0,29625.0,31.25,44.27,31.25,63.0,63.0,254.0,184.0,재고 이동,재고 이동,81.134,일치,81.134,54.286,29.341,18.32
카페25 헤이즐넛라떼,여의도6점,용산점,138.0,재배치 추천,20982.0,프로모션 순비용이 재배치 비용보다 높습니다.,29.351807160500837,11.73913043478261,18,0,59.1,검토 가능,20982.0,138.0,292,False,Greedy 선택 후보보다 우선순위가 낮음,4.7,1510,273,2,우유,273,33,141,5216,150,250,4,3.33,263,212910,A,0.7529074215391148,1,100.0,58.1,6.2,NORMAL,67.7,False,52.0,MEDIUM,유통기한 임박,11.0,29.8,0.0,SAFE,"재고 여유 — 현재고(273), 재주문점(30)",0.0,243.4,51.8,73516.0,7.6,OPTIMAL,"적정 발주 — EOQ(243개), 권장 발주 주기 52일",7.6,33.0,4.71,10.21,0.0,STABLE,57.9,0.3,WMA,0.3,36.1,10.0,3.62,10.0,7.5,5.0,POOR,낮은 매칭 · 핵심(A)상품,1.003,50.1,STABLE,11.3,LOW,73.1,HIGH,0.3,30.0,249774.0,100.0,0.385,0.385,38.6,True,26.1,399,28.8,201,100.0,0.999,4.9,77.4,50.0,DISCOUNT,61.2,2,99.8,71.8,27.5,disposal_risk,44.1,모니터링,263,HEURISTIC 29% | ABC 14% | TURNOVER 14% | DISPOSAL_RISK 14% | SAFETY_STOCK 8% | EOQ 7% | DEMAND_FORECAST 7% | MATCH 5%,"['⏰ 유통기한 임박 (99%)', '❄️ 냉장·냉동 과잉 (61%)', '💸 배송비 상승 (100%)', '⚡ 복합 스트레스 (60%)']","{'재고위험': '25.3%', '판매가능성': '13.3%', '점포이동적합': '13.3%', '비용절감': '18.7%', '폐기회피이익': '14.5%', '실행가능성': '11.6%', '이력보정': '3.3%'}",True,True,False,True,False,True,59.8,22.9,54.7,48.6,72.0,50.0,59.3,50.8,0.0,51.4,검토,보류,⏸️,251,HIGH,신뢰도 높음 ●,#2e7d32,,,51.4,검토,보류,1,0,False,False,,50.0,0.0,20982.0,20982.0,0.0,19.98,19.98,40.0,141.0,263.0,138.0,재고 이동,재고 이동,72.461,일치,72.461,47.659,25.266,16.347
빙그레 바나나맛우유,수원3점,화성7점,158.0,재배치 추천,24819.0,프로모션 순비용이 재배치 비용보다 높습니다.,27.17299338462849,13.91304347826087,18,0,59.1,검토 가능,24819.0,158.0,293,False,Greedy 선택 후보보다 우선순위가 낮음,4.7,1140,263,2,김밥,263,33,141,11267,400,350,2,6.75,253,160740,C,0.9920661763821681,3,20.0,56.0,6.43,NORMAL,68.9,False,51.0,MEDIUM,유통기한 임박,15.8,25.2,0.0,SAFE,"재고 여유 — 현재고(263), 재주문점(25)",0.0,411.8,87.6,93882.0,32.0,OPTIMAL,"적정 발주 — EOQ(412개), 권장 발주 주기 88일",32.0,33.0,4.71,15.85,0.0,STABLE,55.8,0.6,WMA,0.6,29.1,10.0,3.63,3.0,7.5,5.0,POOR,낮은 매칭,1.003,50.1,STABLE,10.9,LOW,73.1,HIGH,0.3,30.0,254525.0,100.0,0.385,0.385,39.4,False,25.7,407,27.0,235,100.0,0.999,4.9,78.0,50.0,DISCOUNT,61.1,2,99.8,71.8,44.5,disposal_risk,29.1,후순위,459,HEURISTIC 29% | ABC 14% | TURNOVER 14% | DISPOSAL_RISK 14% | SAFETY_STOCK 8% | EOQ 7% | DEMAND_FORECAST 7% | MATCH 5%,"['⏰ 유통기한 임박 (99%)', '❄️ 냉장·냉동 과잉 (61%)', '💸 배송비 상승 (100%)', '⚡ 복합 스트레스 (60%)']","{'재고위험': '25.3%', '판매가능성': '13.3%', '점포이동적합': '13.3%', '비용절감': '18.7%', '폐기회피이익': '14.5%', '실행가능성': '11.6%', '이력보정': '3.3%'}",True,True,False,True,False,True,47.7,23.2,51.3,52.3,72.0,50.0,59.0,48.0,0.0,12.8,검토,보류,⏸️,458,HIGH,신뢰도 높음 ●,#2e7d32,,,12.8,검토,보류,1,0,False,False,,50.0,24819.0,90039.0,24819.0,25.91,96.71000000000001,25.91,52.0,141.0,253.0,158.0,재고 이동,재고 이동,68.012,일치,68.012,45.757,25.197,15.459
서울우유 딸기우유,화성4점,광명6점,200.0,프로모션 추천,36401.0,프로모션 순비용이 재배치 비용보다 낮습니다.,20.596235200590556,18.478260869565215,12,8,59.1,검토 가능,36401.0,200.0,294,False,Greedy 선택 후보보다 우선순위가 낮음,9.0,970,260,1,샐러드,260,63,270,11684,250,350,2,6.01,251,261900,A,0.7665829007856005,1,100.0,28.9,12.46,FAST,83.9,False,38.0,LOW,유통기한 임박,14.0,32.0,0.0,SAFE,"재고 여유 — 현재고(260), 재주문점(32)",0.0,629.0,69.9,122034.0,48.7,UNDER,과소 발주 위험 — 현재(246개) < EOQ(629개). 발주량 증가 검토,48.7,63.0,9.0,18.92,0.0,STABLE,28.9,5.5,WMA,5.5,32.8,10.0,0.28,10.0,7.5,5.0,POOR,낮은 매칭 · 핵심(A)상품,1.0,50.0,STABLE,5.6,LOW,76.6,HIGH,0.3,30.0,246399.0,100.0,0.385,0.385,39.5,True,47.0,112,21.7,423,100.0,0.999,4.9,78.6,50.0,DISCOUNT,60.9,2,99.8,71.8,24.6,turnover,48.6,모니터링,203,HEURISTIC 29% | ABC 14% | TURNOVER 14% | DISPOSAL_RISK 14% | SAFETY_STOCK 8% | EOQ 7% | DEMAND_FORECAST 7% | MATCH 5%,"['⏰ 유통기한 임박 (99%)', '❄️ 냉장·냉동 과잉 (61%)', '💸 배송비 상승 (100%)', '⚡ 복합 스트레스 (60%)']","{'재고위험': '25.3%', '판매가능성': '13.3%', '점포이동적합': '13.3%', '비용절감': '18.7%', '폐기회피이익': '14.5%', '실행가능성': '11.6%', '이력보정': '3.3%'}",True,True,False,True,False,True,57.8,25.6,52.0,54.8,72.0,50.0,70.8,51.4,0.0,62.4,검토,보류,⏸️,192,HIGH,신뢰도 높음 ●,#2e7d32,,,62.4,검토,보류,2,0,False,False,,50.0,38112.0,72435.0,38112.0,40.68,77.15,40.68,81.0,270.0,251.0,200.0,할인,재고 이동,77.823,다름,77.823,51.745,27.992,17.511
유어스 국물떡볶이,선릉점,건대점,64.0,재배치 추천,7143.0,프로모션 순비용이 재배치 비용보다 높습니다.,37.21018710428438,3.6956521739130435,18,0,58.9,검토 가능,7143.0,64.0,295,False,Greedy 선택 후보보다 우선순위가 낮음,11.1,3110,259,1,김밥,259,78,333,15425,400,350,3,3.25,247,1035630,A,0.1118789381447873,1,100.0,23.3,15.43,FAST,87.1,False,38.0,LOW,유통기한 임박,9.3,42.6,0.0,SAFE,"재고 여유 — 현재고(259), 재주문점(43)",0.0,448.3,40.4,278824.0,35.4,UNDER,과소 발주 위험 — 현재(250개) < EOQ(448개). 발주량 증가 검토,35.4,77.9,11.13,16.49,5.77,STABLE,23.3,8.1,WMA,8.1,32.9,10.0,0.4,10.0,7.5,5.0,POOR,낮은 매칭 · 핵심(A)상품,1.004,50.1,STABLE,4.5,LOW,76.6,HIGH,0.3,30.0,257305.0,100.0,0.385,0.385,38.7,False,61.6,65,21.7,423,100.0,0.999,4.9,55.4,50.0,DISCOUNT,60.8,2,99.8,71.8,24.5,turnover,49.9,모니터링,185,HEURISTIC 29% | ABC 14% | TURNOVER 14% | DISPOSAL_RISK 14% | SAFETY_STOCK 8% | EOQ 7% | DEMAND_FORECAST 7% | MATCH 5%,"['⏰ 유통기한 임박 (99%)', '❄️ 냉장·냉동 과잉 (61%)', '💸 배송비 상승 (100%)', '⚡ 복합 스트레스 (60%)']","{'재고위험': '25.3%', '판매가능성': '13.3%', '점포이동적합': '13.3%', '비용절감': '18.7%', '폐기회피이익': '14.5%', '실행가능성': '11.6%', '이력보정': '3.3%'}",True,True,False,True,False,True,58.7,26.8,49.7,52.7,72.0,50.0,78.8,51.1,0.0,56.1,검토,보류,⏸️,226,HIGH,신뢰도 높음 ●,#2e7d32,,,56.1,검토,보류,0,1,False,False,,50.0,7143.0,24438.0,7143.0,6.27,23.82,6.27,13.0,333.0,247.0,64.0,재고 이동,재고 이동,69.377,일치,69.377,45.572,24.115,15.795
매일 바이오 플레인요거트,상암점,잠원점,116.0,재배치 추천,17070.0,프로모션 순비용이 재배치 비용보다 높습니다.,31.5732091649868,9.347826086956522,18,0,58.9,검토 가능,17070.0,116.0,296,False,Greedy 선택 후보보다 우선순위가 낮음,3.9,2280,251,3,김밥,251,27,117,11531,500,350,2,2.16,239,266760,A,0.4413232235595307,1,100.0,64.4,5.59,SLOW,64.2,True,55.2,MEDIUM,유통기한 임박,5.0,12.8,0.0,SAFE,"재고 여유 — 현재고(251), 재주문점(13)",0.0,268.3,68.8,122352.0,6.6,OPTIMAL,"적정 발주 — EOQ(268개), 권장 발주 주기 69일",6.6,27.1,3.87,7.44,0.31,STABLE,64.8,0.0,WMA,0.0,36.1,10.0,3.6,10.0,7.5,5.0,POOR,낮은 매칭 · 핵심(A)상품,0.989,49.7,STABLE,12.8,LOW,69.6,MEDIUM,0.3,30.0,358306.0,100.0,0.385,0.385,39.5,False,26.8,379,30.4,171,100.0,0.999,4.9,77.4,50.0,DISCOUNT,60.7,2,99.8,71.8,27.8,disposal_risk,43.9,모니터링,266,HEURISTIC 29% | ABC 14% | TURNOVER 14% | DISPOSAL_RISK 14% | SAFETY_STOCK 8% | EOQ 7% | DEMAND_FORECAST 7% | MATCH 5%,"['⏰ 유통기한 임박 (99%)', '❄️ 냉장·냉동 과잉 (61%)', '💸 배송비 상승 (100%)', '⚡ 복합 스트레스 (60%)']","{'재고위험': '25.3%', '판매가능성': '13.3%', '점포이동적합': '13.3%', '비용절감': '18.7%', '폐기회피이익': '14.5%', '실행가능성': '11.6%', '이력보정': '3.3%'}",True,True,False,True,False,True,60.4,22.8,55.1,48.4,72.0,50.0,59.6,50.9,0.0,53.1,검토,보류,⏸️,242,HIGH,신뢰도 높음 ●,#2e7d32,,,53.1,검토,보류,1,0,False,False,,50.0,17070.0,20973.0,17070.0,17.3,19.97,17.3,35.0,117.0,239.0,116.0,재고 이동,재고 이동,69.904,일치,69.904,46.121,24.49,15.903
서울우유 딸기우유,화성4점,건대5점,170.0,프로모션 추천,30941.0,프로모션 순비용이 재배치 비용보다 낮습니다.,23.69665824366145,15.217391304347828,12,8,58.9,검토 가능,30941.0,170.0,297,False,Greedy 선택 후보보다 우선순위가 낮음,9.0,970,260,1,샐러드,260,63,270,11684,250,350,2,6.01,251,261900,A,0.7665829007856005,1,100.0,28.9,12.46,FAST,83.9,False,38.0,LOW,유통기한 임박,14.0,32.0,0.0,SAFE,"재고 여유 — 현재고(260), 재주문점(32)",0.0,629.0,69.9,122034.0,48.7,UNDER,과소 발주 위험 — 현재(246개) < EOQ(629개). 발주량 증가 검토,48.7,63.0,9.0,18.92,0.0,STABLE,28.9,5.5,WMA,5.5,32.8,10.0,0.28,10.0,7.5,5.0,POOR,낮은 매칭 · 핵심(A)상품,1.0,50.0,STABLE,5.6,LOW,76.6,HIGH,0.3,30.0,209439.0,100.0,0.385,0.385,39.5,True,47.1,110,21.7,423,100.0,0.999,4.9,77.5,50.0,DISCOUNT,60.5,2,99.8,71.8,24.7,turnover,48.4,모니터링,209,HEURISTIC 29% | ABC 14% | TURNOVER 14% | DISPOSAL_RISK 14% | SAFETY_STOCK 8% | EOQ 7% | DEMAND_FORECAST 7% | MATCH 5%,"['⏰ 유통기한 임박 (99%)', '❄️ 냉장·냉동 과잉 (61%)', '💸 배송비 상승 (100%)', '⚡ 복합 스트레스 (60%)']","{'재고위험': '25.3%', '판매가능성': '13.3%', '점포이동적합': '13.3%', '비용절감': '18.7%', '폐기회피이익': '14.5%', '실행가능성': '11.6%', '이력보정': '3.3%'}",True,True,False,True,False,True,57.8,25.6,51.9,54.7,72.0,50.0,70.8,51.4,0.0,61.7,검토,보류,⏸️,196,HIGH,신뢰도 높음 ●,#2e7d32,,,61.7,검토,보류,2,0,False,False,,50.0,52449.0,64857.0,52449.0,56.61,68.72999999999999,56.61,113.0,270.0,251.0,170.0,할인,재고 이동,75.231,다름,75.231,50.071,27.142,17.028
비비고 김치왕교자,압구정점,사당점,82.0,재배치 추천,10851.0,프로모션 순비용이 재배치 비용보다 높습니다.,35.10462508162744,5.6521739130434785,18,0,58.8,검토 가능,10851.0,82.0,298,False,Greedy 선택 후보보다 우선순위가 낮음,3.3,3520,247,2,우유,247,23,99,9592,500,250,2,1.01,240,348480,A,0.35165760934543605,1,100.0,74.8,4.81,SLOW,58.4,True,60.4,HIGH,유통기한 임박 | 소진일수 75일 초과,2.4,9.0,0.0,SAFE,"재고 여유 — 현재고(247), 재주문점(9)",0.0,181.2,54.9,127544.0,35.0,OPTIMAL,"적정 발주 — EOQ(181개), 권장 발주 주기 55일",35.0,23.0,3.29,4.95,1.62,STABLE,75.2,0.0,WMA,0.0,40.9,10.0,8.4,10.0,7.5,5.0,FAIR,보통 매칭 · 폐기위험 높음 · 핵심(A)상품,0.996,49.9,STABLE,14.7,LOW,73.1,HIGH,0.3,30.0,376517.0,100.0,0.385,0.385,39.3,True,29.3,315,34.0,117,100.0,0.999,4.9,69.5,50.0,DISCOUNT,60.4,2,99.8,71.8,28.4,disposal_risk,47.7,모니터링,218,HEURISTIC 29% | ABC 14% | TURNOVER 14% | DISPOSAL_RISK 14% | SAFETY_STOCK 8% | EOQ 7% | DEMAND_FORECAST 7% | MATCH 5%,"['⏰ 유통기한 임박 (99%)', '❄️ 냉장·냉동 과잉 (61%)', '💸 배송비 상승 (100%)', '⚡ 복합 스트레스 (60%)']","{'재고위험': '25.3%', '판매가능성': '13.3%', '점포이동적합': '13.3%', '비용절감': '18.7%', '폐기회피이익': '14.5%', '실행가능성': '11.6%', '이력보정': '3.3%'}",True,True,False,True,False,True,61.2,22.8,57.2,52.6,72.0,50.0,61.0,52.2,0.0,76.0,권장,할인 판매,🏷️,119,HIGH,신뢰도 높음 ●,#2e7d32,,,76.0,권장,할인 판매,1,2,False,False,,50.0,10851.0,23250.0,10851.0,10.39,22.5,10.39,21.0,99.0,240.0,82.0,재고 이동,재고 이동,70.541,일치,70.541,46.688,24.86,16.1
매일 바이오 플레인요거트,이태원점,잠원점,116.0,재배치 추천,17292.0,프로모션 순비용이 재배치 비용보다 높습니다.,31.447148008290505,9.347826086956522,18,0,58.8,검토 가능,17292.0,116.0,299,False,Greedy 선택 후보보다 우선순위가 낮음,3.9,2280,271,3,냉장식품,271,27,117,9490,500,300,1,1.33,259,266760,A,0.4413232235595307,1,100.0,69.5,5.18,SLOW,61.4,True,65.7,HIGH,유통기한 임박 | 소진일수 70일 초과 | 신선/냉장 고위험 카테고리,2.2,6.1,0.0,SAFE,"재고 여유 — 현재고(271), 재주문점(6)",0.0,192.4,49.3,140401.0,39.7,OPTIMAL,"적정 발주 — EOQ(192개), 권장 발주 주기 49일",39.7,27.1,3.87,6.07,1.68,STABLE,70.0,0.0,WMA,0.0,40.9,10.0,8.4,10.0,7.5,5.0,FAIR,보통 매칭 · 폐기위험 높음 · 핵심(A)상품,0.989,49.7,STABLE,13.8,LOW,69.6,MEDIUM,0.3,30.0,358084.0,100.0,0.385,0.385,43.4,True,31.2,255,35.8,80,100.0,0.999,4.9,77.4,50.0,DISCOUNT,60.3,2,99.8,71.8,27.2,disposal_risk,50.3,모니터링,180,HEURISTIC 29% | ABC 14% | TURNOVER 14% | DISPOSAL_RISK 14% | SAFETY_STOCK 8% | EOQ 7% | DEMAND_FORECAST 7% | MATCH 5%,"['⏰ 유통기한 임박 (99%)', '❄️ 냉장·냉동 과잉 (61%)', '💸 배송비 상승 (100%)', '⚡ 복합 스트레스 (60%)']","{'재고위험': '25.3%', '판매가능성': '13.3%', '점포이동적합': '13.3%', '비용절감': '18.7%', '폐기회피이익': '14.5%', '실행가능성': '11.6%', '이력보정': '3.3%'}",True,True,False,True,False,True,64.4,23.6,58.3,53.3,72.0,50.0,62.1,53.4,0.0,91.3,최적,할인 판매,🏷️,37,HIGH,신뢰도 높음 ●,#2e7d32,,,91.3,최적,할인 판매,1,0,False,False,,50.0,0.0,17292.0,17292.0,0.0,15.879999999999999,15.879999999999999,31.0,117.0,259.0,116.0,재고 이동,재고 이동,75.368,일치,75.368,49.809,26.49,17.054
유어스 햄치즈샌드위치,용산점,왕십리점,80.0,재배치 추천,10608.0,프로모션 순비용이 재배치 비용보다 높습니다.,35.24261094233554,5.434782608695652,18,0,58.7,검토 가능,10608.0,80.0,300,False,Greedy 선택 후보보다 우선순위가 낮음,2.5,2920,265,3,우유,267,18,75,9460,500,250,2,1.92,257,219000,A,0.520935688066382,1,100.0,106.0,3.37,DEAD,41.1,True,68.0,HIGH,유통기한 임박 | 소진일수 106일 초과,4.5,9.5,0.0,SAFE,"재고 여유 — 현재고(265), 재주문점(10)",0.0,171.9,68.8,100411.0,51.5,OVER,과잉 발주 위험 — 현재(260개) > EOQ(172개). 발주 주기 69일 권장,51.5,17.8,2.54,5.71,0.0,STABLE,104.2,0.0,WMA,0.0,40.9,10.0,8.4,10.0,7.5,5.0,FAIR,보통 매칭 · 폐기위험 높음 · 핵심(A)상품,1.029,50.7,STABLE,20.6,LOW,69.6,MEDIUM,0.3,30.0,309712.0,100.0,0.385,0.385,39.4,True,32.1,227,38.5,29,100.0,0.999,4.9,72.7,50.0,DISCOUNT,60.1,2,99.8,71.7,27.8,disposal_risk,47.1,모니터링,225,HEURISTIC 29% | ABC 14% | TURNOVER 14% | DISPOSAL_RISK 14% | SAFETY_STOCK 8% | EOQ 7% | DEMAND_FORECAST 7% | MATCH 5%,"['⏰ 유통기한 임박 (99%)', '❄️ 냉장·냉동 과잉 (61%)', '💸 배송비 상승 (100%)', '⚡ 복합 스트레스 (60%)']","{'재고위험': '25.3%', '판매가능성': '13.3%', '점포이동적합': '13.3%', '비용절감': '18.7%', '폐기회피이익': '14.5%', '실행가능성': '11.6%', '이력보정': '3.3%'}",True,True,False,True,False,True,60.0,23.1,58.4,55.0,72.0,50.0,62.6,52.5,0.0,81.4,최적,할인 판매,🏷️,90,HIGH,신뢰도 높음 ●,#2e7d32,,,81.4,최적,할인 판매,0,0,True,False,,50.0,10608.0,18624.0,10608.0,10.12,17.36,10.12,20.0,75.0,257.0,80.0,재고 이동,재고 이동,72.102,일치,72.102,47.836,25.506,16.437
