episode,loss,mean_reward_sample
1,4811.2968307059455,58.06303330921011
12,1077.667163199779,50.74516793127684
24,103.22937170662507,59.32220997210295
36,65.10042522708392,49.85045640609301
48,81.04198634538875,44.743039117014874
60,51.11972913551146,51.45955222187237
72,66.01520242394386,59.398715922081735
84,44.38286547449963,53.979551028014235
96,57.256607468087466,47.07979682625678
108,42.5711931515102,49.260604994800346
120,35.9470882072477,56.22450106633413
