episode,loss,mean_reward_sample
1,3715.7932073177926,51.40440322733884
12,763.385455974106,45.42599515849321
24,145.547873751184,56.91389027611922
36,46.309922330038965,46.617972174912964
48,71.57216128999163,41.544628315176936
60,66.20198320051563,49.26960598600622
72,58.513645365355536,53.71279780788226
84,55.67460391618724,50.31860284512487
96,52.98844485795655,44.30969834346235
108,38.72958422224842,47.18452397187547
120,42.599001181255275,52.30572558496097
