episode,loss,mean_reward_sample
1,3679.4815546175337,47.51368095068586
50,84.30636736831478,52.480477619070356
100,63.96572651126514,45.35761399453406
150,41.25176928039055,47.26053117852666
200,38.41938910080009,42.90574746660378
250,31.23579549371764,39.898103792056645
300,23.00915327657554,58.39329041436426
350,27.311798935222352,52.883267879529015
400,15.900600042391234,51.541117145475006
450,11.59087701608627,54.34333572606944
500,15.493183789182552,50.667785781056864
