episode,loss,mean_reward_sample
1,1791.2084223237514,40.17092469452375
50,114.8985859034667,39.67879971970787
100,68.33884809256685,37.046526482519056
150,49.88286613142963,39.4588168134201
200,32.849631753333085,40.14568380761226
250,29.943977790793298,37.46792941867214
300,38.13293273215772,39.124709169956276
350,18.927203936484233,35.73763878260363
400,19.081947335816857,42.78515265153299
450,15.391499831180147,40.01038839880959
500,12.787782312409377,34.557022025204816
