episode,loss,mean_reward_sample
1,1791.2084223237514,40.17092469452375
50,357.80855155100187,39.67879971970787
100,94.09769990866141,37.046526482519056
150,76.13500241850923,39.4588168134201
200,48.08557844503571,40.14568380761226
250,42.537492490546306,37.46792941867214
300,51.59793990602962,39.124709169956276
350,28.840167724840484,35.73763878260363
400,28.906737095063185,42.78515265153299
450,26.752237751710943,40.01038839880959
500,19.10964308613714,34.557022025204816
