episode,loss,mean_reward_sample
1,3425.9986634946354,52.23315747981606
50,173.40479036485587,44.422394164358614
100,50.40893755018146,47.335091173350534
150,78.27826934748975,45.16321891511025
200,57.71039836813557,46.81068536512498
250,30.96595597532177,44.9618255197725
300,38.462466591269305,47.26166091364094
350,45.44063547931015,52.054097333990164
400,29.12425552987178,41.05234359182621
450,39.365650877159126,42.662571385046085
500,31.063519284777257,50.21338912877549
