episode,loss,mean_reward_sample
1,3425.9986634946354,52.23315747981606
50,66.1533779891858,44.422394164358614
100,36.34877404229464,47.335091173350534
150,36.469795496432695,45.16321891511025
200,28.187923525768213,46.81068536512498
250,25.466159608979332,44.9618255197725
300,29.315286496340757,47.26166091364094
350,14.413885458054352,52.054097333990164
400,19.102882074627384,41.05234359182621
450,15.806039177241871,42.662571385046085
500,21.177324515328444,50.21338912877549
