episode,loss,mean_reward_sample
1,2248.725852653297,42.63838593242346
50,170.82995041170716,42.62931338372323
100,88.91760830648835,39.57493369726741
150,76.76326525914325,47.76252427728595
200,37.940195237462326,47.1176969961106
250,23.620721005495525,43.0523949009298
300,8.889696577071026,44.20049618558849
350,12.7801058607404,39.624922985925934
400,11.949280061828665,42.4392452758744
450,8.43401603557317,40.70727012197405
500,6.471103557316581,40.75904163178966
