episode,loss,mean_reward_sample
1,1557.466673387572,36.632797938143476
12,909.4709200790701,40.918527500716095
24,118.56307120769785,41.758224750013255
36,53.850659924559295,37.42446727251215
48,68.47147144005133,38.002933234055085
60,76.3932925753884,35.79658052751812
72,47.342741280751596,34.717553302267675
84,33.739571537209024,38.46433595763185
96,33.2265775611465,38.97333294136352
108,18.78895395986421,36.503708085809926
120,25.277059017451837,39.08965152253884
