episode,loss,mean_reward_sample
1,1743.9292962273405,39.20093291146651
12,951.0949515176105,41.22574526926211
24,121.85301231585699,42.78412273583979
36,63.33755245663372,38.4700622539945
48,36.423895975972876,37.201779432980196
60,63.19127032206645,37.46156459414964
72,35.79372290550165,35.77434696320887
84,48.92117158380693,39.31964625764357
96,53.6574351216192,41.30546140636499
108,35.82893135434374,37.815500213872596
120,25.58306165039295,39.43795876744935
