episode,loss,mean_reward_sample
1,1502.8805620360476,35.01967539570283
12,828.1723987941359,37.09707999294158
24,168.33419858670206,38.35750606247054
36,176.07377686336233,42.08748797009312
48,66.90788733391372,38.54150477137172
60,98.85942350598827,40.33629922979127
72,69.8650044932867,39.237068326158536
84,71.18905406176387,35.96690920412145
96,27.12588493581329,40.59854879033438
108,42.920040894532406,37.01841964963122
120,42.006385186899,39.36491912480723
