episode,loss,mean_reward_sample
1,2248.725852653297,42.63838593242346
50,705.7456826560375,42.62931338372323
100,137.0825140792353,39.57493369726741
150,112.16235056369811,47.76252427728595
200,62.04834870650138,47.1176969961106
250,41.028947504229706,43.0523949009298
300,33.42128793389986,44.20049618558849
350,60.11036260998891,39.624922985925934
400,52.28883060036981,42.4392452758744
450,27.5052534484118,40.70727012197405
500,17.27147122678565,40.75904163178966
