episode,loss,mean_reward_sample
1,1502.8805620360476,35.01967539570283
50,82.59236856608851,39.981682815544815
100,74.34081624404294,36.92266909913707
150,16.357493095348204,38.144746411643624
200,7.887879729167988,35.97384639886086
250,3.703273505671668,35.76610326332078
300,2.1292014943483246,39.99613314301722
350,5.285138446484434,35.62276810616649
400,6.010907574521782,35.32388986978766
450,3.796895048971262,38.080737798628746
500,5.905099305360235,38.23650862637908
