episode,loss,mean_reward_sample
1,1791.2084223237514,40.17092469452375
50,73.73316081723337,39.67879971970787
100,56.62748306204504,37.046526482519056
150,26.212369390769894,39.4588168134201
200,16.011516106286702,40.14568380761226
250,24.152011700604692,37.46792941867214
300,34.318287393860416,39.124709169956276
350,18.753204591396027,35.73763878260363
400,24.21146108967214,42.78515265153299
450,15.754236379569196,40.01038839880959
500,25.740446439595843,34.557022025204816
