product_name,source_store,target_store,suggested_qty,final_recommendation,estimated_cost,reason,cost_score,quantity_score,strategy_score,reason_bonus,heuristic_score,heuristic_grade,_estimated_cost_numeric,_suggested_qty_numeric,greedy_rank,is_greedy_selected,greedy_reason,avg_daily_sales,unit_cost,stock_qty,expiry_days,category,disposal_cost_per_unit,dead_stock_qty,sales_30d,sales_7d,disposal_cost,abc_revenue_value,abc_grade,abc_cumulative_pct,abc_priority,abc_score,turnover_days,turnover_rate_annual,turnover_grade,turnover_score,turnover_risk_flag,disposal_risk_score,disposal_risk_grade,disposal_risk_reason,safety_stock,reorder_point,reorder_risk_score,reorder_status,reorder_advice,safety_stock_score,eoq_qty,eoq_order_cycle,eoq_total_cost,eoq_risk_score,eoq_status,eoq_advice,eoq_score,demand_forecast_7d,demand_forecast_daily,demand_forecast_upper,demand_forecast_lower,demand_trend,demand_stockout_days,demand_risk_score,demand_forecast_method,demand_forecast_score,match_score,match_score_demand,match_score_urgency,match_score_abc,match_score_cluster,match_score_dist,match_grade,match_reason,trend_rate,trend_score,trend_direction,aging_score,aging_grade,relocation_failure_score,relocation_failure_grade,substitute_conflict_score,category_balance_score,store_capacity_score,expected_sales_increase_rate,discount_sensitivity_score,disposal_avoidance_profit,disposal_avoidance_score,newsvendor_critical_ratio,newsvendor_optimal_sl,newsvendor_score,is_fresh_product,topsis_score,topsis_rank,priority_queue_score,priority_queue_rank,service_level_score,service_level_current,service_level_gap,queue_capacity_score,transport_lp_score,assignment_action,assignment_score,multiobjective_rank,multiobjective_score,lp_allocation_score,sensitivity_score,dominant_factor,varo_score,varo_grade,varo_rank,varo_weight_breakdown,vhs2_scenario_labels,vhs2_weights,sit2_EXPIRY_URGENT,sit2_COLD_EXCESS,sit2_DEMAND_SURGE,sit2_HIGH_TRANSPORT,sit2_REORDER_RISK,sit2_STRESS,vhs2_group_재고위험,vhs2_group_판매가능성,vhs2_group_점포이동적합,vhs2_group_비용절감,vhs2_group_폐기회피이익,vhs2_group_실행가능성,mcdm_score,vhs2_raw,vhs2_history_correction,vhs2,vhs2_grade,vhs2_action,vhs2_action_icon,vhs2_rank,vhs2_confidence,vhs2_confidence_label,vhs2_confidence_color,vhs2_ci_lower,vhs2_ci_upper,vhs,vhs_grade,vhs_action,source_cluster,target_cluster,is_same_cluster,is_optimal_route,network_unit_cost,network_cost_score,direct_cost,via_cost,estimated_cost_transfer,direct_distance_km,via_distance_km,recommended_distance_km,recommended_time_min,sales_30d_transfer,source_dead_stock_qty,target_shortage_qty,greedy_action,dqn_recommended_action,dqn_expected_q,dqn_match_greedy,Q_재고 이동,Q_할인,Q_폐기,Q_보류
도시락074,합정점,신촌점,0.0,다중 경로 추천,1970.0,다중 연결 경로가 기존 직접/DC 경유 방식보다 비용이 낮습니다.,40.0,10.0,18,12,80.0,우선 추천,1970.0,,1,True,휴리스틱 점수가 가장 높아 Greedy 알고리즘에 의해 최적 후보로 선택됨,7.04,3140,304,0,신선식품,250,295,211.0,49.0,250,662540.0,A,0.4700351316340167,1,100.0,43.2,8.33,NORMAL,76.0,False,56.6,MEDIUM,유통기한 임박 | 신선/냉장 고위험 카테고리,6.0,27.1,0.0,SAFE,"재고 여유 — 현재고(304), 재주문점(27)",0.0,152.9,21.7,168047.0,94.9,OVER,과잉 발주 위험 — 현재(298개) > EOQ(153개). 발주 주기 22일 권장,94.9,49.1,7.01,9.92,4.11,STABLE,43.3,2.2,WMA,2.2,36.2,10.0,3.71,10.0,7.5,5.0,POOR,낮은 매칭 · 핵심(A)상품,0.994,49.9,STABLE,8.5,LOW,78.3,HIGH,23.2,28.1,86.3,0.3,30.0,118570.0,100.0,0.385,0.385,88.5,True,27.4,93,31.2,233,100.0,0.999,4.9,75.7,50.0,REALLOCATE,100.0,2,99.8,76.0,22.1,disposal_risk,80.7,우선 처리,1,HEURISTIC 29% | ABC 14% | TURNOVER 14% | DISPOSAL_RISK 14% | SAFETY_STOCK 8% | EOQ 7% | DEMAND_FORECAST 7% | MATCH 5%,"['⏰ 유통기한 임박 (84%)', '❄️ 냉장·냉동 과잉 (78%)', '💸 배송비 상승 (91%)', '⚡ 복합 스트레스 (60%)']","{'재고위험': '25.1%', '판매가능성': '13.2%', '점포이동적합': '14.0%', '비용절감': '18.3%', '폐기회피이익': '13.2%', '실행가능성': '12.8%', '이력보정': '3.3%'}",True,True,False,True,False,True,64.1,33.8,55.1,73.2,72.0,66.9,60.0,59.8,0.0,97.1,최적,보류,⏸️,6,HIGH,신뢰도 높음 ●,#2e7d32,,,97.1,최적,보류,-1,0,False,False,,50.0,4371.0,15510.0,4371.0,3.19,13.9,3.19,6.0,885.0,295.0,795.0,재고 이동,재고 이동,95.561,일치,95.561,59.026,27.708,23.608
컵밥007,교대점,선릉점,0.0,다중 경로 추천,2990.0,다중 연결 경로가 기존 직접/DC 경유 방식보다 비용이 낮습니다.,38.835051252034376,10.0,18,12,78.8,우선 추천,2990.0,,2,False,Greedy 선택 후보보다 우선순위가 낮음,7.55,3334,282,2,간편식,300,261,226.0,53.0,300,753484.0,A,0.23037995959756308,1,100.0,37.4,9.62,NORMAL,79.2,False,46.7,MEDIUM,유통기한 임박,6.5,29.2,0.0,SAFE,"재고 여유 — 현재고(282), 재주문점(29)",0.0,193.8,25.7,142172.0,42.2,OPTIMAL,"적정 발주 — EOQ(194개), 권장 발주 주기 26일",42.2,52.9,7.56,10.67,4.44,STABLE,37.3,3.0,WMA,3.0,36.2,10.0,3.75,10.0,7.5,5.0,POOR,낮은 매칭 · 핵심(A)상품,1.003,50.1,STABLE,7.3,LOW,73.1,HIGH,30.8,48.8,83.3,0.3,30.0,126034.0,100.0,0.385,0.385,88.5,False,33.0,61,27.0,324,100.0,0.999,4.9,74.8,50.0,REALLOCATE,99.9,2,99.8,75.8,22.2,turnover,74.9,우선 처리,5,HEURISTIC 29% | ABC 14% | TURNOVER 14% | DISPOSAL_RISK 14% | SAFETY_STOCK 8% | EOQ 7% | DEMAND_FORECAST 7% | MATCH 5%,"['⏰ 유통기한 임박 (84%)', '❄️ 냉장·냉동 과잉 (78%)', '💸 배송비 상승 (91%)', '⚡ 복합 스트레스 (60%)']","{'재고위험': '25.1%', '판매가능성': '13.2%', '점포이동적합': '14.0%', '비용절감': '18.3%', '폐기회피이익': '13.2%', '실행가능성': '12.8%', '이력보정': '3.3%'}",True,True,False,True,False,True,60.5,34.2,54.2,64.7,72.0,71.8,63.1,57.9,0.0,86.8,최적,보류,⏸️,61,HIGH,신뢰도 높음 ●,#2e7d32,,,86.8,최적,보류,-1,-1,False,False,,50.0,6216.0,20118.0,6216.0,5.24,19.02,5.24,10.0,561.0,261.0,453.0,재고 이동,재고 이동,83.655,일치,83.655,50.728,26.822,29.996
커피040,교대점,선릉점,0.0,다중 경로 추천,2990.0,다중 연결 경로가 기존 직접/DC 경유 방식보다 비용이 낮습니다.,38.835051252034376,10.0,18,12,78.8,우선 추천,2990.0,,3,False,Greedy 선택 후보보다 우선순위가 낮음,2.18,3554,259,0,음료,400,256,65.0,15.0,400,231010.0,A,0.2885581921080359,1,100.0,119.5,3.01,DEAD,33.6,True,70.0,HIGH,유통기한 임박 | 소진일수 120일 초과,1.9,8.4,0.0,SAFE,"재고 여유 — 현재고(259), 재주문점(8)",0.0,111.5,51.1,71346.0,100.0,OVER,과잉 발주 위험 — 현재(257개) > EOQ(112개). 발주 주기 51일 권장,100.0,15.1,2.16,3.06,1.26,STABLE,120.1,0.0,WMA,0.0,40.9,10.0,8.4,10.0,7.5,5.0,FAIR,보통 매칭 · 폐기위험 높음 · 핵심(A)상품,0.983,49.6,STABLE,23.5,LOW,78.3,HIGH,23.0,48.8,83.3,0.3,30.0,136954.0,100.0,0.385,0.385,88.5,False,19.5,334,41.0,65,100.0,0.999,4.9,74.8,50.0,REALLOCATE,99.7,2,99.8,75.8,22.6,disposal_risk,75.8,우선 처리,4,HEURISTIC 29% | ABC 14% | TURNOVER 14% | DISPOSAL_RISK 14% | SAFETY_STOCK 8% | EOQ 7% | DEMAND_FORECAST 7% | MATCH 5%,"['⏰ 유통기한 임박 (84%)', '❄️ 냉장·냉동 과잉 (78%)', '💸 배송비 상승 (91%)', '⚡ 복합 스트레스 (60%)']","{'재고위험': '25.1%', '판매가능성': '13.2%', '점포이동적합': '14.0%', '비용절감': '18.3%', '폐기회피이익': '13.2%', '실행가능성': '12.8%', '이력보정': '3.3%'}",True,True,False,True,False,True,58.9,32.6,59.1,73.3,72.0,71.8,55.6,59.5,0.0,96.3,최적,할인 판매,🏷️,10,HIGH,신뢰도 높음 ●,#2e7d32,,,96.3,최적,할인 판매,-1,-1,False,False,,50.0,6216.0,20118.0,6216.0,5.24,19.02,5.24,10.0,583.0,256.0,443.0,재고 이동,재고 이동,88.283,일치,88.283,59.307,32.032,26.447
죽003,역삼점,방배점,0.0,다중 경로 추천,3240.0,다중 연결 경로가 기존 직접/DC 경유 방식보다 비용이 낮습니다.,38.54952459812124,10.0,18,12,78.5,우선 추천,3240.0,,4,False,Greedy 선택 후보보다 우선순위가 낮음,5.01,1867,312,4,간편식,150,284,150.0,35.0,150,280050.0,A,0.7812158286916832,1,100.0,62.4,5.77,SLOW,65.3,True,51.2,MEDIUM,유통기한 임박,4.3,19.3,0.0,SAFE,"재고 여유 — 현재고(312), 재주문점(19)",0.0,211.0,42.1,86666.0,45.8,OPTIMAL,"적정 발주 — EOQ(211개), 권장 발주 주기 42일",45.8,35.0,5.0,7.07,2.93,STABLE,62.4,0.0,WMA,0.0,36.1,10.0,3.6,10.0,7.5,5.0,POOR,낮은 매칭 · 핵심(A)상품,0.998,50.0,STABLE,12.2,LOW,66.1,MEDIUM,37.9,49.9,60.8,0.3,30.0,68472.0,100.0,0.385,0.385,88.5,False,13.6,473,29.7,262,100.0,0.999,4.9,65.5,50.0,REALLOCATE,99.6,2,99.8,75.7,23.9,disposal_risk,71.4,우선 처리,15,HEURISTIC 29% | ABC 14% | TURNOVER 14% | DISPOSAL_RISK 14% | SAFETY_STOCK 8% | EOQ 7% | DEMAND_FORECAST 7% | MATCH 5%,"['⏰ 유통기한 임박 (84%)', '❄️ 냉장·냉동 과잉 (78%)', '💸 배송비 상승 (91%)', '⚡ 복합 스트레스 (60%)']","{'재고위험': '25.1%', '판매가능성': '13.2%', '점포이동적합': '14.0%', '비용절감': '18.3%', '폐기회피이익': '13.2%', '실행가능성': '12.8%', '이력보정': '3.3%'}",True,True,False,True,False,True,58.8,32.7,53.7,65.0,72.0,57.2,52.4,55.4,0.0,63.3,검토,보류,⏸️,187,HIGH,신뢰도 높음 ●,#2e7d32,,,63.3,검토,보류,-1,-1,False,False,,50.0,7242.0,22836.0,7242.0,6.38,22.04,6.38,13.0,862.0,284.0,747.0,재고 이동,재고 이동,87.743,일치,87.743,54.007,26.695,24.599
에너지드링크012,상암점,신촌점,0.0,다중 경로 추천,3550.0,다중 연결 경로가 기존 직접/DC 경유 방식보다 비용이 낮습니다.,38.19547154726894,10.0,18,12,78.2,우선 추천,3550.0,,5,False,Greedy 선택 후보보다 우선순위가 낮음,6.12,1966,305,0,음료,150,297,184.0,43.0,150,361744.0,A,0.6967554031566018,1,100.0,49.7,7.24,NORMAL,72.4,False,49.9,MEDIUM,유통기한 임박,5.2,23.6,0.0,SAFE,"재고 여유 — 현재고(305), 재주문점(24)",0.0,251.2,41.0,88910.0,19.3,OPTIMAL,"적정 발주 — EOQ(251개), 권장 발주 주기 41일",19.3,42.9,6.13,8.65,3.6,STABLE,49.8,1.4,WMA,1.4,36.2,10.0,3.67,10.0,7.5,5.0,POOR,낮은 매칭 · 핵심(A)상품,1.004,50.1,STABLE,9.7,LOW,78.3,HIGH,43.2,28.1,86.3,0.3,30.0,71726.0,100.0,0.385,0.385,88.5,False,19.8,324,28.7,279,100.0,0.999,4.9,75.7,50.0,REALLOCATE,99.5,2,99.8,75.6,23.3,turnover,71.2,우선 처리,17,HEURISTIC 29% | ABC 14% | TURNOVER 14% | DISPOSAL_RISK 14% | SAFETY_STOCK 8% | EOQ 7% | DEMAND_FORECAST 7% | MATCH 5%,"['⏰ 유통기한 임박 (84%)', '❄️ 냉장·냉동 과잉 (78%)', '💸 배송비 상승 (91%)', '⚡ 복합 스트레스 (60%)']","{'재고위험': '25.1%', '판매가능성': '13.2%', '점포이동적합': '14.0%', '비용절감': '18.3%', '폐기회피이익': '13.2%', '실행가능성': '12.8%', '이력보정': '3.3%'}",True,True,False,True,False,True,60.1,33.4,54.6,60.9,72.0,66.9,55.8,56.4,0.0,75.4,권장,보류,⏸️,122,HIGH,신뢰도 높음 ●,#2e7d32,,,75.4,권장,보류,-1,0,False,False,,50.0,7260.0,17157.0,7260.0,6.4,15.73,6.4,13.0,130.0,297.0,41.0,재고 이동,재고 이동,76.714,일치,76.714,46.976,28.096,34.727
죽010,명동점,신촌점,0.0,다중 경로 추천,3800.0,다중 연결 경로가 기존 직접/DC 경유 방식보다 비용이 낮습니다.,37.9099448933558,10.0,18,12,77.9,우선 추천,3800.0,,6,False,Greedy 선택 후보보다 우선순위가 낮음,8.48,3304,281,1,간편식,500,270,254.0,59.0,500,839216.0,A,0.04394056460257161,1,100.0,33.2,10.85,NORMAL,81.6,False,44.6,MEDIUM,유통기한 임박,7.3,32.7,0.0,SAFE,"재고 여유 — 현재고(281), 재주문점(33)",0.0,206.4,24.3,149995.0,32.6,OPTIMAL,"적정 발주 — EOQ(206개), 권장 발주 주기 24일",32.6,59.1,8.44,11.94,4.94,STABLE,33.3,3.6,WMA,3.6,36.3,10.0,3.78,10.0,7.5,5.0,POOR,낮은 매칭 · 핵심(A)상품,0.994,49.8,STABLE,6.6,LOW,76.6,HIGH,28.0,28.1,86.3,0.3,30.0,130144.0,100.0,0.385,0.385,88.5,False,38.4,42,26.0,375,100.0,0.999,4.9,75.7,50.0,REALLOCATE,99.3,2,99.8,75.6,21.9,turnover,73.9,우선 처리,9,HEURISTIC 29% | ABC 14% | TURNOVER 14% | DISPOSAL_RISK 14% | SAFETY_STOCK 8% | EOQ 7% | DEMAND_FORECAST 7% | MATCH 5%,"['⏰ 유통기한 임박 (84%)', '❄️ 냉장·냉동 과잉 (78%)', '💸 배송비 상승 (91%)', '⚡ 복합 스트레스 (60%)']","{'재고위험': '25.1%', '판매가능성': '13.2%', '점포이동적합': '14.0%', '비용절감': '18.3%', '폐기회피이익': '13.2%', '실행가능성': '12.8%', '이력보정': '3.3%'}",True,True,False,True,False,True,60.2,34.4,54.1,62.7,72.0,66.9,66.0,56.8,0.0,78.8,권장,보류,⏸️,104,HIGH,신뢰도 높음 ●,#2e7d32,,,78.8,권장,보류,-1,0,False,False,,50.0,7350.0,24825.0,7350.0,6.5,24.25,6.5,13.0,259.0,270.0,249.0,재고 이동,재고 이동,78.812,일치,78.812,47.87,27.799,32.894
샐러드069,사당점,역삼점,0.0,다중 경로 추천,4100.0,다중 연결 경로가 기존 직접/DC 경유 방식보다 비용이 낮습니다.,37.56731290866002,10.0,18,12,77.6,우선 추천,4100.0,,7,False,Greedy 선택 후보보다 우선순위가 낮음,0.49,3082,272,10,신선식품,250,266,15.0,3.0,250,46230.0,A,0.6610542014354238,1,100.0,544.0,0.66,DEAD,0.0,True,53.7,MEDIUM,소진일수 544일 초과 | 신선/냉장 고위험 카테고리,0.4,1.9,0.0,SAFE,"재고 여유 — 현재고(272), 재주문점(2)",0.0,40.7,83.1,43923.0,100.0,OVER,과잉 발주 위험 — 현재(272개) > EOQ(41개). 발주 주기 83일 권장,100.0,3.2,0.46,0.66,0.26,DECREASING,595.0,0.0,WMA,0.0,36.1,10.0,3.6,10.0,7.5,5.0,POOR,낮은 매칭 · 핵심(A)상품,0.875,46.9,DECLINING,38.1,LOW,45.1,MEDIUM,33.3,67.8,53.7,0.3,30.0,114352.0,100.0,0.385,0.385,88.5,True,14.4,461,37.1,161,100.0,0.999,4.9,60.9,50.0,REALLOCATE,99.2,2,99.8,75.5,18.4,disposal_risk,64.3,검토 필요,68,HEURISTIC 29% | ABC 14% | TURNOVER 14% | DISPOSAL_RISK 14% | SAFETY_STOCK 8% | EOQ 7% | DEMAND_FORECAST 7% | MATCH 5%,"['⏰ 유통기한 임박 (84%)', '❄️ 냉장·냉동 과잉 (78%)', '💸 배송비 상승 (91%)', '⚡ 복합 스트레스 (60%)']","{'재고위험': '25.1%', '판매가능성': '13.2%', '점포이동적합': '14.0%', '비용절감': '18.3%', '폐기회피이익': '13.2%', '실행가능성': '12.8%', '이력보정': '3.3%'}",True,True,False,True,False,True,43.0,31.8,54.8,72.7,72.0,58.4,52.8,53.0,0.0,36.9,검토,보류,⏸️,329,HIGH,신뢰도 높음 ●,#2e7d32,,,36.9,검토,보류,-1,-1,False,False,,50.0,8511.0,24096.0,8511.0,7.79,23.44,7.79,16.0,938.0,266.0,889.0,재고 이동,재고 이동,91.381,일치,91.381,59.9,28.437,16.172
차음료039,왕십리점,명동점,0.0,다중 경로 추천,4120.0,다중 연결 경로가 기존 직접/DC 경유 방식보다 비용이 낮습니다.,37.54447077634697,10.0,18,12,77.5,우선 추천,4120.0,,8,False,Greedy 선택 후보보다 우선순위가 낮음,8.38,1058,345,0,음료,400,334,251.0,59.0,400,265558.0,A,0.7122615727681944,1,100.0,41.2,8.73,NORMAL,77.1,False,45.6,MEDIUM,유통기한 임박,7.2,32.3,0.0,SAFE,"재고 여유 — 현재고(345), 재주문점(32)",0.0,400.8,47.8,76322.0,12.6,OPTIMAL,"적정 발주 — EOQ(401개), 권장 발주 주기 48일",12.6,58.9,8.41,11.87,4.96,STABLE,41.0,2.5,WMA,2.5,36.2,10.0,3.72,10.0,7.5,5.0,POOR,낮은 매칭 · 핵심(A)상품,1.006,50.1,STABLE,8.0,LOW,78.3,HIGH,41.7,32.8,100.0,0.3,30.0,45968.0,91.9,0.385,0.385,88.5,False,28.3,83,26.6,348,100.0,0.999,4.9,79.0,50.0,REALLOCATE,99.1,2,99.8,71.4,22.8,turnover,70.8,우선 처리,19,HEURISTIC 29% | ABC 14% | TURNOVER 14% | DISPOSAL_RISK 14% | SAFETY_STOCK 8% | EOQ 7% | DEMAND_FORECAST 7% | MATCH 5%,"['⏰ 유통기한 임박 (84%)', '❄️ 냉장·냉동 과잉 (78%)', '💸 배송비 상승 (91%)', '⚡ 복합 스트레스 (60%)']","{'재고위험': '25.1%', '판매가능성': '13.2%', '점포이동적합': '14.0%', '비용절감': '18.3%', '폐기회피이익': '13.2%', '실행가능성': '12.8%', '이력보정': '3.3%'}",True,True,False,True,False,True,59.4,34.0,54.5,59.5,67.1,77.6,60.5,56.8,0.0,78.1,권장,보류,⏸️,108,HIGH,신뢰도 높음 ●,#2e7d32,,,78.1,권장,보류,0,-1,False,False,,50.0,7287.0,20694.0,7287.0,6.43,19.66,6.43,13.0,706.0,334.0,623.0,재고 이동,재고 이동,83.356,일치,83.356,49.951,24.973,27.184
커피076,명동점,왕십리점,0.0,다중 경로 추천,4120.0,다중 연결 경로가 기존 직접/DC 경유 방식보다 비용이 낮습니다.,37.54447077634697,10.0,18,12,77.5,우선 추천,4120.0,,9,False,Greedy 선택 후보보다 우선순위가 낮음,5.7,2453,340,6,음료,400,293,171.0,40.0,400,419463.0,A,0.42114451345163617,1,100.0,59.6,6.04,NORMAL,66.9,False,44.8,MEDIUM,유통기한 임박,4.9,22.0,0.0,SAFE,"재고 여유 — 현재고(340), 재주문점(22)",0.0,217.1,38.1,95845.0,54.4,OVER,과잉 발주 위험 — 현재(335개) > EOQ(217개). 발주 주기 38일 권장,54.4,40.0,5.71,8.07,3.36,STABLE,59.5,0.1,WMA,0.1,36.1,10.0,3.6,10.0,7.5,5.0,POOR,낮은 매칭 · 핵심(A)상품,1.003,50.1,STABLE,11.6,LOW,59.1,MEDIUM,45.9,23.6,84.2,0.3,30.0,96188.0,100.0,0.385,0.385,88.5,False,11.7,487,26.9,333,100.0,0.999,4.9,75.1,50.0,REALLOCATE,98.9,2,99.8,75.5,24.0,turnover,70.1,우선 처리,25,HEURISTIC 29% | ABC 14% | TURNOVER 14% | DISPOSAL_RISK 14% | SAFETY_STOCK 8% | EOQ 7% | DEMAND_FORECAST 7% | MATCH 5%,"['⏰ 유통기한 임박 (84%)', '❄️ 냉장·냉동 과잉 (78%)', '💸 배송비 상승 (91%)', '⚡ 복합 스트레스 (60%)']","{'재고위험': '25.1%', '판매가능성': '13.2%', '점포이동적합': '14.0%', '비용절감': '18.3%', '폐기회피이익': '13.2%', '실행가능성': '12.8%', '이력보정': '3.3%'}",True,True,False,True,False,True,56.4,32.8,54.1,65.8,72.0,64.0,51.3,55.8,0.0,69.3,권장,보류,⏸️,155,HIGH,신뢰도 높음 ●,#2e7d32,,,69.3,권장,보류,-1,0,False,False,,50.0,7287.0,20694.0,7287.0,6.43,19.66,6.43,13.0,442.0,293.0,308.0,재고 이동,재고 이동,81.039,일치,81.039,49.945,27.479,30.488
죽010,문래점,신촌점,0.0,다중 경로 추천,4280.0,다중 연결 경로가 기존 직접/DC 경유 방식보다 비용이 낮습니다.,37.36173371784256,10.0,18,12,77.4,우선 추천,4280.0,,10,False,Greedy 선택 후보보다 우선순위가 낮음,4.11,3304,284,1,간편식,500,279,123.0,29.0,500,406392.0,A,0.04394056460257161,1,100.0,69.3,5.2,SLOW,61.5,True,62.6,HIGH,유통기한 임박 | 소진일수 69일 초과,3.5,15.8,0.0,SAFE,"재고 여유 — 현재고(284), 재주문점(16)",0.0,143.7,35.0,104424.0,95.2,OVER,과잉 발주 위험 — 현재(280개) > EOQ(144개). 발주 주기 35일 권장,95.2,28.9,4.13,5.82,2.43,STABLE,68.8,0.0,WMA,0.0,40.9,10.0,8.4,10.0,7.5,5.0,FAIR,보통 매칭 · 폐기위험 높음 · 핵심(A)상품,1.008,50.2,STABLE,13.4,LOW,76.6,HIGH,28.0,28.1,86.3,0.3,30.0,129664.0,100.0,0.385,0.385,88.5,False,17.5,398,35.4,179,100.0,0.999,4.9,75.7,50.0,REALLOCATE,98.8,2,99.8,75.5,24.2,disposal_risk,77.3,우선 처리,2,HEURISTIC 29% | ABC 14% | TURNOVER 14% | DISPOSAL_RISK 14% | SAFETY_STOCK 8% | EOQ 7% | DEMAND_FORECAST 7% | MATCH 5%,"['⏰ 유통기한 임박 (84%)', '❄️ 냉장·냉동 과잉 (78%)', '💸 배송비 상승 (91%)', '⚡ 복합 스트레스 (60%)']","{'재고위험': '25.1%', '판매가능성': '13.2%', '점포이동적합': '14.0%', '비용절감': '18.3%', '폐기회피이익': '13.2%', '실행가능성': '12.8%', '이력보정': '3.3%'}",True,True,False,True,False,True,63.0,32.8,58.1,71.9,72.0,66.9,54.5,59.5,0.0,96.1,최적,할인 판매,🏷️,11,HIGH,신뢰도 높음 ●,#2e7d32,,,96.1,최적,할인 판매,-1,0,False,False,,50.0,7692.0,19029.0,7692.0,6.88,17.810000000000002,6.88,14.0,259.0,279.0,249.0,재고 이동,재고 이동,84.204,일치,84.204,54.447,31.335,31.5
차음료024,신촌2점,문래점,0.0,다중 경로 추천,4460.0,다중 연결 경로가 기존 직접/DC 경유 방식보다 비용이 낮습니다.,37.156154527025095,10.0,18,12,77.2,우선 추천,4460.0,,11,False,Greedy 선택 후보보다 우선순위가 낮음,4.25,2550,291,0,음료,250,286,128.0,30.0,250,326400.0,A,0.3697636250984765,1,100.0,68.2,5.28,SLOW,62.1,True,59.1,MEDIUM,유통기한 임박 | 소진일수 68일 초과,3.6,16.4,0.0,SAFE,"재고 여유 — 현재고(291), 재주문점(16)",0.0,183.8,43.2,84382.0,56.4,OVER,과잉 발주 위험 — 현재(287개) > EOQ(184개). 발주 주기 43일 권장,56.4,29.9,4.27,6.02,2.52,STABLE,68.1,0.0,WMA,0.0,36.1,10.0,3.6,10.0,7.5,5.0,POOR,낮은 매칭 · 핵심(A)상품,1.008,50.2,STABLE,13.3,LOW,78.3,HIGH,35.6,47.9,90.2,0.3,30.0,94840.0,100.0,0.385,0.385,88.5,False,16.1,431,33.0,211,100.0,0.999,4.9,76.7,50.0,REALLOCATE,98.7,2,99.8,75.4,24.2,disposal_risk,72.4,우선 처리,13,HEURISTIC 29% | ABC 14% | TURNOVER 14% | DISPOSAL_RISK 14% | SAFETY_STOCK 8% | EOQ 7% | DEMAND_FORECAST 7% | MATCH 5%,"['⏰ 유통기한 임박 (84%)', '❄️ 냉장·냉동 과잉 (78%)', '💸 배송비 상승 (91%)', '⚡ 복합 스트레스 (60%)']","{'재고위험': '25.1%', '판매가능성': '13.2%', '점포이동적합': '14.0%', '비용절감': '18.3%', '폐기회피이익': '13.2%', '실행가능성': '12.8%', '이력보정': '3.3%'}",True,True,False,True,False,True,61.6,32.8,55.5,65.9,72.0,76.1,53.8,58.9,0.0,93.9,최적,보류,⏸️,23,HIGH,신뢰도 높음 ●,#2e7d32,,,93.9,최적,보류,-1,-1,False,False,,50.0,8817.0,18039.0,8817.0,8.13,16.71,8.13,16.0,412.0,286.0,411.0,재고 이동,재고 이동,83.512,일치,83.512,52.533,29.006,29.539
푸딩062,동대문점,건대점,0.0,다중 경로 추천,4710.0,다중 연결 경로가 기존 직접/DC 경유 방식보다 비용이 낮습니다.,36.87062787311196,10.0,18,12,76.9,우선 추천,4710.0,,12,False,Greedy 선택 후보보다 우선순위가 낮음,8.36,3460,326,3,디저트,500,291,251.0,59.0,500,868460.0,A,0.12426892869344128,1,100.0,39.0,9.24,NORMAL,78.3,False,42.5,MEDIUM,유통기한 임박,7.2,32.3,0.0,SAFE,"재고 여유 — 현재고(326), 재주문점(32)",0.0,187.8,22.5,162464.0,69.8,OVER,과잉 발주 위험 — 현재(319개) > EOQ(188개). 발주 주기 22일 권장,69.8,58.8,8.4,11.85,4.95,STABLE,38.8,2.8,WMA,2.8,36.2,10.0,3.74,10.0,7.5,5.0,POOR,낮은 매칭 · 핵심(A)상품,1.008,50.2,STABLE,7.6,LOW,69.6,MEDIUM,33.5,43.6,76.3,0.3,30.0,134850.0,100.0,0.385,0.385,88.5,False,30.7,67,25.3,399,100.0,0.999,4.9,72.5,50.0,REALLOCATE,98.5,2,99.8,75.4,22.7,turnover,74.1,우선 처리,8,HEURISTIC 29% | ABC 14% | TURNOVER 14% | DISPOSAL_RISK 14% | SAFETY_STOCK 8% | EOQ 7% | DEMAND_FORECAST 7% | MATCH 5%,"['⏰ 유통기한 임박 (84%)', '❄️ 냉장·냉동 과잉 (78%)', '💸 배송비 상승 (91%)', '⚡ 복합 스트레스 (60%)']","{'재고위험': '25.1%', '판매가능성': '13.2%', '점포이동적합': '14.0%', '비용절감': '18.3%', '폐기회피이익': '13.2%', '실행가능성': '12.8%', '이력보정': '3.3%'}",True,True,False,True,False,True,58.4,34.2,53.6,67.8,72.0,65.4,61.8,57.0,0.0,80.9,최적,보류,⏸️,93,HIGH,신뢰도 높음 ●,#2e7d32,,,80.9,최적,보류,-1,0,False,False,,50.0,9249.0,21495.0,9249.0,8.61,20.549999999999997,8.61,17.0,505.0,291.0,225.0,재고 이동,재고 이동,80.181,일치,80.181,49.426,28.622,32.299
푸딩059,용산점,잠원점,0.0,다중 경로 추천,4750.0,다중 연결 경로가 기존 직접/DC 경유 방식보다 비용이 낮습니다.,36.82494360848585,10.0,18,12,76.8,우선 추천,4750.0,,13,False,Greedy 선택 후보보다 우선순위가 낮음,0.86,2758,366,17,디저트,250,346,26.0,6.0,250,71708.0,A,0.6794441020955618,1,100.0,422.3,0.85,DEAD,0.0,True,39.8,LOW,소진일수 422일 초과,0.7,3.3,0.0,SAFE,"재고 여유 — 현재고(366), 재주문점(3)",0.0,67.5,78.5,46522.0,100.0,OVER,과잉 발주 위험 — 현재(365개) > EOQ(68개). 발주 주기 78일 권장,100.0,6.0,0.86,1.21,0.5,STABLE,427.0,0.0,WMA,0.0,32.5,10.0,0.0,10.0,7.5,5.0,POOR,낮은 매칭 · 핵심(A)상품,0.997,49.9,STABLE,35.1,LOW,43.3,MEDIUM,30.9,46.3,85.2,0.3,30.0,102038.0,100.0,0.385,0.385,88.5,False,9.6,498,30.0,254,100.0,0.999,4.9,75.4,50.0,REALLOCATE,98.4,2,99.8,75.4,19.7,disposal_risk,59.5,검토 필요,129,HEURISTIC 29% | ABC 14% | TURNOVER 14% | DISPOSAL_RISK 14% | SAFETY_STOCK 8% | EOQ 7% | DEMAND_FORECAST 7% | MATCH 5%,"['⏰ 유통기한 임박 (84%)', '❄️ 냉장·냉동 과잉 (78%)', '💸 배송비 상승 (91%)', '⚡ 복합 스트레스 (60%)']","{'재고위험': '25.1%', '판매가능성': '13.2%', '점포이동적합': '14.0%', '비용절감': '18.3%', '폐기회피이익': '13.2%', '실행가능성': '12.8%', '이력보정': '3.3%'}",True,True,False,True,False,True,36.4,32.7,53.2,72.2,72.0,72.2,50.2,52.9,0.0,35.9,검토,보류,⏸️,334,HIGH,신뢰도 높음 ●,#2e7d32,,,35.9,검토,보류,-1,-1,False,False,,50.0,6837.0,20703.0,6837.0,5.93,19.67,5.93,12.0,304.0,346.0,271.0,재고 이동,재고 이동,81.312,일치,81.312,54.668,28.208,23.827
에너지드링크033,이태원점,왕십리점,0.0,다중 경로 추천,4880.0,다중 연결 경로가 기존 직접/DC 경유 방식보다 비용이 낮습니다.,36.67646974845102,10.0,18,12,76.7,우선 추천,4880.0,,14,False,Greedy 선택 후보보다 우선순위가 낮음,0.59,1298,175,2,음료,300,174,18.0,4.0,300,23364.0,B,0.8320359109103723,2,60.0,291.7,1.23,DEAD,0.0,True,68.0,HIGH,유통기한 임박 | 소진일수 292일 초과,0.5,2.3,0.0,SAFE,"재고 여유 — 현재고(175), 재주문점(2)",0.0,96.0,162.7,22431.0,81.8,OVER,과잉 발주 위험 — 현재(174개) > EOQ(96개). 발주 주기 163일 권장,81.8,4.1,0.59,0.83,0.34,STABLE,298.8,0.0,WMA,0.0,36.9,10.0,8.4,6.0,7.5,5.0,POOR,낮은 매칭 · 폐기위험 높음,0.969,49.2,STABLE,35.8,LOW,73.1,HIGH,45.9,23.6,84.2,0.3,30.0,50848.0,100.0,0.385,0.385,88.5,False,18.8,360,42.4,44,100.0,0.999,4.9,75.1,50.0,REALLOCATE,98.3,2,99.8,75.3,31.1,disposal_risk,58.5,검토 필요,142,HEURISTIC 29% | ABC 14% | TURNOVER 14% | DISPOSAL_RISK 14% | SAFETY_STOCK 8% | EOQ 7% | DEMAND_FORECAST 7% | MATCH 5%,"['⏰ 유통기한 임박 (84%)', '❄️ 냉장·냉동 과잉 (78%)', '💸 배송비 상승 (91%)', '⚡ 복합 스트레스 (60%)']","{'재고위험': '25.1%', '판매가능성': '13.2%', '점포이동적합': '14.0%', '비용절감': '18.3%', '폐기회피이익': '13.2%', '실행가능성': '12.8%', '이력보정': '3.3%'}",True,True,False,True,False,True,43.2,32.5,57.6,69.5,72.0,64.0,55.2,53.6,0.0,43.0,검토,할인 판매,🏷️,296,HIGH,신뢰도 높음 ●,#2e7d32,,,43.0,검토,할인 판매,-1,0,False,False,,50.0,7377.0,23484.0,7377.0,6.53,22.759999999999998,6.53,13.0,297.0,174.0,204.0,재고 이동,재고 이동,71.247,일치,71.247,60.27,37.118,29.29
케이크042,신촌점,동대문점,0.0,다중 경로 추천,5100.0,다중 연결 경로가 기존 직접/DC 경유 방식보다 비용이 낮습니다.,36.42520629300745,10.0,18,12,76.4,우선 추천,5100.0,,15,False,Greedy 선택 후보보다 우선순위가 낮음,6.44,2745,212,0,디저트,300,203,193.0,45.0,300,529785.0,A,0.6023527040386168,1,100.0,33.0,10.92,NORMAL,81.7,False,41.5,MEDIUM,유통기한 임박,5.5,24.8,0.0,SAFE,"재고 여유 — 현재고(212), 재주문점(25)",0.0,185.1,28.7,127008.0,11.6,OPTIMAL,"적정 발주 — EOQ(185개), 권장 발주 주기 29일",11.6,45.0,6.43,9.09,3.77,STABLE,33.0,3.6,WMA,3.6,36.3,10.0,3.78,10.0,7.5,5.0,POOR,낮은 매칭 · 핵심(A)상품,0.998,50.0,STABLE,6.5,LOW,78.3,HIGH,42.3,35.2,73.7,0.3,30.0,102720.0,100.0,0.385,0.385,88.5,False,38.2,43,24.7,420,100.0,0.999,4.9,71.5,50.0,REALLOCATE,98.1,2,99.8,75.3,22.1,turnover,70.6,우선 처리,22,HEURISTIC 29% | ABC 14% | TURNOVER 14% | DISPOSAL_RISK 14% | SAFETY_STOCK 8% | EOQ 7% | DEMAND_FORECAST 7% | MATCH 5%,"['⏰ 유통기한 임박 (84%)', '❄️ 냉장·냉동 과잉 (78%)', '💸 배송비 상승 (91%)', '⚡ 복합 스트레스 (60%)']","{'재고위험': '25.1%', '판매가능성': '13.2%', '점포이동적합': '14.0%', '비용절감': '18.3%', '폐기회피이익': '13.2%', '실행가능성': '12.8%', '이력보정': '3.3%'}",True,True,False,True,False,True,58.8,34.5,53.4,58.8,72.0,60.9,65.9,54.9,0.0,56.1,검토,보류,⏸️,226,HIGH,신뢰도 높음 ●,#2e7d32,,,56.1,검토,보류,0,-1,False,False,,50.0,10104.0,25689.0,10104.0,9.56,25.21,9.56,19.0,122.0,203.0,39.0,재고 이동,재고 이동,71.577,일치,71.577,43.481,28.569,36.798
탄산음료067,이태원점,신촌점,0.0,다중 경로 추천,5210.0,다중 연결 경로가 기존 직접/DC 경유 방식보다 비용이 낮습니다.,36.29957456528567,10.0,18,12,76.3,우선 추천,5210.0,,16,False,Greedy 선택 후보보다 우선순위가 낮음,6.23,3575,386,3,음료,250,360,187.0,44.0,250,668525.0,A,0.3434406152679366,1,100.0,61.9,5.81,SLOW,65.6,True,54.0,MEDIUM,유통기한 임박,5.3,24.0,0.0,SAFE,"재고 여유 — 현재고(386), 재주문점(24)",0.0,188.0,30.2,120966.0,100.0,OVER,과잉 발주 위험 — 현재(381개) > EOQ(188개). 발주 주기 30일 권장,100.0,43.8,6.26,8.83,3.69,STABLE,61.7,0.0,WMA,0.0,36.1,10.0,3.6,10.0,7.5,5.0,POOR,낮은 매칭 · 핵심(A)상품,1.009,50.2,STABLE,12.0,LOW,69.6,MEDIUM,43.2,28.1,86.3,0.3,30.0,130990.0,100.0,0.385,0.385,88.5,False,14.6,458,30.6,240,100.0,0.999,4.9,75.7,50.0,REALLOCATE,98.0,2,99.8,75.3,24.3,disposal_risk,74.2,우선 처리,7,HEURISTIC 29% | ABC 14% | TURNOVER 14% | DISPOSAL_RISK 14% | SAFETY_STOCK 8% | EOQ 7% | DEMAND_FORECAST 7% | MATCH 5%,"['⏰ 유통기한 임박 (84%)', '❄️ 냉장·냉동 과잉 (78%)', '💸 배송비 상승 (91%)', '⚡ 복합 스트레스 (60%)']","{'재고위험': '25.1%', '판매가능성': '13.2%', '점포이동적합': '14.0%', '비용절감': '18.3%', '폐기회피이익': '13.2%', '실행가능성': '12.8%', '이력보정': '3.3%'}",True,True,False,True,False,True,60.2,32.8,54.9,72.0,72.0,66.9,52.9,58.4,0.0,90.5,최적,보류,⏸️,41,HIGH,신뢰도 높음 ●,#2e7d32,,,90.5,최적,보류,-1,0,False,False,,50.0,8799.0,13476.0,8799.0,8.11,11.64,8.11,16.0,534.0,360.0,502.0,재고 이동,재고 이동,88.385,일치,88.385,55.565,28.713,26.526
에너지드링크033,이태원점,신촌점,0.0,다중 경로 추천,5210.0,다중 연결 경로가 기존 직접/DC 경유 방식보다 비용이 낮습니다.,36.29957456528567,10.0,18,12,76.3,우선 추천,5210.0,,17,False,Greedy 선택 후보보다 우선순위가 낮음,0.59,1298,175,2,음료,300,174,18.0,4.0,300,23364.0,B,0.8320359109103723,2,60.0,291.7,1.23,DEAD,0.0,True,68.0,HIGH,유통기한 임박 | 소진일수 292일 초과,0.5,2.3,0.0,SAFE,"재고 여유 — 현재고(175), 재주문점(2)",0.0,96.0,162.7,22431.0,81.8,OVER,과잉 발주 위험 — 현재(174개) > EOQ(96개). 발주 주기 163일 권장,81.8,4.1,0.59,0.83,0.34,STABLE,298.8,0.0,WMA,0.0,36.9,10.0,8.4,6.0,7.5,5.0,POOR,낮은 매칭 · 폐기위험 높음,0.969,49.2,STABLE,35.8,LOW,73.1,HIGH,43.2,28.1,86.3,0.3,30.0,50518.0,100.0,0.385,0.385,88.5,False,18.8,360,42.3,45,100.0,0.999,4.9,75.7,50.0,REALLOCATE,97.9,2,99.8,75.3,31.2,disposal_risk,58.2,검토 필요,149,HEURISTIC 29% | ABC 14% | TURNOVER 14% | DISPOSAL_RISK 14% | SAFETY_STOCK 8% | EOQ 7% | DEMAND_FORECAST 7% | MATCH 5%,"['⏰ 유통기한 임박 (84%)', '❄️ 냉장·냉동 과잉 (78%)', '💸 배송비 상승 (91%)', '⚡ 복합 스트레스 (60%)']","{'재고위험': '25.1%', '판매가능성': '13.2%', '점포이동적합': '14.0%', '비용절감': '18.3%', '폐기회피이익': '13.2%', '실행가능성': '12.8%', '이력보정': '3.3%'}",True,True,False,True,False,True,43.2,32.5,57.6,69.2,72.0,66.9,55.2,54.0,0.0,46.6,검토,할인 판매,🏷️,277,HIGH,신뢰도 높음 ●,#2e7d32,,,46.6,검토,할인 판매,-1,0,False,False,,50.0,8799.0,13476.0,8799.0,8.11,11.64,8.11,16.0,297.0,174.0,156.0,재고 이동,재고 이동,71.18,일치,71.18,59.536,36.438,29.917
마카롱075,용산점,명동점,0.0,다중 경로 추천,5250.0,다중 연결 경로가 기존 직접/DC 경유 방식보다 비용이 낮습니다.,36.25389030065956,10.0,18,12,76.3,우선 추천,5250.0,,18,False,Greedy 선택 후보보다 우선순위가 낮음,5.5,3054,163,1,디저트,500,156,165.0,38.0,500,503910.0,A,0.0854475137823289,1,100.0,29.6,12.15,FAST,83.6,False,38.0,LOW,유통기한 임박,4.7,21.2,0.0,SAFE,"재고 여유 — 현재고(163), 재주문점(21)",0.0,162.2,29.5,123803.0,1.9,OPTIMAL,"적정 발주 — EOQ(162개), 권장 발주 주기 30일",1.9,38.2,5.46,7.73,3.19,STABLE,29.9,5.1,WMA,5.1,32.8,10.0,0.26,10.0,7.5,5.0,POOR,낮은 매칭 · 핵심(A)상품,0.987,49.7,STABLE,6.1,LOW,76.6,HIGH,27.1,32.8,100.0,0.3,30.0,119694.0,100.0,0.385,0.385,88.5,False,51.7,22,22.6,458,100.0,0.999,4.9,79.0,50.0,REALLOCATE,97.7,2,99.8,75.3,21.5,turnover,69.5,검토 필요,28,HEURISTIC 29% | ABC 14% | TURNOVER 14% | DISPOSAL_RISK 14% | SAFETY_STOCK 8% | EOQ 7% | DEMAND_FORECAST 7% | MATCH 5%,"['⏰ 유통기한 임박 (84%)', '❄️ 냉장·냉동 과잉 (78%)', '💸 배송비 상승 (91%)', '⚡ 복합 스트레스 (60%)']","{'재고위험': '25.1%', '판매가능성': '13.2%', '점포이동적합': '14.0%', '비용절감': '18.3%', '폐기회피이익': '13.2%', '실행가능성': '12.8%', '이력보정': '3.3%'}",True,True,False,True,False,True,57.8,35.2,52.2,57.2,72.0,77.6,73.3,56.4,0.0,75.3,권장,보류,⏸️,123,HIGH,신뢰도 높음 ●,#2e7d32,,,75.3,권장,보류,-1,-1,False,False,,50.0,7053.0,16410.0,7053.0,6.17,14.9,6.17,12.0,615.0,156.0,584.0,재고 이동,재고 이동,78.951,일치,78.951,46.476,24.367,29.978
도시락074,잠원점,종로점,0.0,다중 경로 추천,5370.0,다중 연결 경로가 기존 직접/DC 경유 방식보다 비용이 낮습니다.,36.11683750678126,10.0,18,12,76.1,우선 추천,5370.0,,19,False,Greedy 선택 후보보다 우선순위가 낮음,0.73,3140,260,1,신선식품,250,259,22.0,5.0,250,69080.0,A,0.4700351316340167,1,100.0,354.5,1.02,DEAD,0.0,True,78.0,HIGH,유통기한 임박 | 소진일수 354일 초과 | 신선/냉장 고위험 카테고리,0.6,2.8,0.0,SAFE,"재고 여유 — 현재고(260), 재주문점(3)",0.0,49.2,67.4,54114.0,100.0,OVER,과잉 발주 위험 — 현재(259개) > EOQ(49개). 발주 주기 67일 권장,100.0,5.0,0.71,1.02,0.41,STABLE,364.0,0.0,WMA,0.0,40.9,10.0,8.4,10.0,7.5,5.0,FAIR,보통 매칭 · 폐기위험 높음 · 핵심(A)상품,0.978,49.5,STABLE,35.6,LOW,76.6,HIGH,23.5,50.3,87.0,0.3,30.0,115170.0,100.0,0.385,0.385,88.5,True,21.7,225,47.1,5,100.0,0.999,4.9,75.9,50.0,REALLOCATE,97.6,2,99.8,75.2,13.9,disposal_risk,70.0,우선 처리,26,HEURISTIC 29% | ABC 14% | TURNOVER 14% | DISPOSAL_RISK 14% | SAFETY_STOCK 8% | EOQ 7% | DEMAND_FORECAST 7% | MATCH 5%,"['⏰ 유통기한 임박 (84%)', '❄️ 냉장·냉동 과잉 (78%)', '💸 배송비 상승 (91%)', '⚡ 복합 스트레스 (60%)']","{'재고위험': '25.1%', '판매가능성': '13.2%', '점포이동적합': '14.0%', '비용절감': '18.3%', '폐기회피이익': '13.2%', '실행가능성': '12.8%', '이력보정': '3.3%'}",True,True,False,True,False,True,53.7,32.6,60.4,71.9,72.0,74.8,56.8,58.5,0.0,91.5,최적,할인 판매,🏷️,36,HIGH,신뢰도 높음 ●,#2e7d32,,,91.5,최적,할인 판매,-1,0,False,False,,50.0,10059.0,22179.0,10059.0,9.51,21.31,9.51,19.0,885.0,259.0,797.0,재고 이동,재고 이동,89.819,일치,89.819,63.744,33.155,19.169
도시락074,용산점,종로점,0.0,다중 경로 추천,5480.0,다중 연결 경로가 기존 직접/DC 경유 방식보다 비용이 낮습니다.,35.99120577905948,10.0,18,12,76.0,우선 추천,5480.0,,20,False,Greedy 선택 후보보다 우선순위가 낮음,0.91,3140,261,0,신선식품,250,260,27.0,6.0,250,84780.0,A,0.4700351316340167,1,100.0,290.0,1.24,DEAD,0.0,True,80.0,CRITICAL,유통기한 임박 | 소진일수 290일 초과 | 신선/냉장 고위험 카테고리,0.8,3.5,0.0,SAFE,"재고 여유 — 현재고(261), 재주문점(4)",0.0,55.0,60.4,60418.0,100.0,OVER,과잉 발주 위험 — 현재(260개) > EOQ(55개). 발주 주기 60일 권장,100.0,6.1,0.87,1.25,0.5,STABLE,299.5,0.0,WMA,0.0,44.5,10.0,12.0,10.0,7.5,5.0,FAIR,보통 매칭 · 폐기위험 높음 · 핵심(A)상품,0.942,48.5,STABLE,36.4,LOW,78.3,HIGH,23.5,50.3,87.0,0.3,30.0,115060.0,100.0,0.385,0.385,88.5,True,22.5,197,48.8,1,100.0,0.999,4.9,75.9,50.0,REALLOCATE,97.5,2,99.8,75.2,13.4,disposal_risk,71.3,우선 처리,16,HEURISTIC 29% | ABC 14% | TURNOVER 14% | DISPOSAL_RISK 14% | SAFETY_STOCK 8% | EOQ 7% | DEMAND_FORECAST 7% | MATCH 5%,"['⏰ 유통기한 임박 (84%)', '❄️ 냉장·냉동 과잉 (78%)', '💸 배송비 상승 (91%)', '⚡ 복합 스트레스 (60%)']","{'재고위험': '25.1%', '판매가능성': '13.2%', '점포이동적합': '14.0%', '비용절감': '18.3%', '폐기회피이익': '13.2%', '실행가능성': '12.8%', '이력보정': '3.3%'}",True,True,False,True,False,True,54.6,32.2,62.4,71.8,72.0,74.8,57.3,59.0,0.0,94.3,최적,할인 판매,🏷️,21,HIGH,신뢰도 높음 ●,#2e7d32,,,94.3,최적,할인 판매,-1,0,False,False,,50.0,7872.0,16896.0,7872.0,7.08,15.44,7.08,14.0,885.0,260.0,797.0,재고 이동,재고 이동,91.591,일치,91.591,63.648,32.27,18.67
핫바027,역삼점,왕십리점,0.0,다중 경로 추천,5490.0,다중 연결 경로가 기존 직접/DC 경유 방식보다 비용이 낮습니다.,35.979784712902955,10.0,18,12,76.0,우선 추천,5490.0,,21,False,Greedy 선택 후보보다 우선순위가 낮음,6.44,2509,330,5,간편식,250,285,193.0,45.0,250,484237.0,A,0.26107531382798244,1,100.0,51.3,7.02,NORMAL,71.5,False,45.6,MEDIUM,유통기한 임박,5.5,24.8,0.0,SAFE,"재고 여유 — 현재고(330), 재주문점(25)",0.0,206.4,32.0,113907.0,57.2,OVER,과잉 발주 위험 — 현재(324개) > EOQ(206개). 발주 주기 32일 권장,57.2,45.0,6.43,9.09,3.77,STABLE,51.3,1.2,WMA,1.2,36.2,10.0,3.66,10.0,7.5,5.0,POOR,낮은 매칭 · 핵심(A)상품,0.998,50.0,STABLE,10.0,LOW,62.6,MEDIUM,37.0,23.6,84.2,0.3,30.0,92334.0,100.0,0.385,0.385,88.5,False,17.5,398,26.9,333,100.0,0.999,4.9,75.1,50.0,REALLOCATE,97.3,2,99.8,75.2,24.0,turnover,70.9,우선 처리,18,HEURISTIC 29% | ABC 14% | TURNOVER 14% | DISPOSAL_RISK 14% | SAFETY_STOCK 8% | EOQ 7% | DEMAND_FORECAST 7% | MATCH 5%,"['⏰ 유통기한 임박 (84%)', '❄️ 냉장·냉동 과잉 (78%)', '💸 배송비 상승 (91%)', '⚡ 복합 스트레스 (60%)']","{'재고위험': '25.1%', '판매가능성': '13.2%', '점포이동적합': '14.0%', '비용절감': '18.3%', '폐기회피이익': '13.2%', '실행가능성': '12.8%', '이력보정': '3.3%'}",True,True,False,True,False,True,58.0,33.3,54.2,65.4,72.0,64.0,54.5,56.2,0.0,72.7,권장,보류,⏸️,137,HIGH,신뢰도 높음 ●,#2e7d32,,,72.7,권장,보류,-1,0,False,False,,50.0,8727.0,19002.0,8727.0,8.03,17.78,8.03,16.0,891.0,285.0,877.0,재고 이동,재고 이동,88.17,일치,88.17,53.831,25.73,23.109
커피013,역삼점,왕십리점,0.0,다중 경로 추천,5490.0,다중 연결 경로가 기존 직접/DC 경유 방식보다 비용이 낮습니다.,35.979784712902955,10.0,18,12,76.0,우선 추천,5490.0,,22,False,Greedy 선택 후보보다 우선순위가 낮음,1.09,1543,290,6,음료,500,281,33.0,8.0,500,50919.0,B,0.9087869865371656,2,60.0,263.6,1.37,DEAD,0.0,True,60.0,HIGH,유통기한 임박 | 소진일수 264일 초과,0.9,4.2,0.0,SAFE,"재고 여유 — 현재고(290), 재주문점(4)",0.0,119.7,109.8,33241.0,100.0,OVER,과잉 발주 위험 — 현재(289개) > EOQ(120개). 발주 주기 110일 권장,100.0,7.9,1.13,1.58,0.68,STABLE,257.0,0.0,WMA,0.0,36.9,10.0,8.4,6.0,7.5,5.0,POOR,낮은 매칭 · 폐기위험 높음,1.048,51.2,STABLE,35.0,LOW,59.1,MEDIUM,45.9,23.6,84.2,0.3,30.0,65058.0,100.0,0.385,0.385,88.5,False,16.5,420,38.9,113,100.0,0.999,4.9,75.1,50.0,REALLOCATE,97.2,2,99.8,75.2,33.7,disposal_risk,57.4,검토 필요,164,HEURISTIC 29% | ABC 14% | TURNOVER 14% | DISPOSAL_RISK 14% | SAFETY_STOCK 8% | EOQ 7% | DEMAND_FORECAST 7% | MATCH 5%,"['⏰ 유통기한 임박 (84%)', '❄️ 냉장·냉동 과잉 (78%)', '💸 배송비 상승 (91%)', '⚡ 복합 스트레스 (60%)']","{'재고위험': '25.1%', '판매가능성': '13.2%', '점포이동적합': '14.0%', '비용절감': '18.3%', '폐기회피이익': '13.2%', '실행가능성': '12.8%', '이력보정': '3.3%'}",True,True,False,True,False,True,39.5,33.1,56.9,71.8,72.0,64.0,54.0,53.1,0.0,38.0,검토,할인 판매,🏷️,323,HIGH,신뢰도 높음 ●,#2e7d32,,,38.0,검토,할인 판매,-1,0,False,False,,50.0,8727.0,19002.0,8727.0,8.03,17.78,8.03,16.0,926.0,281.0,645.0,재고 이동,재고 이동,81.743,일치,81.743,61.345,33.053,19.821
에너지드링크033,역삼점,왕십리점,0.0,다중 경로 추천,5490.0,다중 연결 경로가 기존 직접/DC 경유 방식보다 비용이 낮습니다.,35.979784712902955,10.0,18,12,76.0,우선 추천,5490.0,,23,False,Greedy 선택 후보보다 우선순위가 낮음,5.5,1298,272,0,음료,300,265,165.0,38.0,300,214170.0,B,0.8320359109103723,2,60.0,49.5,7.28,NORMAL,72.5,False,49.7,MEDIUM,유통기한 임박,4.7,21.2,0.0,SAFE,"재고 여유 — 현재고(272), 재주문점(21)",0.0,293.1,53.3,68486.0,7.0,OPTIMAL,"적정 발주 — EOQ(293개), 권장 발주 주기 53일",7.0,38.2,5.46,7.73,3.19,STABLE,49.8,1.4,WMA,1.4,32.2,10.0,3.67,6.0,7.5,5.0,POOR,낮은 매칭,0.987,49.7,STABLE,9.9,LOW,78.3,HIGH,45.9,23.6,84.2,0.3,30.0,50238.0,100.0,0.385,0.385,88.5,False,19.7,327,27.7,294,100.0,0.999,4.9,75.1,50.0,REALLOCATE,97.1,2,99.8,75.2,36.9,turnover,60.2,검토 필요,116,HEURISTIC 29% | ABC 14% | TURNOVER 14% | DISPOSAL_RISK 14% | SAFETY_STOCK 8% | EOQ 7% | DEMAND_FORECAST 7% | MATCH 5%,"['⏰ 유통기한 임박 (84%)', '❄️ 냉장·냉동 과잉 (78%)', '💸 배송비 상승 (91%)', '⚡ 복합 스트레스 (60%)']","{'재고위험': '25.1%', '판매가능성': '13.2%', '점포이동적합': '14.0%', '비용절감': '18.3%', '폐기회피이익': '13.2%', '실행가능성': '12.8%', '이력보정': '3.3%'}",True,True,False,True,False,True,54.1,33.3,52.5,57.8,72.0,64.0,55.7,53.7,0.0,43.8,검토,보류,⏸️,292,HIGH,신뢰도 높음 ●,#2e7d32,,,43.8,검토,보류,-1,0,False,False,,50.0,8727.0,19002.0,8727.0,8.03,17.78,8.03,16.0,297.0,265.0,204.0,재고 이동,재고 이동,70.015,일치,70.015,46.517,29.479,33.948
커피038,신촌점,마포점,354.0,재배치 추천,6513.0,프로모션 순비용이 재배치 비용보다 높습니다.,34.81140964509037,22.88135593220339,18,0,75.7,우선 추천,6513.0,354.0,24,False,Greedy 선택 후보보다 우선순위가 낮음,3.45,2507,363,2,음료,300,354,104.0,24.0,300,260728.0,A,0.5815062590510993,1,100.0,104.7,3.44,DEAD,41.8,True,68.0,HIGH,유통기한 임박 | 소진일수 105일 초과,3.0,13.4,0.0,SAFE,"재고 여유 — 현재고(363), 재주문점(13)",0.0,167.0,48.4,75382.0,100.0,OVER,과잉 발주 위험 — 현재(360개) > EOQ(167개). 발주 주기 48일 권장,100.0,24.1,3.44,4.87,2.02,STABLE,105.4,0.0,WMA,0.0,40.9,10.0,8.4,10.0,7.5,5.0,FAIR,보통 매칭 · 폐기위험 높음 · 핵심(A)상품,0.994,49.8,STABLE,20.6,LOW,73.1,HIGH,38.8,23.3,78.8,0.3,30.0,1164661.0,100.0,0.385,0.385,88.5,False,19.1,345,39.3,106,100.0,0.999,4.9,73.4,50.0,REALLOCATE,96.9,2,99.8,75.1,24.5,disposal_risk,74.3,우선 처리,6,HEURISTIC 29% | ABC 14% | TURNOVER 14% | DISPOSAL_RISK 14% | SAFETY_STOCK 8% | EOQ 7% | DEMAND_FORECAST 7% | MATCH 5%,"['⏰ 유통기한 임박 (84%)', '❄️ 냉장·냉동 과잉 (78%)', '💸 배송비 상승 (91%)', '⚡ 복합 스트레스 (60%)']","{'재고위험': '25.1%', '판매가능성': '13.2%', '점포이동적합': '14.0%', '비용절감': '18.3%', '폐기회피이익': '13.2%', '실행가능성': '12.8%', '이력보정': '3.3%'}",True,True,False,True,False,True,60.2,32.6,58.6,71.6,72.0,60.3,55.4,58.0,0.0,88.3,최적,할인 판매,🏷️,53,HIGH,신뢰도 높음 ●,#2e7d32,,,88.3,최적,할인 판매,0,-1,False,False,,50.0,6513.0,16527.0,6513.0,5.57,15.03,5.57,11.0,750.0,354.0,618.0,재고 이동,재고 이동,106.938,일치,106.938,71.441,33.76,8.214
컵밥007,용산점,문래점,0.0,다중 경로 추천,5780.0,다중 연결 경로가 기존 직접/DC 경유 방식보다 비용이 낮습니다.,35.6485737943637,10.0,18,12,75.6,우선 추천,5780.0,,25,False,Greedy 선택 후보보다 우선순위가 낮음,1.4,3334,279,0,간편식,300,278,42.0,10.0,300,140028.0,A,0.23037995959756308,1,100.0,199.3,1.81,DEAD,0.0,True,75.0,HIGH,유통기한 임박 | 소진일수 199일 초과,1.2,5.4,0.0,SAFE,"재고 여유 — 현재고(279), 재주문점(5)",0.0,83.5,59.6,61222.0,100.0,OVER,과잉 발주 위험 — 현재(278개) > EOQ(84개). 발주 주기 60일 권장,100.0,9.9,1.41,1.99,0.84,STABLE,197.3,0.0,WMA,0.0,40.9,10.0,8.4,10.0,7.5,5.0,FAIR,보통 매칭 · 폐기위험 높음 · 핵심(A)상품,1.02,50.5,STABLE,35.0,LOW,78.3,HIGH,40.1,47.9,90.2,0.3,30.0,123244.0,100.0,0.385,0.385,88.5,False,21.0,264,45.7,10,100.0,0.999,4.9,76.7,50.0,REALLOCATE,96.8,2,99.8,75.1,14.9,disposal_risk,68.9,검토 필요,32,HEURISTIC 29% | ABC 14% | TURNOVER 14% | DISPOSAL_RISK 14% | SAFETY_STOCK 8% | EOQ 7% | DEMAND_FORECAST 7% | MATCH 5%,"['⏰ 유통기한 임박 (84%)', '❄️ 냉장·냉동 과잉 (78%)', '💸 배송비 상승 (91%)', '⚡ 복합 스트레스 (60%)']","{'재고위험': '25.1%', '판매가능성': '13.2%', '점포이동적합': '14.0%', '비용절감': '18.3%', '폐기회피이익': '13.2%', '실행가능성': '12.8%', '이력보정': '3.3%'}",True,True,False,True,False,True,52.2,32.8,60.2,71.6,72.0,76.1,56.5,58.3,0.0,89.8,최적,할인 판매,🏷️,45,HIGH,신뢰도 높음 ●,#2e7d32,,,89.8,최적,할인 판매,-1,-1,False,False,,50.0,9537.0,25671.0,9537.0,8.93,25.19,8.93,18.0,561.0,278.0,422.0,재고 이동,재고 이동,82.353,일치,82.353,61.872,34.955,24.882
아이스라떼077,용산점,문래점,0.0,다중 경로 추천,5780.0,다중 연결 경로가 기존 직접/DC 경유 방식보다 비용이 낮습니다.,35.6485737943637,10.0,18,12,75.6,우선 추천,5780.0,,26,False,Greedy 선택 후보보다 우선순위가 낮음,4.22,1060,238,10,유제품,250,179,127.0,30.0,250,134620.0,C,0.9791840344790028,3,20.0,56.2,6.4,NORMAL,68.8,False,34.8,LOW,신선/냉장 고위험 카테고리,3.6,16.3,0.0,SAFE,"재고 여유 — 현재고(238), 재주문점(16)",0.0,203.8,48.3,75594.0,15.0,OPTIMAL,"적정 발주 — EOQ(204개), 권장 발주 주기 48일",15.0,29.8,4.26,6.0,2.52,STABLE,55.9,0.5,WMA,0.5,25.5,10.0,0.02,3.0,7.5,5.0,POOR,낮은 매칭,1.016,50.4,STABLE,11.0,LOW,45.1,MEDIUM,29.1,47.9,90.2,0.3,30.0,39880.0,79.8,0.385,0.385,88.5,True,9.3,499,20.6,477,100.0,0.999,4.9,76.7,50.0,REALLOCATE,96.7,2,99.8,65.0,39.6,turnover,46.7,모니터링,330,HEURISTIC 29% | ABC 14% | TURNOVER 14% | DISPOSAL_RISK 14% | SAFETY_STOCK 8% | EOQ 7% | DEMAND_FORECAST 7% | MATCH 5%,"['⏰ 유통기한 임박 (84%)', '❄️ 냉장·냉동 과잉 (78%)', '💸 배송비 상승 (91%)', '⚡ 복합 스트레스 (60%)']","{'재고위험': '25.1%', '판매가능성': '13.2%', '점포이동적합': '14.0%', '비용절감': '18.3%', '폐기회피이익': '13.2%', '실행가능성': '12.8%', '이력보정': '3.3%'}",True,True,False,True,False,True,40.4,33.1,48.3,58.8,59.9,76.1,50.0,49.7,0.0,12.3,검토,보류,⏸️,461,HIGH,신뢰도 높음 ●,#2e7d32,,,12.3,검토,보류,-1,-1,False,False,,50.0,9537.0,25671.0,9537.0,8.93,25.19,8.93,18.0,223.0,179.0,118.0,재고 이동,재고 이동,60.346,일치,60.346,46.862,31.527,33.163
죽003,홍대2점,신촌점,288.0,재배치 추천,3381.0,프로모션 순비용이 재배치 비용보다 높습니다.,38.38848756531422,18.220338983050848,18,0,74.6,우선 추천,3381.0,288.0,27,False,Greedy 선택 후보보다 우선순위가 낮음,2.23,1867,306,6,간편식,150,288,67.0,16.0,150,125089.0,A,0.7812158286916832,1,100.0,137.0,2.63,DEAD,23.9,True,65.0,HIGH,유통기한 임박 | 소진일수 137일 초과,1.9,8.6,0.0,SAFE,"재고 여유 — 현재고(306), 재주문점(9)",0.0,140.8,63.1,57821.0,100.0,OVER,과잉 발주 위험 — 현재(304개) > EOQ(141개). 발주 주기 63일 권장,100.0,15.8,2.26,3.18,1.34,STABLE,135.6,0.0,WMA,0.0,40.9,10.0,8.4,10.0,7.5,5.0,FAIR,보통 매칭 · 폐기위험 높음 · 핵심(A)상품,1.025,50.6,STABLE,26.7,LOW,59.1,MEDIUM,28.0,28.1,86.3,0.3,30.0,685054.0,100.0,0.385,0.385,88.5,False,18.3,380,39.6,102,100.0,0.999,4.9,75.7,50.0,REALLOCATE,96.5,2,99.8,74.9,23.4,disposal_risk,69.8,검토 필요,27,HEURISTIC 29% | ABC 14% | TURNOVER 14% | DISPOSAL_RISK 14% | SAFETY_STOCK 8% | EOQ 7% | DEMAND_FORECAST 7% | MATCH 5%,"['⏰ 유통기한 임박 (84%)', '❄️ 냉장·냉동 과잉 (78%)', '💸 배송비 상승 (91%)', '⚡ 복합 스트레스 (60%)']","{'재고위험': '25.1%', '판매가능성': '13.2%', '점포이동적합': '14.0%', '비용절감': '18.3%', '폐기회피이익': '13.2%', '실행가능성': '12.8%', '이력보정': '3.3%'}",True,True,False,True,False,True,54.1,32.9,58.9,71.0,72.0,66.9,55.0,57.3,0.0,83.6,최적,할인 판매,🏷️,78,HIGH,신뢰도 높음 ●,#2e7d32,,,83.6,최적,할인 판매,-1,0,False,False,,50.0,3381.0,14223.0,3381.0,2.09,12.469999999999999,2.09,4.0,862.0,288.0,783.0,재고 이동,재고 이동,106.696,일치,106.696,70.7,31.133,6.77
탄산음료067,홍대2점,신촌점,284.0,재배치 추천,3381.0,프로모션 순비용이 재배치 비용보다 높습니다.,38.38848756531422,17.937853107344633,18,0,74.3,우선 추천,3381.0,284.0,28,False,Greedy 선택 후보보다 우선순위가 낮음,2.01,3575,298,5,음료,250,284,60.0,14.0,250,214500.0,A,0.3434406152679366,1,100.0,149.0,2.42,DEAD,17.2,True,60.0,HIGH,유통기한 임박 | 소진일수 149일 초과,1.7,7.7,0.0,SAFE,"재고 여유 — 현재고(298), 재주문점(8)",0.0,106.8,53.1,68710.0,100.0,OVER,과잉 발주 위험 — 현재(296개) > EOQ(107개). 발주 주기 53일 권장,100.0,14.0,2.0,2.83,1.17,STABLE,149.0,0.0,WMA,0.0,40.9,10.0,8.4,10.0,7.5,5.0,FAIR,보통 매칭 · 폐기위험 높음 · 핵심(A)상품,0.995,49.9,STABLE,29.0,LOW,62.6,MEDIUM,43.2,28.1,86.3,0.3,30.0,1285979.0,100.0,0.385,0.385,88.5,False,16.9,411,38.1,138,100.0,0.999,4.9,75.7,50.0,REALLOCATE,96.4,2,99.8,74.9,23.1,disposal_risk,67.3,검토 필요,41,HEURISTIC 29% | ABC 14% | TURNOVER 14% | DISPOSAL_RISK 14% | SAFETY_STOCK 8% | EOQ 7% | DEMAND_FORECAST 7% | MATCH 5%,"['⏰ 유통기한 임박 (84%)', '❄️ 냉장·냉동 과잉 (78%)', '💸 배송비 상승 (91%)', '⚡ 복합 스트레스 (60%)']","{'재고위험': '25.1%', '판매가능성': '13.2%', '점포이동적합': '14.0%', '비용절감': '18.3%', '폐기회피이익': '13.2%', '실행가능성': '12.8%', '이력보정': '3.3%'}",True,True,False,True,False,True,50.1,32.7,58.6,70.9,72.0,66.9,54.2,56.2,0.0,71.7,권장,할인 판매,🏷️,142,HIGH,신뢰도 높음 ●,#2e7d32,,,71.7,권장,할인 판매,-1,0,False,False,,50.0,3381.0,14223.0,3381.0,2.09,12.469999999999999,2.09,4.0,534.0,284.0,502.0,재고 이동,재고 이동,101.508,일치,101.508,67.663,31.286,10.397
죽003,마포점,신촌점,334.0,재배치 추천,6513.0,프로모션 순비용이 재배치 비용보다 높습니다.,34.81140964509037,21.468926553672315,18,0,74.3,우선 추천,6513.0,334.0,29,False,Greedy 선택 후보보다 우선순위가 낮음,1.77,1867,338,2,간편식,150,334,53.0,12.0,150,98951.0,A,0.7812158286916832,1,100.0,191.3,1.88,DEAD,0.0,True,73.0,HIGH,유통기한 임박 | 소진일수 191일 초과,1.5,6.8,0.0,SAFE,"재고 여유 — 현재고(338), 재주문점(7)",0.0,125.4,70.8,51513.0,100.0,OVER,과잉 발주 위험 — 현재(336개) > EOQ(125개). 발주 주기 71일 권장,100.0,12.2,1.74,2.47,1.01,STABLE,193.9,0.0,WMA,0.0,40.9,10.0,8.4,10.0,7.5,5.0,FAIR,보통 매칭 · 폐기위험 높음 · 핵심(A)상품,0.969,49.2,STABLE,35.8,LOW,73.1,HIGH,28.0,28.1,86.3,0.3,30.0,791881.0,100.0,0.385,0.385,88.5,False,20.5,293,45.0,18,100.0,0.999,4.9,75.7,50.0,REALLOCATE,96.3,2,99.8,74.9,15.7,disposal_risk,67.4,검토 필요,40,HEURISTIC 29% | ABC 14% | TURNOVER 14% | DISPOSAL_RISK 14% | SAFETY_STOCK 8% | EOQ 7% | DEMAND_FORECAST 7% | MATCH 5%,"['⏰ 유통기한 임박 (84%)', '❄️ 냉장·냉동 과잉 (78%)', '💸 배송비 상승 (91%)', '⚡ 복합 스트레스 (60%)']","{'재고위험': '25.1%', '판매가능성': '13.2%', '점포이동적합': '14.0%', '비용절감': '18.3%', '폐기회피이익': '13.2%', '실행가능성': '12.8%', '이력보정': '3.3%'}",True,True,False,True,False,True,51.4,32.5,60.0,70.9,72.0,66.9,56.2,56.7,0.0,77.3,권장,할인 판매,🏷️,112,HIGH,신뢰도 높음 ●,#2e7d32,,,77.3,권장,할인 판매,-1,0,False,True,8190.0,66.8,6513.0,16527.0,6513.0,5.57,15.03,5.57,11.0,862.0,334.0,783.0,재고 이동,재고 이동,107.461,일치,107.461,73.38,33.484,3.04
도시락074,합정점,신촌점,295.0,재배치 추천,4371.0,프로모션 순비용이 재배치 비용보다 높습니다.,37.25780201581818,18.714689265536723,18,0,74.0,우선 추천,4371.0,295.0,30,False,Greedy 선택 후보보다 우선순위가 낮음,7.04,3140,304,0,신선식품,250,295,211.0,49.0,250,662540.0,A,0.4700351316340167,1,100.0,43.2,8.33,NORMAL,76.0,False,56.6,MEDIUM,유통기한 임박 | 신선/냉장 고위험 카테고리,6.0,27.1,0.0,SAFE,"재고 여유 — 현재고(304), 재주문점(27)",0.0,152.9,21.7,168047.0,94.9,OVER,과잉 발주 위험 — 현재(298개) > EOQ(153개). 발주 주기 22일 권장,94.9,49.1,7.01,9.92,4.11,STABLE,43.3,2.2,WMA,2.2,36.2,10.0,3.71,10.0,7.5,5.0,POOR,낮은 매칭 · 핵심(A)상품,0.994,49.9,STABLE,8.5,LOW,78.3,HIGH,23.2,28.1,86.3,0.3,30.0,1180939.0,100.0,0.385,0.385,88.5,True,27.8,90,30.9,237,100.0,0.999,4.9,75.7,50.0,REALLOCATE,96.1,1,100.0,74.8,23.5,disposal_risk,76.1,우선 처리,3,HEURISTIC 29% | ABC 14% | TURNOVER 14% | DISPOSAL_RISK 14% | SAFETY_STOCK 8% | EOQ 7% | DEMAND_FORECAST 7% | MATCH 5%,"['⏰ 유통기한 임박 (84%)', '❄️ 냉장·냉동 과잉 (78%)', '💸 배송비 상승 (91%)', '⚡ 복합 스트레스 (60%)']","{'재고위험': '25.1%', '판매가능성': '13.2%', '점포이동적합': '14.0%', '비용절감': '18.3%', '폐기회피이익': '13.2%', '실행가능성': '12.8%', '이력보정': '3.3%'}",True,True,False,True,False,True,64.1,33.8,55.0,69.9,72.0,66.9,60.3,59.2,0.0,95.2,최적,보류,⏸️,16,HIGH,신뢰도 높음 ●,#2e7d32,,,95.2,최적,보류,-1,0,False,False,,50.0,4371.0,15510.0,4371.0,3.19,13.9,3.19,6.0,885.0,295.0,795.0,재고 이동,재고 이동,105.947,일치,105.947,67.819,30.307,11.118
샐러드069,압구정점,역삼점,310.0,재배치 추천,5514.0,프로모션 순비용이 재배치 비용보다 높습니다.,35.952374154127284,19.774011299435028,18,0,73.7,우선 추천,5514.0,310.0,31,False,Greedy 선택 후보보다 우선순위가 낮음,2.85,3082,345,9,신선식품,250,310,86.0,20.0,250,265052.0,A,0.6610542014354238,1,100.0,120.3,2.99,DEAD,33.2,True,57.1,MEDIUM,소진일수 120일 초과 | 신선/냉장 고위험 카테고리,2.4,11.0,0.0,SAFE,"재고 여유 — 현재고(345), 재주문점(11)",0.0,98.2,34.5,105930.0,100.0,OVER,과잉 발주 위험 — 현재(343개) > EOQ(98개). 발주 주기 34일 권장,100.0,20.0,2.86,4.03,1.68,STABLE,120.8,0.0,WMA,0.0,36.1,10.0,3.6,10.0,7.5,5.0,POOR,낮은 매칭 · 핵심(A)상품,1.003,50.1,STABLE,23.5,LOW,48.6,MEDIUM,33.3,67.8,53.7,0.3,30.0,1218490.0,100.0,0.385,0.385,88.5,True,15.7,435,34.6,183,100.0,0.999,4.9,60.9,50.0,REALLOCATE,96.0,2,99.8,74.7,25.9,disposal_risk,67.5,검토 필요,39,HEURISTIC 29% | ABC 14% | TURNOVER 14% | DISPOSAL_RISK 14% | SAFETY_STOCK 8% | EOQ 7% | DEMAND_FORECAST 7% | MATCH 5%,"['⏰ 유통기한 임박 (84%)', '❄️ 냉장·냉동 과잉 (78%)', '💸 배송비 상승 (91%)', '⚡ 복합 스트레스 (60%)']","{'재고위험': '25.1%', '판매가능성': '13.2%', '점포이동적합': '14.0%', '비용절감': '18.3%', '폐기회피이익': '13.2%', '실행가능성': '12.8%', '이력보정': '3.3%'}",True,True,False,True,False,True,53.0,32.7,54.3,70.5,72.0,58.4,53.5,55.2,0.0,59.2,검토,보류,⏸️,209,HIGH,신뢰도 높음 ●,#2e7d32,,,59.2,검토,보류,-1,-1,False,False,,50.0,5514.0,18228.0,5514.0,4.46,16.92,4.46,9.0,938.0,310.0,889.0,재고 이동,재고 이동,106.679,일치,106.679,70.279,30.714,5.128
탄산음료067,이태원점,신촌점,360.0,재배치 추천,8799.0,프로모션 순비용이 재배치 비용보다 높습니다.,32.20055392170859,23.30508474576271,18,0,73.5,우선 추천,8799.0,360.0,32,False,Greedy 선택 후보보다 우선순위가 낮음,6.23,3575,386,3,음료,250,360,187.0,44.0,250,668525.0,A,0.3434406152679366,1,100.0,61.9,5.81,SLOW,65.6,True,54.0,MEDIUM,유통기한 임박,5.3,24.0,0.0,SAFE,"재고 여유 — 현재고(386), 재주문점(24)",0.0,188.0,30.2,120966.0,100.0,OVER,과잉 발주 위험 — 현재(381개) > EOQ(188개). 발주 주기 30일 권장,100.0,43.8,6.26,8.83,3.69,STABLE,61.7,0.0,WMA,0.0,36.1,10.0,3.6,10.0,7.5,5.0,POOR,낮은 매칭 · 핵심(A)상품,1.009,50.2,STABLE,12.0,LOW,69.6,MEDIUM,43.2,28.1,86.3,0.3,30.0,1625601.0,100.0,0.385,0.385,88.5,False,14.8,456,30.5,244,100.0,0.999,4.9,75.7,50.0,REALLOCATE,95.9,2,99.8,74.7,25.0,disposal_risk,72.0,우선 처리,14,HEURISTIC 29% | ABC 14% | TURNOVER 14% | DISPOSAL_RISK 14% | SAFETY_STOCK 8% | EOQ 7% | DEMAND_FORECAST 7% | MATCH 5%,"['⏰ 유통기한 임박 (84%)', '❄️ 냉장·냉동 과잉 (78%)', '💸 배송비 상승 (91%)', '⚡ 복합 스트레스 (60%)']","{'재고위험': '25.1%', '판매가능성': '13.2%', '점포이동적합': '14.0%', '비용절감': '18.3%', '폐기회피이익': '13.2%', '실행가능성': '12.8%', '이력보정': '3.3%'}",True,True,False,True,False,True,60.2,32.8,54.9,70.4,72.0,66.9,53.0,58.1,0.0,88.9,최적,보류,⏸️,50,HIGH,신뢰도 높음 ●,#2e7d32,,,88.9,최적,보류,-1,0,False,False,,50.0,8799.0,13476.0,8799.0,8.11,11.64,8.11,16.0,534.0,360.0,502.0,재고 이동,재고 이동,102.418,일치,102.418,67.179,32.435,11.752
탄산음료067,신촌2점,홍대점,282.0,재배치 추천,4056.0,프로모션 순비용이 재배치 비용보다 높습니다.,37.61756559974874,17.796610169491526,18,0,73.4,우선 추천,4056.0,282.0,33,False,Greedy 선택 후보보다 우선순위가 낮음,1.37,3575,293,6,음료,250,282,41.0,10.0,250,146575.0,A,0.3434406152679366,1,100.0,214.4,1.68,DEAD,0.0,True,60.0,HIGH,유통기한 임박 | 소진일수 214일 초과,1.2,5.3,0.0,SAFE,"재고 여유 — 현재고(293), 재주문점(5)",0.0,88.2,64.4,56726.0,100.0,OVER,과잉 발주 위험 — 현재(292개) > EOQ(88개). 발주 주기 64일 권장,100.0,9.8,1.4,1.97,0.83,STABLE,209.3,0.0,WMA,0.0,40.9,10.0,8.4,10.0,7.5,5.0,FAIR,보통 매칭 · 폐기위험 높음 · 핵심(A)상품,1.043,51.1,STABLE,35.0,LOW,59.1,MEDIUM,38.0,50.8,83.4,0.3,30.0,1276224.0,100.0,0.385,0.385,88.5,False,17.0,409,39.6,102,100.0,0.999,4.9,74.8,50.0,REALLOCATE,95.7,2,99.8,74.7,18.7,disposal_risk,63.7,검토 필요,77,HEURISTIC 29% | ABC 14% | TURNOVER 14% | DISPOSAL_RISK 14% | SAFETY_STOCK 8% | EOQ 7% | DEMAND_FORECAST 7% | MATCH 5%,"['⏰ 유통기한 임박 (84%)', '❄️ 냉장·냉동 과잉 (78%)', '💸 배송비 상승 (91%)', '⚡ 복합 스트레스 (60%)']","{'재고위험': '25.1%', '판매가능성': '13.2%', '점포이동적합': '14.0%', '비용절감': '18.3%', '폐기회피이익': '13.2%', '실행가능성': '12.8%', '이력보정': '3.3%'}",True,True,False,True,False,True,45.5,33.0,58.8,70.4,72.0,72.5,54.3,55.7,0.0,68.0,권장,할인 판매,🏷️,162,HIGH,신뢰도 높음 ●,#2e7d32,,,68.0,권장,할인 판매,-1,0,False,False,,50.0,4056.0,13476.0,4056.0,2.84,11.64,2.84,6.0,534.0,282.0,473.0,재고 이동,재고 이동,99.875,일치,99.875,67.396,31.354,9.456
차음료039,왕십리점,명동점,334.0,재배치 추천,7287.0,프로모션 순비용이 재배치 비용보다 높습니다.,33.92741912457528,21.468926553672315,18,0,73.4,우선 추천,7287.0,334.0,34,False,Greedy 선택 후보보다 우선순위가 낮음,8.38,1058,345,0,음료,400,334,251.0,59.0,400,265558.0,A,0.7122615727681944,1,100.0,41.2,8.73,NORMAL,77.1,False,45.6,MEDIUM,유통기한 임박,7.2,32.3,0.0,SAFE,"재고 여유 — 현재고(345), 재주문점(32)",0.0,400.8,47.8,76322.0,12.6,OPTIMAL,"적정 발주 — EOQ(401개), 권장 발주 주기 48일",12.6,58.9,8.41,11.87,4.96,STABLE,41.0,2.5,WMA,2.5,36.2,10.0,3.72,10.0,7.5,5.0,POOR,낮은 매칭 · 핵심(A)상품,1.006,50.1,STABLE,8.0,LOW,78.3,HIGH,41.7,32.8,100.0,0.3,30.0,550359.0,100.0,0.385,0.385,88.5,False,28.6,80,26.4,362,100.0,0.999,4.9,79.0,50.0,REALLOCATE,95.6,2,99.8,74.7,23.8,turnover,67.6,검토 필요,37,HEURISTIC 29% | ABC 14% | TURNOVER 14% | DISPOSAL_RISK 14% | SAFETY_STOCK 8% | EOQ 7% | DEMAND_FORECAST 7% | MATCH 5%,"['⏰ 유통기한 임박 (84%)', '❄️ 냉장·냉동 과잉 (78%)', '💸 배송비 상승 (91%)', '⚡ 복합 스트레스 (60%)']","{'재고위험': '25.1%', '판매가능성': '13.2%', '점포이동적합': '14.0%', '비용절감': '18.3%', '폐기회피이익': '13.2%', '실행가능성': '12.8%', '이력보정': '3.3%'}",True,True,False,True,False,True,59.4,34.0,54.5,57.3,72.0,77.6,60.6,57.0,0.0,81.0,최적,보류,⏸️,92,HIGH,신뢰도 높음 ●,#2e7d32,,,81.0,최적,보류,0,-1,False,False,,50.0,7287.0,20694.0,7287.0,6.43,19.66,6.43,13.0,706.0,334.0,623.0,재고 이동,재고 이동,95.901,일치,95.901,60.42,28.249,13.329
샌드위치023,문래점,홍대점,322.0,재배치 추천,6630.0,프로모션 순비용이 재배치 비용보다 높습니다.,34.67778317105902,20.62146892655367,18,0,73.3,우선 추천,6630.0,322.0,35,False,Greedy 선택 후보보다 우선순위가 낮음,2.39,1198,345,7,신선식품,150,322,72.0,17.0,150,86256.0,B,0.9181734074460505,2,60.0,143.8,2.5,DEAD,20.1,True,70.0,HIGH,유통기한 임박 | 소진일수 144일 초과 | 신선/냉장 고위험 카테고리,2.0,9.2,0.0,SAFE,"재고 여유 — 현재고(345), 재주문점(9)",0.0,144.2,60.3,60479.0,100.0,OVER,과잉 발주 위험 — 현재(343개) > EOQ(144개). 발주 주기 60일 권장,100.0,16.9,2.41,3.4,1.43,STABLE,142.9,0.0,WMA,0.0,36.9,10.0,8.4,6.0,7.5,5.0,POOR,낮은 매칭 · 폐기위험 높음,1.016,50.4,STABLE,28.1,LOW,55.6,MEDIUM,31.9,50.8,83.4,0.3,30.0,504577.0,100.0,0.385,0.385,88.5,True,19.5,334,41.1,62,100.0,0.999,4.9,74.8,50.0,REALLOCATE,95.5,2,99.8,74.7,37.0,disposal_risk,60.9,검토 필요,109,HEURISTIC 29% | ABC 14% | TURNOVER 14% | DISPOSAL_RISK 14% | SAFETY_STOCK 8% | EOQ 7% | DEMAND_FORECAST 7% | MATCH 5%,"['⏰ 유통기한 임박 (84%)', '❄️ 냉장·냉동 과잉 (78%)', '💸 배송비 상승 (91%)', '⚡ 복합 스트레스 (60%)']","{'재고위험': '25.1%', '판매가능성': '13.2%', '점포이동적합': '14.0%', '비용절감': '18.3%', '폐기회피이익': '13.2%', '실행가능성': '12.8%', '이력보정': '3.3%'}",True,True,False,True,False,True,49.3,32.8,57.3,70.3,72.0,72.5,55.6,56.5,0.0,75.6,권장,할인 판매,🏷️,121,HIGH,신뢰도 높음 ●,#2e7d32,,,75.6,권장,할인 판매,-1,0,False,False,,50.0,6630.0,20595.0,6630.0,5.7,19.55,5.7,11.0,426.0,322.0,388.0,재고 이동,재고 이동,96.341,일치,96.341,67.838,36.423,10.525
푸딩025,마포점,문래점,343.0,재배치 추천,8295.0,프로모션 순비용이 재배치 비용보다 높습니다.,32.776175655997484,22.1045197740113,18,0,72.9,우선 추천,8295.0,343.0,36,False,Greedy 선택 후보보다 우선순위가 낮음,1.91,3574,372,2,디저트,400,367,57.0,13.0,400,203718.0,A,0.6230026374441194,1,100.0,195.8,1.84,DEAD,0.0,True,68.0,HIGH,유통기한 임박 | 소진일수 196일 초과,1.6,7.3,0.0,SAFE,"재고 여유 — 현재고(372), 재주문점(7)",0.0,88.3,46.2,78924.0,100.0,OVER,과잉 발주 위험 — 현재(370개) > EOQ(88개). 발주 주기 46일 권장,100.0,13.1,1.87,2.66,1.08,STABLE,198.8,0.0,WMA,0.0,40.9,10.0,8.4,10.0,7.5,5.0,FAIR,보통 매칭 · 폐기위험 높음 · 핵심(A)상품,0.972,49.3,STABLE,35.7,LOW,73.1,HIGH,32.8,47.9,90.2,0.3,30.0,1599963.0,100.0,0.385,0.385,88.5,False,19.3,341,43.0,42,100.0,0.999,4.9,76.7,50.0,REALLOCATE,95.3,2,99.8,74.6,17.3,disposal_risk,65.2,검토 필요,59,HEURISTIC 29% | ABC 14% | TURNOVER 14% | DISPOSAL_RISK 14% | SAFETY_STOCK 8% | EOQ 7% | DEMAND_FORECAST 7% | MATCH 5%,"['⏰ 유통기한 임박 (84%)', '❄️ 냉장·냉동 과잉 (78%)', '💸 배송비 상승 (91%)', '⚡ 복합 스트레스 (60%)']","{'재고위험': '25.1%', '판매가능성': '13.2%', '점포이동적합': '14.0%', '비용절감': '18.3%', '폐기회피이익': '13.2%', '실행가능성': '12.8%', '이력보정': '3.3%'}",True,True,False,True,False,True,49.2,32.5,59.7,70.1,72.0,76.1,55.5,57.1,0.0,81.4,최적,할인 판매,🏷️,90,HIGH,신뢰도 높음 ●,#2e7d32,,,81.4,최적,할인 판매,-1,-1,False,False,,50.0,8295.0,22656.0,8295.0,7.55,21.84,7.55,15.0,413.0,367.0,343.0,재고 이동,재고 이동,98.948,일치,98.948,68.662,35.088,9.06
푸딩025,신림점,문래점,323.0,재배치 추천,7377.0,프로모션 순비용이 재배치 비용보다 높습니다.,33.82462952916655,20.692090395480225,18,0,72.5,우선 추천,7377.0,323.0,37,False,Greedy 선택 후보보다 우선순위가 낮음,3.0,3574,365,10,디저트,400,323,90.0,21.0,400,321660.0,A,0.6230026374441194,1,100.0,121.7,2.96,DEAD,32.4,True,43.7,MEDIUM,소진일수 122일 초과,2.6,11.6,0.0,SAFE,"재고 여유 — 현재고(365), 재주문점(12)",0.0,110.7,36.9,98913.0,100.0,OVER,과잉 발주 위험 — 현재(362개) > EOQ(111개). 발주 주기 37일 권장,100.0,21.0,3.0,4.24,1.76,STABLE,121.7,0.0,WMA,0.0,36.1,10.0,3.6,10.0,7.5,5.0,POOR,낮은 매칭 · 핵심(A)상품,1.0,50.0,STABLE,23.7,LOW,45.1,MEDIUM,32.8,47.9,90.2,0.3,30.0,1507105.0,100.0,0.385,0.385,88.5,False,11.8,486,29.2,271,100.0,0.999,4.9,76.7,50.0,REALLOCATE,95.2,2,99.8,74.5,27.2,disposal_risk,63.4,검토 필요,83,HEURISTIC 29% | ABC 14% | TURNOVER 14% | DISPOSAL_RISK 14% | SAFETY_STOCK 8% | EOQ 7% | DEMAND_FORECAST 7% | MATCH 5%,"['⏰ 유통기한 임박 (84%)', '❄️ 냉장·냉동 과잉 (78%)', '💸 배송비 상승 (91%)', '⚡ 복합 스트레스 (60%)']","{'재고위험': '25.1%', '판매가능성': '13.2%', '점포이동적합': '14.0%', '비용절감': '18.3%', '폐기회피이익': '13.2%', '실행가능성': '12.8%', '이력보정': '3.3%'}",True,True,False,True,False,True,46.8,32.7,54.8,69.9,72.0,76.1,51.4,55.8,0.0,68.9,권장,보류,⏸️,157,HIGH,신뢰도 높음 ●,#2e7d32,,,68.9,권장,보류,-1,-1,False,False,,50.0,7377.0,25806.0,7377.0,6.53,25.34,6.53,13.0,413.0,323.0,343.0,재고 이동,재고 이동,95.431,일치,95.431,63.563,31.775,12.587
커피040,압구정점,명동점,331.0,재배치 추천,7926.0,프로모션 순비용이 재배치 비용보다 높습니다.,33.19761299717329,21.257062146892654,18,0,72.5,우선 추천,7926.0,331.0,38,False,Greedy 선택 후보보다 우선순위가 낮음,9.43,3554,397,0,음료,400,384,283.0,66.0,400,1005782.0,A,0.2885581921080359,1,100.0,42.1,8.55,NORMAL,76.6,False,46.0,MEDIUM,유통기한 임박,8.1,36.4,0.0,SAFE,"재고 여유 — 현재고(397), 재주문점(36)",0.0,232.0,24.6,148387.0,67.6,OVER,과잉 발주 위험 — 현재(389개) > EOQ(232개). 발주 주기 25일 권장,67.6,66.0,9.43,13.32,5.54,STABLE,42.1,2.4,WMA,2.4,36.2,10.0,3.72,10.0,7.5,5.0,POOR,낮은 매칭 · 핵심(A)상품,1.0,50.0,STABLE,8.2,LOW,78.3,HIGH,41.7,32.8,100.0,0.3,30.0,1536123.0,100.0,0.385,0.385,88.5,False,27.8,90,26.6,348,100.0,0.999,4.9,79.0,50.0,REALLOCATE,95.1,2,99.8,74.5,24.1,turnover,70.8,우선 처리,20,HEURISTIC 29% | ABC 14% | TURNOVER 14% | DISPOSAL_RISK 14% | SAFETY_STOCK 8% | EOQ 7% | DEMAND_FORECAST 7% | MATCH 5%,"['⏰ 유통기한 임박 (84%)', '❄️ 냉장·냉동 과잉 (78%)', '💸 배송비 상승 (91%)', '⚡ 복합 스트레스 (60%)']","{'재고위험': '25.1%', '판매가능성': '13.2%', '점포이동적합': '14.0%', '비용절감': '18.3%', '폐기회피이익': '13.2%', '실행가능성': '12.8%', '이력보정': '3.3%'}",True,True,False,True,False,True,59.5,33.9,54.5,65.0,72.0,77.6,60.2,58.4,0.0,90.7,최적,보류,⏸️,40,HIGH,신뢰도 높음 ●,#2e7d32,,,90.7,최적,보류,-1,-1,False,False,,50.0,7926.0,22629.0,7926.0,7.14,21.810000000000002,7.14,14.0,583.0,384.0,331.0,재고 이동,재고 이동,95.234,일치,95.234,61.327,31.011,16.315
탄산음료035,동대문점,압구정점,329.0,재배치 추천,7890.0,프로모션 순비용이 재배치 비용보다 높습니다.,33.23872883533678,21.11581920903955,18,0,72.4,우선 추천,7890.0,329.0,39,False,Greedy 선택 후보보다 우선순위가 낮음,4.77,1933,374,5,음료,300,341,143.0,33.0,300,276419.0,A,0.7681404439540753,1,100.0,78.5,4.59,SLOW,56.4,True,54.2,MEDIUM,유통기한 임박 | 소진일수 78일 초과,4.1,18.4,0.0,SAFE,"재고 여유 — 현재고(374), 재주문점(18)",0.0,223.7,46.9,77832.0,65.4,OVER,과잉 발주 위험 — 현재(370개) > EOQ(224개). 발주 주기 47일 권장,65.4,33.2,4.74,6.71,2.78,STABLE,78.9,0.0,WMA,0.0,36.1,10.0,3.6,10.0,7.5,5.0,POOR,낮은 매칭 · 핵심(A)상품,0.988,49.7,STABLE,15.5,LOW,62.6,MEDIUM,34.7,35.6,98.7,0.3,30.0,853958.0,100.0,0.385,0.385,88.5,False,15.0,449,31.4,231,100.0,0.999,4.9,78.7,50.0,REALLOCATE,94.9,2,99.8,74.5,26.4,disposal_risk,67.2,검토 필요,42,HEURISTIC 29% | ABC 14% | TURNOVER 14% | DISPOSAL_RISK 14% | SAFETY_STOCK 8% | EOQ 7% | DEMAND_FORECAST 7% | MATCH 5%,"['⏰ 유통기한 임박 (84%)', '❄️ 냉장·냉동 과잉 (78%)', '💸 배송비 상승 (91%)', '⚡ 복합 스트레스 (60%)']","{'재고위험': '25.1%', '판매가능성': '13.2%', '점포이동적합': '14.0%', '비용절감': '18.3%', '폐기회피이익': '13.2%', '실행가능성': '12.8%', '이력보정': '3.3%'}",True,True,False,True,False,True,57.9,32.6,55.4,64.6,72.0,77.7,53.2,57.9,0.0,87.6,최적,보류,⏸️,57,HIGH,신뢰도 높음 ●,#2e7d32,,,87.6,최적,보류,-1,-1,False,False,,50.0,7890.0,24159.0,7890.0,7.1,23.51,7.1,14.0,443.0,341.0,329.0,재고 이동,재고 이동,94.685,일치,94.685,62.321,32.241,15.45
도시락050,여의도2점,합정점,282.0,재배치 추천,5127.0,프로모션 순비용이 재배치 비용보다 높습니다.,36.39436941438483,17.796610169491526,18,0,72.2,우선 추천,5127.0,282.0,40,False,Greedy 선택 후보보다 우선순위가 낮음,2.13,2437,296,5,신선식품,500,282,64.0,15.0,500,155968.0,A,0.7269288129371255,1,100.0,138.8,2.59,DEAD,22.9,True,70.0,HIGH,유통기한 임박 | 소진일수 139일 초과 | 신선/냉장 고위험 카테고리,1.8,8.2,0.0,SAFE,"재고 여유 — 현재고(296), 재주문점(8)",0.0,95.5,44.8,81433.0,100.0,OVER,과잉 발주 위험 — 현재(294개) > EOQ(96개). 발주 주기 45일 권장,100.0,15.0,2.14,3.02,1.26,STABLE,138.1,0.0,WMA,0.0,40.9,10.0,8.4,10.0,7.5,5.0,FAIR,보통 매칭 · 폐기위험 높음 · 핵심(A)상품,1.006,50.2,STABLE,27.0,LOW,62.6,MEDIUM,37.0,41.4,83.6,0.3,30.0,960554.0,100.0,0.385,0.385,88.5,True,19.9,321,41.5,54,100.0,0.999,4.9,74.9,50.0,REALLOCATE,94.8,2,99.8,74.4,22.8,disposal_risk,68.9,검토 필요,31,HEURISTIC 29% | ABC 14% | TURNOVER 14% | DISPOSAL_RISK 14% | SAFETY_STOCK 8% | EOQ 7% | DEMAND_FORECAST 7% | MATCH 5%,"['⏰ 유통기한 임박 (84%)', '❄️ 냉장·냉동 과잉 (78%)', '💸 배송비 상승 (91%)', '⚡ 복합 스트레스 (60%)']","{'재고위험': '25.1%', '판매가능성': '13.2%', '점포이동적합': '14.0%', '비용절감': '18.3%', '폐기회피이익': '13.2%', '실행가능성': '12.8%', '이력보정': '3.3%'}",True,True,False,True,False,True,56.1,32.8,59.2,69.7,72.0,69.5,55.9,57.9,0.0,87.2,최적,할인 판매,🏷️,59,HIGH,신뢰도 높음 ●,#2e7d32,,,87.2,최적,할인 판매,-1,-1,False,False,,50.0,5127.0,18669.0,5127.0,4.03,17.41,4.03,8.0,703.0,282.0,630.0,재고 이동,재고 이동,102.078,일치,102.078,68.663,32.884,9.806
푸딩025,마포점,여의도2점,329.0,재배치 추천,8061.0,프로모션 순비용이 재배치 비용보다 높습니다.,33.04342860406019,21.11581920903955,18,0,72.2,우선 추천,8061.0,329.0,41,False,Greedy 선택 후보보다 우선순위가 낮음,1.91,3574,372,2,디저트,400,367,57.0,13.0,400,203718.0,A,0.6230026374441194,1,100.0,195.8,1.84,DEAD,0.0,True,68.0,HIGH,유통기한 임박 | 소진일수 196일 초과,1.6,7.3,0.0,SAFE,"재고 여유 — 현재고(372), 재주문점(7)",0.0,88.3,46.2,78924.0,100.0,OVER,과잉 발주 위험 — 현재(370개) > EOQ(88개). 발주 주기 46일 권장,100.0,13.1,1.87,2.66,1.08,STABLE,198.8,0.0,WMA,0.0,40.9,10.0,8.4,10.0,7.5,5.0,FAIR,보통 매칭 · 폐기위험 높음 · 핵심(A)상품,0.972,49.3,STABLE,35.7,LOW,73.1,HIGH,42.1,8.2,88.3,0.3,30.0,1534554.0,100.0,0.385,0.385,88.5,False,19.3,341,42.9,43,100.0,0.999,4.9,76.2,50.0,REALLOCATE,94.7,2,99.8,74.4,17.5,disposal_risk,64.6,검토 필요,66,HEURISTIC 29% | ABC 14% | TURNOVER 14% | DISPOSAL_RISK 14% | SAFETY_STOCK 8% | EOQ 7% | DEMAND_FORECAST 7% | MATCH 5%,"['⏰ 유통기한 임박 (84%)', '❄️ 냉장·냉동 과잉 (78%)', '💸 배송비 상승 (91%)', '⚡ 복합 스트레스 (60%)']","{'재고위험': '25.1%', '판매가능성': '13.2%', '점포이동적합': '14.0%', '비용절감': '18.3%', '폐기회피이익': '13.2%', '실행가능성': '12.8%', '이력보정': '3.3%'}",True,True,False,True,False,True,49.2,32.5,59.6,69.7,72.0,61.6,55.5,55.2,0.0,59.8,검토,할인 판매,🏷️,206,HIGH,신뢰도 높음 ●,#2e7d32,,,59.8,검토,할인 판매,-1,-1,False,False,,50.0,8061.0,19686.0,8061.0,7.29,18.54,7.29,15.0,413.0,367.0,329.0,재고 이동,재고 이동,98.239,일치,98.239,68.019,34.618,9.7
아이스라떼073,혜화점,압구정점,337.0,재배치 추천,8529.0,프로모션 순비용이 재배치 비용보다 높습니다.,32.508922707934786,21.680790960451976,18,0,72.2,우선 추천,8529.0,337.0,42,False,Greedy 선택 후보보다 우선순위가 낮음,3.73,1589,347,2,유제품,400,337,112.0,26.0,400,177968.0,B,0.8067621446776673,2,60.0,92.9,3.87,DEAD,48.4,True,76.0,HIGH,유통기한 임박 | 소진일수 93일 초과 | 신선/냉장 고위험 카테고리,3.2,14.4,0.0,SAFE,"재고 여유 — 현재고(347), 재주문점(14)",0.0,156.5,42.0,87016.0,100.0,OVER,과잉 발주 위험 — 현재(344개) > EOQ(156개). 발주 주기 42일 권장,100.0,26.0,3.71,5.25,2.18,STABLE,93.4,0.0,WMA,0.0,36.9,10.0,8.4,6.0,7.5,5.0,POOR,낮은 매칭 · 폐기위험 높음,0.996,49.9,STABLE,18.2,LOW,73.1,HIGH,31.4,35.6,98.7,0.3,30.0,768863.0,100.0,0.385,0.385,88.5,True,21.3,246,40.9,69,100.0,0.999,4.9,78.7,50.0,REALLOCATE,94.5,2,99.8,74.4,36.8,disposal_risk,66.1,검토 필요,48,HEURISTIC 29% | ABC 14% | TURNOVER 14% | DISPOSAL_RISK 14% | SAFETY_STOCK 8% | EOQ 7% | DEMAND_FORECAST 7% | MATCH 5%,"['⏰ 유통기한 임박 (84%)', '❄️ 냉장·냉동 과잉 (78%)', '💸 배송비 상승 (91%)', '⚡ 복합 스트레스 (60%)']","{'재고위험': '25.1%', '판매가능성': '13.2%', '점포이동적합': '14.0%', '비용절감': '18.3%', '폐기회피이익': '13.2%', '실행가능성': '12.8%', '이력보정': '3.3%'}",True,True,False,True,False,True,59.5,32.7,57.7,69.7,72.0,77.7,56.6,59.6,0.0,96.5,최적,할인 판매,🏷️,9,HIGH,신뢰도 높음 ●,#2e7d32,,,96.5,최적,할인 판매,-1,-1,False,False,,50.0,8529.0,24357.0,8529.0,7.81,23.73,7.81,16.0,571.0,337.0,523.0,재고 이동,재고 이동,98.26,일치,98.26,68.684,37.756,10.975
샌드위치058,잠실2점,성수점,321.0,재배치 추천,7638.0,프로모션 순비용이 재배치 비용보다 높습니다.,33.52653970248123,20.55084745762712,18,0,72.1,우선 추천,7638.0,321.0,43,False,Greedy 선택 후보보다 우선순위가 낮음,5.53,717,328,1,신선식품,500,321,166.0,39.0,500,119022.0,C,0.9523365925254981,3,20.0,59.3,6.07,NORMAL,67.1,False,62.6,HIGH,유통기한 임박 | 신선/냉장 고위험 카테고리,4.7,21.3,0.0,SAFE,"재고 여유 — 현재고(328), 재주문점(21)",0.0,283.6,51.3,71171.0,14.0,OPTIMAL,"적정 발주 — EOQ(284개), 권장 발주 주기 51일",14.0,38.9,5.56,7.84,3.28,STABLE,59.0,0.1,WMA,0.1,33.9,10.0,8.4,3.0,7.5,5.0,POOR,낮은 매칭 · 폐기위험 높음,1.007,50.2,STABLE,11.5,LOW,76.6,HIGH,29.1,46.2,96.7,0.3,30.0,429050.0,100.0,0.385,0.385,88.5,True,17.6,395,33.3,208,100.0,0.999,4.9,78.3,50.0,REALLOCATE,94.4,1,100.0,74.4,37.7,disposal_risk,51.9,모니터링,245,HEURISTIC 29% | ABC 14% | TURNOVER 14% | DISPOSAL_RISK 14% | SAFETY_STOCK 8% | EOQ 7% | DEMAND_FORECAST 7% | MATCH 5%,"['⏰ 유통기한 임박 (84%)', '❄️ 냉장·냉동 과잉 (78%)', '💸 배송비 상승 (91%)', '⚡ 복합 스트레스 (60%)']","{'재고위험': '25.1%', '판매가능성': '13.2%', '점포이동적합': '14.0%', '비용절감': '18.3%', '폐기회피이익': '13.2%', '실행가능성': '12.8%', '이력보정': '3.3%'}",True,True,False,True,False,True,52.4,32.8,54.7,56.8,72.0,79.9,54.7,55.3,0.0,62.4,검토,할인 판매,🏷️,192,HIGH,신뢰도 높음 ●,#2e7d32,,,62.4,검토,할인 판매,-1,-1,False,False,,50.0,7638.0,18588.0,7638.0,6.82,17.32,6.82,14.0,907.0,321.0,814.0,재고 이동,재고 이동,91.713,일치,91.713,62.783,33.264,8.932
죽010,홍대점,신촌점,249.0,재배치 추천,3291.0,프로모션 순비용이 재배치 비용보다 높습니다.,38.49127716072295,15.466101694915254,18,0,72.0,우선 추천,3291.0,249.0,44,False,Greedy 선택 후보보다 우선순위가 낮음,3.5,3304,308,1,간편식,500,304,105.0,24.0,500,346920.0,A,0.04394056460257161,1,100.0,88.0,4.09,SLOW,51.1,True,72.0,HIGH,유통기한 임박 | 소진일수 88일 초과,3.0,13.5,0.0,SAFE,"재고 여유 — 현재고(308), 재주문점(14)",0.0,132.6,37.9,96363.0,100.0,OVER,과잉 발주 위험 — 현재(305개) > EOQ(133개). 발주 주기 38일 권장,100.0,24.2,3.46,4.9,2.01,STABLE,89.1,0.0,WMA,0.0,40.9,10.0,8.4,10.0,7.5,5.0,FAIR,보통 매칭 · 폐기위험 높음 · 핵심(A)상품,0.98,49.5,STABLE,17.6,LOW,76.6,HIGH,28.0,28.1,86.3,0.3,30.0,1108444.0,100.0,0.385,0.385,88.5,False,20.4,298,40.0,97,100.0,0.999,4.9,75.7,50.0,REALLOCATE,94.3,2,99.8,74.4,24.6,disposal_risk,73.9,우선 처리,10,HEURISTIC 29% | ABC 14% | TURNOVER 14% | DISPOSAL_RISK 14% | SAFETY_STOCK 8% | EOQ 7% | DEMAND_FORECAST 7% | MATCH 5%,"['⏰ 유통기한 임박 (84%)', '❄️ 냉장·냉동 과잉 (78%)', '💸 배송비 상승 (91%)', '⚡ 복합 스트레스 (60%)']","{'재고위험': '25.1%', '판매가능성': '13.2%', '점포이동적합': '14.0%', '비용절감': '18.3%', '폐기회피이익': '13.2%', '실행가능성': '12.8%', '이력보정': '3.3%'}",True,True,False,True,False,True,64.5,32.6,59.0,69.6,72.0,66.9,56.1,59.6,0.0,96.7,최적,할인 판매,🏷️,8,HIGH,신뢰도 높음 ●,#2e7d32,,,96.7,최적,할인 판매,0,0,True,False,,50.0,3291.0,14466.0,3291.0,1.99,12.74,1.99,4.0,259.0,304.0,249.0,재고 이동,재고 이동,97.568,일치,97.568,64.649,33.218,18.656
탄산음료067,이태원점,홍대점,360.0,재배치 추천,10545.0,프로모션 순비용이 재배치 비용보다 높습니다.,30.2064357707792,23.30508474576271,18,0,71.5,우선 추천,10545.0,360.0,45,False,Greedy 선택 후보보다 우선순위가 낮음,6.23,3575,386,3,음료,250,360,187.0,44.0,250,668525.0,A,0.3434406152679366,1,100.0,61.9,5.81,SLOW,65.6,True,54.0,MEDIUM,유통기한 임박,5.3,24.0,0.0,SAFE,"재고 여유 — 현재고(386), 재주문점(24)",0.0,188.0,30.2,120966.0,100.0,OVER,과잉 발주 위험 — 현재(381개) > EOQ(188개). 발주 주기 30일 권장,100.0,43.8,6.26,8.83,3.69,STABLE,61.7,0.0,WMA,0.0,36.1,10.0,3.6,10.0,7.5,5.0,POOR,낮은 매칭 · 핵심(A)상품,1.009,50.2,STABLE,12.0,LOW,69.6,MEDIUM,38.0,50.8,83.4,0.3,30.0,1623855.0,100.0,0.385,0.385,88.5,False,15.0,449,30.4,247,100.0,0.999,4.9,74.8,50.0,REALLOCATE,94.1,2,99.8,74.3,25.4,disposal_risk,70.5,우선 처리,23,HEURISTIC 29% | ABC 14% | TURNOVER 14% | DISPOSAL_RISK 14% | SAFETY_STOCK 8% | EOQ 7% | DEMAND_FORECAST 7% | MATCH 5%,"['⏰ 유통기한 임박 (84%)', '❄️ 냉장·냉동 과잉 (78%)', '💸 배송비 상승 (91%)', '⚡ 복합 스트레스 (60%)']","{'재고위험': '25.1%', '판매가능성': '13.2%', '점포이동적합': '14.0%', '비용절감': '18.3%', '폐기회피이익': '13.2%', '실행가능성': '12.8%', '이력보정': '3.3%'}",True,True,False,True,False,True,60.2,32.8,54.8,69.3,72.0,72.5,53.2,58.6,0.0,92.0,최적,보류,⏸️,33,HIGH,신뢰도 높음 ●,#2e7d32,,,92.0,최적,보류,-1,0,False,False,,50.0,10545.0,15042.0,10545.0,10.05,13.379999999999999,10.05,20.0,534.0,360.0,473.0,재고 이동,재고 이동,99.899,일치,99.899,65.916,32.925,12.515
우유048,여의도2점,구로점,301.0,재배치 추천,7413.0,프로모션 순비용이 재배치 비용보다 높습니다.,33.78351369100305,19.138418079096045,18,0,70.9,우선 추천,7413.0,301.0,46,False,Greedy 선택 후보보다 우선순위가 낮음,5.48,2924,308,0,유제품,150,301,164.0,38.0,150,479536.0,A,0.5389976019852944,1,100.0,56.3,6.39,NORMAL,68.7,False,61.2,HIGH,유통기한 임박 | 신선/냉장 고위험 카테고리,4.7,21.1,0.0,SAFE,"재고 여유 — 현재고(308), 재주문점(21)",0.0,139.8,25.5,143074.0,100.0,OVER,과잉 발주 위험 — 현재(303개) > EOQ(140개). 발주 주기 26일 권장,100.0,38.1,5.44,7.7,3.18,STABLE,56.6,0.5,WMA,0.5,40.9,10.0,8.42,10.0,7.5,5.0,FAIR,보통 매칭 · 폐기위험 높음 · 핵심(A)상품,0.991,49.8,STABLE,11.2,LOW,78.3,HIGH,32.9,48.2,86.4,0.3,30.0,1093886.0,100.0,0.385,0.385,88.5,True,18.8,360,34.1,196,100.0,0.999,4.9,75.7,50.0,REALLOCATE,94.0,2,99.8,74.2,25.0,disposal_risk,73.8,우선 처리,11,HEURISTIC 29% | ABC 14% | TURNOVER 14% | DISPOSAL_RISK 14% | SAFETY_STOCK 8% | EOQ 7% | DEMAND_FORECAST 7% | MATCH 5%,"['⏰ 유통기한 임박 (84%)', '❄️ 냉장·냉동 과잉 (78%)', '💸 배송비 상승 (91%)', '⚡ 복합 스트레스 (60%)']","{'재고위험': '25.1%', '판매가능성': '13.2%', '점포이동적합': '14.0%', '비용절감': '18.3%', '폐기회피이익': '13.2%', '실행가능성': '12.8%', '이력보정': '3.3%'}",True,True,False,True,False,True,64.3,32.9,57.8,69.0,72.0,73.7,55.2,60.2,0.0,97.8,최적,할인 판매,🏷️,2,HIGH,신뢰도 높음 ●,#2e7d32,,,97.8,최적,할인 판매,-1,-1,False,False,,50.0,7413.0,25131.0,7413.0,6.57,24.59,6.57,13.0,511.0,301.0,358.0,재고 이동,재고 이동,96.382,일치,96.382,63.703,33.88,17.393
요거트006,여의도점,마포점,318.0,재배치 추천,8781.0,프로모션 순비용이 재배치 비용보다 높습니다.,32.221111840790336,20.33898305084746,18,0,70.6,우선 추천,8781.0,318.0,47,False,Greedy 선택 후보보다 우선순위가 낮음,3.52,1419,332,3,유제품,500,318,106.0,25.0,500,150414.0,A,0.7940108140096701,1,100.0,94.0,3.83,DEAD,47.8,True,76.0,HIGH,유통기한 임박 | 소진일수 94일 초과 | 신선/냉장 고위험 카테고리,3.0,13.6,0.0,SAFE,"재고 여유 — 현재고(332), 재주문점(14)",0.0,160.8,45.7,79881.0,100.0,OVER,과잉 발주 위험 — 현재(329개) > EOQ(161개). 발주 주기 46일 권장,100.0,24.9,3.56,5.01,2.11,STABLE,93.3,0.0,WMA,0.0,40.9,10.0,8.4,10.0,7.5,5.0,FAIR,보통 매칭 · 폐기위험 높음 · 핵심(A)상품,1.015,50.4,STABLE,18.3,LOW,69.6,MEDIUM,36.7,23.3,78.8,0.3,30.0,691709.0,100.0,0.385,0.385,88.5,True,21.6,228,41.7,52,100.0,0.999,4.9,73.4,50.0,REALLOCATE,93.9,2,99.8,74.1,24.0,disposal_risk,73.1,우선 처리,12,HEURISTIC 29% | ABC 14% | TURNOVER 14% | DISPOSAL_RISK 14% | SAFETY_STOCK 8% | EOQ 7% | DEMAND_FORECAST 7% | MATCH 5%,"['⏰ 유통기한 임박 (84%)', '❄️ 냉장·냉동 과잉 (78%)', '💸 배송비 상승 (91%)', '⚡ 복합 스트레스 (60%)']","{'재고위험': '25.1%', '판매가능성': '13.2%', '점포이동적합': '14.0%', '비용절감': '18.3%', '폐기회피이익': '13.2%', '실행가능성': '12.8%', '이력보정': '3.3%'}",True,True,False,True,False,True,65.4,32.8,59.1,68.8,72.0,60.3,56.8,58.9,0.0,93.5,최적,할인 판매,🏷️,25,HIGH,신뢰도 높음 ●,#2e7d32,,,93.5,최적,할인 판매,0,-1,False,False,,50.0,8781.0,19731.0,8781.0,8.09,18.59,8.09,16.0,521.0,318.0,481.0,재고 이동,재고 이동,100.001,일치,100.001,67.691,35.421,13.342
커피076,명동점,왕십리점,293.0,재배치 추천,7287.0,프로모션 순비용이 재배치 비용보다 높습니다.,33.92741912457528,18.573446327683616,18,0,70.5,우선 추천,7287.0,293.0,48,False,Greedy 선택 후보보다 우선순위가 낮음,5.7,2453,340,6,음료,400,293,171.0,40.0,400,419463.0,A,0.42114451345163617,1,100.0,59.6,6.04,NORMAL,66.9,False,44.8,MEDIUM,유통기한 임박,4.9,22.0,0.0,SAFE,"재고 여유 — 현재고(340), 재주문점(22)",0.0,217.1,38.1,95845.0,54.4,OVER,과잉 발주 위험 — 현재(335개) > EOQ(217개). 발주 주기 38일 권장,54.4,40.0,5.71,8.07,3.36,STABLE,59.5,0.1,WMA,0.1,36.1,10.0,3.6,10.0,7.5,5.0,POOR,낮은 매칭 · 핵심(A)상품,1.003,50.1,STABLE,11.6,LOW,59.1,MEDIUM,45.9,23.6,84.2,0.3,30.0,972388.0,100.0,0.385,0.385,88.5,False,12.6,482,26.6,348,100.0,0.999,4.9,75.1,50.0,REALLOCATE,93.7,2,99.8,74.1,25.7,turnover,64.6,검토 필요,67,HEURISTIC 29% | ABC 14% | TURNOVER 14% | DISPOSAL_RISK 14% | SAFETY_STOCK 8% | EOQ 7% | DEMAND_FORECAST 7% | MATCH 5%,"['⏰ 유통기한 임박 (84%)', '❄️ 냉장·냉동 과잉 (78%)', '💸 배송비 상승 (91%)', '⚡ 복합 스트레스 (60%)']","{'재고위험': '25.1%', '판매가능성': '13.2%', '점포이동적합': '14.0%', '비용절감': '18.3%', '폐기회피이익': '13.2%', '실행가능성': '12.8%', '이력보정': '3.3%'}",True,True,False,True,False,True,56.4,32.8,54.1,61.9,72.0,64.0,51.8,55.1,0.0,58.9,검토,보류,⏸️,211,HIGH,신뢰도 높음 ●,#2e7d32,,,58.9,검토,보류,-1,0,False,False,,50.0,7287.0,20694.0,7287.0,6.43,19.66,6.43,13.0,442.0,293.0,308.0,재고 이동,재고 이동,90.403,일치,90.403,58.086,29.843,18.471
핫바027,역삼점,성수점,285.0,재배치 추천,6972.0,프로모션 순비용이 재배치 비용보다 높습니다.,34.28718270850584,18.008474576271187,18,0,70.3,우선 추천,6972.0,285.0,49,False,Greedy 선택 후보보다 우선순위가 낮음,6.44,2509,330,5,간편식,250,285,193.0,45.0,250,484237.0,A,0.26107531382798244,1,100.0,51.3,7.02,NORMAL,71.5,False,45.6,MEDIUM,유통기한 임박,5.5,24.8,0.0,SAFE,"재고 여유 — 현재고(330), 재주문점(25)",0.0,206.4,32.0,113907.0,57.2,OVER,과잉 발주 위험 — 현재(324개) > EOQ(206개). 발주 주기 32일 권장,57.2,45.0,6.43,9.09,3.77,STABLE,51.3,1.2,WMA,1.2,36.2,10.0,3.66,10.0,7.5,5.0,POOR,낮은 매칭 · 핵심(A)상품,0.998,50.0,STABLE,10.0,LOW,62.6,MEDIUM,42.0,46.2,96.7,0.3,30.0,922356.0,100.0,0.385,0.385,88.5,False,18.1,383,26.6,348,100.0,0.999,4.9,78.3,50.0,REALLOCATE,93.6,2,99.8,74.1,25.3,turnover,66.5,검토 필요,47,HEURISTIC 29% | ABC 14% | TURNOVER 14% | DISPOSAL_RISK 14% | SAFETY_STOCK 8% | EOQ 7% | DEMAND_FORECAST 7% | MATCH 5%,"['⏰ 유통기한 임박 (84%)', '❄️ 냉장·냉동 과잉 (78%)', '💸 배송비 상승 (91%)', '⚡ 복합 스트레스 (60%)']","{'재고위험': '25.1%', '판매가능성': '13.2%', '점포이동적합': '14.0%', '비용절감': '18.3%', '폐기회피이익': '13.2%', '실행가능성': '12.8%', '이력보정': '3.3%'}",True,True,False,True,False,True,58.0,33.3,54.4,62.2,72.0,79.9,54.9,57.7,0.0,85.7,최적,보류,⏸️,67,HIGH,신뢰도 높음 ●,#2e7d32,,,85.7,최적,보류,-1,-1,False,False,,50.0,6972.0,23196.0,6972.0,6.08,22.439999999999998,6.08,12.0,891.0,285.0,875.0,재고 이동,재고 이동,98.616,일치,98.616,62.527,28.242,10.811
마카롱063,동대문점,성수점,308.0,재배치 추천,8376.0,프로모션 순비용이 재배치 비용보다 높습니다.,32.68366502012963,19.63276836158192,18,0,70.3,우선 추천,8376.0,308.0,50,False,Greedy 선택 후보보다 우선순위가 낮음,7.14,1766,317,0,디저트,400,308,214.0,50.0,400,377924.0,B,0.8685943603940853,2,60.0,44.4,8.1,NORMAL,75.3,False,47.2,MEDIUM,유통기한 임박,6.1,27.5,0.0,SAFE,"재고 여유 — 현재고(317), 재주문점(28)",0.0,243.0,34.0,107266.0,27.9,OPTIMAL,"적정 발주 — EOQ(243개), 권장 발주 주기 34일",27.9,50.0,7.14,10.09,4.2,STABLE,44.4,2.1,WMA,2.1,32.2,10.0,3.7,6.0,7.5,5.0,POOR,낮은 매칭,1.0,50.0,STABLE,8.6,LOW,78.3,HIGH,40.3,46.2,96.7,0.3,30.0,767538.0,100.0,0.385,0.385,88.5,False,25.4,113,26.2,367,100.0,0.999,4.9,78.3,50.0,REALLOCATE,93.5,2,99.8,74.1,38.3,turnover,57.7,검토 필요,157,HEURISTIC 29% | ABC 14% | TURNOVER 14% | DISPOSAL_RISK 14% | SAFETY_STOCK 8% | EOQ 7% | DEMAND_FORECAST 7% | MATCH 5%,"['⏰ 유통기한 임박 (84%)', '❄️ 냉장·냉동 과잉 (78%)', '💸 배송비 상승 (91%)', '⚡ 복합 스트레스 (60%)']","{'재고위험': '25.1%', '판매가능성': '13.2%', '점포이동적합': '14.0%', '비용절감': '18.3%', '폐기회피이익': '13.2%', '실행가능성': '12.8%', '이력보정': '3.3%'}",True,True,False,True,False,True,53.7,33.8,52.6,57.8,72.0,79.9,58.9,55.7,0.0,66.7,권장,보류,⏸️,169,HIGH,신뢰도 높음 ●,#2e7d32,,,66.7,권장,보류,-1,-1,False,False,,50.0,8376.0,20190.0,8376.0,7.64,19.1,7.64,15.0,621.0,308.0,540.0,재고 이동,재고 이동,88.812,일치,88.812,58.342,30.733,14.812
마카롱063,강남점,성수점,297.0,재배치 추천,7944.0,프로모션 순비용이 재배치 비용보다 높습니다.,33.17705507809154,18.85593220338983,18,0,70.0,우선 추천,7944.0,297.0,51,False,Greedy 선택 후보보다 우선순위가 낮음,3.48,1766,301,0,디저트,400,297,104.0,24.0,400,183664.0,B,0.8685943603940853,2,60.0,86.8,4.15,SLOW,51.8,True,68.4,HIGH,유통기한 임박 | 소진일수 87일 초과,3.0,13.4,0.0,SAFE,"재고 여유 — 현재고(301), 재주문점(13)",0.0,169.6,48.7,74886.0,75.7,OVER,과잉 발주 위험 — 현재(298개) > EOQ(170개). 발주 주기 49일 권장,75.7,24.1,3.44,4.88,2.01,STABLE,87.4,0.0,WMA,0.0,36.9,10.0,8.4,6.0,7.5,5.0,POOR,낮은 매칭 · 폐기위험 높음,0.985,49.6,STABLE,17.2,LOW,78.3,HIGH,40.3,46.2,96.7,0.3,30.0,740258.0,100.0,0.385,0.385,88.5,False,19.4,339,37.5,155,100.0,0.999,4.9,78.3,50.0,REALLOCATE,93.3,2,99.8,74.0,39.7,disposal_risk,61.5,검토 필요,97,HEURISTIC 29% | ABC 14% | TURNOVER 14% | DISPOSAL_RISK 14% | SAFETY_STOCK 8% | EOQ 7% | DEMAND_FORECAST 7% | MATCH 5%,"['⏰ 유통기한 임박 (84%)', '❄️ 냉장·냉동 과잉 (78%)', '💸 배송비 상승 (91%)', '⚡ 복합 스트레스 (60%)']","{'재고위험': '25.1%', '판매가능성': '13.2%', '점포이동적합': '14.0%', '비용절감': '18.3%', '폐기회피이익': '13.2%', '실행가능성': '12.8%', '이력보정': '3.3%'}",True,True,False,True,False,True,57.0,32.6,56.9,64.9,72.0,79.9,55.6,58.2,0.0,89.2,최적,할인 판매,🏷️,48,HIGH,신뢰도 높음 ●,#2e7d32,,,89.2,최적,할인 판매,0,-1,False,False,,50.0,7944.0,22143.0,7944.0,7.16,21.27,7.16,14.0,621.0,297.0,540.0,재고 이동,재고 이동,93.474,일치,93.474,64.232,35.009,13.038
딸기우유054,용산점,문래점,323.0,재배치 추천,9537.0,프로모션 순비용이 재배치 비용보다 높습니다.,31.357679239356994,20.692090395480225,18,0,70.0,우선 추천,9537.0,323.0,52,False,Greedy 선택 후보보다 우선순위가 낮음,2.38,1828,379,17,유제품,300,323,71.0,17.0,300,129788.0,B,0.9443179613862073,2,60.0,160.1,2.25,DEAD,11.1,True,47.8,MEDIUM,소진일수 160일 초과 | 신선/냉장 고위험 카테고리,2.0,9.1,0.0,SAFE,"재고 여유 — 현재고(379), 재주문점(9)",0.0,116.5,48.9,74552.0,100.0,OVER,과잉 발주 위험 — 현재(377개) > EOQ(116개). 발주 주기 49일 권장,100.0,16.9,2.41,3.4,1.43,STABLE,157.0,0.0,WMA,0.0,32.1,10.0,3.6,6.0,7.5,5.0,POOR,낮은 매칭,1.02,50.5,STABLE,31.0,LOW,43.3,MEDIUM,29.1,47.9,90.2,0.3,30.0,795896.0,100.0,0.385,0.385,88.5,True,13.1,479,31.8,225,100.0,0.999,4.9,76.7,50.0,REALLOCATE,93.2,2,99.8,74.0,42.5,disposal_risk,50.5,모니터링,269,HEURISTIC 29% | ABC 14% | TURNOVER 14% | DISPOSAL_RISK 14% | SAFETY_STOCK 8% | EOQ 7% | DEMAND_FORECAST 7% | MATCH 5%,"['⏰ 유통기한 임박 (84%)', '❄️ 냉장·냉동 과잉 (78%)', '💸 배송비 상승 (91%)', '⚡ 복합 스트레스 (60%)']","{'재고위험': '25.1%', '판매가능성': '13.2%', '점포이동적합': '14.0%', '비용절감': '18.3%', '폐기회피이익': '13.2%', '실행가능성': '12.8%', '이력보정': '3.3%'}",True,True,False,True,False,True,36.9,32.8,53.5,68.5,72.0,76.1,52.1,52.9,0.0,36.1,검토,보류,⏸️,333,HIGH,신뢰도 높음 ●,#2e7d32,,,36.1,검토,보류,-1,-1,False,False,,50.0,9537.0,25671.0,9537.0,8.93,25.19,8.93,18.0,738.0,323.0,729.0,재고 이동,재고 이동,95.077,일치,95.077,66.192,33.113,4.454
죽003,역삼점,방배점,284.0,재배치 추천,7242.0,프로모션 순비용이 재배치 비용보다 높습니다.,33.97881392227964,17.937853107344633,18,0,69.9,검토 가능,7242.0,284.0,53,False,Greedy 선택 후보보다 우선순위가 낮음,5.01,1867,312,4,간편식,150,284,150.0,35.0,150,280050.0,A,0.7812158286916832,1,100.0,62.4,5.77,SLOW,65.3,True,51.2,MEDIUM,유통기한 임박,4.3,19.3,0.0,SAFE,"재고 여유 — 현재고(312), 재주문점(19)",0.0,211.0,42.1,86666.0,45.8,OPTIMAL,"적정 발주 — EOQ(211개), 권장 발주 주기 42일",45.8,35.0,5.0,7.07,2.93,STABLE,62.4,0.0,WMA,0.0,36.1,10.0,3.6,10.0,7.5,5.0,POOR,낮은 매칭 · 핵심(A)상품,0.998,50.0,STABLE,12.2,LOW,66.1,MEDIUM,37.9,49.9,60.8,0.3,30.0,671632.0,100.0,0.385,0.385,88.5,False,14.4,461,29.2,271,100.0,0.999,4.9,65.5,50.0,REALLOCATE,93.1,2,99.8,74.0,26.0,disposal_risk,64.7,검토 필요,63,HEURISTIC 29% | ABC 14% | TURNOVER 14% | DISPOSAL_RISK 14% | SAFETY_STOCK 8% | EOQ 7% | DEMAND_FORECAST 7% | MATCH 5%,"['⏰ 유통기한 임박 (84%)', '❄️ 냉장·냉동 과잉 (78%)', '💸 배송비 상승 (91%)', '⚡ 복합 스트레스 (60%)']","{'재고위험': '25.1%', '판매가능성': '13.2%', '점포이동적합': '14.0%', '비용절감': '18.3%', '폐기회피이익': '13.2%', '실행가능성': '12.8%', '이력보정': '3.3%'}",True,True,False,True,False,True,58.8,32.7,53.6,60.3,72.0,57.2,52.8,54.5,0.0,52.3,검토,보류,⏸️,246,HIGH,신뢰도 높음 ●,#2e7d32,,,52.3,검토,보류,-1,-1,False,False,,50.0,7242.0,22836.0,7242.0,6.38,22.04,6.38,13.0,862.0,284.0,747.0,재고 이동,재고 이동,96.011,일치,96.011,61.465,29.062,12.576
컵밥007,교대점,선릉점,261.0,재배치 추천,6216.0,프로모션 순비용이 재배치 비용보다 높습니다.,35.150615309939184,16.3135593220339,18,0,69.5,검토 가능,6216.0,261.0,54,False,Greedy 선택 후보보다 우선순위가 낮음,7.55,3334,282,2,간편식,300,261,226.0,53.0,300,753484.0,A,0.23037995959756308,1,100.0,37.4,9.62,NORMAL,79.2,False,46.7,MEDIUM,유통기한 임박,6.5,29.2,0.0,SAFE,"재고 여유 — 현재고(282), 재주문점(29)",0.0,193.8,25.7,142172.0,42.2,OPTIMAL,"적정 발주 — EOQ(194개), 권장 발주 주기 26일",42.2,52.9,7.56,10.67,4.44,STABLE,37.3,3.0,WMA,3.0,36.2,10.0,3.75,10.0,7.5,5.0,POOR,낮은 매칭 · 핵심(A)상품,1.003,50.1,STABLE,7.3,LOW,73.1,HIGH,30.8,48.8,83.3,0.3,30.0,1116293.0,100.0,0.385,0.385,88.5,False,33.7,58,26.5,357,100.0,0.999,4.9,74.8,50.0,REALLOCATE,92.9,2,99.8,73.9,24.2,turnover,67.7,검토 필요,36,HEURISTIC 29% | ABC 14% | TURNOVER 14% | DISPOSAL_RISK 14% | SAFETY_STOCK 8% | EOQ 7% | DEMAND_FORECAST 7% | MATCH 5%,"['⏰ 유통기한 임박 (84%)', '❄️ 냉장·냉동 과잉 (78%)', '💸 배송비 상승 (91%)', '⚡ 복합 스트레스 (60%)']","{'재고위험': '25.1%', '판매가능성': '13.2%', '점포이동적합': '14.0%', '비용절감': '18.3%', '폐기회피이익': '13.2%', '실행가능성': '12.8%', '이력보정': '3.3%'}",True,True,False,True,False,True,60.5,34.2,54.1,59.6,72.0,71.8,63.4,56.9,0.0,79.9,권장,보류,⏸️,98,HIGH,신뢰도 높음 ●,#2e7d32,,,79.9,권장,보류,-1,-1,False,False,,50.0,6216.0,20118.0,6216.0,5.24,19.02,5.24,10.0,561.0,261.0,453.0,재고 이동,재고 이동,90.673,일치,90.673,57.163,28.607,19.159
푸딩059,용산점,잠원점,271.0,재배치 추천,6837.0,프로모션 순비용이 재배치 비용보다 높습니다.,34.44136710161894,17.019774011299436,18,0,69.5,검토 가능,6837.0,271.0,55,False,Greedy 선택 후보보다 우선순위가 낮음,0.86,2758,366,17,디저트,250,346,26.0,6.0,250,71708.0,A,0.6794441020955618,1,100.0,422.3,0.85,DEAD,0.0,True,39.8,LOW,소진일수 422일 초과,0.7,3.3,0.0,SAFE,"재고 여유 — 현재고(366), 재주문점(3)",0.0,67.5,78.5,46522.0,100.0,OVER,과잉 발주 위험 — 현재(365개) > EOQ(68개). 발주 주기 78일 권장,100.0,6.0,0.86,1.21,0.5,STABLE,427.0,0.0,WMA,0.0,32.5,10.0,0.0,10.0,7.5,5.0,POOR,낮은 매칭 · 핵심(A)상품,0.997,49.9,STABLE,35.1,LOW,43.3,MEDIUM,30.9,46.3,85.2,0.3,30.0,957815.0,100.0,0.385,0.385,88.5,False,10.9,494,29.7,262,100.0,0.999,4.9,75.4,50.0,REALLOCATE,92.8,2,99.8,73.9,22.0,disposal_risk,53.9,모니터링,215,HEURISTIC 29% | ABC 14% | TURNOVER 14% | DISPOSAL_RISK 14% | SAFETY_STOCK 8% | EOQ 7% | DEMAND_FORECAST 7% | MATCH 5%,"['⏰ 유통기한 임박 (84%)', '❄️ 냉장·냉동 과잉 (78%)', '💸 배송비 상승 (91%)', '⚡ 복합 스트레스 (60%)']","{'재고위험': '25.1%', '판매가능성': '13.2%', '점포이동적합': '14.0%', '비용절감': '18.3%', '폐기회피이익': '13.2%', '실행가능성': '12.8%', '이력보정': '3.3%'}",True,True,False,True,False,True,36.4,32.7,53.1,68.2,72.0,72.2,50.9,52.2,0.0,29.8,검토,보류,⏸️,367,HIGH,신뢰도 높음 ●,#2e7d32,,,29.8,검토,보류,-1,-1,False,False,,50.0,6837.0,20703.0,6837.0,5.93,19.67,5.93,12.0,304.0,346.0,271.0,재고 이동,재고 이동,91.071,일치,91.071,61.261,29.861,11.889
커피040,교대점,선릉점,256.0,재배치 추천,6216.0,프로모션 순비용이 재배치 비용보다 높습니다.,35.150615309939184,15.96045197740113,18,0,69.1,검토 가능,6216.0,256.0,56,False,Greedy 선택 후보보다 우선순위가 낮음,2.18,3554,259,0,음료,400,256,65.0,15.0,400,231010.0,A,0.2885581921080359,1,100.0,119.5,3.01,DEAD,33.6,True,70.0,HIGH,유통기한 임박 | 소진일수 120일 초과,1.9,8.4,0.0,SAFE,"재고 여유 — 현재고(259), 재주문점(8)",0.0,111.5,51.1,71346.0,100.0,OVER,과잉 발주 위험 — 현재(257개) > EOQ(112개). 발주 주기 51일 권장,100.0,15.1,2.16,3.06,1.26,STABLE,120.1,0.0,WMA,0.0,40.9,10.0,8.4,10.0,7.5,5.0,FAIR,보통 매칭 · 폐기위험 높음 · 핵심(A)상품,0.983,49.6,STABLE,23.5,LOW,78.3,HIGH,23.0,48.8,83.3,0.3,30.0,1187973.0,100.0,0.385,0.385,88.5,False,20.2,307,40.5,85,100.0,0.999,4.9,74.8,50.0,REALLOCATE,92.7,2,99.8,73.8,25.0,disposal_risk,68.3,검토 필요,34,HEURISTIC 29% | ABC 14% | TURNOVER 14% | DISPOSAL_RISK 14% | SAFETY_STOCK 8% | EOQ 7% | DEMAND_FORECAST 7% | MATCH 5%,"['⏰ 유통기한 임박 (84%)', '❄️ 냉장·냉동 과잉 (78%)', '💸 배송비 상승 (91%)', '⚡ 복합 스트레스 (60%)']","{'재고위험': '25.1%', '판매가능성': '13.2%', '점포이동적합': '14.0%', '비용절감': '18.3%', '폐기회피이익': '13.2%', '실행가능성': '12.8%', '이력보정': '3.3%'}",True,True,False,True,False,True,58.9,32.6,59.0,68.0,72.0,71.8,56.0,58.5,0.0,91.7,최적,할인 판매,🏷️,35,HIGH,신뢰도 높음 ●,#2e7d32,,,91.7,최적,할인 판매,-1,-1,False,False,,50.0,6216.0,20118.0,6216.0,5.24,19.02,5.24,10.0,583.0,256.0,443.0,재고 이동,재고 이동,95.958,일치,95.958,64.632,33.42,15.112
케이크078,혜화점,성수점,305.0,재배치 추천,9267.0,프로모션 순비용이 재배치 비용보다 높습니다.,31.666048025583187,19.42090395480226,18,0,69.1,검토 가능,9267.0,305.0,57,False,Greedy 선택 후보보다 우선순위가 낮음,2.44,2650,315,3,디저트,300,305,73.0,17.0,300,193450.0,A,0.64225766471405,1,100.0,129.5,2.78,DEAD,28.1,True,68.0,HIGH,유통기한 임박 | 소진일수 130일 초과,2.1,9.4,0.0,SAFE,"재고 여유 — 현재고(315), 재주문점(9)",0.0,115.9,47.5,76813.0,100.0,OVER,과잉 발주 위험 — 현재(313개) > EOQ(116개). 발주 주기 48일 권장,100.0,17.0,2.43,3.44,1.42,STABLE,129.7,0.0,WMA,0.0,40.9,10.0,8.4,10.0,7.5,5.0,FAIR,보통 매칭 · 폐기위험 높음 · 핵심(A)상품,0.995,49.9,STABLE,25.2,LOW,69.6,MEDIUM,40.3,46.2,96.7,0.3,30.0,1052133.0,100.0,0.385,0.385,88.5,False,19.6,331,40.1,95,100.0,0.999,4.9,78.3,50.0,REALLOCATE,92.5,2,99.8,73.8,24.8,disposal_risk,66.9,검토 필요,44,HEURISTIC 29% | ABC 14% | TURNOVER 14% | DISPOSAL_RISK 14% | SAFETY_STOCK 8% | EOQ 7% | DEMAND_FORECAST 7% | MATCH 5%,"['⏰ 유통기한 임박 (84%)', '❄️ 냉장·냉동 과잉 (78%)', '💸 배송비 상승 (91%)', '⚡ 복합 스트레스 (60%)']","{'재고위험': '25.1%', '판매가능성': '13.2%', '점포이동적합': '14.0%', '비용절감': '18.3%', '폐기회피이익': '13.2%', '실행가능성': '12.8%', '이력보정': '3.3%'}",True,True,False,True,False,True,56.6,32.7,59.3,68.0,72.0,79.9,55.7,59.0,0.0,94.5,최적,할인 판매,🏷️,20,HIGH,신뢰도 높음 ●,#2e7d32,,,94.5,최적,할인 판매,-1,-1,False,False,,50.0,9267.0,20631.0,9267.0,8.63,19.59,8.63,17.0,351.0,305.0,314.0,재고 이동,재고 이동,94.541,일치,94.541,64.703,34.759,14.517
샌드위치023,문래점,마포점,286.0,재배치 추천,8295.0,프로모션 순비용이 재배치 비용보다 높습니다.,32.776175655997484,18.07909604519774,18,0,68.9,검토 가능,8295.0,286.0,58,False,Greedy 선택 후보보다 우선순위가 낮음,2.39,1198,345,7,신선식품,150,322,72.0,17.0,150,86256.0,B,0.9181734074460505,2,60.0,143.8,2.5,DEAD,20.1,True,70.0,HIGH,유통기한 임박 | 소진일수 144일 초과 | 신선/냉장 고위험 카테고리,2.0,9.2,0.0,SAFE,"재고 여유 — 현재고(345), 재주문점(9)",0.0,144.2,60.3,60479.0,100.0,OVER,과잉 발주 위험 — 현재(343개) > EOQ(144개). 발주 주기 60일 권장,100.0,16.9,2.41,3.4,1.43,STABLE,142.9,0.0,WMA,0.0,36.9,10.0,8.4,6.0,7.5,5.0,POOR,낮은 매칭 · 폐기위험 높음,1.016,50.4,STABLE,28.1,LOW,55.6,MEDIUM,41.7,23.3,78.8,0.3,30.0,445759.0,100.0,0.385,0.385,88.5,True,20.0,316,40.8,73,100.0,0.999,4.9,73.4,50.0,REALLOCATE,92.4,2,99.8,73.8,38.6,disposal_risk,57.5,검토 필요,160,HEURISTIC 29% | ABC 14% | TURNOVER 14% | DISPOSAL_RISK 14% | SAFETY_STOCK 8% | EOQ 7% | DEMAND_FORECAST 7% | MATCH 5%,"['⏰ 유통기한 임박 (84%)', '❄️ 냉장·냉동 과잉 (78%)', '💸 배송비 상승 (91%)', '⚡ 복합 스트레스 (60%)']","{'재고위험': '25.1%', '판매가능성': '13.2%', '점포이동적합': '14.0%', '비용절감': '18.3%', '폐기회피이익': '13.2%', '실행가능성': '12.8%', '이력보정': '3.3%'}",True,True,False,True,False,True,49.3,32.8,57.1,67.9,72.0,60.3,55.9,54.4,0.0,51.4,검토,할인 판매,🏷️,251,HIGH,신뢰도 높음 ●,#2e7d32,,,51.4,검토,할인 판매,-1,-1,False,False,,50.0,8295.0,22656.0,8295.0,7.55,21.84,7.55,15.0,426.0,322.0,286.0,재고 이동,재고 이동,89.692,일치,89.692,65.195,36.757,14.187
샐러드069,마포점,여의도2점,281.0,재배치 추천,8061.0,프로모션 순비용이 재배치 비용보다 높습니다.,33.04342860406019,17.725988700564972,18,0,68.8,검토 가능,8061.0,281.0,59,False,Greedy 선택 후보보다 우선순위가 낮음,8.62,3082,293,1,신선식품,250,281,259.0,60.0,250,798238.0,A,0.6610542014354238,1,100.0,33.9,10.61,NORMAL,81.2,False,50.0,MEDIUM,유통기한 임박 | 신선/냉장 고위험 카테고리,7.4,33.3,0.0,SAFE,"재고 여유 — 현재고(293), 재주문점(33)",0.0,170.8,19.8,184226.0,67.2,OVER,과잉 발주 위험 — 현재(286개) > EOQ(171개). 발주 주기 20일 권장,67.2,60.1,8.59,12.14,5.03,STABLE,34.1,3.4,WMA,3.4,36.3,10.0,3.77,10.0,7.5,5.0,POOR,낮은 매칭 · 핵심(A)상품,0.994,49.9,STABLE,6.8,LOW,76.6,HIGH,38.1,8.2,88.3,0.3,30.0,1101439.0,100.0,0.385,0.385,88.5,True,38.0,44,27.7,294,100.0,0.999,4.9,76.2,50.0,REALLOCATE,92.3,2,99.8,73.8,24.0,turnover,70.3,우선 처리,24,HEURISTIC 29% | ABC 14% | TURNOVER 14% | DISPOSAL_RISK 14% | SAFETY_STOCK 8% | EOQ 7% | DEMAND_FORECAST 7% | MATCH 5%,"['⏰ 유통기한 임박 (84%)', '❄️ 냉장·냉동 과잉 (78%)', '💸 배송비 상승 (91%)', '⚡ 복합 스트레스 (60%)']","{'재고위험': '25.1%', '판매가능성': '13.2%', '점포이동적합': '14.0%', '비용절감': '18.3%', '폐기회피이익': '13.2%', '실행가능성': '12.8%', '이력보정': '3.3%'}",True,True,False,True,False,True,62.5,34.4,54.5,62.9,72.0,61.6,65.8,56.8,0.0,78.6,권장,보류,⏸️,105,HIGH,신뢰도 높음 ●,#2e7d32,,,78.6,권장,보류,-1,-1,False,False,,50.0,8061.0,19686.0,8061.0,7.29,18.54,7.29,15.0,938.0,281.0,770.0,재고 이동,재고 이동,97.192,일치,97.192,61.84,29.37,13.657
딸기우유054,용산점,선릉점,323.0,재배치 추천,10689.0,프로모션 순비용이 재배치 비용보다 높습니다.,30.041972418125233,20.692090395480225,18,0,68.7,검토 가능,10689.0,323.0,60,False,Greedy 선택 후보보다 우선순위가 낮음,2.38,1828,379,17,유제품,300,323,71.0,17.0,300,129788.0,B,0.9443179613862073,2,60.0,160.1,2.25,DEAD,11.1,True,47.8,MEDIUM,소진일수 160일 초과 | 신선/냉장 고위험 카테고리,2.0,9.1,0.0,SAFE,"재고 여유 — 현재고(379), 재주문점(9)",0.0,116.5,48.9,74552.0,100.0,OVER,과잉 발주 위험 — 현재(377개) > EOQ(116개). 발주 주기 49일 권장,100.0,16.9,2.41,3.4,1.43,STABLE,157.0,0.0,WMA,0.0,32.1,10.0,3.6,6.0,7.5,5.0,POOR,낮은 매칭,1.02,50.5,STABLE,31.0,LOW,43.3,MEDIUM,30.6,48.8,83.3,0.3,30.0,794744.0,100.0,0.385,0.385,88.5,True,13.4,475,31.7,227,100.0,0.999,4.9,74.8,50.0,REALLOCATE,92.1,2,99.8,73.7,43.1,disposal_risk,49.5,모니터링,294,HEURISTIC 29% | ABC 14% | TURNOVER 14% | DISPOSAL_RISK 14% | SAFETY_STOCK 8% | EOQ 7% | DEMAND_FORECAST 7% | MATCH 5%,"['⏰ 유통기한 임박 (84%)', '❄️ 냉장·냉동 과잉 (78%)', '💸 배송비 상승 (91%)', '⚡ 복합 스트레스 (60%)']","{'재고위험': '25.1%', '판매가능성': '13.2%', '점포이동적합': '14.0%', '비용절감': '18.3%', '폐기회피이익': '13.2%', '실행가능성': '12.8%', '이력보정': '3.3%'}",True,True,False,True,False,True,36.9,32.8,53.3,67.8,72.0,71.8,52.3,52.2,0.0,30.2,검토,보류,⏸️,365,HIGH,신뢰도 높음 ●,#2e7d32,,,30.2,검토,보류,-1,-1,False,False,,50.0,10689.0,24249.0,10689.0,10.21,23.61,10.21,20.0,738.0,323.0,681.0,재고 이동,재고 이동,93.316,일치,93.316,65.231,33.289,5.326
핫바036,성수점,잠실2점,272.0,재배치 추천,7638.0,프로모션 순비용이 재배치 비용보다 높습니다.,33.52653970248123,17.09039548022599,18,0,68.6,검토 가능,7638.0,272.0,61,False,Greedy 선택 후보보다 우선순위가 낮음,2.43,3002,275,0,간편식,150,272,73.0,17.0,150,219146.0,B,0.8445847697943089,2,60.0,113.0,3.19,DEAD,37.2,True,75.0,HIGH,유통기한 임박 | 소진일수 113일 초과,2.1,9.4,0.0,SAFE,"재고 여유 — 현재고(275), 재주문점(9)",0.0,115.9,47.7,76536.0,100.0,OVER,과잉 발주 위험 — 현재(273개) > EOQ(116개). 발주 주기 48일 권장,100.0,17.0,2.43,3.43,1.43,STABLE,113.2,0.0,WMA,0.0,36.9,10.0,8.4,6.0,7.5,5.0,POOR,낮은 매칭 · 폐기위험 높음,0.999,50.0,STABLE,22.0,LOW,78.3,HIGH,25.0,30.0,87.4,0.3,30.0,1013015.0,100.0,0.385,0.385,88.5,False,21.3,246,41.3,57,100.0,0.999,4.9,76.0,50.0,REALLOCATE,92.0,2,99.8,73.7,38.6,disposal_risk,61.3,검토 필요,99,HEURISTIC 29% | ABC 14% | TURNOVER 14% | DISPOSAL_RISK 14% | SAFETY_STOCK 8% | EOQ 7% | DEMAND_FORECAST 7% | MATCH 5%,"['⏰ 유통기한 임박 (84%)', '❄️ 냉장·냉동 과잉 (78%)', '💸 배송비 상승 (91%)', '⚡ 복합 스트레스 (60%)']","{'재고위험': '25.1%', '판매가능성': '13.2%', '점포이동적합': '14.0%', '비용절감': '18.3%', '폐기회피이익': '13.2%', '실행가능성': '12.8%', '이력보정': '3.3%'}",True,True,False,True,False,True,56.1,32.7,57.5,67.7,72.0,68.3,56.6,57.1,0.0,81.6,최적,할인 판매,🏷️,89,HIGH,신뢰도 높음 ●,#2e7d32,,,81.6,최적,할인 판매,-1,-1,False,False,,50.0,7638.0,18588.0,7638.0,6.82,17.32,6.82,14.0,486.0,272.0,413.0,재고 이동,재고 이동,92.08,일치,92.08,64.926,36.479,14.662
마카롱075,종로점,압구정점,277.0,재배치 추천,8178.0,프로모션 순비용이 재배치 비용보다 높습니다.,32.90980213002884,17.443502824858754,18,0,68.4,검토 가능,8178.0,277.0,62,False,Greedy 선택 후보보다 우선순위가 낮음,9.02,3054,327,4,디저트,500,277,271.0,63.0,500,827634.0,A,0.0854475137823289,1,100.0,36.2,9.94,NORMAL,79.9,False,33.1,LOW,유통기한 임박,7.7,34.8,0.0,SAFE,"재고 여유 — 현재고(327), 재주문점(35)",0.0,207.7,23.0,158546.0,53.7,OVER,과잉 발주 위험 — 현재(319개) > EOQ(208개). 발주 주기 23일 권장,53.7,63.1,9.01,12.74,5.29,STABLE,36.3,3.2,WMA,3.2,32.7,10.0,0.16,10.0,7.5,5.0,POOR,낮은 매칭 · 핵심(A)상품,0.998,49.9,STABLE,7.1,LOW,66.1,MEDIUM,32.5,35.6,98.7,0.3,30.0,1145472.0,100.0,0.385,0.385,88.5,False,34.1,55,20.3,478,100.0,0.999,4.9,78.7,50.0,REALLOCATE,91.9,2,99.8,73.7,23.2,turnover,63.9,검토 필요,73,HEURISTIC 29% | ABC 14% | TURNOVER 14% | DISPOSAL_RISK 14% | SAFETY_STOCK 8% | EOQ 7% | DEMAND_FORECAST 7% | MATCH 5%,"['⏰ 유통기한 임박 (84%)', '❄️ 냉장·냉동 과잉 (78%)', '💸 배송비 상승 (91%)', '⚡ 복합 스트레스 (60%)']","{'재고위험': '25.1%', '판매가능성': '13.2%', '점포이동적합': '14.0%', '비용절감': '18.3%', '폐기회피이익': '13.2%', '실행가능성': '12.8%', '이력보정': '3.3%'}",True,True,False,True,False,True,54.6,34.3,51.6,60.7,72.0,77.7,63.7,56.1,0.0,70.8,권장,보류,⏸️,147,HIGH,신뢰도 높음 ●,#2e7d32,,,70.8,권장,보류,0,-1,False,False,,50.0,8178.0,23115.0,8178.0,7.42,22.35,7.42,15.0,615.0,277.0,597.0,재고 이동,재고 이동,90.989,일치,90.989,56.987,27.431,16.077
아이스라떼073,사당점,압구정점,321.0,재배치 추천,10851.0,프로모션 순비용이 재배치 비용보다 높습니다.,29.856951146389513,20.55084745762712,18,0,68.4,검토 가능,10851.0,321.0,63,False,Greedy 선택 후보보다 우선순위가 낮음,2.99,1589,346,6,유제품,400,321,90.0,21.0,400,143010.0,B,0.8067621446776673,2,60.0,115.3,3.12,DEAD,35.9,True,68.0,HIGH,유통기한 임박 | 소진일수 115일 초과 | 신선/냉장 고위험 카테고리,2.6,11.6,0.0,SAFE,"재고 여유 — 현재고(346), 재주문점(12)",0.0,140.1,46.9,77907.0,100.0,OVER,과잉 발주 위험 — 현재(343개) > EOQ(140개). 발주 주기 47일 권장,100.0,21.0,3.0,4.23,1.77,STABLE,115.3,0.0,WMA,0.0,36.9,10.0,8.4,6.0,7.5,5.0,POOR,낮은 매칭 · 폐기위험 높음,1.003,50.1,STABLE,22.5,LOW,59.1,MEDIUM,31.4,35.6,98.7,0.3,30.0,729632.0,100.0,0.385,0.385,88.5,True,19.5,334,38.6,119,100.0,0.999,4.9,78.7,50.0,REALLOCATE,91.7,2,99.8,73.7,41.1,disposal_risk,59.3,검토 필요,132,HEURISTIC 29% | ABC 14% | TURNOVER 14% | DISPOSAL_RISK 14% | SAFETY_STOCK 8% | EOQ 7% | DEMAND_FORECAST 7% | MATCH 5%,"['⏰ 유통기한 임박 (84%)', '❄️ 냉장·냉동 과잉 (78%)', '💸 배송비 상승 (91%)', '⚡ 복합 스트레스 (60%)']","{'재고위험': '25.1%', '판매가능성': '13.2%', '점포이동적합': '14.0%', '비용절감': '18.3%', '폐기회피이익': '13.2%', '실행가능성': '12.8%', '이력보정': '3.3%'}",True,True,False,True,False,True,52.6,32.7,57.2,67.6,72.0,77.7,55.6,57.4,0.0,85.0,최적,할인 판매,🏷️,71,HIGH,신뢰도 높음 ●,#2e7d32,,,85.0,최적,할인 판매,-1,-1,False,True,8160.0,66.9,10851.0,23250.0,10851.0,10.39,22.5,10.39,21.0,571.0,321.0,523.0,재고 이동,재고 이동,93.456,일치,93.456,65.691,36.502,10.798
샌드위치058,잠실2점,강남점,321.0,재배치 추천,10878.0,프로모션 순비용이 재배치 비용보다 높습니다.,29.826114267766894,20.55084745762712,18,0,68.4,검토 가능,10878.0,321.0,64,False,Greedy 선택 후보보다 우선순위가 낮음,5.53,717,328,1,신선식품,500,321,166.0,39.0,500,119022.0,C,0.9523365925254981,3,20.0,59.3,6.07,NORMAL,67.1,False,62.6,HIGH,유통기한 임박 | 신선/냉장 고위험 카테고리,4.7,21.3,0.0,SAFE,"재고 여유 — 현재고(328), 재주문점(21)",0.0,283.6,51.3,71171.0,14.0,OPTIMAL,"적정 발주 — EOQ(284개), 권장 발주 주기 51일",14.0,38.9,5.56,7.84,3.28,STABLE,59.0,0.1,WMA,0.1,33.9,10.0,8.4,3.0,7.5,5.0,POOR,낮은 매칭 · 폐기위험 높음,1.007,50.2,STABLE,11.5,LOW,76.6,HIGH,25.0,13.2,79.6,0.3,30.0,425810.0,100.0,0.385,0.385,88.5,True,18.0,385,33.1,209,100.0,0.999,4.9,73.6,50.0,REALLOCATE,91.6,2,99.8,73.7,39.1,disposal_risk,49.0,모니터링,303,HEURISTIC 29% | ABC 14% | TURNOVER 14% | DISPOSAL_RISK 14% | SAFETY_STOCK 8% | EOQ 7% | DEMAND_FORECAST 7% | MATCH 5%,"['⏰ 유통기한 임박 (84%)', '❄️ 냉장·냉동 과잉 (78%)', '💸 배송비 상승 (91%)', '⚡ 복합 스트레스 (60%)']","{'재고위험': '25.1%', '판매가능성': '13.2%', '점포이동적합': '14.0%', '비용절감': '18.3%', '폐기회피이익': '13.2%', '실행가능성': '12.8%', '이력보정': '3.3%'}",True,True,False,True,False,True,52.4,32.8,54.2,54.7,72.0,57.5,54.8,52.0,0.0,27.2,검토,할인 판매,🏷️,381,HIGH,신뢰도 높음 ●,#2e7d32,,,27.2,검토,할인 판매,-1,0,False,False,,50.0,10878.0,28254.0,10878.0,10.42,28.06,10.42,21.0,907.0,321.0,809.0,재고 이동,재고 이동,87.139,일치,87.139,60.654,34.585,9.723
핫바027,역삼점,왕십리점,285.0,재배치 추천,8727.0,프로모션 순비용이 재배치 비용보다 높습니다.,32.282785598035574,18.008474576271187,18,0,68.3,검토 가능,8727.0,285.0,65,False,Greedy 선택 후보보다 우선순위가 낮음,6.44,2509,330,5,간편식,250,285,193.0,45.0,250,484237.0,A,0.26107531382798244,1,100.0,51.3,7.02,NORMAL,71.5,False,45.6,MEDIUM,유통기한 임박,5.5,24.8,0.0,SAFE,"재고 여유 — 현재고(330), 재주문점(25)",0.0,206.4,32.0,113907.0,57.2,OVER,과잉 발주 위험 — 현재(324개) > EOQ(206개). 발주 주기 32일 권장,57.2,45.0,6.43,9.09,3.77,STABLE,51.3,1.2,WMA,1.2,36.2,10.0,3.66,10.0,7.5,5.0,POOR,낮은 매칭 · 핵심(A)상품,0.998,50.0,STABLE,10.0,LOW,62.6,MEDIUM,37.0,23.6,84.2,0.3,30.0,920601.0,100.0,0.385,0.385,88.5,False,18.4,374,26.5,357,100.0,0.999,4.9,75.1,50.0,REALLOCATE,91.5,2,99.8,73.7,25.7,turnover,64.9,검토 필요,60,HEURISTIC 29% | ABC 14% | TURNOVER 14% | DISPOSAL_RISK 14% | SAFETY_STOCK 8% | EOQ 7% | DEMAND_FORECAST 7% | MATCH 5%,"['⏰ 유통기한 임박 (84%)', '❄️ 냉장·냉동 과잉 (78%)', '💸 배송비 상승 (91%)', '⚡ 복합 스트레스 (60%)']","{'재고위험': '25.1%', '판매가능성': '13.2%', '점포이동적합': '14.0%', '비용절감': '18.3%', '폐기회피이익': '13.2%', '실행가능성': '12.8%', '이력보정': '3.3%'}",True,True,False,True,False,True,58.0,33.3,54.1,61.1,72.0,64.0,55.0,55.5,0.0,64.1,검토,보류,⏸️,183,HIGH,신뢰도 높음 ●,#2e7d32,,,64.1,검토,보류,-1,0,False,False,,50.0,8727.0,19002.0,8727.0,8.03,17.78,8.03,16.0,891.0,285.0,877.0,재고 이동,재고 이동,97.13,일치,97.13,61.695,28.128,11.011
차음료024,신촌2점,문래점,286.0,재배치 추천,8817.0,프로모션 순비용이 재배치 비용보다 높습니다.,32.17999600262685,18.07909604519774,18,0,68.3,검토 가능,8817.0,286.0,66,False,Greedy 선택 후보보다 우선순위가 낮음,4.25,2550,291,0,음료,250,286,128.0,30.0,250,326400.0,A,0.3697636250984765,1,100.0,68.2,5.28,SLOW,62.1,True,59.1,MEDIUM,유통기한 임박 | 소진일수 68일 초과,3.6,16.4,0.0,SAFE,"재고 여유 — 현재고(291), 재주문점(16)",0.0,183.8,43.2,84382.0,56.4,OVER,과잉 발주 위험 — 현재(287개) > EOQ(184개). 발주 주기 43일 권장,56.4,29.9,4.27,6.02,2.52,STABLE,68.1,0.0,WMA,0.0,36.1,10.0,3.6,10.0,7.5,5.0,POOR,낮은 매칭 · 핵심(A)상품,1.008,50.2,STABLE,13.3,LOW,78.3,HIGH,35.6,47.9,90.2,0.3,30.0,937843.0,100.0,0.385,0.385,88.5,False,17.0,409,32.6,216,100.0,0.999,4.9,76.7,50.0,REALLOCATE,91.3,2,99.8,73.7,26.2,disposal_risk,65.5,검토 필요,55,HEURISTIC 29% | ABC 14% | TURNOVER 14% | DISPOSAL_RISK 14% | SAFETY_STOCK 8% | EOQ 7% | DEMAND_FORECAST 7% | MATCH 5%,"['⏰ 유통기한 임박 (84%)', '❄️ 냉장·냉동 과잉 (78%)', '💸 배송비 상승 (91%)', '⚡ 복합 스트레스 (60%)']","{'재고위험': '25.1%', '판매가능성': '13.2%', '점포이동적합': '14.0%', '비용절감': '18.3%', '폐기회피이익': '13.2%', '실행가능성': '12.8%', '이력보정': '3.3%'}",True,True,False,True,False,True,61.6,32.8,55.4,61.0,72.0,76.1,54.3,58.0,0.0,87.9,최적,보류,⏸️,55,HIGH,신뢰도 높음 ●,#2e7d32,,,87.9,최적,보류,-1,-1,False,False,,50.0,8817.0,18039.0,8817.0,8.13,16.71,8.13,16.0,412.0,286.0,411.0,재고 이동,재고 이동,91.614,일치,91.614,59.918,31.396,17.456
아이스라떼045,성수점,강남점,269.0,재배치 추천,7944.0,프로모션 순비용이 재배치 비용보다 높습니다.,33.17705507809154,16.87853107344633,18,0,68.1,검토 가능,7944.0,269.0,67,False,Greedy 선택 후보보다 우선순위가 낮음,2.11,3303,271,0,유제품,300,269,63.0,15.0,300,208089.0,A,0.196863839439598,1,100.0,129.0,2.79,DEAD,28.3,True,78.0,HIGH,유통기한 임박 | 소진일수 129일 초과 | 신선/냉장 고위험 카테고리,1.8,8.1,0.0,SAFE,"재고 여유 — 현재고(271), 재주문점(8)",0.0,81.6,38.7,94357.0,100.0,OVER,과잉 발주 위험 — 현재(269개) > EOQ(82개). 발주 주기 39일 권장,100.0,14.9,2.13,3.0,1.26,STABLE,127.3,0.0,WMA,0.0,40.9,10.0,8.4,10.0,7.5,5.0,FAIR,보통 매칭 · 폐기위험 높음 · 핵심(A)상품,1.016,50.4,STABLE,25.0,LOW,78.3,HIGH,26.9,13.2,79.6,0.3,30.0,1138964.0,100.0,0.385,0.385,88.5,True,22.3,204,44.0,26,100.0,0.999,4.9,73.6,50.0,REALLOCATE,91.2,2,99.8,73.6,22.6,disposal_risk,68.4,검토 필요,33,HEURISTIC 29% | ABC 14% | TURNOVER 14% | DISPOSAL_RISK 14% | SAFETY_STOCK 8% | EOQ 7% | DEMAND_FORECAST 7% | MATCH 5%,"['⏰ 유통기한 임박 (84%)', '❄️ 냉장·냉동 과잉 (78%)', '💸 배송비 상승 (91%)', '⚡ 복합 스트레스 (60%)']","{'재고위험': '25.1%', '판매가능성': '13.2%', '점포이동적합': '14.0%', '비용절감': '18.3%', '폐기회피이익': '13.2%', '실행가능성': '12.8%', '이력보정': '3.3%'}",True,True,False,True,False,True,61.1,32.8,59.6,67.5,72.0,57.5,57.2,57.3,0.0,83.1,최적,할인 판매,🏷️,81,HIGH,신뢰도 높음 ●,#2e7d32,,,83.1,최적,할인 판매,-1,0,False,False,,50.0,7944.0,22143.0,7944.0,7.16,21.27,7.16,14.0,875.0,269.0,752.0,재고 이동,재고 이동,100.35,일치,100.35,68.144,34.118,9.929
핫바036,종로점,압구정점,274.0,재배치 추천,8178.0,프로모션 순비용이 재배치 비용보다 높습니다.,32.90980213002884,17.231638418079097,18,0,68.1,검토 가능,8178.0,274.0,68,False,Greedy 선택 후보보다 우선순위가 낮음,1.28,3002,277,2,간편식,150,274,38.0,9.0,150,114076.0,B,0.8445847697943089,2,60.0,218.7,1.65,DEAD,0.0,True,73.0,HIGH,유통기한 임박 | 소진일수 219일 초과,1.1,4.9,0.0,SAFE,"재고 여유 — 현재고(277), 재주문점(5)",0.0,84.1,65.7,55548.0,100.0,OVER,과잉 발주 위험 — 현재(276개) > EOQ(84개). 발주 주기 66일 권장,100.0,9.0,1.29,1.81,0.76,STABLE,215.4,0.0,WMA,0.0,36.9,10.0,8.4,6.0,7.5,5.0,POOR,낮은 매칭 · 폐기위험 높음,1.004,50.1,STABLE,35.0,LOW,73.1,HIGH,23.9,35.6,98.7,0.3,30.0,1019980.0,100.0,0.385,0.385,88.5,False,20.8,277,43.7,32,100.0,0.999,4.9,78.7,50.0,REALLOCATE,91.1,2,99.8,73.6,32.5,disposal_risk,54.3,모니터링,208,HEURISTIC 29% | ABC 14% | TURNOVER 14% | DISPOSAL_RISK 14% | SAFETY_STOCK 8% | EOQ 7% | DEMAND_FORECAST 7% | MATCH 5%,"['⏰ 유통기한 임박 (84%)', '❄️ 냉장·냉동 과잉 (78%)', '💸 배송비 상승 (91%)', '⚡ 복합 스트레스 (60%)']","{'재고위험': '25.1%', '판매가능성': '13.2%', '점포이동적합': '14.0%', '비용절감': '18.3%', '폐기회피이익': '13.2%', '실행가능성': '12.8%', '이력보정': '3.3%'}",True,True,False,True,False,True,45.4,32.7,58.2,67.5,72.0,77.7,56.4,55.7,0.0,67.4,권장,할인 판매,🏷️,165,HIGH,신뢰도 높음 ●,#2e7d32,,,67.4,권장,할인 판매,0,-1,False,False,,50.0,8178.0,23115.0,8178.0,7.42,22.35,7.42,15.0,486.0,274.0,455.0,재고 이동,재고 이동,90.417,일치,90.417,67.062,36.555,11.333
탄산음료067,홍대2점,명동점,284.0,재배치 추천,8826.0,프로모션 순비용이 재배치 비용보다 높습니다.,32.169717043085974,17.937853107344633,18,0,68.1,검토 가능,8826.0,284.0,69,False,Greedy 선택 후보보다 우선순위가 낮음,2.01,3575,298,5,음료,250,284,60.0,14.0,250,214500.0,A,0.3434406152679366,1,100.0,149.0,2.42,DEAD,17.2,True,60.0,HIGH,유통기한 임박 | 소진일수 149일 초과,1.7,7.7,0.0,SAFE,"재고 여유 — 현재고(298), 재주문점(8)",0.0,106.8,53.1,68710.0,100.0,OVER,과잉 발주 위험 — 현재(296개) > EOQ(107개). 발주 주기 53일 권장,100.0,14.0,2.0,2.83,1.17,STABLE,149.0,0.0,WMA,0.0,40.9,10.0,8.4,10.0,7.5,5.0,FAIR,보통 매칭 · 폐기위험 높음 · 핵심(A)상품,0.995,49.9,STABLE,29.0,LOW,62.6,MEDIUM,41.7,32.8,100.0,0.3,30.0,1280534.0,100.0,0.385,0.385,88.5,False,17.6,395,37.8,145,100.0,0.999,4.9,79.0,50.0,REALLOCATE,90.9,2,99.8,73.6,24.7,disposal_risk,62.5,검토 필요,92,HEURISTIC 29% | ABC 14% | TURNOVER 14% | DISPOSAL_RISK 14% | SAFETY_STOCK 8% | EOQ 7% | DEMAND_FORECAST 7% | MATCH 5%,"['⏰ 유통기한 임박 (84%)', '❄️ 냉장·냉동 과잉 (78%)', '💸 배송비 상승 (91%)', '⚡ 복합 스트레스 (60%)']","{'재고위험': '25.1%', '판매가능성': '13.2%', '점포이동적합': '14.0%', '비용절감': '18.3%', '폐기회피이익': '13.2%', '실행가능성': '12.8%', '이력보정': '3.3%'}",True,True,False,True,False,True,50.1,32.7,58.9,67.5,72.0,77.6,54.6,57.0,0.0,80.3,최적,할인 판매,🏷️,96,HIGH,신뢰도 높음 ●,#2e7d32,,,80.3,최적,할인 판매,-1,-1,False,False,,50.0,8826.0,26679.0,8826.0,8.14,26.310000000000002,8.14,16.0,534.0,284.0,402.0,재고 이동,재고 이동,92.821,일치,92.821,63.443,33.49,13.038
커피013,역삼점,왕십리점,281.0,재배치 추천,8727.0,프로모션 순비용이 재배치 비용보다 높습니다.,32.282785598035574,17.725988700564972,18,0,68.0,검토 가능,8727.0,281.0,70,False,Greedy 선택 후보보다 우선순위가 낮음,1.09,1543,290,6,음료,500,281,33.0,8.0,500,50919.0,B,0.9087869865371656,2,60.0,263.6,1.37,DEAD,0.0,True,60.0,HIGH,유통기한 임박 | 소진일수 264일 초과,0.9,4.2,0.0,SAFE,"재고 여유 — 현재고(290), 재주문점(4)",0.0,119.7,109.8,33241.0,100.0,OVER,과잉 발주 위험 — 현재(289개) > EOQ(120개). 발주 주기 110일 권장,100.0,7.9,1.13,1.58,0.68,STABLE,257.0,0.0,WMA,0.0,36.9,10.0,8.4,6.0,7.5,5.0,POOR,낮은 매칭 · 폐기위험 높음,1.048,51.2,STABLE,35.0,LOW,59.1,MEDIUM,45.9,23.6,84.2,0.3,30.0,652073.0,100.0,0.385,0.385,88.5,False,17.3,404,38.5,121,100.0,0.999,4.9,75.1,50.0,REALLOCATE,90.8,2,99.8,73.6,37.0,disposal_risk,51.2,모니터링,256,HEURISTIC 29% | ABC 14% | TURNOVER 14% | DISPOSAL_RISK 14% | SAFETY_STOCK 8% | EOQ 7% | DEMAND_FORECAST 7% | MATCH 5%,"['⏰ 유통기한 임박 (84%)', '❄️ 냉장·냉동 과잉 (78%)', '💸 배송비 상승 (91%)', '⚡ 복합 스트레스 (60%)']","{'재고위험': '25.1%', '판매가능성': '13.2%', '점포이동적합': '14.0%', '비용절감': '18.3%', '폐기회피이익': '13.2%', '실행가능성': '12.8%', '이력보정': '3.3%'}",True,True,False,True,False,True,39.5,33.1,56.8,67.4,72.0,64.0,54.4,52.3,0.0,31.7,검토,할인 판매,🏷️,357,HIGH,신뢰도 높음 ●,#2e7d32,,,31.7,검토,할인 판매,-1,0,False,False,,50.0,8727.0,19002.0,8727.0,8.03,17.78,8.03,16.0,926.0,281.0,645.0,재고 이동,재고 이동,92.953,일치,92.953,65.555,33.721,6.935
차음료024,교대점,압구정점,255.0,재배치 추천,7404.0,프로모션 순비용이 재배치 비용보다 높습니다.,33.79379265054393,15.889830508474576,18,0,67.7,검토 가능,7404.0,255.0,71,False,Greedy 선택 후보보다 우선순위가 낮음,5.08,2550,285,1,음료,250,278,152.0,36.0,250,387600.0,A,0.3697636250984765,1,100.0,56.2,6.4,NORMAL,68.8,False,51.1,MEDIUM,유통기한 임박,4.4,19.6,0.0,SAFE,"재고 여유 — 현재고(285), 재주문점(20)",0.0,201.0,39.6,92254.0,39.6,OPTIMAL,"적정 발주 — EOQ(201개), 권장 발주 주기 40일",39.6,35.8,5.11,7.21,3.02,STABLE,55.7,0.6,WMA,0.6,36.1,10.0,3.63,10.0,7.5,5.0,POOR,낮은 매칭 · 핵심(A)상품,1.012,50.3,STABLE,10.9,LOW,76.6,HIGH,34.7,35.6,98.7,0.3,30.0,836646.0,100.0,0.385,0.385,88.5,False,16.5,420,28.8,277,100.0,0.999,4.9,78.7,50.0,REALLOCATE,90.7,2,99.8,73.5,26.0,disposal_risk,63.5,검토 필요,81,HEURISTIC 29% | ABC 14% | TURNOVER 14% | DISPOSAL_RISK 14% | SAFETY_STOCK 8% | EOQ 7% | DEMAND_FORECAST 7% | MATCH 5%,"['⏰ 유통기한 임박 (84%)', '❄️ 냉장·냉동 과잉 (78%)', '💸 배송비 상승 (91%)', '⚡ 복합 스트레스 (60%)']","{'재고위험': '25.1%', '판매가능성': '13.2%', '점포이동적합': '14.0%', '비용절감': '18.3%', '폐기회피이익': '13.2%', '실행가능성': '12.8%', '이력보정': '3.3%'}",True,True,False,True,False,True,59.7,33.1,54.9,58.2,72.0,77.7,54.0,57.2,0.0,82.2,최적,보류,⏸️,86,HIGH,신뢰도 높음 ●,#2e7d32,,,82.2,최적,보류,-1,-1,False,False,,50.0,7404.0,21090.0,7404.0,6.56,20.1,6.56,13.0,412.0,278.0,255.0,재고 이동,재고 이동,86.222,일치,86.222,55.358,29.847,21.476
라면080,혜화점,성수점,286.0,재배치 추천,9267.0,프로모션 순비용이 재배치 비용보다 높습니다.,31.666048025583187,18.07909604519774,18,0,67.7,검토 가능,9267.0,286.0,72,False,Greedy 선택 후보보다 우선순위가 낮음,6.57,1204,295,0,간편식,500,286,197.0,46.0,500,237188.0,B,0.8896110979107996,2,60.0,44.9,8.01,NORMAL,75.1,False,52.5,MEDIUM,유통기한 임박,5.6,25.3,0.0,SAFE,"재고 여유 — 현재고(295), 재주문점(25)",0.0,300.9,45.8,79699.0,3.1,OPTIMAL,"적정 발주 — EOQ(301개), 권장 발주 주기 46일",3.1,46.0,6.57,9.28,3.86,STABLE,44.9,2.0,WMA,2.0,32.2,10.0,3.7,6.0,7.5,5.0,POOR,낮은 매칭,1.0,50.0,STABLE,8.7,LOW,78.3,HIGH,42.0,46.2,96.7,0.3,30.0,546946.0,100.0,0.385,0.385,88.5,False,25.9,104,28.2,289,100.0,0.999,4.9,78.3,50.0,REALLOCATE,90.5,1,100.0,73.5,38.6,turnover,55.0,검토 필요,203,HEURISTIC 29% | ABC 14% | TURNOVER 14% | DISPOSAL_RISK 14% | SAFETY_STOCK 8% | EOQ 7% | DEMAND_FORECAST 7% | MATCH 5%,"['⏰ 유통기한 임박 (84%)', '❄️ 냉장·냉동 과잉 (78%)', '💸 배송비 상승 (91%)', '⚡ 복합 스트레스 (60%)']","{'재고위험': '25.1%', '판매가능성': '13.2%', '점포이동적합': '14.0%', '비용절감': '18.3%', '폐기회피이익': '13.2%', '실행가능성': '12.8%', '이력보정': '3.3%'}",True,True,False,True,False,True,56.0,33.7,53.0,52.7,72.0,79.9,59.2,55.3,0.0,62.8,검토,보류,⏸️,190,HIGH,신뢰도 높음 ●,#2e7d32,,,62.8,검토,보류,-1,-1,False,False,,50.0,9267.0,20631.0,9267.0,8.63,19.59,8.63,17.0,815.0,286.0,735.0,재고 이동,재고 이동,87.578,일치,87.578,57.288,29.893,13.695
탄산음료035,동대문점,합정점,341.0,재배치 추천,12723.0,프로모션 순비용이 재배치 비용보다 높습니다.,27.718927561887902,21.96327683615819,18,0,67.7,검토 가능,12723.0,341.0,73,False,Greedy 선택 후보보다 우선순위가 낮음,4.77,1933,374,5,음료,300,341,143.0,33.0,300,276419.0,A,0.7681404439540753,1,100.0,78.5,4.59,SLOW,56.4,True,54.2,MEDIUM,유통기한 임박 | 소진일수 78일 초과,4.1,18.4,0.0,SAFE,"재고 여유 — 현재고(374), 재주문점(18)",0.0,223.7,46.9,77832.0,65.4,OVER,과잉 발주 위험 — 현재(370개) > EOQ(224개). 발주 주기 47일 권장,65.4,33.2,4.74,6.71,2.78,STABLE,78.9,0.0,WMA,0.0,36.1,10.0,3.6,10.0,7.5,5.0,POOR,낮은 매칭 · 핵심(A)상품,0.988,49.7,STABLE,15.5,LOW,62.6,MEDIUM,32.8,41.4,83.6,0.3,30.0,880561.0,100.0,0.385,0.385,88.5,False,15.7,435,31.2,233,100.0,0.999,4.9,74.9,50.0,REALLOCATE,90.4,2,99.8,73.5,27.5,disposal_risk,63.6,검토 필요,79,HEURISTIC 29% | ABC 14% | TURNOVER 14% | DISPOSAL_RISK 14% | SAFETY_STOCK 8% | EOQ 7% | DEMAND_FORECAST 7% | MATCH 5%,"['⏰ 유통기한 임박 (84%)', '❄️ 냉장·냉동 과잉 (78%)', '💸 배송비 상승 (91%)', '⚡ 복합 스트레스 (60%)']","{'재고위험': '25.1%', '판매가능성': '13.2%', '점포이동적합': '14.0%', '비용절감': '18.3%', '폐기회피이익': '13.2%', '실행가능성': '12.8%', '이력보정': '3.3%'}",True,True,False,True,False,True,57.9,32.6,55.0,62.0,72.0,69.5,53.5,56.3,0.0,74.3,권장,보류,⏸️,128,HIGH,신뢰도 높음 ●,#2e7d32,,,74.3,권장,보류,-1,-1,False,False,,50.0,12723.0,28218.0,12723.0,12.47,28.020000000000003,12.47,25.0,443.0,341.0,370.0,재고 이동,재고 이동,90.4,일치,90.4,60.458,33.383,15.31
케이크078,여의도2점,마포점,264.0,재배치 추천,8061.0,프로모션 순비용이 재배치 비용보다 높습니다.,33.04342860406019,16.52542372881356,18,0,67.6,검토 가능,8061.0,264.0,74,False,Greedy 선택 후보보다 우선순위가 낮음,6.43,2650,282,2,디저트,300,264,193.0,45.0,300,511450.0,A,0.64225766471405,1,100.0,43.8,8.21,NORMAL,75.7,False,44.9,MEDIUM,유통기한 임박,5.5,24.8,0.0,SAFE,"재고 여유 — 현재고(282), 재주문점(25)",0.0,188.2,29.3,124694.0,46.9,OPTIMAL,"적정 발주 — EOQ(188개), 권장 발주 주기 29일",46.9,45.0,6.43,9.08,3.78,STABLE,43.9,2.2,WMA,2.2,36.2,10.0,3.71,10.0,7.5,5.0,POOR,낮은 매칭 · 핵심(A)상품,1.0,50.0,STABLE,8.5,LOW,73.1,HIGH,38.7,23.3,78.8,0.3,30.0,910659.0,100.0,0.385,0.385,88.5,False,26.4,101,25.9,384,100.0,0.999,4.9,73.4,50.0,REALLOCATE,90.3,2,99.8,73.5,25.2,turnover,64.9,검토 필요,61,HEURISTIC 29% | ABC 14% | TURNOVER 14% | DISPOSAL_RISK 14% | SAFETY_STOCK 8% | EOQ 7% | DEMAND_FORECAST 7% | MATCH 5%,"['⏰ 유통기한 임박 (84%)', '❄️ 냉장·냉동 과잉 (78%)', '💸 배송비 상승 (91%)', '⚡ 복합 스트레스 (60%)']","{'재고위험': '25.1%', '판매가능성': '13.2%', '점포이동적합': '14.0%', '비용절감': '18.3%', '폐기회피이익': '13.2%', '실행가능성': '12.8%', '이력보정': '3.3%'}",True,True,False,True,False,True,58.8,33.8,53.8,59.2,72.0,60.3,59.4,54.9,0.0,54.8,검토,보류,⏸️,233,HIGH,신뢰도 높음 ●,#2e7d32,,,54.8,검토,보류,-1,-1,False,False,,50.0,8061.0,19686.0,8061.0,7.29,18.54,7.29,15.0,351.0,264.0,338.0,재고 이동,재고 이동,87.21,일치,87.21,55.491,29.183,20.597
도시락074,용산점,종로점,260.0,재배치 추천,7872.0,프로모션 순비용이 재배치 비용보다 높습니다.,33.259286754418525,16.242937853107346,18,0,67.5,검토 가능,7872.0,260.0,75,False,Greedy 선택 후보보다 우선순위가 낮음,0.91,3140,261,0,신선식품,250,260,27.0,6.0,250,84780.0,A,0.4700351316340167,1,100.0,290.0,1.24,DEAD,0.0,True,80.0,CRITICAL,유통기한 임박 | 소진일수 290일 초과 | 신선/냉장 고위험 카테고리,0.8,3.5,0.0,SAFE,"재고 여유 — 현재고(261), 재주문점(4)",0.0,55.0,60.4,60418.0,100.0,OVER,과잉 발주 위험 — 현재(260개) > EOQ(55개). 발주 주기 60일 권장,100.0,6.1,0.87,1.25,0.5,STABLE,299.5,0.0,WMA,0.0,44.5,10.0,12.0,10.0,7.5,5.0,FAIR,보통 매칭 · 폐기위험 높음 · 핵심(A)상품,0.942,48.5,STABLE,36.4,LOW,78.3,HIGH,23.5,50.3,87.0,0.3,30.0,1036808.0,100.0,0.385,0.385,88.5,True,23.1,172,48.4,2,100.0,0.999,4.9,75.9,50.0,REALLOCATE,90.1,1,100.0,73.5,15.3,disposal_risk,64.7,검토 필요,64,HEURISTIC 29% | ABC 14% | TURNOVER 14% | DISPOSAL_RISK 14% | SAFETY_STOCK 8% | EOQ 7% | DEMAND_FORECAST 7% | MATCH 5%,"['⏰ 유통기한 임박 (84%)', '❄️ 냉장·냉동 과잉 (78%)', '💸 배송비 상승 (91%)', '⚡ 복합 스트레스 (60%)']","{'재고위험': '25.1%', '판매가능성': '13.2%', '점포이동적합': '14.0%', '비용절감': '18.3%', '폐기회피이익': '13.2%', '실행가능성': '12.8%', '이력보정': '3.3%'}",True,True,False,True,False,True,54.6,32.2,62.3,67.1,72.0,74.8,57.7,58.1,0.0,88.5,최적,할인 판매,🏷️,52,HIGH,신뢰도 높음 ●,#2e7d32,,,88.5,최적,할인 판매,-1,0,False,False,,50.0,7872.0,16896.0,7872.0,7.08,15.44,7.08,14.0,885.0,260.0,797.0,재고 이동,재고 이동,100.521,일치,100.521,69.182,33.557,7.046
죽010,명동점,신촌점,249.0,재배치 추천,7350.0,프로모션 순비용이 재배치 비용보다 높습니다.,33.855466407789166,15.466101694915254,18,0,67.3,검토 가능,7350.0,249.0,76,False,Greedy 선택 후보보다 우선순위가 낮음,8.48,3304,281,1,간편식,500,270,254.0,59.0,500,839216.0,A,0.04394056460257161,1,100.0,33.2,10.85,NORMAL,81.6,False,44.6,MEDIUM,유통기한 임박,7.3,32.7,0.0,SAFE,"재고 여유 — 현재고(281), 재주문점(33)",0.0,206.4,24.3,149995.0,32.6,OPTIMAL,"적정 발주 — EOQ(206개), 권장 발주 주기 24일",32.6,59.1,8.44,11.94,4.94,STABLE,33.3,3.6,WMA,3.6,36.3,10.0,3.78,10.0,7.5,5.0,POOR,낮은 매칭 · 핵심(A)상품,0.994,49.8,STABLE,6.6,LOW,76.6,HIGH,28.0,28.1,86.3,0.3,30.0,1104385.0,100.0,0.385,0.385,88.5,False,39.4,37,25.5,395,100.0,0.999,4.9,75.7,50.0,REALLOCATE,90.0,2,99.8,73.5,24.2,turnover,65.7,검토 필요,53,HEURISTIC 29% | ABC 14% | TURNOVER 14% | DISPOSAL_RISK 14% | SAFETY_STOCK 8% | EOQ 7% | DEMAND_FORECAST 7% | MATCH 5%,"['⏰ 유통기한 임박 (84%)', '❄️ 냉장·냉동 과잉 (78%)', '💸 배송비 상승 (91%)', '⚡ 복합 스트레스 (60%)']","{'재고위험': '25.1%', '판매가능성': '13.2%', '점포이동적합': '14.0%', '비용절감': '18.3%', '폐기회피이익': '13.2%', '실행가능성': '12.8%', '이력보정': '3.3%'}",True,True,False,True,False,True,60.2,34.4,54.0,56.9,72.0,66.9,66.6,55.7,0.0,68.2,권장,보류,⏸️,161,HIGH,신뢰도 높음 ●,#2e7d32,,,68.2,권장,보류,-1,0,False,False,,50.0,7350.0,24825.0,7350.0,6.5,24.25,6.5,13.0,259.0,270.0,249.0,재고 이동,재고 이동,84.258,일치,84.258,53.193,29.047,23.108
냉동돈까스049,신촌점,명동점,248.0,재배치 추천,7350.0,프로모션 순비용이 재배치 비용보다 높습니다.,33.855466407789166,15.3954802259887,18,0,67.3,검토 가능,7350.0,248.0,77,False,Greedy 선택 후보보다 우선순위가 낮음,0.74,1991,353,15,냉동식품,500,338,22.0,5.0,500,43802.0,C,0.9891341650234772,3,20.0,481.4,0.75,DEAD,0.0,True,47.2,MEDIUM,소진일수 481일 초과 | 신선/냉장 고위험 카테고리,0.6,2.8,0.0,SAFE,"재고 여유 — 현재고(353), 재주문점(3)",0.0,67.2,90.8,40166.0,100.0,OVER,과잉 발주 위험 — 현재(352개) > EOQ(67개). 발주 주기 91일 권장,100.0,5.1,0.73,1.03,0.42,STABLE,484.5,0.0,WMA,0.0,29.1,10.0,3.6,3.0,7.5,5.0,POOR,낮은 매칭,0.965,49.1,STABLE,35.9,LOW,43.3,MEDIUM,32.3,32.8,100.0,0.3,30.0,709172.0,100.0,0.385,0.385,88.5,True,13.4,475,32.0,222,100.0,0.999,4.9,79.0,50.0,REALLOCATE,89.9,2,99.8,73.5,47.2,disposal_risk,38.4,후순위,424,HEURISTIC 29% | ABC 14% | TURNOVER 14% | DISPOSAL_RISK 14% | SAFETY_STOCK 8% | EOQ 7% | DEMAND_FORECAST 7% | MATCH 5%,"['⏰ 유통기한 임박 (84%)', '❄️ 냉장·냉동 과잉 (78%)', '💸 배송비 상승 (91%)', '⚡ 복합 스트레스 (60%)']","{'재고위험': '25.1%', '판매가능성': '13.2%', '점포이동적합': '14.0%', '비용절감': '18.3%', '폐기회피이익': '13.2%', '실행가능성': '12.8%', '이력보정': '3.3%'}",True,True,False,True,False,True,27.8,32.4,52.4,67.0,72.0,77.6,52.3,50.4,0.0,16.2,검토,보류,⏸️,440,HIGH,신뢰도 높음 ●,#2e7d32,,,16.2,검토,보류,0,-1,False,False,,50.0,7350.0,24825.0,7350.0,6.5,24.25,6.5,13.0,381.0,338.0,248.0,재고 이동,재고 이동,80.11,일치,80.11,62.475,34.932,13.394
샐러드069,사당점,역삼점,266.0,재배치 추천,8511.0,프로모션 순비용이 재배치 비용보다 높습니다.,32.52948062701653,16.666666666666664,18,0,67.2,검토 가능,8511.0,266.0,78,False,Greedy 선택 후보보다 우선순위가 낮음,0.49,3082,272,10,신선식품,250,266,15.0,3.0,250,46230.0,A,0.6610542014354238,1,100.0,544.0,0.66,DEAD,0.0,True,53.7,MEDIUM,소진일수 544일 초과 | 신선/냉장 고위험 카테고리,0.4,1.9,0.0,SAFE,"재고 여유 — 현재고(272), 재주문점(2)",0.0,40.7,83.1,43923.0,100.0,OVER,과잉 발주 위험 — 현재(272개) > EOQ(41개). 발주 주기 83일 권장,100.0,3.2,0.46,0.66,0.26,DECREASING,595.0,0.0,WMA,0.0,36.1,10.0,3.6,10.0,7.5,5.0,POOR,낮은 매칭 · 핵심(A)상품,0.875,46.9,DECLINING,38.1,LOW,45.1,MEDIUM,33.3,67.8,53.7,0.3,30.0,1041763.0,100.0,0.385,0.385,88.5,True,15.6,437,36.6,171,100.0,0.999,4.9,60.9,50.0,REALLOCATE,89.7,2,99.8,73.4,21.4,disposal_risk,56.2,검토 필요,184,HEURISTIC 29% | ABC 14% | TURNOVER 14% | DISPOSAL_RISK 14% | SAFETY_STOCK 8% | EOQ 7% | DEMAND_FORECAST 7% | MATCH 5%,"['⏰ 유통기한 임박 (84%)', '❄️ 냉장·냉동 과잉 (78%)', '💸 배송비 상승 (91%)', '⚡ 복합 스트레스 (60%)']","{'재고위험': '25.1%', '판매가능성': '13.2%', '점포이동적합': '14.0%', '비용절감': '18.3%', '폐기회피이익': '13.2%', '실행가능성': '12.8%', '이력보정': '3.3%'}",True,True,False,True,False,True,43.0,31.8,54.7,67.0,72.0,58.4,53.5,51.9,0.0,26.2,검토,보류,⏸️,386,HIGH,신뢰도 높음 ●,#2e7d32,,,26.2,검토,보류,-1,-1,False,False,,50.0,8511.0,24096.0,8511.0,7.79,23.44,7.79,16.0,938.0,266.0,889.0,재고 이동,재고 이동,97.999,일치,97.999,66.21,30.468,4.808
에너지드링크055,강남점,신촌점,334.0,재배치 추천,12822.0,프로모션 순비용이 재배치 비용보다 높습니다.,27.605859006938296,21.468926553672315,18,0,67.1,검토 가능,12822.0,334.0,79,False,Greedy 선택 후보보다 우선순위가 낮음,3.07,793,394,14,음료,400,334,92.0,21.0,400,72956.0,C,0.9669989959576407,3,20.0,128.5,2.8,DEAD,28.6,True,30.0,LOW,소진일수 128일 초과,2.6,11.8,0.0,SAFE,"재고 여유 — 현재고(394), 재주문점(12)",0.0,280.2,91.3,39993.0,39.7,OPTIMAL,"적정 발주 — EOQ(280개), 권장 발주 주기 91일",39.7,21.2,3.03,4.29,1.76,STABLE,130.1,0.0,WMA,0.0,25.5,10.0,0.0,3.0,7.5,5.0,POOR,낮은 매칭,0.977,49.4,STABLE,25.5,LOW,43.3,MEDIUM,43.2,28.1,86.3,0.3,30.0,438612.0,100.0,0.385,0.385,88.5,False,8.6,500,21.8,469,100.0,0.999,4.9,75.7,50.0,REALLOCATE,89.6,2,99.8,73.4,54.7,heuristic,33.7,후순위,456,HEURISTIC 29% | ABC 14% | TURNOVER 14% | DISPOSAL_RISK 14% | SAFETY_STOCK 8% | EOQ 7% | DEMAND_FORECAST 7% | MATCH 5%,"['⏰ 유통기한 임박 (84%)', '❄️ 냉장·냉동 과잉 (78%)', '💸 배송비 상승 (91%)', '⚡ 복합 스트레스 (60%)']","{'재고위험': '25.1%', '판매가능성': '13.2%', '점포이동적합': '14.0%', '비용절감': '18.3%', '폐기회피이익': '13.2%', '실행가능성': '12.8%', '이력보정': '3.3%'}",True,True,False,True,False,True,27.6,32.5,48.4,57.9,72.0,66.9,49.6,46.7,0.0,6.7,검토,보류,⏸️,491,HIGH,신뢰도 높음 ●,#2e7d32,,,6.7,검토,보류,0,0,True,False,,50.0,12822.0,17868.0,12822.0,12.58,16.52,12.58,25.0,617.0,334.0,455.0,재고 이동,재고 이동,79.626,일치,79.626,56.017,31.355,9.573
죽010,문래점,신촌점,249.0,재배치 추천,7692.0,프로모션 순비용이 재배치 비용보다 높습니다.,33.464865945235985,15.466101694915254,18,0,66.9,검토 가능,7692.0,249.0,80,False,Greedy 선택 후보보다 우선순위가 낮음,4.11,3304,284,1,간편식,500,279,123.0,29.0,500,406392.0,A,0.04394056460257161,1,100.0,69.3,5.2,SLOW,61.5,True,62.6,HIGH,유통기한 임박 | 소진일수 69일 초과,3.5,15.8,0.0,SAFE,"재고 여유 — 현재고(284), 재주문점(16)",0.0,143.7,35.0,104424.0,95.2,OVER,과잉 발주 위험 — 현재(280개) > EOQ(144개). 발주 주기 35일 권장,95.2,28.9,4.13,5.82,2.43,STABLE,68.8,0.0,WMA,0.0,40.9,10.0,8.4,10.0,7.5,5.0,FAIR,보통 매칭 · 폐기위험 높음 · 핵심(A)상품,1.008,50.2,STABLE,13.4,LOW,76.6,HIGH,28.0,28.1,86.3,0.3,30.0,1104043.0,100.0,0.385,0.385,88.5,False,18.5,371,34.9,181,100.0,0.999,4.9,75.7,50.0,REALLOCATE,89.5,2,99.8,73.4,26.5,disposal_risk,69.1,검토 필요,30,HEURISTIC 29% | ABC 14% | TURNOVER 14% | DISPOSAL_RISK 14% | SAFETY_STOCK 8% | EOQ 7% | DEMAND_FORECAST 7% | MATCH 5%,"['⏰ 유통기한 임박 (84%)', '❄️ 냉장·냉동 과잉 (78%)', '💸 배송비 상승 (91%)', '⚡ 복합 스트레스 (60%)']","{'재고위험': '25.1%', '판매가능성': '13.2%', '점포이동적합': '14.0%', '비용절감': '18.3%', '폐기회피이익': '13.2%', '실행가능성': '12.8%', '이력보정': '3.3%'}",True,True,False,True,False,True,63.0,32.8,58.0,66.1,72.0,66.9,55.1,58.5,0.0,90.9,최적,할인 판매,🏷️,39,HIGH,신뢰도 높음 ●,#2e7d32,,,90.9,최적,할인 판매,-1,0,False,False,,50.0,7692.0,19029.0,7692.0,6.88,17.810000000000002,6.88,14.0,259.0,279.0,249.0,재고 이동,재고 이동,90.661,일치,90.661,60.012,32.927,20.61
요거트043,건대점,강남점,275.0,재배치 추천,9348.0,프로모션 순비용이 재배치 비용보다 높습니다.,31.57353738971533,17.30225988700565,18,0,66.9,검토 가능,9348.0,275.0,81,False,Greedy 선택 후보보다 우선순위가 낮음,2.41,1231,322,14,유제품,250,275,72.0,17.0,250,88632.0,C,0.9733301968712368,3,20.0,134.2,2.68,DEAD,25.4,True,38.0,LOW,소진일수 134일 초과 | 신선/냉장 고위험 카테고리,2.1,9.3,0.0,SAFE,"재고 여유 — 현재고(322), 재주문점(9)",0.0,142.9,59.3,61563.0,100.0,OVER,과잉 발주 위험 — 현재(320개) > EOQ(143개). 발주 주기 59일 권장,100.0,16.9,2.41,3.41,1.42,STABLE,133.4,0.0,WMA,0.0,25.5,10.0,0.0,3.0,7.5,5.0,POOR,낮은 매칭,1.008,50.2,STABLE,26.0,LOW,43.3,MEDIUM,26.9,13.2,79.6,0.3,30.0,465632.0,100.0,0.385,0.385,88.5,True,10.7,496,25.1,406,100.0,0.999,4.9,73.6,50.0,REALLOCATE,89.3,2,99.8,73.4,53.8,disposal_risk,39.2,후순위,419,HEURISTIC 29% | ABC 14% | TURNOVER 14% | DISPOSAL_RISK 14% | SAFETY_STOCK 8% | EOQ 7% | DEMAND_FORECAST 7% | MATCH 5%,"['⏰ 유통기한 임박 (84%)', '❄️ 냉장·냉동 과잉 (78%)', '💸 배송비 상승 (91%)', '⚡ 복합 스트레스 (60%)']","{'재고위험': '25.1%', '판매가능성': '13.2%', '점포이동적합': '14.0%', '비용절감': '18.3%', '폐기회피이익': '13.2%', '실행가능성': '12.8%', '이력보정': '3.3%'}",True,True,False,True,False,True,30.3,32.8,48.9,66.8,72.0,57.5,50.8,47.9,0.0,8.7,검토,보류,⏸️,480,HIGH,신뢰도 높음 ●,#2e7d32,,,8.7,검토,보류,0,0,True,False,,50.0,9348.0,23394.0,9348.0,8.72,22.66,8.72,17.0,580.0,275.0,439.0,재고 이동,재고 이동,82.358,일치,82.358,59.868,33.577,11.854
컵밥007,용산점,문래점,278.0,재배치 추천,9537.0,프로모션 순비용이 재배치 비용보다 높습니다.,31.357679239356994,17.51412429378531,18,0,66.9,검토 가능,9537.0,278.0,82,False,Greedy 선택 후보보다 우선순위가 낮음,1.4,3334,279,0,간편식,300,278,42.0,10.0,300,140028.0,A,0.23037995959756308,1,100.0,199.3,1.81,DEAD,0.0,True,75.0,HIGH,유통기한 임박 | 소진일수 199일 초과,1.2,5.4,0.0,SAFE,"재고 여유 — 현재고(279), 재주문점(5)",0.0,83.5,59.6,61222.0,100.0,OVER,과잉 발주 위험 — 현재(278개) > EOQ(84개). 발주 주기 60일 권장,100.0,9.9,1.41,1.99,0.84,STABLE,197.3,0.0,WMA,0.0,40.9,10.0,8.4,10.0,7.5,5.0,FAIR,보통 매칭 · 폐기위험 높음 · 핵심(A)상품,1.02,50.5,STABLE,35.0,LOW,78.3,HIGH,40.1,47.9,90.2,0.3,30.0,1186085.0,100.0,0.385,0.385,88.5,False,21.7,225,45.3,16,100.0,0.999,4.9,76.7,50.0,REALLOCATE,89.2,2,99.8,73.4,16.9,disposal_risk,62.1,검토 필요,94,HEURISTIC 29% | ABC 14% | TURNOVER 14% | DISPOSAL_RISK 14% | SAFETY_STOCK 8% | EOQ 7% | DEMAND_FORECAST 7% | MATCH 5%,"['⏰ 유통기한 임박 (84%)', '❄️ 냉장·냉동 과잉 (78%)', '💸 배송비 상승 (91%)', '⚡ 복합 스트레스 (60%)']","{'재고위험': '25.1%', '판매가능성': '13.2%', '점포이동적합': '14.0%', '비용절감': '18.3%', '폐기회피이익': '13.2%', '실행가능성': '12.8%', '이력보정': '3.3%'}",True,True,False,True,False,True,52.2,32.8,60.1,66.8,72.0,76.1,56.8,57.4,0.0,84.8,최적,할인 판매,🏷️,72,HIGH,신뢰도 높음 ●,#2e7d32,,,84.8,최적,할인 판매,-1,-1,False,False,,50.0,9537.0,25671.0,9537.0,8.93,25.19,8.93,18.0,561.0,278.0,422.0,재고 이동,재고 이동,93.089,일치,93.089,65.521,35.482,12.087
도시락074,합정점,종로점,295.0,재배치 추천,10590.0,프로모션 순비용이 재배치 비용보다 높습니다.,30.15504097307484,18.714689265536723,18,0,66.9,검토 가능,10590.0,295.0,83,False,Greedy 선택 후보보다 우선순위가 낮음,7.04,3140,304,0,신선식품,250,295,211.0,49.0,250,662540.0,A,0.4700351316340167,1,100.0,43.2,8.33,NORMAL,76.0,False,56.6,MEDIUM,유통기한 임박 | 신선/냉장 고위험 카테고리,6.0,27.1,0.0,SAFE,"재고 여유 — 현재고(304), 재주문점(27)",0.0,152.9,21.7,168047.0,94.9,OVER,과잉 발주 위험 — 현재(298개) > EOQ(153개). 발주 주기 22일 권장,94.9,49.1,7.01,9.92,4.11,STABLE,43.3,2.2,WMA,2.2,36.2,10.0,3.71,10.0,7.5,5.0,POOR,낮은 매칭 · 핵심(A)상품,0.994,49.9,STABLE,8.5,LOW,78.3,HIGH,23.5,50.3,87.0,0.3,30.0,1174720.0,100.0,0.385,0.385,88.5,True,28.5,81,30.6,240,100.0,0.999,4.9,75.9,50.0,REALLOCATE,89.1,2,99.8,73.4,24.9,disposal_risk,70.6,우선 처리,21,HEURISTIC 29% | ABC 14% | TURNOVER 14% | DISPOSAL_RISK 14% | SAFETY_STOCK 8% | EOQ 7% | DEMAND_FORECAST 7% | MATCH 5%,"['⏰ 유통기한 임박 (84%)', '❄️ 냉장·냉동 과잉 (78%)', '💸 배송비 상승 (91%)', '⚡ 복합 스트레스 (60%)']","{'재고위험': '25.1%', '판매가능성': '13.2%', '점포이동적합': '14.0%', '비용절감': '18.3%', '폐기회피이익': '13.2%', '실행가능성': '12.8%', '이력보정': '3.3%'}",True,True,False,True,False,True,64.1,33.8,55.0,66.0,72.0,74.8,60.6,59.5,0.0,95.9,최적,보류,⏸️,12,HIGH,신뢰도 높음 ●,#2e7d32,,,95.9,최적,보류,-1,0,False,False,,50.0,10590.0,27876.0,10590.0,10.1,27.64,10.1,20.0,885.0,295.0,797.0,재고 이동,재고 이동,97.892,일치,97.892,63.994,32.291,12.373
라면080,혜화점,건대점,286.0,재배치 추천,10212.0,프로모션 순비용이 재배치 비용보다 높습니다.,30.586757273791505,18.07909604519774,18,0,66.7,검토 가능,10212.0,286.0,84,False,Greedy 선택 후보보다 우선순위가 낮음,6.57,1204,295,0,간편식,500,286,197.0,46.0,500,237188.0,B,0.8896110979107996,2,60.0,44.9,8.01,NORMAL,75.1,False,52.5,MEDIUM,유통기한 임박,5.6,25.3,0.0,SAFE,"재고 여유 — 현재고(295), 재주문점(25)",0.0,300.9,45.8,79699.0,3.1,OPTIMAL,"적정 발주 — EOQ(301개), 권장 발주 주기 46일",3.1,46.0,6.57,9.28,3.86,STABLE,44.9,2.0,WMA,2.0,32.2,10.0,3.7,6.0,7.5,5.0,POOR,낮은 매칭,1.0,50.0,STABLE,8.7,LOW,78.3,HIGH,24.2,43.6,76.3,0.3,30.0,546001.0,100.0,0.385,0.385,88.5,False,26.0,103,28.2,289,100.0,0.999,4.9,72.5,50.0,REALLOCATE,88.9,2,99.8,73.3,38.9,turnover,54.3,모니터링,207,HEURISTIC 29% | ABC 14% | TURNOVER 14% | DISPOSAL_RISK 14% | SAFETY_STOCK 8% | EOQ 7% | DEMAND_FORECAST 7% | MATCH 5%,"['⏰ 유통기한 임박 (84%)', '❄️ 냉장·냉동 과잉 (78%)', '💸 배송비 상승 (91%)', '⚡ 복합 스트레스 (60%)']","{'재고위험': '25.1%', '판매가능성': '13.2%', '점포이동적합': '14.0%', '비용절감': '18.3%', '폐기회피이익': '13.2%', '실행가능성': '12.8%', '이력보정': '3.3%'}",True,True,False,True,False,True,56.0,33.7,52.4,52.2,72.0,65.4,59.2,53.3,0.0,39.9,검토,보류,⏸️,313,HIGH,신뢰도 높음 ●,#2e7d32,,,39.9,검토,보류,-1,0,False,False,,50.0,10212.0,21936.0,10212.0,9.68,21.04,9.68,19.0,815.0,286.0,741.0,재고 이동,재고 이동,86.54,일치,86.54,56.795,30.128,13.792
커피040,상암점,명동점,312.0,재배치 추천,11913.0,프로모션 순비용이 재배치 비용보다 높습니다.,28.644033920566482,19.915254237288135,18,0,66.6,검토 가능,11913.0,312.0,85,False,Greedy 선택 후보보다 우선순위가 낮음,2.61,3554,319,2,음료,400,312,78.0,18.0,400,277212.0,A,0.2885581921080359,1,100.0,122.7,2.93,DEAD,31.8,True,68.0,HIGH,유통기한 임박 | 소진일수 123일 초과,2.2,10.0,0.0,SAFE,"재고 여유 — 현재고(319), 재주문점(10)",0.0,122.0,46.7,78066.0,100.0,OVER,과잉 발주 위험 — 현재(317개) > EOQ(122개). 발주 주기 47일 권장,100.0,18.1,2.59,3.66,1.51,STABLE,123.4,0.0,WMA,0.0,40.9,10.0,8.4,10.0,7.5,5.0,FAIR,보통 매칭 · 폐기위험 높음 · 핵심(A)상품,0.985,49.6,STABLE,24.1,LOW,73.1,HIGH,41.7,32.8,100.0,0.3,30.0,1443505.0,100.0,0.385,0.385,88.5,False,20.0,316,39.7,100,100.0,0.999,4.9,79.0,50.0,REALLOCATE,88.8,2,99.8,73.3,25.8,disposal_risk,65.6,검토 필요,54,HEURISTIC 29% | ABC 14% | TURNOVER 14% | DISPOSAL_RISK 14% | SAFETY_STOCK 8% | EOQ 7% | DEMAND_FORECAST 7% | MATCH 5%,"['⏰ 유통기한 임박 (84%)', '❄️ 냉장·냉동 과잉 (78%)', '💸 배송비 상승 (91%)', '⚡ 복합 스트레스 (60%)']","{'재고위험': '25.1%', '판매가능성': '13.2%', '점포이동적합': '14.0%', '비용절감': '18.3%', '폐기회피이익': '13.2%', '실행가능성': '12.8%', '이력보정': '3.3%'}",True,True,False,True,False,True,57.6,32.6,59.2,66.6,72.0,77.6,55.9,58.7,0.0,92.6,최적,할인 판매,🏷️,30,HIGH,신뢰도 높음 ●,#2e7d32,,,92.6,최적,할인 판매,-1,-1,False,False,,50.0,11913.0,30585.0,11913.0,11.57,30.650000000000002,11.57,23.0,583.0,312.0,331.0,재고 이동,재고 이동,91.558,일치,91.558,63.39,36.078,14.883
아이스라떼045,성수점,명동점,269.0,재배치 추천,9483.0,프로모션 순비용이 재배치 비용보다 높습니다.,31.419352996602235,16.87853107344633,18,0,66.3,검토 가능,9483.0,269.0,86,False,Greedy 선택 후보보다 우선순위가 낮음,2.11,3303,271,0,유제품,300,269,63.0,15.0,300,208089.0,A,0.196863839439598,1,100.0,129.0,2.79,DEAD,28.3,True,78.0,HIGH,유통기한 임박 | 소진일수 129일 초과 | 신선/냉장 고위험 카테고리,1.8,8.1,0.0,SAFE,"재고 여유 — 현재고(271), 재주문점(8)",0.0,81.6,38.7,94357.0,100.0,OVER,과잉 발주 위험 — 현재(269개) > EOQ(82개). 발주 주기 39일 권장,100.0,14.9,2.13,3.0,1.26,STABLE,127.3,0.0,WMA,0.0,40.9,10.0,8.4,10.0,7.5,5.0,FAIR,보통 매칭 · 폐기위험 높음 · 핵심(A)상품,1.016,50.4,STABLE,25.0,LOW,78.3,HIGH,29.0,32.8,100.0,0.3,30.0,1137425.0,100.0,0.385,0.385,88.5,True,22.5,197,43.9,29,100.0,0.999,4.9,79.0,50.0,REALLOCATE,88.7,2,99.8,73.3,22.9,disposal_risk,67.0,검토 필요,43,HEURISTIC 29% | ABC 14% | TURNOVER 14% | DISPOSAL_RISK 14% | SAFETY_STOCK 8% | EOQ 7% | DEMAND_FORECAST 7% | MATCH 5%,"['⏰ 유통기한 임박 (84%)', '❄️ 냉장·냉동 과잉 (78%)', '💸 배송비 상승 (91%)', '⚡ 복합 스트레스 (60%)']","{'재고위험': '25.1%', '판매가능성': '13.2%', '점포이동적합': '14.0%', '비용절감': '18.3%', '폐기회피이익': '13.2%', '실행가능성': '12.8%', '이력보정': '3.3%'}",True,True,False,True,False,True,61.1,32.8,60.1,66.5,72.0,77.6,57.3,59.7,0.0,96.9,최적,할인 판매,🏷️,7,HIGH,신뢰도 높음 ●,#2e7d32,,,96.9,최적,할인 판매,-1,-1,False,False,,50.0,9483.0,19326.0,9483.0,8.87,18.14,8.87,18.0,875.0,269.0,743.0,재고 이동,재고 이동,98.726,일치,98.726,67.268,34.147,10.294
딸기우유054,용산점,목동점,323.0,재배치 추천,12903.0,프로모션 순비용이 재배치 비용보다 높습니다.,27.513348371070443,20.692090395480225,18,0,66.2,검토 가능,12903.0,323.0,87,False,Greedy 선택 후보보다 우선순위가 낮음,2.38,1828,379,17,유제품,300,323,71.0,17.0,300,129788.0,B,0.9443179613862073,2,60.0,160.1,2.25,DEAD,11.1,True,47.8,MEDIUM,소진일수 160일 초과 | 신선/냉장 고위험 카테고리,2.0,9.1,0.0,SAFE,"재고 여유 — 현재고(379), 재주문점(9)",0.0,116.5,48.9,74552.0,100.0,OVER,과잉 발주 위험 — 현재(377개) > EOQ(116개). 발주 주기 49일 권장,100.0,16.9,2.41,3.4,1.43,STABLE,157.0,0.0,WMA,0.0,32.1,10.0,3.6,6.0,7.5,5.0,POOR,낮은 매칭,1.02,50.5,STABLE,31.0,LOW,43.3,MEDIUM,38.2,66.4,57.2,0.3,30.0,792530.0,100.0,0.385,0.385,88.5,True,13.9,467,31.6,228,100.0,0.999,4.9,63.3,50.0,REALLOCATE,88.5,2,99.8,73.2,44.1,disposal_risk,47.6,모니터링,321,HEURISTIC 29% | ABC 14% | TURNOVER 14% | DISPOSAL_RISK 14% | SAFETY_STOCK 8% | EOQ 7% | DEMAND_FORECAST 7% | MATCH 5%,"['⏰ 유통기한 임박 (84%)', '❄️ 냉장·냉동 과잉 (78%)', '💸 배송비 상승 (91%)', '⚡ 복합 스트레스 (60%)']","{'재고위험': '25.1%', '판매가능성': '13.2%', '점포이동적합': '14.0%', '비용절감': '18.3%', '폐기회피이익': '13.2%', '실행가능성': '12.8%', '이력보정': '3.3%'}",True,True,False,True,False,True,36.9,32.8,52.1,66.4,72.0,60.3,52.6,50.3,0.0,16.0,검토,보류,⏸️,441,HIGH,신뢰도 높음 ●,#2e7d32,,,16.0,검토,보류,-1,-1,False,False,,50.0,12903.0,29190.0,12903.0,12.67,29.1,12.67,25.0,738.0,323.0,616.0,재고 이동,재고 이동,89.566,일치,89.566,63.256,34.129,6.824
차음료041,잠실점,건대점,221.0,재배치 추천,6702.0,프로모션 순비용이 재배치 비용보다 높습니다.,34.595551494732035,13.48870056497175,18,0,66.1,검토 가능,6702.0,221.0,88,False,Greedy 선택 후보보다 우선순위가 낮음,3.21,1367,388,5,음료,300,366,96.0,22.0,300,131232.0,B,0.9273282340169376,2,60.0,121.2,2.97,DEAD,32.7,True,60.0,HIGH,유통기한 임박 | 소진일수 121일 초과,2.8,12.4,0.0,SAFE,"재고 여유 — 현재고(388), 재주문점(12)",0.0,218.2,68.0,53693.0,76.5,OVER,과잉 발주 위험 — 현재(385개) > EOQ(218개). 발주 주기 68일 권장,76.5,22.2,3.17,4.5,1.85,STABLE,122.3,0.0,WMA,0.0,36.9,10.0,8.4,6.0,7.5,5.0,POOR,낮은 매칭 · 폐기위험 높음,0.979,49.5,STABLE,24.0,LOW,62.6,MEDIUM,33.1,43.6,76.3,0.3,30.0,422126.0,100.0,0.385,0.385,88.5,False,17.6,395,35.7,178,100.0,0.999,4.9,72.5,50.0,REALLOCATE,88.4,2,99.8,73.2,44.3,disposal_risk,53.5,모니터링,224,HEURISTIC 29% | ABC 14% | TURNOVER 14% | DISPOSAL_RISK 14% | SAFETY_STOCK 8% | EOQ 7% | DEMAND_FORECAST 7% | MATCH 5%,"['⏰ 유통기한 임박 (84%)', '❄️ 냉장·냉동 과잉 (78%)', '💸 배송비 상승 (91%)', '⚡ 복합 스트레스 (60%)']","{'재고위험': '25.1%', '판매가능성': '13.2%', '점포이동적합': '14.0%', '비용절감': '18.3%', '폐기회피이익': '13.2%', '실행가능성': '12.8%', '이력보정': '3.3%'}",True,True,False,True,False,True,48.2,32.6,56.0,62.8,72.0,65.4,54.6,53.7,0.0,43.6,검토,할인 판매,🏷️,293,HIGH,신뢰도 높음 ●,#2e7d32,,,43.6,검토,할인 판매,0,0,True,False,,50.0,6702.0,19083.0,6702.0,5.78,17.869999999999997,5.78,12.0,349.0,366.0,221.0,재고 이동,재고 이동,84.427,일치,84.427,58.809,33.067,17.329
마카롱063,강남점,동대문점,297.0,재배치 추천,11454.0,프로모션 순비용이 재배치 비용보다 높습니다.,29.168260857151015,18.85593220338983,18,0,66.0,검토 가능,11454.0,297.0,89,False,Greedy 선택 후보보다 우선순위가 낮음,3.48,1766,301,0,디저트,400,297,104.0,24.0,400,183664.0,B,0.8685943603940853,2,60.0,86.8,4.15,SLOW,51.8,True,68.4,HIGH,유통기한 임박 | 소진일수 87일 초과,3.0,13.4,0.0,SAFE,"재고 여유 — 현재고(301), 재주문점(13)",0.0,169.6,48.7,74886.0,75.7,OVER,과잉 발주 위험 — 현재(298개) > EOQ(170개). 발주 주기 49일 권장,75.7,24.1,3.44,4.88,2.01,STABLE,87.4,0.0,WMA,0.0,36.9,10.0,8.4,6.0,7.5,5.0,POOR,낮은 매칭 · 폐기위험 높음,0.985,49.6,STABLE,17.2,LOW,78.3,HIGH,42.3,35.2,73.7,0.3,30.0,736748.0,100.0,0.385,0.385,88.5,False,19.9,321,37.3,158,100.0,0.999,4.9,71.5,50.0,REALLOCATE,88.3,2,99.8,73.2,41.0,disposal_risk,58.4,검토 필요,144,HEURISTIC 29% | ABC 14% | TURNOVER 14% | DISPOSAL_RISK 14% | SAFETY_STOCK 8% | EOQ 7% | DEMAND_FORECAST 7% | MATCH 5%,"['⏰ 유통기한 임박 (84%)', '❄️ 냉장·냉동 과잉 (78%)', '💸 배송비 상승 (91%)', '⚡ 복합 스트레스 (60%)']","{'재고위험': '25.1%', '판매가능성': '13.2%', '점포이동적합': '14.0%', '비용절감': '18.3%', '폐기회피이익': '13.2%', '실행가능성': '12.8%', '이력보정': '3.3%'}",True,True,False,True,False,True,57.0,32.6,56.2,62.7,72.0,60.9,55.9,55.3,0.0,62.2,검토,할인 판매,🏷️,193,HIGH,신뢰도 높음 ●,#2e7d32,,,62.2,검토,할인 판매,0,-1,False,False,,50.0,11454.0,25212.0,11454.0,11.06,24.68,11.06,22.0,621.0,297.0,304.0,재고 이동,재고 이동,85.866,일치,85.866,60.377,36.447,17.397
에너지드링크055,청량리점,신촌점,330.0,재배치 추천,13803.0,프로모션 순비용이 재배치 비용보다 높습니다.,26.485452416983122,21.1864406779661,18,0,65.7,검토 가능,13803.0,330.0,90,False,Greedy 선택 후보보다 우선순위가 낮음,8.02,793,341,1,음료,400,330,241.0,56.0,400,191113.0,C,0.9669989959576407,3,20.0,42.4,8.48,NORMAL,76.4,False,44.2,MEDIUM,유통기한 임박,6.9,31.0,0.0,SAFE,"재고 여유 — 현재고(341), 재주문점(31)",0.0,452.9,56.5,64641.0,21.0,OPTIMAL,"적정 발주 — EOQ(453개), 권장 발주 주기 56일",21.0,56.1,8.01,11.32,4.71,STABLE,42.5,2.3,WMA,2.3,29.2,10.0,3.72,3.0,7.5,5.0,POOR,낮은 매칭,0.998,49.9,STABLE,8.3,LOW,76.6,HIGH,43.2,28.1,86.3,0.3,30.0,432225.0,100.0,0.385,0.385,88.5,False,27.2,96,24.1,433,100.0,0.999,4.9,75.7,50.0,REALLOCATE,88.1,2,99.8,73.1,40.6,turnover,45.2,모니터링,353,HEURISTIC 29% | ABC 14% | TURNOVER 14% | DISPOSAL_RISK 14% | SAFETY_STOCK 8% | EOQ 7% | DEMAND_FORECAST 7% | MATCH 5%,"['⏰ 유통기한 임박 (84%)', '❄️ 냉장·냉동 과잉 (78%)', '💸 배송비 상승 (91%)', '⚡ 복합 스트레스 (60%)']","{'재고위험': '25.1%', '판매가능성': '13.2%', '점포이동적합': '14.0%', '비용절감': '18.3%', '폐기회피이익': '13.2%', '실행가능성': '12.8%', '이력보정': '3.3%'}",True,True,False,True,False,True,46.6,33.8,50.5,54.3,72.0,66.9,59.9,51.3,0.0,21.2,검토,보류,⏸️,413,HIGH,신뢰도 높음 ●,#2e7d32,,,21.2,검토,보류,-1,0,False,False,,50.0,13803.0,25923.0,13803.0,13.67,25.47,13.67,27.0,617.0,330.0,455.0,재고 이동,재고 이동,78.545,일치,78.545,54.428,33.649,15.292
컵밥007,용산점,선릉점,278.0,재배치 추천,10689.0,프로모션 순비용이 재배치 비용보다 높습니다.,30.041972418125233,17.51412429378531,18,0,65.6,검토 가능,10689.0,278.0,91,False,Greedy 선택 후보보다 우선순위가 낮음,1.4,3334,279,0,간편식,300,278,42.0,10.0,300,140028.0,A,0.23037995959756308,1,100.0,199.3,1.81,DEAD,0.0,True,75.0,HIGH,유통기한 임박 | 소진일수 199일 초과,1.2,5.4,0.0,SAFE,"재고 여유 — 현재고(279), 재주문점(5)",0.0,83.5,59.6,61222.0,100.0,OVER,과잉 발주 위험 — 현재(278개) > EOQ(84개). 발주 주기 60일 권장,100.0,9.9,1.41,1.99,0.84,STABLE,197.3,0.0,WMA,0.0,40.9,10.0,8.4,10.0,7.5,5.0,FAIR,보통 매칭 · 폐기위험 높음 · 핵심(A)상품,1.02,50.5,STABLE,35.0,LOW,78.3,HIGH,30.8,48.8,83.3,0.3,30.0,1184933.0,100.0,0.385,0.385,88.5,False,21.9,219,45.2,17,100.0,0.999,4.9,74.8,50.0,REALLOCATE,88.0,2,99.8,73.1,17.2,disposal_risk,61.1,검토 필요,102,HEURISTIC 29% | ABC 14% | TURNOVER 14% | DISPOSAL_RISK 14% | SAFETY_STOCK 8% | EOQ 7% | DEMAND_FORECAST 7% | MATCH 5%,"['⏰ 유통기한 임박 (84%)', '❄️ 냉장·냉동 과잉 (78%)', '💸 배송비 상승 (91%)', '⚡ 복합 스트레스 (60%)']","{'재고위험': '25.1%', '판매가능성': '13.2%', '점포이동적합': '14.0%', '비용절감': '18.3%', '폐기회피이익': '13.2%', '실행가능성': '12.8%', '이력보정': '3.3%'}",True,True,False,True,False,True,52.2,32.8,59.9,66.1,72.0,71.8,57.0,56.7,0.0,77.5,권장,할인 판매,🏷️,111,HIGH,신뢰도 높음 ●,#2e7d32,,,77.5,권장,할인 판매,-1,-1,False,False,,50.0,10689.0,24249.0,10689.0,10.21,23.61,10.21,20.0,561.0,278.0,453.0,재고 이동,재고 이동,92.587,일치,92.587,65.09,35.341,11.745
요거트006,여의도점,압구정점,318.0,재배치 추천,13164.0,프로모션 순비용이 재배치 비용보다 높습니다.,27.215258544385115,20.33898305084746,18,0,65.6,검토 가능,13164.0,318.0,92,False,Greedy 선택 후보보다 우선순위가 낮음,3.52,1419,332,3,유제품,500,318,106.0,25.0,500,150414.0,A,0.7940108140096701,1,100.0,94.0,3.83,DEAD,47.8,True,76.0,HIGH,유통기한 임박 | 소진일수 94일 초과 | 신선/냉장 고위험 카테고리,3.0,13.6,0.0,SAFE,"재고 여유 — 현재고(332), 재주문점(14)",0.0,160.8,45.7,79881.0,100.0,OVER,과잉 발주 위험 — 현재(329개) > EOQ(161개). 발주 주기 46일 권장,100.0,24.9,3.56,5.01,2.11,STABLE,93.3,0.0,WMA,0.0,40.9,10.0,8.4,10.0,7.5,5.0,FAIR,보통 매칭 · 폐기위험 높음 · 핵심(A)상품,1.015,50.4,STABLE,18.3,LOW,69.6,MEDIUM,31.4,35.6,98.7,0.3,30.0,687326.0,100.0,0.385,0.385,88.5,True,22.1,208,41.4,56,100.0,0.999,4.9,78.7,50.0,REALLOCATE,87.9,2,99.8,73.1,24.9,disposal_risk,69.3,검토 필요,29,HEURISTIC 29% | ABC 14% | TURNOVER 14% | DISPOSAL_RISK 14% | SAFETY_STOCK 8% | EOQ 7% | DEMAND_FORECAST 7% | MATCH 5%,"['⏰ 유통기한 임박 (84%)', '❄️ 냉장·냉동 과잉 (78%)', '💸 배송비 상승 (91%)', '⚡ 복합 스트레스 (60%)']","{'재고위험': '25.1%', '판매가능성': '13.2%', '점포이동적합': '14.0%', '비용절감': '18.3%', '폐기회피이익': '13.2%', '실행가능성': '12.8%', '이력보정': '3.3%'}",True,True,False,True,False,True,65.4,32.8,59.6,66.1,72.0,77.7,57.1,60.7,0.0,98.0,최적,할인 판매,🏷️,1,HIGH,신뢰도 높음 ●,#2e7d32,,,98.0,최적,할인 판매,0,-1,False,False,,50.0,13164.0,18768.0,13164.0,12.96,17.520000000000003,12.96,26.0,521.0,318.0,419.0,재고 이동,재고 이동,94.341,일치,94.341,64.768,36.188,15.011
도시락050,여의도2점,종로점,282.0,재배치 추천,10950.0,프로모션 순비용이 재배치 비용보다 높습니다.,29.74388259143991,17.796610169491526,18,0,65.5,검토 가능,10950.0,282.0,93,False,Greedy 선택 후보보다 우선순위가 낮음,2.13,2437,296,5,신선식품,500,282,64.0,15.0,500,155968.0,A,0.7269288129371255,1,100.0,138.8,2.59,DEAD,22.9,True,70.0,HIGH,유통기한 임박 | 소진일수 139일 초과 | 신선/냉장 고위험 카테고리,1.8,8.2,0.0,SAFE,"재고 여유 — 현재고(296), 재주문점(8)",0.0,95.5,44.8,81433.0,100.0,OVER,과잉 발주 위험 — 현재(294개) > EOQ(96개). 발주 주기 45일 권장,100.0,15.0,2.14,3.02,1.26,STABLE,138.1,0.0,WMA,0.0,40.9,10.0,8.4,10.0,7.5,5.0,FAIR,보통 매칭 · 폐기위험 높음 · 핵심(A)상품,1.006,50.2,STABLE,27.0,LOW,62.6,MEDIUM,23.5,50.3,87.0,0.3,30.0,954731.0,100.0,0.385,0.385,88.5,True,20.6,289,41.2,58,100.0,0.999,4.9,75.9,50.0,REALLOCATE,87.7,2,99.8,73.1,24.3,disposal_risk,63.7,검토 필요,76,HEURISTIC 29% | ABC 14% | TURNOVER 14% | DISPOSAL_RISK 14% | SAFETY_STOCK 8% | EOQ 7% | DEMAND_FORECAST 7% | MATCH 5%,"['⏰ 유통기한 임박 (84%)', '❄️ 냉장·냉동 과잉 (78%)', '💸 배송비 상승 (91%)', '⚡ 복합 스트레스 (60%)']","{'재고위험': '25.1%', '판매가능성': '13.2%', '점포이동적합': '14.0%', '비용절감': '18.3%', '폐기회피이익': '13.2%', '실행가능성': '12.8%', '이력보정': '3.3%'}",True,True,False,True,False,True,56.1,32.8,59.2,66.0,72.0,74.8,56.2,57.9,0.0,87.4,최적,할인 판매,🏷️,58,HIGH,신뢰도 높음 ●,#2e7d32,,,87.4,최적,할인 판매,-1,0,False,False,,50.0,10950.0,25347.0,10950.0,10.5,24.83,10.5,21.0,703.0,282.0,625.0,재고 이동,재고 이동,94.92,일치,94.92,65.17,34.325,10.991
커피040,압구정점,선릉점,384.0,재배치 추천,17319.0,프로모션 순비용이 재배치 비용보다 높습니다.,22.469805556348685,25.0,18,0,65.5,검토 가능,17319.0,384.0,94,False,Greedy 선택 후보보다 우선순위가 낮음,9.43,3554,397,0,음료,400,384,283.0,66.0,400,1005782.0,A,0.2885581921080359,1,100.0,42.1,8.55,NORMAL,76.6,False,46.0,MEDIUM,유통기한 임박,8.1,36.4,0.0,SAFE,"재고 여유 — 현재고(397), 재주문점(36)",0.0,232.0,24.6,148387.0,67.6,OVER,과잉 발주 위험 — 현재(389개) > EOQ(232개). 발주 주기 25일 권장,67.6,66.0,9.43,13.32,5.54,STABLE,42.1,2.4,WMA,2.4,36.2,10.0,3.72,10.0,7.5,5.0,POOR,낮은 매칭 · 핵심(A)상품,1.0,50.0,STABLE,8.2,LOW,78.3,HIGH,23.0,48.8,83.3,0.3,30.0,1773964.0,100.0,0.385,0.385,88.5,False,28.7,78,26.2,367,100.0,0.999,4.9,74.8,50.0,REALLOCATE,87.6,2,99.8,73.1,25.4,turnover,65.3,검토 필요,57,HEURISTIC 29% | ABC 14% | TURNOVER 14% | DISPOSAL_RISK 14% | SAFETY_STOCK 8% | EOQ 7% | DEMAND_FORECAST 7% | MATCH 5%,"['⏰ 유통기한 임박 (84%)', '❄️ 냉장·냉동 과잉 (78%)', '💸 배송비 상승 (91%)', '⚡ 복합 스트레스 (60%)']","{'재고위험': '25.1%', '판매가능성': '13.2%', '점포이동적합': '14.0%', '비용절감': '18.3%', '폐기회피이익': '13.2%', '실행가능성': '12.8%', '이력보정': '3.3%'}",True,True,False,True,False,True,59.5,33.9,54.0,61.2,72.0,71.8,60.7,56.9,0.0,79.4,권장,보류,⏸️,101,HIGH,신뢰도 높음 ●,#2e7d32,,,79.4,권장,보류,-1,-1,False,False,,50.0,0.0,17319.0,17319.0,0.0,15.91,15.91,32.0,583.0,384.0,443.0,재고 이동,재고 이동,91.254,일치,91.254,59.743,31.223,13.301
푸딩025,교대점,여의도2점,296.0,재배치 추천,11967.0,프로모션 순비용이 재배치 비용보다 높습니다.,28.582360163321248,18.785310734463277,18,0,65.4,검토 가능,11967.0,296.0,95,False,Greedy 선택 후보보다 우선순위가 낮음,3.89,3574,339,8,디저트,400,296,117.0,27.0,400,418158.0,A,0.6230026374441194,1,100.0,86.9,4.14,SLOW,51.7,True,49.0,MEDIUM,소진일수 87일 초과,3.3,15.0,0.0,SAFE,"재고 여유 — 현재고(339), 재주문점(15)",0.0,126.1,32.4,112634.0,100.0,OVER,과잉 발주 위험 — 현재(336개) > EOQ(126개). 발주 주기 32일 권장,100.0,27.1,3.87,5.48,2.27,STABLE,87.6,0.0,WMA,0.0,36.1,10.0,3.6,10.0,7.5,5.0,POOR,낮은 매칭 · 핵심(A)상품,0.992,49.8,STABLE,17.1,LOW,52.1,MEDIUM,42.1,8.2,88.3,0.3,30.0,1375918.0,100.0,0.385,0.385,88.5,False,14.7,457,29.4,267,100.0,0.999,4.9,76.2,50.0,REALLOCATE,87.5,2,99.8,73.1,28.8,disposal_risk,62.3,검토 필요,93,HEURISTIC 29% | ABC 14% | TURNOVER 14% | DISPOSAL_RISK 14% | SAFETY_STOCK 8% | EOQ 7% | DEMAND_FORECAST 7% | MATCH 5%,"['⏰ 유통기한 임박 (84%)', '❄️ 냉장·냉동 과잉 (78%)', '💸 배송비 상승 (91%)', '⚡ 복합 스트레스 (60%)']","{'재고위험': '25.1%', '판매가능성': '13.2%', '점포이동적합': '14.0%', '비용절감': '18.3%', '폐기회피이익': '13.2%', '실행가능성': '12.8%', '이력보정': '3.3%'}",True,True,False,True,False,True,54.3,32.6,54.7,66.0,72.0,61.6,53.0,55.1,0.0,58.5,검토,보류,⏸️,213,HIGH,신뢰도 높음 ●,#2e7d32,,,58.5,검토,보류,-1,-1,False,False,,50.0,11967.0,21585.0,11967.0,11.63,20.65,11.63,23.0,413.0,296.0,329.0,재고 이동,재고 이동,89.255,일치,89.255,59.602,32.514,16.833
냉동돈까스049,신촌점,성수점,338.0,재배치 추천,14577.0,프로모션 순비용이 재배치 비용보다 높습니다.,25.601461896468038,21.75141242937853,18,0,65.4,검토 가능,14577.0,338.0,96,False,Greedy 선택 후보보다 우선순위가 낮음,0.74,1991,353,15,냉동식품,500,338,22.0,5.0,500,43802.0,C,0.9891341650234772,3,20.0,481.4,0.75,DEAD,0.0,True,47.2,MEDIUM,소진일수 481일 초과 | 신선/냉장 고위험 카테고리,0.6,2.8,0.0,SAFE,"재고 여유 — 현재고(353), 재주문점(3)",0.0,67.2,90.8,40166.0,100.0,OVER,과잉 발주 위험 — 현재(352개) > EOQ(67개). 발주 주기 91일 권장,100.0,5.1,0.73,1.03,0.42,STABLE,484.5,0.0,WMA,0.0,29.1,10.0,3.6,3.0,7.5,5.0,POOR,낮은 매칭,0.965,49.1,STABLE,35.9,LOW,43.3,MEDIUM,29.4,46.2,96.7,0.3,30.0,961973.0,100.0,0.385,0.385,88.5,True,13.8,469,31.9,224,100.0,0.999,4.9,78.3,50.0,REALLOCATE,87.3,2,99.8,73.1,48.3,disposal_risk,36.9,후순위,435,HEURISTIC 29% | ABC 14% | TURNOVER 14% | DISPOSAL_RISK 14% | SAFETY_STOCK 8% | EOQ 7% | DEMAND_FORECAST 7% | MATCH 5%,"['⏰ 유통기한 임박 (84%)', '❄️ 냉장·냉동 과잉 (78%)', '💸 배송비 상승 (91%)', '⚡ 복합 스트레스 (60%)']","{'재고위험': '25.1%', '판매가능성': '13.2%', '점포이동적합': '14.0%', '비용절감': '18.3%', '폐기회피이익': '13.2%', '실행가능성': '12.8%', '이력보정': '3.3%'}",True,True,False,True,False,True,27.8,32.4,52.3,66.0,72.0,79.9,52.5,50.4,0.0,17.1,검토,보류,⏸️,435,HIGH,신뢰도 높음 ●,#2e7d32,,,17.1,검토,보류,0,-1,False,False,,50.0,14577.0,17175.0,14577.0,14.53,15.75,14.53,29.0,381.0,338.0,361.0,재고 이동,재고 이동,83.048,일치,83.048,62.606,34.898,9.674
케이크078,혜화점,마포점,305.0,재배치 추천,12543.0,프로모션 순비용이 재배치 비용보다 높습니다.,27.924506752705366,19.42090395480226,18,0,65.3,검토 가능,12543.0,305.0,97,False,Greedy 선택 후보보다 우선순위가 낮음,2.44,2650,315,3,디저트,300,305,73.0,17.0,300,193450.0,A,0.64225766471405,1,100.0,129.5,2.78,DEAD,28.1,True,68.0,HIGH,유통기한 임박 | 소진일수 130일 초과,2.1,9.4,0.0,SAFE,"재고 여유 — 현재고(315), 재주문점(9)",0.0,115.9,47.5,76813.0,100.0,OVER,과잉 발주 위험 — 현재(313개) > EOQ(116개). 발주 주기 48일 권장,100.0,17.0,2.43,3.44,1.42,STABLE,129.7,0.0,WMA,0.0,40.9,10.0,8.4,10.0,7.5,5.0,FAIR,보통 매칭 · 폐기위험 높음 · 핵심(A)상품,0.995,49.9,STABLE,25.2,LOW,69.6,MEDIUM,38.7,23.3,78.8,0.3,30.0,1048857.0,100.0,0.385,0.385,88.5,False,20.1,311,39.9,98,100.0,0.999,4.9,73.4,50.0,REALLOCATE,87.2,2,99.8,73.1,25.6,disposal_risk,63.9,검토 필요,72,HEURISTIC 29% | ABC 14% | TURNOVER 14% | DISPOSAL_RISK 14% | SAFETY_STOCK 8% | EOQ 7% | DEMAND_FORECAST 7% | MATCH 5%,"['⏰ 유통기한 임박 (84%)', '❄️ 냉장·냉동 과잉 (78%)', '💸 배송비 상승 (91%)', '⚡ 복합 스트레스 (60%)']","{'재고위험': '25.1%', '판매가능성': '13.2%', '점포이동적합': '14.0%', '비용절감': '18.3%', '폐기회피이익': '13.2%', '실행가능성': '12.8%', '이력보정': '3.3%'}",True,True,False,True,False,True,56.6,32.7,58.7,65.9,72.0,60.3,56.0,56.1,0.0,71.0,권장,할인 판매,🏷️,146,HIGH,신뢰도 높음 ●,#2e7d32,,,71.0,권장,할인 판매,-1,-1,False,False,,50.0,12543.0,31143.0,12543.0,12.27,31.27,12.27,25.0,351.0,305.0,338.0,재고 이동,재고 이동,90.141,일치,90.141,62.711,36.101,14.922
샌드위치023,사당점,구로점,315.0,재배치 추천,13200.0,프로모션 순비용이 재배치 비용보다 높습니다.,27.174142706221627,20.127118644067796,18,0,65.3,검토 가능,13200.0,315.0,98,False,Greedy 선택 후보보다 우선순위가 낮음,5.77,1198,411,12,신선식품,150,315,173.0,40.0,150,207254.0,B,0.9181734074460505,2,60.0,71.3,5.05,SLOW,60.4,True,37.5,LOW,소진일수 71일 초과 | 신선/냉장 고위험 카테고리,4.9,22.2,0.0,SAFE,"재고 여유 — 현재고(411), 재주문점(22)",0.0,224.1,38.8,93972.0,81.2,OVER,과잉 발주 위험 — 현재(406개) > EOQ(224개). 발주 주기 39일 권장,81.2,40.2,5.74,8.12,3.36,STABLE,71.6,0.0,WMA,0.0,28.5,10.0,0.0,6.0,7.5,5.0,POOR,낮은 매칭,0.99,49.8,STABLE,14.1,LOW,43.3,MEDIUM,29.8,48.2,86.4,0.3,30.0,486894.0,100.0,0.385,0.385,88.5,True,11.2,493,22.5,459,100.0,0.999,4.9,75.7,50.0,REALLOCATE,87.1,2,99.8,73.1,44.1,turnover,50.4,모니터링,272,HEURISTIC 29% | ABC 14% | TURNOVER 14% | DISPOSAL_RISK 14% | SAFETY_STOCK 8% | EOQ 7% | DEMAND_FORECAST 7% | MATCH 5%,"['⏰ 유통기한 임박 (84%)', '❄️ 냉장·냉동 과잉 (78%)', '💸 배송비 상승 (91%)', '⚡ 복합 스트레스 (60%)']","{'재고위험': '25.1%', '판매가능성': '13.2%', '점포이동적합': '14.0%', '비용절감': '18.3%', '폐기회피이익': '13.2%', '실행가능성': '12.8%', '이력보정': '3.3%'}",True,True,False,True,False,True,45.4,32.6,49.9,63.1,72.0,73.7,51.1,53.2,0.0,39.3,검토,보류,⏸️,316,HIGH,신뢰도 높음 ●,#2e7d32,,,39.3,검토,보류,-1,-1,False,False,,50.0,13200.0,29658.0,13200.0,13.0,29.619999999999997,13.0,26.0,426.0,315.0,358.0,재고 이동,재고 이동,82.91,일치,82.91,56.675,33.246,15.645
우유048,동대문점,건대점,249.0,재배치 추천,9249.0,프로모션 순비용이 재배치 비용보다 높습니다.,31.686605944664933,15.466101694915254,18,0,65.2,검토 가능,9249.0,249.0,99,False,Greedy 선택 후보보다 우선순위가 낮음,2.71,2924,264,4,유제품,150,249,81.0,19.0,150,236844.0,A,0.5389976019852944,1,100.0,97.8,3.68,DEAD,45.7,True,68.0,HIGH,유통기한 임박 | 소진일수 98일 초과 | 신선/냉장 고위험 카테고리,2.3,10.4,0.0,SAFE,"재고 여유 — 현재고(264), 재주문점(10)",0.0,98.3,36.3,100613.0,100.0,OVER,과잉 발주 위험 — 현재(262개) > EOQ(98개). 발주 주기 36일 권장,100.0,19.0,2.71,3.83,1.6,STABLE,97.3,0.0,WMA,0.0,40.9,10.0,8.4,10.0,7.5,5.0,FAIR,보통 매칭 · 폐기위험 높음 · 핵심(A)상품,1.002,50.0,STABLE,18.9,LOW,66.1,MEDIUM,37.9,43.6,76.3,0.3,30.0,901792.0,100.0,0.385,0.385,88.5,True,20.1,311,38.4,124,100.0,0.999,4.9,72.5,50.0,REALLOCATE,86.9,2,99.8,73.0,26.9,disposal_risk,66.8,검토 필요,45,HEURISTIC 29% | ABC 14% | TURNOVER 14% | DISPOSAL_RISK 14% | SAFETY_STOCK 8% | EOQ 7% | DEMAND_FORECAST 7% | MATCH 5%,"['⏰ 유통기한 임박 (84%)', '❄️ 냉장·냉동 과잉 (78%)', '💸 배송비 상승 (91%)', '⚡ 복합 스트레스 (60%)']","{'재고위험': '25.1%', '판매가능성': '13.2%', '점포이동적합': '14.0%', '비용절감': '18.3%', '폐기회피이익': '13.2%', '실행가능성': '12.8%', '이력보정': '3.3%'}",True,True,False,True,False,True,61.2,32.7,58.3,65.9,72.0,65.4,56.0,57.8,0.0,86.4,최적,할인 판매,🏷️,63,HIGH,신뢰도 높음 ●,#2e7d32,,,86.4,최적,할인 판매,-1,0,False,False,,50.0,9249.0,21495.0,9249.0,8.61,20.549999999999997,8.61,17.0,511.0,249.0,464.0,재고 이동,재고 이동,92.185,일치,92.185,62.066,33.591,16.772
마카롱075,종로점,여의도2점,277.0,재배치 추천,10950.0,프로모션 순비용이 재배치 비용보다 높습니다.,29.74388259143991,17.443502824858754,18,0,65.2,검토 가능,10950.0,277.0,100,False,Greedy 선택 후보보다 우선순위가 낮음,9.02,3054,327,4,디저트,500,277,271.0,63.0,500,827634.0,A,0.0854475137823289,1,100.0,36.2,9.94,NORMAL,79.9,False,33.1,LOW,유통기한 임박,7.7,34.8,0.0,SAFE,"재고 여유 — 현재고(327), 재주문점(35)",0.0,207.7,23.0,158546.0,53.7,OVER,과잉 발주 위험 — 현재(319개) > EOQ(208개). 발주 주기 23일 권장,53.7,63.1,9.01,12.74,5.29,STABLE,36.3,3.2,WMA,3.2,32.7,10.0,0.16,10.0,7.5,5.0,POOR,낮은 매칭 · 핵심(A)상품,0.998,49.9,STABLE,7.1,LOW,66.1,MEDIUM,42.1,8.2,88.3,0.3,30.0,1142700.0,100.0,0.385,0.385,88.5,False,34.4,53,20.1,479,100.0,0.999,4.9,76.2,50.0,REALLOCATE,86.8,2,99.8,73.0,23.8,turnover,61.4,검토 필요,98,HEURISTIC 29% | ABC 14% | TURNOVER 14% | DISPOSAL_RISK 14% | SAFETY_STOCK 8% | EOQ 7% | DEMAND_FORECAST 7% | MATCH 5%,"['⏰ 유통기한 임박 (84%)', '❄️ 냉장·냉동 과잉 (78%)', '💸 배송비 상승 (91%)', '⚡ 복합 스트레스 (60%)']","{'재고위험': '25.1%', '판매가능성': '13.2%', '점포이동적합': '14.0%', '비용절감': '18.3%', '폐기회피이익': '13.2%', '실행가능성': '12.8%', '이력보정': '3.3%'}",True,True,False,True,False,True,54.6,34.3,51.4,58.9,72.0,61.6,63.8,53.6,0.0,42.6,검토,보류,⏸️,298,HIGH,신뢰도 높음 ●,#2e7d32,,,42.6,검토,보류,0,-1,False,False,,50.0,10950.0,25347.0,10950.0,10.5,24.83,10.5,21.0,615.0,277.0,495.0,재고 이동,재고 이동,86.219,일치,86.219,54.541,28.352,18.106
우유048,홍대점,구로점,263.0,재배치 추천,10131.0,프로모션 순비용이 재배치 비용보다 높습니다.,30.679267909659366,16.454802259887007,18,0,65.1,검토 가능,10131.0,263.0,101,False,Greedy 선택 후보보다 우선순위가 낮음,3.21,2924,321,13,유제품,150,263,96.0,22.0,150,280704.0,A,0.5389976019852944,1,100.0,100.3,3.59,DEAD,44.3,True,41.4,MEDIUM,소진일수 100일 초과 | 신선/냉장 고위험 카테고리,2.8,12.4,0.0,SAFE,"재고 여유 — 현재고(321), 재주문점(12)",0.0,107.0,33.3,109502.0,100.0,OVER,과잉 발주 위험 — 현재(318개) > EOQ(107개). 발주 주기 33일 권장,100.0,22.2,3.17,4.5,1.85,STABLE,101.2,0.0,WMA,0.0,36.1,10.0,3.6,10.0,7.5,5.0,POOR,낮은 매칭 · 핵심(A)상품,0.979,49.5,STABLE,20.0,LOW,43.3,MEDIUM,32.9,48.2,86.4,0.3,30.0,952133.0,100.0,0.385,0.385,88.5,True,12.7,481,27.0,324,100.0,0.999,4.9,75.7,50.0,REALLOCATE,86.7,2,99.8,73.0,29.5,disposal_risk,59.1,검토 필요,133,HEURISTIC 29% | ABC 14% | TURNOVER 14% | DISPOSAL_RISK 14% | SAFETY_STOCK 8% | EOQ 7% | DEMAND_FORECAST 7% | MATCH 5%,"['⏰ 유통기한 임박 (84%)', '❄️ 냉장·냉동 과잉 (78%)', '💸 배송비 상승 (91%)', '⚡ 복합 스트레스 (60%)']","{'재고위험': '25.1%', '판매가능성': '13.2%', '점포이동적합': '14.0%', '비용절감': '18.3%', '폐기회피이익': '13.2%', '실행가능성': '12.8%', '이력보정': '3.3%'}",True,True,False,True,False,True,48.9,32.6,54.2,65.8,72.0,73.7,51.9,55.2,0.0,60.4,검토,보류,⏸️,203,HIGH,신뢰도 높음 ●,#2e7d32,,,60.4,검토,보류,0,-1,False,False,,50.0,10131.0,23538.0,10131.0,9.59,22.82,9.59,19.0,511.0,263.0,358.0,재고 이동,재고 이동,87.646,일치,87.646,57.978,30.771,16.873
냉동피자064,방배점,여의도점,281.0,재배치 추천,11292.0,프로모션 순비용이 재배치 비용보다 높습니다.,29.353282128886732,17.725988700564972,18,0,65.1,검토 가능,11292.0,281.0,102,False,Greedy 선택 후보보다 우선순위가 낮음,3.76,3068,328,9,냉동식품,250,281,113.0,26.0,250,346684.0,A,0.5171757338216079,1,100.0,87.1,4.13,SLOW,51.6,True,51.7,MEDIUM,소진일수 87일 초과 | 신선/냉장 고위험 카테고리,3.2,14.5,0.0,SAFE,"재고 여유 — 현재고(328), 재주문점(14)",0.0,122.1,32.5,112390.0,100.0,OVER,과잉 발주 위험 — 현재(325개) > EOQ(122개). 발주 주기 32일 권장,100.0,26.1,3.73,5.28,2.18,STABLE,88.0,0.0,WMA,0.0,36.1,10.0,3.6,10.0,7.5,5.0,POOR,낮은 매칭 · 핵심(A)상품,0.988,49.7,STABLE,17.3,LOW,48.6,MEDIUM,27.8,51.3,66.5,0.3,30.0,1093488.0,100.0,0.385,0.385,88.5,True,15.5,440,30.5,244,100.0,0.999,4.9,68.5,50.0,REALLOCATE,86.5,2,99.8,73.0,28.7,disposal_risk,62.7,검토 필요,89,HEURISTIC 29% | ABC 14% | TURNOVER 14% | DISPOSAL_RISK 14% | SAFETY_STOCK 8% | EOQ 7% | DEMAND_FORECAST 7% | MATCH 5%,"['⏰ 유통기한 임박 (84%)', '❄️ 냉장·냉동 과잉 (78%)', '💸 배송비 상승 (91%)', '⚡ 복합 스트레스 (60%)']","{'재고위험': '25.1%', '판매가능성': '13.2%', '점포이동적합': '14.0%', '비용절감': '18.3%', '폐기회피이익': '13.2%', '실행가능성': '12.8%', '이력보정': '3.3%'}",True,True,False,True,False,True,55.5,32.6,54.2,65.8,72.0,61.4,53.4,55.3,0.0,61.8,검토,보류,⏸️,195,HIGH,신뢰도 높음 ●,#2e7d32,,,61.8,검토,보류,-1,0,False,False,,50.0,11292.0,23295.0,11292.0,10.88,22.55,10.88,22.0,638.0,281.0,559.0,재고 이동,재고 이동,92.17,일치,92.17,61.243,31.986,14.162
차음료039,강남2점,명동점,291.0,재배치 추천,11877.0,프로모션 순비용이 재배치 비용보다 높습니다.,28.685149758729978,18.43220338983051,18,0,65.1,검토 가능,11877.0,291.0,103,False,Greedy 선택 후보보다 우선순위가 낮음,6.7,1058,300,0,음료,400,291,201.0,47.0,400,212658.0,A,0.7122615727681944,1,100.0,44.8,8.04,NORMAL,75.1,False,47.4,MEDIUM,유통기한 임박,5.7,25.8,0.0,SAFE,"재고 여유 — 현재고(300), 재주문점(26)",0.0,358.3,53.5,68244.0,14.3,OPTIMAL,"적정 발주 — EOQ(358개), 권장 발주 주기 54일",14.3,47.0,6.71,9.48,3.95,STABLE,44.7,2.0,WMA,2.0,36.2,10.0,3.7,10.0,7.5,5.0,POOR,낮은 매칭 · 핵심(A)상품,1.002,50.1,STABLE,8.7,LOW,78.3,HIGH,41.7,32.8,100.0,0.3,30.0,473977.0,100.0,0.385,0.385,88.5,False,25.5,111,26.8,339,100.0,0.999,4.9,79.0,50.0,REALLOCATE,86.4,2,99.8,73.0,25.7,turnover,61.0,검토 필요,105,HEURISTIC 29% | ABC 14% | TURNOVER 14% | DISPOSAL_RISK 14% | SAFETY_STOCK 8% | EOQ 7% | DEMAND_FORECAST 7% | MATCH 5%,"['⏰ 유통기한 임박 (84%)', '❄️ 냉장·냉동 과잉 (78%)', '💸 배송비 상승 (91%)', '⚡ 복합 스트레스 (60%)']","{'재고위험': '25.1%', '판매가능성': '13.2%', '점포이동적합': '14.0%', '비용절감': '18.3%', '폐기회피이익': '13.2%', '실행가능성': '12.8%', '이력보정': '3.3%'}",True,True,False,True,False,True,59.7,33.7,54.6,53.0,72.0,77.6,58.9,56.3,0.0,72.8,권장,보류,⏸️,136,HIGH,신뢰도 높음 ●,#2e7d32,,,72.8,권장,보류,-1,-1,False,False,,50.0,11877.0,24654.0,11877.0,11.53,24.06,11.53,23.0,706.0,291.0,623.0,재고 이동,재고 이동,87.055,일치,87.055,55.553,28.918,16.196
도시락074,잠원점,종로점,259.0,재배치 추천,10059.0,프로모션 순비용이 재배치 비용보다 높습니다.,30.76149958598635,16.17231638418079,18,0,64.9,검토 가능,10059.0,259.0,104,False,Greedy 선택 후보보다 우선순위가 낮음,0.73,3140,260,1,신선식품,250,259,22.0,5.0,250,69080.0,A,0.4700351316340167,1,100.0,354.5,1.02,DEAD,0.0,True,78.0,HIGH,유통기한 임박 | 소진일수 354일 초과 | 신선/냉장 고위험 카테고리,0.6,2.8,0.0,SAFE,"재고 여유 — 현재고(260), 재주문점(3)",0.0,49.2,67.4,54114.0,100.0,OVER,과잉 발주 위험 — 현재(259개) > EOQ(49개). 발주 주기 67일 권장,100.0,5.0,0.71,1.02,0.41,STABLE,364.0,0.0,WMA,0.0,40.9,10.0,8.4,10.0,7.5,5.0,FAIR,보통 매칭 · 폐기위험 높음 · 핵심(A)상품,0.978,49.5,STABLE,35.6,LOW,76.6,HIGH,23.5,50.3,87.0,0.3,30.0,1030603.0,100.0,0.385,0.385,88.5,True,22.7,186,46.5,6,100.0,0.999,4.9,75.9,50.0,REALLOCATE,86.3,1,100.0,73.0,16.5,disposal_risk,61.3,검토 필요,100,HEURISTIC 29% | ABC 14% | TURNOVER 14% | DISPOSAL_RISK 14% | SAFETY_STOCK 8% | EOQ 7% | DEMAND_FORECAST 7% | MATCH 5%,"['⏰ 유통기한 임박 (84%)', '❄️ 냉장·냉동 과잉 (78%)', '💸 배송비 상승 (91%)', '⚡ 복합 스트레스 (60%)']","{'재고위험': '25.1%', '판매가능성': '13.2%', '점포이동적합': '14.0%', '비용절감': '18.3%', '폐기회피이익': '13.2%', '실행가능성': '12.8%', '이력보정': '3.3%'}",True,True,False,True,False,True,53.7,32.6,60.3,65.7,72.0,74.8,57.5,57.4,0.0,84.2,최적,할인 판매,🏷️,75,HIGH,신뢰도 높음 ●,#2e7d32,,,84.2,최적,할인 판매,-1,0,False,False,,50.0,10059.0,22179.0,10059.0,9.51,21.31,9.51,19.0,885.0,259.0,797.0,재고 이동,재고 이동,97.256,일치,97.256,67.466,34.049,7.504
아이스라떼045,교대점,명동점,276.0,재배치 추천,11211.0,프로모션 순비용이 재배치 비용보다 높습니다.,29.44579276475459,17.372881355932204,18,0,64.8,검토 가능,11211.0,276.0,105,False,Greedy 선택 후보보다 우선순위가 낮음,6.65,3303,341,7,유제품,300,276,200.0,47.0,300,660600.0,A,0.196863839439598,1,100.0,51.2,7.04,NORMAL,71.6,False,48.6,MEDIUM,유통기한 임박 | 신선/냉장 고위험 카테고리,5.7,25.6,0.0,SAFE,"재고 여유 — 현재고(341), 재주문점(26)",0.0,144.9,21.8,167512.0,100.0,OVER,과잉 발주 위험 — 현재(335개) > EOQ(145개). 발주 주기 22일 권장,100.0,46.8,6.69,9.43,3.94,STABLE,51.0,1.2,WMA,1.2,36.2,10.0,3.66,10.0,7.5,5.0,POOR,낮은 매칭 · 핵심(A)상품,1.01,50.2,STABLE,10.0,LOW,55.6,MEDIUM,29.0,32.8,100.0,0.3,30.0,1165543.0,100.0,0.385,0.385,88.5,True,19.7,327,27.5,301,100.0,0.999,4.9,79.0,50.0,REALLOCATE,86.1,2,99.8,73.0,26.3,turnover,66.0,검토 필요,51,HEURISTIC 29% | ABC 14% | TURNOVER 14% | DISPOSAL_RISK 14% | SAFETY_STOCK 8% | EOQ 7% | DEMAND_FORECAST 7% | MATCH 5%,"['⏰ 유통기한 임박 (84%)', '❄️ 냉장·냉동 과잉 (78%)', '💸 배송비 상승 (91%)', '⚡ 복합 스트레스 (60%)']","{'재고위험': '25.1%', '판매가능성': '13.2%', '점포이동적합': '14.0%', '비용절감': '18.3%', '폐기회피이익': '13.2%', '실행가능성': '12.8%', '이력보정': '3.3%'}",True,True,False,True,False,True,59.4,33.4,54.7,65.6,72.0,77.6,55.7,58.5,0.0,91.1,최적,보류,⏸️,38,HIGH,신뢰도 높음 ●,#2e7d32,,,91.1,최적,보류,-1,-1,False,False,,50.0,11211.0,22818.0,11211.0,10.79,22.02,10.79,22.0,875.0,276.0,743.0,재고 이동,재고 이동,94.583,일치,94.583,61.545,30.903,13.43
커피013,역삼점,청량리점,281.0,재배치 추천,11544.0,프로모션 순비용이 재배치 비용보다 높습니다.,29.06547126174228,17.725988700564972,18,0,64.8,검토 가능,11544.0,281.0,106,False,Greedy 선택 후보보다 우선순위가 낮음,1.09,1543,290,6,음료,500,281,33.0,8.0,500,50919.0,B,0.9087869865371656,2,60.0,263.6,1.37,DEAD,0.0,True,60.0,HIGH,유통기한 임박 | 소진일수 264일 초과,0.9,4.2,0.0,SAFE,"재고 여유 — 현재고(290), 재주문점(4)",0.0,119.7,109.8,33241.0,100.0,OVER,과잉 발주 위험 — 현재(289개) > EOQ(120개). 발주 주기 110일 권장,100.0,7.9,1.13,1.58,0.68,STABLE,257.0,0.0,WMA,0.0,36.9,10.0,8.4,6.0,7.5,5.0,POOR,낮은 매칭 · 폐기위험 높음,1.048,51.2,STABLE,35.0,LOW,59.1,MEDIUM,35.2,49.2,72.1,0.3,30.0,649256.0,100.0,0.385,0.385,88.5,False,17.8,390,38.4,124,100.0,0.999,4.9,70.9,50.0,REALLOCATE,86.0,2,99.8,73.0,38.1,disposal_risk,48.7,모니터링,308,HEURISTIC 29% | ABC 14% | TURNOVER 14% | DISPOSAL_RISK 14% | SAFETY_STOCK 8% | EOQ 7% | DEMAND_FORECAST 7% | MATCH 5%,"['⏰ 유통기한 임박 (84%)', '❄️ 냉장·냉동 과잉 (78%)', '💸 배송비 상승 (91%)', '⚡ 복합 스트레스 (60%)']","{'재고위험': '25.1%', '판매가능성': '13.2%', '점포이동적합': '14.0%', '비용절감': '18.3%', '폐기회피이익': '13.2%', '실행가능성': '12.8%', '이력보정': '3.3%'}",True,True,False,True,False,True,39.5,33.1,56.4,65.6,72.0,64.5,54.7,52.0,0.0,27.0,검토,할인 판매,🏷️,382,HIGH,신뢰도 높음 ●,#2e7d32,,,27.0,검토,할인 판매,-1,-1,False,False,,50.0,11544.0,20703.0,11544.0,11.16,19.67,11.16,22.0,926.0,281.0,888.0,재고 이동,재고 이동,93.328,일치,93.328,65.951,33.469,3.806
커피038,청량리점,잠실2점,285.0,재배치 추천,11760.0,프로모션 순비용이 재배치 비용보다 높습니다.,28.818776232761326,18.008474576271187,18,0,64.8,검토 가능,11760.0,285.0,107,False,Greedy 선택 후보보다 우선순위가 낮음,7.1,2507,294,1,음료,300,285,213.0,50.0,300,533991.0,A,0.5815062590510993,1,100.0,41.4,8.69,NORMAL,77.0,False,43.7,MEDIUM,유통기한 임박,6.1,27.4,0.0,SAFE,"재고 여유 — 현재고(294), 재주문점(27)",0.0,239.6,33.7,108141.0,20.2,OPTIMAL,"적정 발주 — EOQ(240개), 권장 발주 주기 34일",20.2,49.9,7.13,10.06,4.2,STABLE,41.2,2.5,WMA,2.5,36.2,10.0,3.72,10.0,7.5,5.0,POOR,낮은 매칭 · 핵심(A)상품,1.006,50.2,STABLE,8.1,LOW,76.6,HIGH,40.8,30.0,87.4,0.3,30.0,931134.0,100.0,0.385,0.385,88.5,False,29.3,76,25.2,401,100.0,0.999,4.9,76.0,50.0,REALLOCATE,85.9,2,99.8,73.0,25.4,turnover,61.0,검토 필요,103,HEURISTIC 29% | ABC 14% | TURNOVER 14% | DISPOSAL_RISK 14% | SAFETY_STOCK 8% | EOQ 7% | DEMAND_FORECAST 7% | MATCH 5%,"['⏰ 유통기한 임박 (84%)', '❄️ 냉장·냉동 과잉 (78%)', '💸 배송비 상승 (91%)', '⚡ 복합 스트레스 (60%)']","{'재고위험': '25.1%', '판매가능성': '13.2%', '점포이동적합': '14.0%', '비용절감': '18.3%', '폐기회피이익': '13.2%', '실행가능성': '12.8%', '이력보정': '3.3%'}",True,True,False,True,False,True,58.6,34.0,53.9,53.7,72.0,68.3,61.0,54.9,0.0,54.9,검토,보류,⏸️,232,HIGH,신뢰도 높음 ●,#2e7d32,,,54.9,검토,보류,-1,-1,False,False,,50.0,11760.0,22800.0,11760.0,11.4,22.0,11.4,23.0,750.0,285.0,393.0,재고 이동,재고 이동,83.456,일치,83.456,53.228,29.102,19.876
아이스라떼045,교대점,건대점,276.0,재배치 추천,11283.0,프로모션 순비용이 재배치 비용보다 높습니다.,29.363561088427605,17.372881355932204,18,0,64.7,검토 가능,11283.0,276.0,108,False,Greedy 선택 후보보다 우선순위가 낮음,6.65,3303,341,7,유제품,300,276,200.0,47.0,300,660600.0,A,0.196863839439598,1,100.0,51.2,7.04,NORMAL,71.6,False,48.6,MEDIUM,유통기한 임박 | 신선/냉장 고위험 카테고리,5.7,25.6,0.0,SAFE,"재고 여유 — 현재고(341), 재주문점(26)",0.0,144.9,21.8,167512.0,100.0,OVER,과잉 발주 위험 — 현재(335개) > EOQ(145개). 발주 주기 22일 권장,100.0,46.8,6.69,9.43,3.94,STABLE,51.0,1.2,WMA,1.2,36.2,10.0,3.66,10.0,7.5,5.0,POOR,낮은 매칭 · 핵심(A)상품,1.01,50.2,STABLE,10.0,LOW,55.6,MEDIUM,37.9,43.6,76.3,0.3,30.0,1165471.0,100.0,0.385,0.385,88.5,True,19.7,327,27.5,301,100.0,0.999,4.9,72.5,50.0,REALLOCATE,85.7,2,99.8,72.9,26.3,turnover,65.9,검토 필요,52,HEURISTIC 29% | ABC 14% | TURNOVER 14% | DISPOSAL_RISK 14% | SAFETY_STOCK 8% | EOQ 7% | DEMAND_FORECAST 7% | MATCH 5%,"['⏰ 유통기한 임박 (84%)', '❄️ 냉장·냉동 과잉 (78%)', '💸 배송비 상승 (91%)', '⚡ 복합 스트레스 (60%)']","{'재고위험': '25.1%', '판매가능성': '13.2%', '점포이동적합': '14.0%', '비용절감': '18.3%', '폐기회피이익': '13.2%', '실행가능성': '12.8%', '이력보정': '3.3%'}",True,True,False,True,False,True,59.4,33.4,54.0,65.6,72.0,65.4,55.7,56.8,0.0,78.4,권장,보류,⏸️,106,HIGH,신뢰도 높음 ●,#2e7d32,,,78.4,권장,보류,-1,0,False,False,,50.0,11283.0,23952.0,11283.0,10.87,23.28,10.87,22.0,875.0,276.0,783.0,재고 이동,재고 이동,94.995,일치,94.995,61.802,30.872,12.857
라면071,방배점,성수점,290.0,재배치 추천,12183.0,프로모션 순비용이 재배치 비용보다 높습니다.,28.33566513434029,18.361581920903955,18,0,64.7,검토 가능,12183.0,290.0,109,False,Greedy 선택 후보보다 우선순위가 낮음,2.81,664,297,2,간편식,150,290,84.0,20.0,150,55776.0,C,0.9938134999524716,3,20.0,106.1,3.39,DEAD,41.1,True,73.0,HIGH,유통기한 임박 | 소진일수 106일 초과,2.4,10.8,0.0,SAFE,"재고 여유 — 현재고(297), 재주문점(11)",0.0,265.0,94.3,38707.0,11.2,OPTIMAL,"적정 발주 — EOQ(265개), 권장 발주 주기 94일",11.2,19.9,2.84,4.0,1.68,STABLE,104.5,0.0,WMA,0.0,33.9,10.0,8.4,3.0,7.5,5.0,POOR,낮은 매칭 · 폐기위험 높음,1.017,50.4,STABLE,20.6,LOW,73.1,HIGH,42.0,46.2,96.7,0.3,30.0,262389.0,100.0,0.385,0.385,88.5,False,21.1,255,39.4,104,100.0,0.999,4.9,78.3,50.0,REALLOCATE,85.6,2,99.8,72.9,42.2,disposal_risk,44.0,모니터링,371,HEURISTIC 29% | ABC 14% | TURNOVER 14% | DISPOSAL_RISK 14% | SAFETY_STOCK 8% | EOQ 7% | DEMAND_FORECAST 7% | MATCH 5%,"['⏰ 유통기한 임박 (84%)', '❄️ 냉장·냉동 과잉 (78%)', '💸 배송비 상승 (91%)', '⚡ 복합 스트레스 (60%)']","{'재고위험': '25.1%', '판매가능성': '13.2%', '점포이동적합': '14.0%', '비용절감': '18.3%', '폐기회피이익': '13.2%', '실행가능성': '12.8%', '이력보정': '3.3%'}",True,True,False,True,False,True,50.2,32.8,56.0,52.3,72.0,79.9,56.5,54.1,0.0,49.0,검토,할인 판매,🏷️,264,HIGH,신뢰도 높음 ●,#2e7d32,,,49.0,검토,할인 판매,-1,-1,False,False,,50.0,12183.0,24366.0,12183.0,11.87,23.740000000000002,11.87,24.0,483.0,290.0,448.0,재고 이동,재고 이동,78.471,일치,78.471,58.854,35.89,16.251
아이스라떼073,사당점,왕십리점,321.0,재배치 추천,14136.0,프로모션 순비용이 재배치 비용보다 높습니다.,26.105130913970818,20.55084745762712,18,0,64.7,검토 가능,14136.0,321.0,110,False,Greedy 선택 후보보다 우선순위가 낮음,2.99,1589,346,6,유제품,400,321,90.0,21.0,400,143010.0,B,0.8067621446776673,2,60.0,115.3,3.12,DEAD,35.9,True,68.0,HIGH,유통기한 임박 | 소진일수 115일 초과 | 신선/냉장 고위험 카테고리,2.6,11.6,0.0,SAFE,"재고 여유 — 현재고(346), 재주문점(12)",0.0,140.1,46.9,77907.0,100.0,OVER,과잉 발주 위험 — 현재(343개) > EOQ(140개). 발주 주기 47일 권장,100.0,21.0,3.0,4.23,1.77,STABLE,115.3,0.0,WMA,0.0,36.9,10.0,8.4,6.0,7.5,5.0,POOR,낮은 매칭 · 폐기위험 높음,1.003,50.1,STABLE,22.5,LOW,59.1,MEDIUM,33.8,23.6,84.2,0.3,30.0,726347.0,100.0,0.385,0.385,88.5,True,20.0,316,38.4,124,100.0,0.999,4.9,75.1,50.0,REALLOCATE,85.5,2,99.8,72.9,42.3,disposal_risk,56.4,검토 필요,177,HEURISTIC 29% | ABC 14% | TURNOVER 14% | DISPOSAL_RISK 14% | SAFETY_STOCK 8% | EOQ 7% | DEMAND_FORECAST 7% | MATCH 5%,"['⏰ 유통기한 임박 (84%)', '❄️ 냉장·냉동 과잉 (78%)', '💸 배송비 상승 (91%)', '⚡ 복합 스트레스 (60%)']","{'재고위험': '25.1%', '판매가능성': '13.2%', '점포이동적합': '14.0%', '비용절감': '18.3%', '폐기회피이익': '13.2%', '실행가능성': '12.8%', '이력보정': '3.3%'}",True,True,False,True,False,True,52.6,32.7,56.8,65.6,72.0,64.0,55.9,55.2,0.0,60.7,검토,할인 판매,🏷️,201,HIGH,신뢰도 높음 ●,#2e7d32,,,60.7,검토,할인 판매,-1,0,False,False,,50.0,14136.0,25770.0,14136.0,14.04,25.3,14.04,28.0,571.0,321.0,358.0,재고 이동,재고 이동,87.715,일치,87.715,62.762,37.051,14.529
컵밥007,동대문점,선릉점,276.0,재배치 추천,11481.0,프로모션 순비용이 재배치 비용보다 높습니다.,29.137423978528396,17.372881355932204,18,0,64.5,검토 가능,11481.0,276.0,111,False,Greedy 선택 후보보다 우선순위가 낮음,3.41,3334,285,2,간편식,300,276,102.0,24.0,300,340068.0,A,0.23037995959756308,1,100.0,83.8,4.29,SLOW,53.4,True,69.9,HIGH,유통기한 임박 | 소진일수 84일 초과,2.9,13.1,0.0,SAFE,"재고 여유 — 현재고(285), 재주문점(13)",0.0,130.3,38.2,95547.0,100.0,OVER,과잉 발주 위험 — 현재(282개) > EOQ(130개). 발주 주기 38일 권장,100.0,23.9,3.41,4.82,2.01,STABLE,83.5,0.0,WMA,0.0,40.9,10.0,8.4,10.0,7.5,5.0,FAIR,보통 매칭 · 폐기위험 높음 · 핵심(A)상품,1.005,50.1,STABLE,16.3,LOW,73.1,HIGH,30.8,48.8,83.3,0.3,30.0,1175540.0,100.0,0.385,0.385,88.5,False,20.7,286,38.4,124,100.0,0.999,4.9,74.8,50.0,REALLOCATE,85.3,2,99.8,72.9,26.4,disposal_risk,67.9,검토 필요,35,HEURISTIC 29% | ABC 14% | TURNOVER 14% | DISPOSAL_RISK 14% | SAFETY_STOCK 8% | EOQ 7% | DEMAND_FORECAST 7% | MATCH 5%,"['⏰ 유통기한 임박 (84%)', '❄️ 냉장·냉동 과잉 (78%)', '💸 배송비 상승 (91%)', '⚡ 복합 스트레스 (60%)']","{'재고위험': '25.1%', '판매가능성': '13.2%', '점포이동적합': '14.0%', '비용절감': '18.3%', '폐기회피이익': '13.2%', '실행가능성': '12.8%', '이력보정': '3.3%'}",True,True,False,True,False,True,64.1,32.7,58.6,65.5,72.0,71.8,56.3,59.3,0.0,95.4,최적,할인 판매,🏷️,15,HIGH,신뢰도 높음 ●,#2e7d32,,,95.4,최적,할인 판매,-1,-1,False,False,,50.0,11481.0,22350.0,11481.0,11.09,21.5,11.09,22.0,561.0,276.0,453.0,재고 이동,재고 이동,92.142,일치,92.142,62.372,34.698,16.73
샐러드069,압구정점,여의도2점,310.0,재배치 추천,13614.0,프로모션 순비용이 재배치 비용보다 높습니다.,26.701310567341462,19.774011299435028,18,0,64.5,검토 가능,13614.0,310.0,112,False,Greedy 선택 후보보다 우선순위가 낮음,2.85,3082,345,9,신선식품,250,310,86.0,20.0,250,265052.0,A,0.6610542014354238,1,100.0,120.3,2.99,DEAD,33.2,True,57.1,MEDIUM,소진일수 120일 초과 | 신선/냉장 고위험 카테고리,2.4,11.0,0.0,SAFE,"재고 여유 — 현재고(345), 재주문점(11)",0.0,98.2,34.5,105930.0,100.0,OVER,과잉 발주 위험 — 현재(343개) > EOQ(98개). 발주 주기 34일 권장,100.0,20.0,2.86,4.03,1.68,STABLE,120.8,0.0,WMA,0.0,36.1,10.0,3.6,10.0,7.5,5.0,POOR,낮은 매칭 · 핵심(A)상품,1.003,50.1,STABLE,23.5,LOW,48.6,MEDIUM,38.1,8.2,88.3,0.3,30.0,1210390.0,100.0,0.385,0.385,88.5,True,17.1,408,34.2,191,100.0,0.999,4.9,76.2,50.0,REALLOCATE,85.2,2,99.8,72.9,28.2,disposal_risk,60.4,검토 필요,114,HEURISTIC 29% | ABC 14% | TURNOVER 14% | DISPOSAL_RISK 14% | SAFETY_STOCK 8% | EOQ 7% | DEMAND_FORECAST 7% | MATCH 5%,"['⏰ 유통기한 임박 (84%)', '❄️ 냉장·냉동 과잉 (78%)', '💸 배송비 상승 (91%)', '⚡ 복합 스트레스 (60%)']","{'재고위험': '25.1%', '판매가능성': '13.2%', '점포이동적합': '14.0%', '비용절감': '18.3%', '폐기회피이익': '13.2%', '실행가능성': '12.8%', '이력보정': '3.3%'}",True,True,False,True,False,True,53.0,32.7,55.7,65.5,72.0,61.6,54.3,54.8,0.0,54.4,검토,보류,⏸️,235,HIGH,신뢰도 높음 ●,#2e7d32,,,54.4,검토,보류,-1,-1,False,False,,50.0,13614.0,18723.0,13614.0,13.46,17.47,13.46,27.0,938.0,310.0,770.0,재고 이동,재고 이동,95.997,일치,95.997,64.802,32.326,8.304
푸딩062,사당점,왕십리점,319.0,재배치 추천,14136.0,프로모션 순비용이 재배치 비용보다 높습니다.,26.105130913970818,20.40960451977401,18,0,64.5,검토 가능,14136.0,319.0,113,False,Greedy 선택 후보보다 우선순위가 낮음,2.57,3460,322,0,디저트,500,319,77.0,18.0,500,266420.0,A,0.12426892869344128,1,100.0,125.5,2.87,DEAD,30.3,True,70.0,HIGH,유통기한 임박 | 소진일수 126일 초과,2.2,9.9,0.0,SAFE,"재고 여유 — 현재고(322), 재주문점(10)",0.0,104.1,40.5,90078.0,100.0,OVER,과잉 발주 위험 — 현재(320개) > EOQ(104개). 발주 주기 40일 권장,100.0,18.0,2.57,3.63,1.51,STABLE,125.2,0.0,WMA,0.0,40.9,10.0,8.4,10.0,7.5,5.0,FAIR,보통 매칭 · 폐기위험 높음 · 핵심(A)상품,1.001,50.0,STABLE,24.4,LOW,78.3,HIGH,34.1,23.6,84.2,0.3,30.0,1469852.0,100.0,0.385,0.385,88.5,False,20.8,277,40.5,85,100.0,0.999,4.9,75.1,50.0,REALLOCATE,85.1,2,99.8,72.9,25.6,disposal_risk,64.1,검토 필요,69,HEURISTIC 29% | ABC 14% | TURNOVER 14% | DISPOSAL_RISK 14% | SAFETY_STOCK 8% | EOQ 7% | DEMAND_FORECAST 7% | MATCH 5%,"['⏰ 유통기한 임박 (84%)', '❄️ 냉장·냉동 과잉 (78%)', '💸 배송비 상승 (91%)', '⚡ 복합 스트레스 (60%)']","{'재고위험': '25.1%', '판매가능성': '13.2%', '점포이동적합': '14.0%', '비용절감': '18.3%', '폐기회피이익': '13.2%', '실행가능성': '12.8%', '이력보정': '3.3%'}",True,True,False,True,False,True,58.0,32.7,59.0,65.5,72.0,64.0,56.4,56.9,0.0,79.2,권장,할인 판매,🏷️,102,HIGH,신뢰도 높음 ●,#2e7d32,,,79.2,권장,할인 판매,-1,0,False,False,,50.0,14136.0,25770.0,14136.0,14.04,25.3,14.04,28.0,505.0,319.0,430.0,재고 이동,재고 이동,91.839,일치,91.839,63.832,36.022,13.263
핫바036,청량리점,압구정점,214.0,재배치 추천,7737.0,프로모션 순비용이 재배치 비용보다 높습니다.,33.413471147531624,12.994350282485875,18,0,64.4,검토 가능,7737.0,214.0,114,False,Greedy 선택 후보보다 우선순위가 낮음,2.68,3002,217,0,간편식,150,214,80.0,19.0,150,240160.0,B,0.8445847697943089,2,60.0,81.4,4.42,SLOW,54.8,True,70.7,HIGH,유통기한 임박 | 소진일수 81일 초과,2.3,10.3,0.0,SAFE,"재고 여유 — 현재고(217), 재주문점(10)",0.0,121.7,45.4,80377.0,76.4,OVER,과잉 발주 위험 — 현재(215개) > EOQ(122개). 발주 주기 45일 권장,76.4,18.9,2.7,3.81,1.59,STABLE,80.4,0.0,WMA,0.0,36.9,10.0,8.4,6.0,7.5,5.0,POOR,낮은 매칭 · 폐기위험 높음,1.013,50.3,STABLE,15.7,LOW,78.3,HIGH,23.9,35.6,98.7,0.3,30.0,795277.0,100.0,0.385,0.385,88.5,False,20.7,286,37.8,145,100.0,0.999,4.9,78.7,50.0,REALLOCATE,84.9,2,99.8,72.9,40.2,disposal_risk,58.2,검토 필요,150,HEURISTIC 29% | ABC 14% | TURNOVER 14% | DISPOSAL_RISK 14% | SAFETY_STOCK 8% | EOQ 7% | DEMAND_FORECAST 7% | MATCH 5%,"['⏰ 유통기한 임박 (84%)', '❄️ 냉장·냉동 과잉 (78%)', '💸 배송비 상승 (91%)', '⚡ 복합 스트레스 (60%)']","{'재고위험': '25.1%', '판매가능성': '13.2%', '점포이동적합': '14.0%', '비용절감': '18.3%', '폐기회피이익': '13.2%', '실행가능성': '12.8%', '이력보정': '3.3%'}",True,True,False,True,False,True,58.8,32.8,57.0,61.9,72.0,77.7,56.3,57.9,0.0,87.0,최적,할인 판매,🏷️,60,HIGH,신뢰도 높음 ●,#2e7d32,,,87.0,최적,할인 판매,-1,-1,False,False,,50.0,7737.0,21603.0,7737.0,6.93,20.67,6.93,14.0,486.0,214.0,455.0,재고 이동,재고 이동,85.515,일치,85.515,59.075,34.466,18.888
푸딩059,신촌점,잠원점,271.0,재배치 추천,11310.0,프로모션 순비용이 재배치 비용보다 높습니다.,29.332724209804987,17.019774011299436,18,0,64.4,검토 가능,11310.0,271.0,115,False,Greedy 선택 후보보다 우선순위가 낮음,7.08,2758,357,7,디저트,250,288,212.0,50.0,250,584696.0,A,0.6794441020955618,1,100.0,50.5,7.13,NORMAL,71.9,False,40.3,MEDIUM,유통기한 임박,6.1,27.3,0.0,SAFE,"재고 여유 — 현재고(357), 재주문점(27)",0.0,193.6,27.3,133484.0,81.2,OVER,과잉 발주 위험 — 현재(351개) > EOQ(194개). 발주 주기 27일 권장,81.2,49.8,7.11,10.03,4.19,STABLE,50.2,1.3,WMA,1.3,36.2,10.0,3.66,10.0,7.5,5.0,POOR,낮은 매칭 · 핵심(A)상품,1.009,50.2,STABLE,9.8,LOW,55.6,MEDIUM,30.9,46.3,85.2,0.3,30.0,953342.0,100.0,0.385,0.385,88.5,False,18.8,360,24.2,430,100.0,0.999,4.9,75.4,50.0,REALLOCATE,84.8,2,99.8,72.9,26.2,turnover,62.5,검토 필요,91,HEURISTIC 29% | ABC 14% | TURNOVER 14% | DISPOSAL_RISK 14% | SAFETY_STOCK 8% | EOQ 7% | DEMAND_FORECAST 7% | MATCH 5%,"['⏰ 유통기한 임박 (84%)', '❄️ 냉장·냉동 과잉 (78%)', '💸 배송비 상승 (91%)', '⚡ 복합 스트레스 (60%)']","{'재고위험': '25.1%', '판매가능성': '13.2%', '점포이동적합': '14.0%', '비용절감': '18.3%', '폐기회피이익': '13.2%', '실행가능성': '12.8%', '이력보정': '3.3%'}",True,True,False,True,False,True,55.7,33.4,53.7,62.6,72.0,72.2,55.2,56.2,0.0,71.5,권장,보류,⏸️,143,HIGH,신뢰도 높음 ●,#2e7d32,,,71.5,권장,보류,0,-1,False,False,,50.0,11310.0,16716.0,11310.0,10.9,15.24,10.9,22.0,304.0,288.0,271.0,재고 이동,재고 이동,85.709,일치,85.709,55.401,30.073,20.453
탄산음료067,신촌2점,신촌점,282.0,재배치 추천,11910.0,프로모션 순비용이 재배치 비용보다 높습니다.,28.647460240413444,17.796610169491526,18,0,64.4,검토 가능,11910.0,282.0,116,False,Greedy 선택 후보보다 우선순위가 낮음,1.37,3575,293,6,음료,250,282,41.0,10.0,250,146575.0,A,0.3434406152679366,1,100.0,214.4,1.68,DEAD,0.0,True,60.0,HIGH,유통기한 임박 | 소진일수 214일 초과,1.2,5.3,0.0,SAFE,"재고 여유 — 현재고(293), 재주문점(5)",0.0,88.2,64.4,56726.0,100.0,OVER,과잉 발주 위험 — 현재(292개) > EOQ(88개). 발주 주기 64일 권장,100.0,9.8,1.4,1.97,0.83,STABLE,209.3,0.0,WMA,0.0,40.9,10.0,8.4,10.0,7.5,5.0,FAIR,보통 매칭 · 폐기위험 높음 · 핵심(A)상품,1.043,51.1,STABLE,35.0,LOW,59.1,MEDIUM,43.2,28.1,86.3,0.3,30.0,1268370.0,100.0,0.385,0.385,88.5,False,18.2,382,39.2,109,100.0,0.999,4.9,75.7,50.0,REALLOCATE,84.7,2,99.8,72.9,21.0,disposal_risk,56.8,검토 필요,172,HEURISTIC 29% | ABC 14% | TURNOVER 14% | DISPOSAL_RISK 14% | SAFETY_STOCK 8% | EOQ 7% | DEMAND_FORECAST 7% | MATCH 5%,"['⏰ 유통기한 임박 (84%)', '❄️ 냉장·냉동 과잉 (78%)', '💸 배송비 상승 (91%)', '⚡ 복합 스트레스 (60%)']","{'재고위험': '25.1%', '판매가능성': '13.2%', '점포이동적합': '14.0%', '비용절감': '18.3%', '폐기회피이익': '13.2%', '실행가능성': '12.8%', '이력보정': '3.3%'}",True,True,False,True,False,True,45.5,33.0,58.8,65.4,72.0,66.9,54.9,54.1,0.0,48.8,검토,할인 판매,🏷️,265,HIGH,신뢰도 높음 ●,#2e7d32,,,48.8,검토,할인 판매,-1,0,False,False,,50.0,0.0,11910.0,11910.0,0.0,9.9,9.9,20.0,534.0,282.0,502.0,재고 이동,재고 이동,92.248,일치,92.248,63.233,31.322,9.633
딸기우유014,역삼점,잠실2점,232.0,재배치 추천,8952.0,프로모션 순비용이 재배치 비용보다 높습니다.,32.025811609513745,14.26553672316384,18,0,64.3,검토 가능,8952.0,232.0,117,False,Greedy 선택 후보보다 우선순위가 낮음,2.76,2852,254,4,유제품,400,239,83.0,19.0,400,236716.0,A,0.560656640638992,1,100.0,91.8,3.92,DEAD,49.0,True,68.0,HIGH,유통기한 임박 | 소진일수 92일 초과 | 신선/냉장 고위험 카테고리,2.4,10.7,0.0,SAFE,"재고 여유 — 현재고(254), 재주문점(11)",0.0,100.5,36.4,100279.0,100.0,OVER,과잉 발주 위험 — 현재(252개) > EOQ(100개). 발주 주기 36일 권장,100.0,19.1,2.73,3.87,1.59,STABLE,93.1,0.0,WMA,0.0,40.9,10.0,8.4,10.0,7.5,5.0,FAIR,보통 매칭 · 폐기위험 높음 · 핵심(A)상품,0.983,49.6,STABLE,18.3,LOW,66.1,MEDIUM,28.3,30.0,87.4,0.3,30.0,877845.0,100.0,0.385,0.385,88.5,True,20.3,301,38.2,135,100.0,0.999,4.9,76.0,50.0,REALLOCATE,84.5,2,99.8,72.9,27.0,disposal_risk,66.6,검토 필요,46,HEURISTIC 29% | ABC 14% | TURNOVER 14% | DISPOSAL_RISK 14% | SAFETY_STOCK 8% | EOQ 7% | DEMAND_FORECAST 7% | MATCH 5%,"['⏰ 유통기한 임박 (84%)', '❄️ 냉장·냉동 과잉 (78%)', '💸 배송비 상승 (91%)', '⚡ 복합 스트레스 (60%)']","{'재고위험': '25.1%', '판매가능성': '13.2%', '점포이동적합': '14.0%', '비용절감': '18.3%', '폐기회피이익': '13.2%', '실행가능성': '12.8%', '이력보정': '3.3%'}",True,True,False,True,False,True,62.1,32.6,58.6,65.4,72.0,68.3,56.1,58.4,0.0,90.2,최적,할인 판매,🏷️,43,HIGH,신뢰도 높음 ●,#2e7d32,,,90.2,최적,할인 판매,-1,-1,False,False,,50.0,8952.0,29307.0,8952.0,8.28,29.229999999999997,8.28,17.0,278.0,239.0,232.0,재고 이동,재고 이동,86.894,일치,86.894,58.986,34.762,21.412
핫바036,종로점,마포점,274.0,재배치 추천,11562.0,프로모션 순비용이 재배치 비용보다 높습니다.,29.044913342660536,17.231638418079097,18,0,64.3,검토 가능,11562.0,274.0,118,False,Greedy 선택 후보보다 우선순위가 낮음,1.28,3002,277,2,간편식,150,274,38.0,9.0,150,114076.0,B,0.8445847697943089,2,60.0,218.7,1.65,DEAD,0.0,True,73.0,HIGH,유통기한 임박 | 소진일수 219일 초과,1.1,4.9,0.0,SAFE,"재고 여유 — 현재고(277), 재주문점(5)",0.0,84.1,65.7,55548.0,100.0,OVER,과잉 발주 위험 — 현재(276개) > EOQ(84개). 발주 주기 66일 권장,100.0,9.0,1.29,1.81,0.76,STABLE,215.4,0.0,WMA,0.0,36.9,10.0,8.4,6.0,7.5,5.0,POOR,낮은 매칭 · 폐기위험 높음,1.004,50.1,STABLE,35.0,LOW,73.1,HIGH,36.8,23.3,78.8,0.3,30.0,1016596.0,100.0,0.385,0.385,88.5,False,21.3,246,43.5,33,100.0,0.999,4.9,73.4,50.0,REALLOCATE,84.4,2,99.8,72.9,33.7,disposal_risk,51.3,모니터링,254,HEURISTIC 29% | ABC 14% | TURNOVER 14% | DISPOSAL_RISK 14% | SAFETY_STOCK 8% | EOQ 7% | DEMAND_FORECAST 7% | MATCH 5%,"['⏰ 유통기한 임박 (84%)', '❄️ 냉장·냉동 과잉 (78%)', '💸 배송비 상승 (91%)', '⚡ 복합 스트레스 (60%)']","{'재고위험': '25.1%', '판매가능성': '13.2%', '점포이동적합': '14.0%', '비용절감': '18.3%', '폐기회피이익': '13.2%', '실행가능성': '12.8%', '이력보정': '3.3%'}",True,True,False,True,False,True,45.4,32.7,57.6,65.4,72.0,60.3,56.6,53.0,0.0,37.4,검토,할인 판매,🏷️,326,HIGH,신뢰도 높음 ●,#2e7d32,,,37.4,검토,할인 판매,0,-1,False,False,,50.0,11562.0,30360.0,11562.0,11.18,30.4,11.18,22.0,486.0,274.0,393.0,재고 이동,재고 이동,85.207,일치,85.207,65.387,37.475,13.775
푸딩062,사당점,종로점,319.0,재배치 추천,14361.0,프로모션 순비용이 재배치 비용보다 높습니다.,25.84815692544899,20.40960451977401,18,0,64.3,검토 가능,14361.0,319.0,119,False,Greedy 선택 후보보다 우선순위가 낮음,2.57,3460,322,0,디저트,500,319,77.0,18.0,500,266420.0,A,0.12426892869344128,1,100.0,125.5,2.87,DEAD,30.3,True,70.0,HIGH,유통기한 임박 | 소진일수 126일 초과,2.2,9.9,0.0,SAFE,"재고 여유 — 현재고(322), 재주문점(10)",0.0,104.1,40.5,90078.0,100.0,OVER,과잉 발주 위험 — 현재(320개) > EOQ(104개). 발주 주기 40일 권장,100.0,18.0,2.57,3.63,1.51,STABLE,125.2,0.0,WMA,0.0,40.9,10.0,8.4,10.0,7.5,5.0,FAIR,보통 매칭 · 폐기위험 높음 · 핵심(A)상품,1.001,50.0,STABLE,24.4,LOW,78.3,HIGH,34.9,50.3,87.0,0.3,30.0,1469627.0,100.0,0.385,0.385,88.5,False,20.8,277,40.5,85,100.0,0.999,4.9,75.9,50.0,REALLOCATE,84.3,2,99.8,72.9,25.6,disposal_risk,64.0,검토 필요,71,HEURISTIC 29% | ABC 14% | TURNOVER 14% | DISPOSAL_RISK 14% | SAFETY_STOCK 8% | EOQ 7% | DEMAND_FORECAST 7% | MATCH 5%,"['⏰ 유통기한 임박 (84%)', '❄️ 냉장·냉동 과잉 (78%)', '💸 배송비 상승 (91%)', '⚡ 복합 스트레스 (60%)']","{'재고위험': '25.1%', '판매가능성': '13.2%', '점포이동적합': '14.0%', '비용절감': '18.3%', '폐기회피이익': '13.2%', '실행가능성': '12.8%', '이력보정': '3.3%'}",True,True,False,True,False,True,58.0,32.7,59.1,65.4,72.0,74.8,56.4,58.2,0.0,89.4,최적,할인 판매,🏷️,47,HIGH,신뢰도 높음 ●,#2e7d32,,,89.4,최적,할인 판매,-1,0,False,False,,50.0,14361.0,23889.0,14361.0,14.29,23.21,14.29,29.0,505.0,319.0,319.0,재고 이동,재고 이동,90.098,일치,90.098,62.844,36.285,14.95
아이스라떼021,성수점,잠실2점,209.0,재배치 추천,7638.0,프로모션 순비용이 재배치 비용보다 높습니다.,33.52653970248123,12.641242937853105,18,0,64.2,검토 가능,7638.0,209.0,120,False,Greedy 선택 후보보다 우선순위가 낮음,3.1,3411,298,6,유제품,300,272,93.0,22.0,300,317223.0,A,0.3955185919274352,1,100.0,96.1,3.74,DEAD,46.6,True,68.0,HIGH,유통기한 임박 | 소진일수 96일 초과 | 신선/냉장 고위험 카테고리,2.7,12.0,0.0,SAFE,"재고 여유 — 현재고(298), 재주문점(12)",0.0,97.4,31.4,116226.0,100.0,OVER,과잉 발주 위험 — 현재(295개) > EOQ(97개). 발주 주기 31일 권장,100.0,21.9,3.13,4.41,1.85,STABLE,95.3,0.0,WMA,0.0,40.9,10.0,8.4,10.0,7.5,5.0,FAIR,보통 매칭 · 폐기위험 높음 · 핵심(A)상품,1.014,50.3,STABLE,18.7,LOW,59.1,MEDIUM,28.3,30.0,87.4,0.3,30.0,910541.0,100.0,0.385,0.385,88.5,True,20.3,301,38.3,131,100.0,0.999,4.9,76.0,50.0,REALLOCATE,84.1,2,99.8,72.8,27.0,disposal_risk,66.1,검토 필요,50,HEURISTIC 29% | ABC 14% | TURNOVER 14% | DISPOSAL_RISK 14% | SAFETY_STOCK 8% | EOQ 7% | DEMAND_FORECAST 7% | MATCH 5%,"['⏰ 유통기한 임박 (84%)', '❄️ 냉장·냉동 과잉 (78%)', '💸 배송비 상승 (91%)', '⚡ 복합 스트레스 (60%)']","{'재고위험': '25.1%', '판매가능성': '13.2%', '점포이동적합': '14.0%', '비용절감': '18.3%', '폐기회피이익': '13.2%', '실행가능성': '12.8%', '이력보정': '3.3%'}",True,True,False,True,False,True,61.4,32.8,58.7,65.3,72.0,68.3,56.1,58.2,0.0,89.1,최적,할인 판매,🏷️,49,HIGH,신뢰도 높음 ●,#2e7d32,,,89.1,최적,할인 판매,-1,-1,False,False,,50.0,7638.0,18588.0,7638.0,6.82,17.32,6.82,14.0,275.0,272.0,209.0,재고 이동,재고 이동,87.889,일치,87.889,59.002,33.183,21.453
커피076,교대점,왕십리점,260.0,재배치 추천,10752.0,프로모션 순비용이 재배치 비용보다 높습니다.,29.97001970133912,16.242937853107346,18,0,64.2,검토 가능,10752.0,260.0,121,False,Greedy 선택 후보보다 우선순위가 낮음,5.28,2453,289,4,음료,400,260,158.0,37.0,400,387574.0,A,0.42114451345163617,1,100.0,54.9,6.56,NORMAL,69.5,False,42.4,MEDIUM,유통기한 임박,4.5,20.3,0.0,SAFE,"재고 여유 — 현재고(289), 재주문점(20)",0.0,208.9,39.6,92246.0,36.2,OPTIMAL,"적정 발주 — EOQ(209개), 권장 발주 주기 40일",36.2,37.0,5.29,7.46,3.11,STABLE,54.7,0.7,WMA,0.7,36.1,10.0,3.64,10.0,7.5,5.0,POOR,낮은 매칭 · 핵심(A)상품,1.001,50.0,STABLE,10.6,LOW,66.1,MEDIUM,45.9,23.6,84.2,0.3,30.0,858584.0,100.0,0.385,0.385,88.5,False,15.5,440,25.1,406,100.0,0.999,4.9,75.1,50.0,REALLOCATE,84.0,2,99.8,72.8,26.7,turnover,58.8,검토 필요,139,HEURISTIC 29% | ABC 14% | TURNOVER 14% | DISPOSAL_RISK 14% | SAFETY_STOCK 8% | EOQ 7% | DEMAND_FORECAST 7% | MATCH 5%,"['⏰ 유통기한 임박 (84%)', '❄️ 냉장·냉동 과잉 (78%)', '💸 배송비 상승 (91%)', '⚡ 복합 스트레스 (60%)']","{'재고위험': '25.1%', '판매가능성': '13.2%', '점포이동적합': '14.0%', '비용절감': '18.3%', '폐기회피이익': '13.2%', '실행가능성': '12.8%', '이력보정': '3.3%'}",True,True,False,True,False,True,56.0,33.0,53.8,55.7,72.0,64.0,53.4,53.9,0.0,45.4,검토,보류,⏸️,283,HIGH,신뢰도 높음 ●,#2e7d32,,,45.4,검토,보류,-1,0,False,False,,50.0,10752.0,22701.0,10752.0,10.28,21.89,10.28,21.0,442.0,260.0,308.0,재고 이동,재고 이동,81.992,일치,81.992,52.586,29.167,21.24
컵밥028,왕십리점,명동점,203.0,재배치 추천,7287.0,프로모션 순비용이 재배치 비용보다 높습니다.,33.92741912457528,12.217514124293785,18,0,64.1,검토 가능,7287.0,203.0,122,False,Greedy 선택 후보보다 우선순위가 낮음,3.75,2250,289,0,간편식,400,284,112.0,26.0,400,252000.0,B,0.8797560606755863,2,60.0,77.4,4.65,SLOW,57.0,True,68.7,HIGH,유통기한 임박 | 소진일수 77일 초과,3.2,14.4,0.0,SAFE,"재고 여유 — 현재고(289), 재주문점(14)",0.0,166.3,44.3,82312.0,71.9,OVER,과잉 발주 위험 — 현재(286개) > EOQ(166개). 발주 주기 44일 권장,71.9,26.1,3.73,5.28,2.18,STABLE,77.5,0.0,WMA,0.0,36.9,10.0,8.4,6.0,7.5,5.0,POOR,낮은 매칭 · 폐기위험 높음,0.99,49.8,STABLE,15.2,LOW,78.3,HIGH,27.4,32.8,100.0,0.3,30.0,622013.0,100.0,0.385,0.385,88.5,False,20.2,307,36.9,165,100.0,0.999,4.9,79.0,50.0,REALLOCATE,83.9,2,99.8,72.8,40.6,disposal_risk,57.6,검토 필요,158,HEURISTIC 29% | ABC 14% | TURNOVER 14% | DISPOSAL_RISK 14% | SAFETY_STOCK 8% | EOQ 7% | DEMAND_FORECAST 7% | MATCH 5%,"['⏰ 유통기한 임박 (84%)', '❄️ 냉장·냉동 과잉 (78%)', '💸 배송비 상승 (91%)', '⚡ 복합 스트레스 (60%)']","{'재고위험': '25.1%', '판매가능성': '13.2%', '점포이동적합': '14.0%', '비용절감': '18.3%', '폐기회피이익': '13.2%', '실행가능성': '12.8%', '이력보정': '3.3%'}",True,True,False,True,False,True,58.5,32.6,56.9,61.0,72.0,77.6,56.0,57.6,0.0,85.3,최적,할인 판매,🏷️,69,HIGH,신뢰도 높음 ●,#2e7d32,,,85.3,최적,할인 판매,0,-1,False,False,,50.0,7287.0,20694.0,7287.0,6.43,19.66,6.43,13.0,256.0,284.0,203.0,재고 이동,재고 이동,81.637,일치,81.637,57.301,34.613,22.288
커피019,신촌2점,왕십리점,280.0,재배치 추천,12129.0,프로모션 순비용이 재배치 비용보다 높습니다.,28.397338891585527,17.65536723163842,18,0,64.1,검토 가능,12129.0,280.0,123,False,Greedy 선택 후보보다 우선순위가 낮음,1.52,1307,299,9,음료,300,280,46.0,11.0,300,60122.0,B,0.8993652640154297,2,60.0,195.0,1.85,DEAD,0.0,True,47.1,MEDIUM,소진일수 195일 초과,1.3,5.9,0.0,SAFE,"재고 여유 — 현재고(299), 재주문점(6)",0.0,153.6,101.1,36128.0,93.8,OVER,과잉 발주 위험 — 현재(298개) > EOQ(154개). 발주 주기 101일 권장,93.8,10.9,1.56,2.18,0.93,STABLE,192.0,0.0,WMA,0.0,32.1,10.0,3.6,6.0,7.5,5.0,POOR,낮은 매칭,1.034,50.8,STABLE,35.0,LOW,48.6,MEDIUM,45.9,23.6,84.2,0.3,30.0,511023.0,100.0,0.385,0.385,88.5,False,14.2,465,32.2,220,100.0,0.999,4.9,75.1,50.0,REALLOCATE,83.7,2,99.8,72.8,42.0,disposal_risk,43.5,모니터링,376,HEURISTIC 29% | ABC 14% | TURNOVER 14% | DISPOSAL_RISK 14% | SAFETY_STOCK 8% | EOQ 7% | DEMAND_FORECAST 7% | MATCH 5%,"['⏰ 유통기한 임박 (84%)', '❄️ 냉장·냉동 과잉 (78%)', '💸 배송비 상승 (91%)', '⚡ 복합 스트레스 (60%)']","{'재고위험': '25.1%', '판매가능성': '13.2%', '점포이동적합': '14.0%', '비용절감': '18.3%', '폐기회피이익': '13.2%', '실행가능성': '12.8%', '이력보정': '3.3%'}",True,True,False,True,False,True,33.7,32.9,53.4,64.3,72.0,64.0,52.7,49.8,0.0,13.0,검토,보류,⏸️,457,HIGH,신뢰도 높음 ●,#2e7d32,,,13.0,검토,보류,-1,0,False,False,,50.0,12129.0,23115.0,12129.0,11.81,22.35,11.81,24.0,696.0,280.0,592.0,재고 이동,재고 이동,85.977,일치,85.977,61.021,32.825,8.167
차음료039,왕십리점,노원점,334.0,재배치 추천,15450.0,프로모션 순비용이 재배치 비용보다 높습니다.,24.60440282100334,21.468926553672315,18,0,64.1,검토 가능,15450.0,334.0,124,False,Greedy 선택 후보보다 우선순위가 낮음,8.38,1058,345,0,음료,400,334,251.0,59.0,400,265558.0,A,0.7122615727681944,1,100.0,41.2,8.73,NORMAL,77.1,False,45.6,MEDIUM,유통기한 임박,7.2,32.3,0.0,SAFE,"재고 여유 — 현재고(345), 재주문점(32)",0.0,400.8,47.8,76322.0,12.6,OPTIMAL,"적정 발주 — EOQ(401개), 권장 발주 주기 48일",12.6,58.9,8.41,11.87,4.96,STABLE,41.0,2.5,WMA,2.5,36.2,10.0,3.72,10.0,7.5,5.0,POOR,낮은 매칭 · 핵심(A)상품,1.006,50.1,STABLE,8.0,LOW,78.3,HIGH,37.9,35.1,98.9,0.3,30.0,542196.0,100.0,0.385,0.385,88.5,False,29.7,73,25.9,384,100.0,0.999,4.9,78.8,50.0,REALLOCATE,83.6,2,99.8,72.8,25.6,turnover,60.4,검토 필요,113,HEURISTIC 29% | ABC 14% | TURNOVER 14% | DISPOSAL_RISK 14% | SAFETY_STOCK 8% | EOQ 7% | DEMAND_FORECAST 7% | MATCH 5%,"['⏰ 유통기한 임박 (84%)', '❄️ 냉장·냉동 과잉 (78%)', '💸 배송비 상승 (91%)', '⚡ 복합 스트레스 (60%)']","{'재고위험': '25.1%', '판매가능성': '13.2%', '점포이동적합': '14.0%', '비용절감': '18.3%', '폐기회피이익': '13.2%', '실행가능성': '12.8%', '이력보정': '3.3%'}",True,True,False,True,False,True,59.4,34.0,54.4,52.1,72.0,77.6,61.2,56.0,0.0,70.6,권장,보류,⏸️,148,HIGH,신뢰도 높음 ●,#2e7d32,,,70.6,권장,보류,0,-1,False,False,,50.0,15450.0,32205.0,15450.0,15.5,32.45,15.5,31.0,706.0,334.0,522.0,재고 이동,재고 이동,84.318,일치,84.318,54.715,30.765,16.433
요거트006,잠실2점,압구정점,239.0,재배치 추천,9600.0,프로모션 순비용이 재배치 비용보다 높습니다.,31.28572652257088,14.75988700564972,18,0,64.0,검토 가능,9600.0,239.0,125,False,Greedy 선택 후보보다 우선순위가 낮음,9.09,1419,251,1,유제품,500,239,273.0,64.0,500,387387.0,A,0.7940108140096701,1,100.0,27.6,13.05,FAST,84.7,False,46.0,MEDIUM,유통기한 임박 | 신선/냉장 고위험 카테고리,7.8,35.1,0.0,SAFE,"재고 여유 — 현재고(251), 재주문점(35)",0.0,258.5,28.4,128367.0,4.7,OPTIMAL,"적정 발주 — EOQ(258개), 권장 발주 주기 28일",4.7,63.9,9.13,12.88,5.38,STABLE,27.5,6.2,WMA,6.2,36.4,10.0,3.91,10.0,7.5,5.0,POOR,낮은 매칭 · 핵심(A)상품,1.006,50.1,STABLE,5.4,LOW,76.6,HIGH,31.4,35.6,98.7,0.3,30.0,516869.0,100.0,0.385,0.385,88.5,True,64.4,15,25.9,384,100.0,0.999,4.9,78.7,50.0,REALLOCATE,83.5,2,99.8,72.8,24.7,turnover,64.0,검토 필요,70,HEURISTIC 29% | ABC 14% | TURNOVER 14% | DISPOSAL_RISK 14% | SAFETY_STOCK 8% | EOQ 7% | DEMAND_FORECAST 7% | MATCH 5%,"['⏰ 유통기한 임박 (84%)', '❄️ 냉장·냉동 과잉 (78%)', '💸 배송비 상승 (91%)', '⚡ 복합 스트레스 (60%)']","{'재고위험': '25.1%', '판매가능성': '13.2%', '점포이동적합': '14.0%', '비용절감': '18.3%', '폐기회피이익': '13.2%', '실행가능성': '12.8%', '이력보정': '3.3%'}",True,True,False,True,False,True,61.6,35.8,54.4,50.9,72.0,77.7,80.3,56.6,0.0,76.6,권장,보류,⏸️,116,HIGH,신뢰도 높음 ●,#2e7d32,,,76.6,권장,보류,-1,-1,False,False,,50.0,9600.0,25950.0,9600.0,9.0,25.5,9.0,18.0,521.0,239.0,419.0,재고 이동,재고 이동,81.233,일치,81.233,50.913,28.177,22.595
요거트043,신림점,강남점,275.0,재배치 추천,11841.0,프로모션 순비용이 재배치 비용보다 높습니다.,28.726265596893473,17.30225988700565,18,0,64.0,검토 가능,11841.0,275.0,126,False,Greedy 선택 후보보다 우선순위가 낮음,0.81,1231,290,14,유제품,250,275,24.0,6.0,250,29544.0,C,0.9733301968712368,3,20.0,362.5,0.99,DEAD,0.0,True,38.0,LOW,소진일수 362일 초과 | 신선/냉장 고위험 카테고리,0.7,3.1,0.0,SAFE,"재고 여유 — 현재고(290), 재주문점(3)",0.0,82.8,102.2,35690.0,100.0,OVER,과잉 발주 위험 — 현재(289개) > EOQ(83개). 발주 주기 102일 권장,100.0,5.9,0.84,1.18,0.51,STABLE,344.1,0.0,WMA,0.0,25.5,10.0,0.0,3.0,7.5,5.0,POOR,낮은 매칭,1.058,51.5,STABLE,35.0,LOW,43.3,MEDIUM,26.9,13.2,79.6,0.3,30.0,463139.0,100.0,0.385,0.385,88.5,True,11.6,489,27.3,311,100.0,0.999,4.9,73.6,50.0,REALLOCATE,83.3,2,99.8,72.8,51.8,disposal_risk,32.7,후순위,461,HEURISTIC 29% | ABC 14% | TURNOVER 14% | DISPOSAL_RISK 14% | SAFETY_STOCK 8% | EOQ 7% | DEMAND_FORECAST 7% | MATCH 5%,"['⏰ 유통기한 임박 (84%)', '❄️ 냉장·냉동 과잉 (78%)', '💸 배송비 상승 (91%)', '⚡ 복합 스트레스 (60%)']","{'재고위험': '25.1%', '판매가능성': '13.2%', '점포이동적합': '14.0%', '비용절감': '18.3%', '폐기회피이익': '13.2%', '실행가능성': '12.8%', '이력보정': '3.3%'}",True,True,False,True,False,True,23.6,33.2,49.3,65.2,72.0,57.5,51.3,46.0,0.0,5.9,검토,보류,⏸️,495,HIGH,신뢰도 높음 ●,#2e7d32,,,5.9,검토,보류,-1,0,False,False,,50.0,11841.0,24645.0,11841.0,11.49,24.049999999999997,11.49,23.0,580.0,275.0,439.0,재고 이동,재고 이동,78.883,일치,78.883,60.211,33.68,10.848
샌드위치023,사당점,홍대점,315.0,재배치 추천,14415.0,프로모션 순비용이 재배치 비용보다 높습니다.,25.786483168203752,20.127118644067796,18,0,63.9,검토 가능,14415.0,315.0,127,False,Greedy 선택 후보보다 우선순위가 낮음,5.77,1198,411,12,신선식품,150,315,173.0,40.0,150,207254.0,B,0.9181734074460505,2,60.0,71.3,5.05,SLOW,60.4,True,37.5,LOW,소진일수 71일 초과 | 신선/냉장 고위험 카테고리,4.9,22.2,0.0,SAFE,"재고 여유 — 현재고(411), 재주문점(22)",0.0,224.1,38.8,93972.0,81.2,OVER,과잉 발주 위험 — 현재(406개) > EOQ(224개). 발주 주기 39일 권장,81.2,40.2,5.74,8.12,3.36,STABLE,71.6,0.0,WMA,0.0,28.5,10.0,0.0,6.0,7.5,5.0,POOR,낮은 매칭,0.99,49.8,STABLE,14.1,LOW,43.3,MEDIUM,31.9,50.8,83.4,0.3,30.0,485679.0,100.0,0.385,0.385,88.5,True,11.6,489,22.4,460,100.0,0.999,4.9,74.8,50.0,REALLOCATE,83.2,2,99.8,72.8,44.6,turnover,49.3,모니터링,296,HEURISTIC 29% | ABC 14% | TURNOVER 14% | DISPOSAL_RISK 14% | SAFETY_STOCK 8% | EOQ 7% | DEMAND_FORECAST 7% | MATCH 5%,"['⏰ 유통기한 임박 (84%)', '❄️ 냉장·냉동 과잉 (78%)', '💸 배송비 상승 (91%)', '⚡ 복합 스트레스 (60%)']","{'재고위험': '25.1%', '판매가능성': '13.2%', '점포이동적합': '14.0%', '비용절감': '18.3%', '폐기회피이익': '13.2%', '실행가능성': '12.8%', '이력보정': '3.3%'}",True,True,False,True,False,True,45.4,32.6,49.8,62.3,72.0,72.5,51.3,52.9,0.0,35.8,검토,보류,⏸️,335,HIGH,신뢰도 높음 ●,#2e7d32,,,35.8,검토,보류,-1,0,False,False,,50.0,14415.0,22152.0,14415.0,14.35,21.28,14.35,29.0,426.0,315.0,388.0,재고 이동,재고 이동,82.733,일치,82.733,56.462,32.68,15.283
차음료024,사당점,압구정점,255.0,재배치 추천,10851.0,프로모션 순비용이 재배치 비용보다 높습니다.,29.856951146389513,15.889830508474576,18,0,63.7,검토 가능,10851.0,255.0,128,False,Greedy 선택 후보보다 우선순위가 낮음,4.96,2550,305,1,음료,250,299,149.0,35.0,250,379950.0,A,0.3697636250984765,1,100.0,61.4,5.86,SLOW,65.9,True,53.7,MEDIUM,유통기한 임박,4.3,19.2,0.0,SAFE,"재고 여유 — 현재고(305), 재주문점(19)",0.0,198.6,40.0,91158.0,51.4,OVER,과잉 발주 위험 — 현재(301개) > EOQ(199개). 발주 주기 40일 권장,51.4,34.9,4.99,7.03,2.94,STABLE,61.2,0.0,WMA,0.0,36.1,10.0,3.6,10.0,7.5,5.0,POOR,낮은 매칭 · 핵심(A)상품,1.008,50.2,STABLE,12.0,LOW,76.6,HIGH,34.7,35.6,98.7,0.3,30.0,833199.0,100.0,0.385,0.385,88.5,False,16.3,427,29.9,256,100.0,0.999,4.9,78.7,50.0,REALLOCATE,83.1,2,99.8,72.7,26.9,disposal_risk,60.9,검토 필요,107,HEURISTIC 29% | ABC 14% | TURNOVER 14% | DISPOSAL_RISK 14% | SAFETY_STOCK 8% | EOQ 7% | DEMAND_FORECAST 7% | MATCH 5%,"['⏰ 유통기한 임박 (84%)', '❄️ 냉장·냉동 과잉 (78%)', '💸 배송비 상승 (91%)', '⚡ 복합 스트레스 (60%)']","{'재고위험': '25.1%', '판매가능성': '13.2%', '점포이동적합': '14.0%', '비용절감': '18.3%', '폐기회피이익': '13.2%', '실행가능성': '12.8%', '이력보정': '3.3%'}",True,True,False,True,False,True,60.1,32.8,55.1,57.7,72.0,77.7,53.9,57.2,0.0,82.3,최적,보류,⏸️,85,HIGH,신뢰도 높음 ●,#2e7d32,,,82.3,최적,보류,-1,-1,False,True,8160.0,66.9,10851.0,23250.0,10851.0,10.39,22.5,10.39,21.0,412.0,299.0,255.0,재고 이동,재고 이동,83.548,일치,83.548,54.668,31.19,21.417
차음료039,종로점,노원점,325.0,재배치 추천,15252.0,프로모션 순비용이 재배치 비용보다 높습니다.,24.83053993090255,20.833333333333336,18,0,63.7,검토 가능,15252.0,325.0,129,False,Greedy 선택 후보보다 우선순위가 낮음,4.47,1058,337,2,음료,400,325,134.0,31.0,400,141772.0,A,0.7122615727681944,1,100.0,75.4,4.77,SLOW,58.1,True,60.7,HIGH,유통기한 임박 | 소진일수 75일 초과,3.8,17.2,0.0,SAFE,"재고 여유 — 현재고(337), 재주문점(17)",0.0,292.7,65.5,55742.0,13.8,OPTIMAL,"적정 발주 — EOQ(293개), 권장 발주 주기 66일",13.8,31.1,4.44,6.29,2.6,STABLE,75.9,0.0,WMA,0.0,40.9,10.0,8.4,10.0,7.5,5.0,FAIR,보통 매칭 · 폐기위험 높음 · 핵심(A)상품,0.991,49.8,STABLE,14.9,LOW,73.1,HIGH,37.9,35.1,98.9,0.3,30.0,527368.0,100.0,0.385,0.385,88.5,False,18.5,371,34.4,187,100.0,0.999,4.9,78.8,50.0,REALLOCATE,82.9,2,99.8,72.7,27.7,disposal_risk,59.8,검토 필요,125,HEURISTIC 29% | ABC 14% | TURNOVER 14% | DISPOSAL_RISK 14% | SAFETY_STOCK 8% | EOQ 7% | DEMAND_FORECAST 7% | MATCH 5%,"['⏰ 유통기한 임박 (84%)', '❄️ 냉장·냉동 과잉 (78%)', '💸 배송비 상승 (91%)', '⚡ 복합 스트레스 (60%)']","{'재고위험': '25.1%', '판매가능성': '13.2%', '점포이동적합': '14.0%', '비용절감': '18.3%', '폐기회피이익': '13.2%', '실행가능성': '12.8%', '이력보정': '3.3%'}",True,True,False,True,False,True,61.2,32.6,58.2,52.1,72.0,77.6,55.1,56.8,0.0,79.0,권장,할인 판매,🏷️,103,HIGH,신뢰도 높음 ●,#2e7d32,,,79.0,권장,할인 판매,0,-1,False,False,,50.0,15252.0,30234.0,15252.0,15.28,30.259999999999998,15.28,31.0,706.0,325.0,522.0,재고 이동,재고 이동,85.32,일치,85.32,56.914,32.501,15.476
샐러드069,사당점,여의도2점,266.0,재배치 추천,11652.0,프로모션 순비용이 재배치 비용보다 높습니다.,28.942123747251806,16.666666666666664,18,0,63.6,검토 가능,11652.0,266.0,130,False,Greedy 선택 후보보다 우선순위가 낮음,0.49,3082,272,10,신선식품,250,266,15.0,3.0,250,46230.0,A,0.6610542014354238,1,100.0,544.0,0.66,DEAD,0.0,True,53.7,MEDIUM,소진일수 544일 초과 | 신선/냉장 고위험 카테고리,0.4,1.9,0.0,SAFE,"재고 여유 — 현재고(272), 재주문점(2)",0.0,40.7,83.1,43923.0,100.0,OVER,과잉 발주 위험 — 현재(272개) > EOQ(41개). 발주 주기 83일 권장,100.0,3.2,0.46,0.66,0.26,DECREASING,595.0,0.0,WMA,0.0,36.1,10.0,3.6,10.0,7.5,5.0,POOR,낮은 매칭 · 핵심(A)상품,0.875,46.9,DECLINING,38.1,LOW,45.1,MEDIUM,38.1,8.2,88.3,0.3,30.0,1038622.0,100.0,0.385,0.385,88.5,True,16.3,427,36.4,174,100.0,0.999,4.9,76.2,50.0,REALLOCATE,82.8,2,99.8,72.7,22.3,disposal_risk,53.4,모니터링,228,HEURISTIC 29% | ABC 14% | TURNOVER 14% | DISPOSAL_RISK 14% | SAFETY_STOCK 8% | EOQ 7% | DEMAND_FORECAST 7% | MATCH 5%,"['⏰ 유통기한 임박 (84%)', '❄️ 냉장·냉동 과잉 (78%)', '💸 배송비 상승 (91%)', '⚡ 복합 스트레스 (60%)']","{'재고위험': '25.1%', '판매가능성': '13.2%', '점포이동적합': '14.0%', '비용절감': '18.3%', '폐기회피이익': '13.2%', '실행가능성': '12.8%', '이력보정': '3.3%'}",True,True,False,True,False,True,43.0,31.8,56.1,65.0,72.0,61.6,53.9,52.2,0.0,29.6,검토,보류,⏸️,368,HIGH,신뢰도 높음 ●,#2e7d32,,,29.6,검토,보류,-1,-1,False,False,,50.0,11652.0,23745.0,11652.0,11.28,23.049999999999997,11.28,23.0,938.0,266.0,770.0,재고 이동,재고 이동,92.818,일치,92.818,63.496,31.283,7.117
마카롱063,상암점,구로점,276.0,재배치 추천,12300.0,프로모션 순비용이 재배치 비용보다 높습니다.,28.20203866030894,17.372881355932204,18,0,63.6,검토 가능,12300.0,276.0,131,False,Greedy 선택 후보보다 우선순위가 낮음,1.75,1766,280,2,디저트,400,276,52.0,12.0,400,91832.0,B,0.8685943603940853,2,60.0,161.5,2.23,DEAD,10.3,True,68.0,HIGH,유통기한 임박 | 소진일수 162일 초과,1.5,6.8,0.0,SAFE,"재고 여유 — 현재고(280), 재주문점(7)",0.0,120.3,68.7,53104.0,100.0,OVER,과잉 발주 위험 — 현재(278개) > EOQ(120개). 발주 주기 69일 권장,100.0,12.1,1.73,2.45,1.01,STABLE,162.0,0.0,WMA,0.0,36.9,10.0,8.4,6.0,7.5,5.0,POOR,낮은 매칭 · 폐기위험 높음,0.98,49.5,STABLE,31.6,LOW,73.1,HIGH,26.2,48.2,86.4,0.3,30.0,682999.0,100.0,0.385,0.385,88.5,False,20.1,311,40.7,77,100.0,0.999,4.9,75.7,50.0,REALLOCATE,82.7,2,99.8,72.7,39.0,disposal_risk,51.3,모니터링,255,HEURISTIC 29% | ABC 14% | TURNOVER 14% | DISPOSAL_RISK 14% | SAFETY_STOCK 8% | EOQ 7% | DEMAND_FORECAST 7% | MATCH 5%,"['⏰ 유통기한 임박 (84%)', '❄️ 냉장·냉동 과잉 (78%)', '💸 배송비 상승 (91%)', '⚡ 복합 스트레스 (60%)']","{'재고위험': '25.1%', '판매가능성': '13.2%', '점포이동적합': '14.0%', '비용절감': '18.3%', '폐기회피이익': '13.2%', '실행가능성': '12.8%', '이력보정': '3.3%'}",True,True,False,True,False,True,45.9,32.6,57.3,65.0,72.0,73.7,56.0,54.7,0.0,53.6,검토,할인 판매,🏷️,239,HIGH,신뢰도 높음 ●,#2e7d32,,,53.6,검토,할인 판매,-1,-1,False,False,,50.0,12300.0,26229.0,12300.0,12.0,25.810000000000002,12.0,24.0,621.0,276.0,554.0,재고 이동,재고 이동,87.481,일치,87.481,64.164,35.997,11.322
차음료024,사당점,문래점,299.0,재배치 추천,13731.0,프로모션 순비용이 재배치 비용보다 높습니다.,26.56768409331011,18.997175141242938,18,0,63.6,검토 가능,13731.0,299.0,132,False,Greedy 선택 후보보다 우선순위가 낮음,4.96,2550,305,1,음료,250,299,149.0,35.0,250,379950.0,A,0.3697636250984765,1,100.0,61.4,5.86,SLOW,65.9,True,53.7,MEDIUM,유통기한 임박,4.3,19.2,0.0,SAFE,"재고 여유 — 현재고(305), 재주문점(19)",0.0,198.6,40.0,91158.0,51.4,OVER,과잉 발주 위험 — 현재(301개) > EOQ(199개). 발주 주기 40일 권장,51.4,34.9,4.99,7.03,2.94,STABLE,61.2,0.0,WMA,0.0,36.1,10.0,3.6,10.0,7.5,5.0,POOR,낮은 매칭 · 핵심(A)상품,1.008,50.2,STABLE,12.0,LOW,76.6,HIGH,35.6,47.9,90.2,0.3,30.0,975959.0,100.0,0.385,0.385,88.5,False,16.3,427,29.9,256,100.0,0.999,4.9,76.7,50.0,REALLOCATE,82.5,2,99.8,72.7,26.9,disposal_risk,60.9,검토 필요,108,HEURISTIC 29% | ABC 14% | TURNOVER 14% | DISPOSAL_RISK 14% | SAFETY_STOCK 8% | EOQ 7% | DEMAND_FORECAST 7% | MATCH 5%,"['⏰ 유통기한 임박 (84%)', '❄️ 냉장·냉동 과잉 (78%)', '💸 배송비 상승 (91%)', '⚡ 복합 스트레스 (60%)']","{'재고위험': '25.1%', '판매가능성': '13.2%', '점포이동적합': '14.0%', '비용절감': '18.3%', '폐기회피이익': '13.2%', '실행가능성': '12.8%', '이력보정': '3.3%'}",True,True,False,True,False,True,60.1,32.8,54.9,57.7,72.0,76.1,53.9,57.0,0.0,80.1,최적,보류,⏸️,97,HIGH,신뢰도 높음 ●,#2e7d32,,,80.1,최적,보류,-1,-1,False,False,,50.0,13731.0,26715.0,13731.0,13.59,26.35,13.59,27.0,412.0,299.0,411.0,재고 이동,재고 이동,85.576,일치,85.576,56.578,32.169,18.051
아이스라떼073,노원점,왕십리점,328.0,재배치 추천,15450.0,프로모션 순비용이 재배치 비용보다 높습니다.,24.60440282100334,21.045197740112993,18,0,63.6,검토 가능,15450.0,328.0,133,False,Greedy 선택 후보보다 우선순위가 낮음,9.73,1589,368,3,유제품,400,328,292.0,68.0,400,463988.0,B,0.8067621446776673,2,60.0,37.8,9.52,NORMAL,79.0,False,49.9,MEDIUM,유통기한 임박 | 신선/냉장 고위험 카테고리,8.3,37.5,0.0,SAFE,"재고 여유 — 현재고(368), 재주문점(38)",0.0,252.7,26.0,140540.0,42.3,OPTIMAL,"적정 발주 — EOQ(253개), 권장 발주 주기 26일",42.3,68.0,9.71,13.73,5.7,STABLE,37.9,2.9,WMA,2.9,32.2,10.0,3.74,6.0,7.5,5.0,POOR,낮은 매칭,0.998,50.0,STABLE,7.4,LOW,69.6,MEDIUM,33.8,23.6,84.2,0.3,30.0,741180.0,100.0,0.385,0.385,88.5,True,33.8,57,26.7,343,100.0,0.999,4.9,75.1,50.0,REALLOCATE,82.4,2,99.8,72.7,38.9,turnover,55.4,검토 필요,199,HEURISTIC 29% | ABC 14% | TURNOVER 14% | DISPOSAL_RISK 14% | SAFETY_STOCK 8% | EOQ 7% | DEMAND_FORECAST 7% | MATCH 5%,"['⏰ 유통기한 임박 (84%)', '❄️ 냉장·냉동 과잉 (78%)', '💸 배송비 상승 (91%)', '⚡ 복합 스트레스 (60%)']","{'재고위험': '25.1%', '판매가능성': '13.2%', '점포이동적합': '14.0%', '비용절감': '18.3%', '폐기회피이익': '13.2%', '실행가능성': '12.8%', '이력보정': '3.3%'}",True,True,False,True,False,True,55.9,34.2,52.3,56.3,72.0,64.0,63.5,53.9,0.0,45.8,검토,보류,⏸️,281,HIGH,신뢰도 높음 ●,#2e7d32,,,45.8,검토,보류,-1,0,False,False,,50.0,15450.0,32205.0,15450.0,15.5,32.45,15.5,31.0,571.0,328.0,358.0,재고 이동,재고 이동,80.225,일치,80.225,54.879,34.543,18.165
에너지드링크055,강남점,문래점,334.0,재배치 추천,15855.0,프로모션 순비용이 재배치 비용보다 높습니다.,24.141849641664052,21.468926553672315,18,0,63.6,검토 가능,15855.0,334.0,134,False,Greedy 선택 후보보다 우선순위가 낮음,3.07,793,394,14,음료,400,334,92.0,21.0,400,72956.0,C,0.9669989959576407,3,20.0,128.5,2.8,DEAD,28.6,True,30.0,LOW,소진일수 128일 초과,2.6,11.8,0.0,SAFE,"재고 여유 — 현재고(394), 재주문점(12)",0.0,280.2,91.3,39993.0,39.7,OPTIMAL,"적정 발주 — EOQ(280개), 권장 발주 주기 91일",39.7,21.2,3.03,4.29,1.76,STABLE,130.1,0.0,WMA,0.0,25.5,10.0,0.0,3.0,7.5,5.0,POOR,낮은 매칭,0.977,49.4,STABLE,25.5,LOW,43.3,MEDIUM,35.6,47.9,90.2,0.3,30.0,435579.0,100.0,0.385,0.385,88.5,False,10.0,497,21.7,472,100.0,0.999,4.9,76.7,50.0,REALLOCATE,82.3,2,99.8,72.7,56.8,heuristic,31.0,후순위,474,HEURISTIC 29% | ABC 14% | TURNOVER 14% | DISPOSAL_RISK 14% | SAFETY_STOCK 8% | EOQ 7% | DEMAND_FORECAST 7% | MATCH 5%,"['⏰ 유통기한 임박 (84%)', '❄️ 냉장·냉동 과잉 (78%)', '💸 배송비 상승 (91%)', '⚡ 복합 스트레스 (60%)']","{'재고위험': '25.1%', '판매가능성': '13.2%', '점포이동적합': '14.0%', '비용절감': '18.3%', '폐기회피이익': '13.2%', '실행가능성': '12.8%', '이력보정': '3.3%'}",True,True,False,True,False,True,27.6,32.5,48.5,55.9,72.0,76.1,50.4,47.5,0.0,7.8,검토,보류,⏸️,485,HIGH,신뢰도 높음 ●,#2e7d32,,,7.8,검토,보류,0,-1,False,False,,50.0,15855.0,23997.0,15855.0,15.95,23.33,15.95,32.0,617.0,334.0,375.0,재고 이동,재고 이동,75.088,일치,75.088,53.547,31.855,11.975
푸딩062,동대문점,건대점,225.0,재배치 추천,9249.0,프로모션 순비용이 재배치 비용보다 높습니다.,31.686605944664933,13.771186440677965,18,0,63.5,검토 가능,9249.0,225.0,135,False,Greedy 선택 후보보다 우선순위가 낮음,8.36,3460,326,3,디저트,500,291,251.0,59.0,500,868460.0,A,0.12426892869344128,1,100.0,39.0,9.24,NORMAL,78.3,False,42.5,MEDIUM,유통기한 임박,7.2,32.3,0.0,SAFE,"재고 여유 — 현재고(326), 재주문점(32)",0.0,187.8,22.5,162464.0,69.8,OVER,과잉 발주 위험 — 현재(319개) > EOQ(188개). 발주 주기 22일 권장,69.8,58.8,8.4,11.85,4.95,STABLE,38.8,2.8,WMA,2.8,36.2,10.0,3.74,10.0,7.5,5.0,POOR,낮은 매칭 · 핵심(A)상품,1.008,50.2,STABLE,7.6,LOW,69.6,MEDIUM,33.5,43.6,76.3,0.3,30.0,1037451.0,100.0,0.385,0.385,88.5,False,32.1,63,24.6,425,100.0,0.999,4.9,72.5,50.0,REALLOCATE,82.1,2,99.8,72.7,25.4,turnover,63.7,검토 필요,78,HEURISTIC 29% | ABC 14% | TURNOVER 14% | DISPOSAL_RISK 14% | SAFETY_STOCK 8% | EOQ 7% | DEMAND_FORECAST 7% | MATCH 5%,"['⏰ 유통기한 임박 (84%)', '❄️ 냉장·냉동 과잉 (78%)', '💸 배송비 상승 (91%)', '⚡ 복합 스트레스 (60%)']","{'재고위험': '25.1%', '판매가능성': '13.2%', '점포이동적합': '14.0%', '비용절감': '18.3%', '폐기회피이익': '13.2%', '실행가능성': '12.8%', '이력보정': '3.3%'}",True,True,False,True,False,True,58.4,34.2,53.5,60.4,72.0,65.4,62.6,55.6,0.0,66.3,권장,보류,⏸️,171,HIGH,신뢰도 높음 ●,#2e7d32,,,66.3,권장,보류,-1,0,False,False,,50.0,9249.0,21495.0,9249.0,8.61,20.549999999999997,8.61,17.0,505.0,291.0,225.0,재고 이동,재고 이동,83.159,일치,83.159,53.08,29.471,23.327
도시락074,잠원점,신촌점,259.0,재배치 추천,11310.0,프로모션 순비용이 재배치 비용보다 높습니다.,29.332724209804987,16.17231638418079,18,0,63.5,검토 가능,11310.0,259.0,136,False,Greedy 선택 후보보다 우선순위가 낮음,0.73,3140,260,1,신선식품,250,259,22.0,5.0,250,69080.0,A,0.4700351316340167,1,100.0,354.5,1.02,DEAD,0.0,True,78.0,HIGH,유통기한 임박 | 소진일수 354일 초과 | 신선/냉장 고위험 카테고리,0.6,2.8,0.0,SAFE,"재고 여유 — 현재고(260), 재주문점(3)",0.0,49.2,67.4,54114.0,100.0,OVER,과잉 발주 위험 — 현재(259개) > EOQ(49개). 발주 주기 67일 권장,100.0,5.0,0.71,1.02,0.41,STABLE,364.0,0.0,WMA,0.0,40.9,10.0,8.4,10.0,7.5,5.0,FAIR,보통 매칭 · 폐기위험 높음 · 핵심(A)상품,0.978,49.5,STABLE,35.6,LOW,76.6,HIGH,23.2,28.1,86.3,0.3,30.0,1029352.0,100.0,0.385,0.385,88.5,True,22.9,177,46.5,6,100.0,0.999,4.9,75.7,50.0,REALLOCATE,82.0,2,99.8,72.7,16.7,disposal_risk,60.2,검토 필요,115,HEURISTIC 29% | ABC 14% | TURNOVER 14% | DISPOSAL_RISK 14% | SAFETY_STOCK 8% | EOQ 7% | DEMAND_FORECAST 7% | MATCH 5%,"['⏰ 유통기한 임박 (84%)', '❄️ 냉장·냉동 과잉 (78%)', '💸 배송비 상승 (91%)', '⚡ 복합 스트레스 (60%)']","{'재고위험': '25.1%', '판매가능성': '13.2%', '점포이동적합': '14.0%', '비용절감': '18.3%', '폐기회피이익': '13.2%', '실행가능성': '12.8%', '이력보정': '3.3%'}",True,True,False,True,False,True,53.7,32.6,60.3,64.9,72.0,66.9,57.5,56.2,0.0,72.1,권장,할인 판매,🏷️,140,HIGH,신뢰도 높음 ●,#2e7d32,,,72.1,권장,할인 판매,-1,0,False,False,,50.0,11310.0,16716.0,11310.0,10.9,15.24,10.9,22.0,885.0,259.0,795.0,재고 이동,재고 이동,96.385,일치,96.385,66.92,33.772,7.662
딸기우유054,합정점,문래점,172.0,재배치 추천,6045.0,프로모션 순비용이 재배치 비용보다 높습니다.,35.345915541215774,10.028248587570623,18,0,63.4,검토 가능,6045.0,172.0,137,False,Greedy 선택 후보보다 우선순위가 낮음,1.22,1828,195,14,유제품,300,172,37.0,9.0,300,67636.0,B,0.9443179613862073,2,60.0,158.1,2.28,DEAD,12.2,True,38.0,LOW,소진일수 158일 초과 | 신선/냉장 고위험 카테고리,1.0,4.7,0.0,SAFE,"재고 여유 — 현재고(195), 재주문점(5)",0.0,83.4,68.4,53376.0,100.0,OVER,과잉 발주 위험 — 현재(194개) > EOQ(83개). 발주 주기 68일 권장,100.0,8.8,1.26,1.76,0.75,STABLE,155.1,0.0,WMA,0.0,28.5,10.0,0.0,6.0,7.5,5.0,POOR,낮은 매칭,1.054,51.3,STABLE,31.1,LOW,43.3,MEDIUM,29.1,47.9,90.2,0.3,30.0,422854.0,100.0,0.385,0.385,88.5,True,11.9,485,26.8,339,100.0,0.999,4.9,76.7,50.0,REALLOCATE,81.9,2,99.8,72.7,47.1,disposal_risk,42.4,모니터링,390,HEURISTIC 29% | ABC 14% | TURNOVER 14% | DISPOSAL_RISK 14% | SAFETY_STOCK 8% | EOQ 7% | DEMAND_FORECAST 7% | MATCH 5%,"['⏰ 유통기한 임박 (84%)', '❄️ 냉장·냉동 과잉 (78%)', '💸 배송비 상승 (91%)', '⚡ 복합 스트레스 (60%)']","{'재고위험': '25.1%', '판매가능성': '13.2%', '점포이동적합': '14.0%', '비용절감': '18.3%', '폐기회피이익': '13.2%', '실행가능성': '12.8%', '이력보정': '3.3%'}",True,True,False,True,False,True,32.9,33.1,50.9,64.9,72.0,76.1,51.5,50.9,0.0,18.8,검토,보류,⏸️,426,HIGH,신뢰도 높음 ●,#2e7d32,,,18.8,검토,보류,-1,-1,False,False,,50.0,6045.0,21639.0,6045.0,5.05,20.71,5.05,10.0,738.0,172.0,729.0,재고 이동,재고 이동,85.265,일치,85.265,57.828,28.72,11.262
컵밥028,청량리점,명동점,203.0,재배치 추천,7944.0,프로모션 순비용이 재배치 비용보다 높습니다.,33.17705507809154,12.217514124293785,18,0,63.4,검토 가능,7944.0,203.0,138,False,Greedy 선택 후보보다 우선순위가 낮음,4.32,2250,291,1,간편식,400,285,130.0,30.0,400,292500.0,B,0.8797560606755863,2,60.0,67.2,5.36,SLOW,62.7,True,61.6,HIGH,유통기한 임박 | 소진일수 67일 초과,3.7,16.7,0.0,SAFE,"재고 여유 — 현재고(291), 재주문점(17)",0.0,178.5,41.3,88347.0,61.0,OVER,과잉 발주 위험 — 현재(287개) > EOQ(178개). 발주 주기 41일 권장,61.0,30.1,4.3,6.08,2.52,STABLE,67.7,0.0,WMA,0.0,36.9,10.0,8.4,6.0,7.5,5.0,POOR,낮은 매칭 · 폐기위험 높음,0.992,49.8,STABLE,13.3,LOW,76.6,HIGH,27.4,32.8,100.0,0.3,30.0,621356.0,100.0,0.385,0.385,88.5,False,18.5,371,33.5,206,100.0,0.999,4.9,79.0,50.0,REALLOCATE,81.7,2,99.8,72.7,41.5,disposal_risk,55.6,검토 필요,194,HEURISTIC 29% | ABC 14% | TURNOVER 14% | DISPOSAL_RISK 14% | SAFETY_STOCK 8% | EOQ 7% | DEMAND_FORECAST 7% | MATCH 5%,"['⏰ 유통기한 임박 (84%)', '❄️ 냉장·냉동 과잉 (78%)', '💸 배송비 상승 (91%)', '⚡ 복합 스트레스 (60%)']","{'재고위험': '25.1%', '판매가능성': '13.2%', '점포이동적합': '14.0%', '비용절감': '18.3%', '폐기회피이익': '13.2%', '실행가능성': '12.8%', '이력보정': '3.3%'}",True,True,False,True,False,True,56.9,32.6,56.2,59.0,72.0,77.6,55.1,56.7,0.0,77.7,권장,할인 판매,🏷️,110,HIGH,신뢰도 높음 ●,#2e7d32,,,77.7,권장,할인 판매,-1,-1,False,False,,50.0,7944.0,23538.0,7944.0,7.16,22.82,7.16,14.0,256.0,285.0,203.0,재고 이동,재고 이동,79.591,일치,79.591,54.673,33.419,22.776
커피040,교대점,명동점,256.0,재배치 추천,11211.0,프로모션 순비용이 재배치 비용보다 높습니다.,29.44579276475459,15.96045197740113,18,0,63.4,검토 가능,11211.0,256.0,139,False,Greedy 선택 후보보다 우선순위가 낮음,2.18,3554,259,0,음료,400,256,65.0,15.0,400,231010.0,A,0.2885581921080359,1,100.0,119.5,3.01,DEAD,33.6,True,70.0,HIGH,유통기한 임박 | 소진일수 120일 초과,1.9,8.4,0.0,SAFE,"재고 여유 — 현재고(259), 재주문점(8)",0.0,111.5,51.1,71346.0,100.0,OVER,과잉 발주 위험 — 현재(257개) > EOQ(112개). 발주 주기 51일 권장,100.0,15.1,2.16,3.06,1.26,STABLE,120.1,0.0,WMA,0.0,40.9,10.0,8.4,10.0,7.5,5.0,FAIR,보통 매칭 · 폐기위험 높음 · 핵심(A)상품,0.983,49.6,STABLE,23.5,LOW,78.3,HIGH,41.7,32.8,100.0,0.3,30.0,1182978.0,100.0,0.385,0.385,88.5,False,20.9,273,40.2,89,100.0,0.999,4.9,79.0,50.0,REALLOCATE,81.6,2,99.8,72.7,26.2,disposal_risk,63.8,검토 필요,75,HEURISTIC 29% | ABC 14% | TURNOVER 14% | DISPOSAL_RISK 14% | SAFETY_STOCK 8% | EOQ 7% | DEMAND_FORECAST 7% | MATCH 5%,"['⏰ 유통기한 임박 (84%)', '❄️ 냉장·냉동 과잉 (78%)', '💸 배송비 상승 (91%)', '⚡ 복합 스트레스 (60%)']","{'재고위험': '25.1%', '판매가능성': '13.2%', '점포이동적합': '14.0%', '비용절감': '18.3%', '폐기회피이익': '13.2%', '실행가능성': '12.8%', '이력보정': '3.3%'}",True,True,False,True,False,True,58.9,32.6,59.3,64.9,72.0,77.6,56.4,58.8,0.0,93.0,최적,할인 판매,🏷️,28,HIGH,신뢰도 높음 ●,#2e7d32,,,93.0,최적,할인 판매,-1,-1,False,False,,50.0,11211.0,22818.0,11211.0,10.79,22.02,10.79,22.0,583.0,256.0,331.0,재고 이동,재고 이동,88.442,일치,88.442,60.817,34.789,17.719
에너지드링크033,여의도2점,신촌점,156.0,재배치 추천,5082.0,프로모션 순비용이 재배치 비용보다 높습니다.,36.4457642120892,8.898305084745763,18,0,63.3,검토 가능,5082.0,156.0,140,False,Greedy 선택 후보보다 우선순위가 낮음,6.45,1298,351,3,음료,300,324,194.0,45.0,300,251812.0,B,0.8320359109103723,2,60.0,54.3,6.63,NORMAL,69.8,False,50.1,MEDIUM,유통기한 임박,5.5,24.8,0.0,SAFE,"재고 여유 — 현재고(351), 재주문점(25)",0.0,317.4,49.2,74165.0,8.9,OPTIMAL,"적정 발주 — EOQ(317개), 권장 발주 주기 49일",8.9,45.1,6.44,9.1,3.78,STABLE,54.5,0.7,WMA,0.7,32.1,10.0,3.64,6.0,7.5,5.0,POOR,낮은 매칭,0.997,49.9,STABLE,10.7,LOW,69.6,MEDIUM,43.2,28.1,86.3,0.3,30.0,284704.0,100.0,0.385,0.385,88.5,False,17.3,404,27.4,306,100.0,0.999,4.9,75.7,50.0,REALLOCATE,81.5,2,99.8,72.7,41.5,turnover,49.6,모니터링,288,HEURISTIC 29% | ABC 14% | TURNOVER 14% | DISPOSAL_RISK 14% | SAFETY_STOCK 8% | EOQ 7% | DEMAND_FORECAST 7% | MATCH 5%,"['⏰ 유통기한 임박 (84%)', '❄️ 냉장·냉동 과잉 (78%)', '💸 배송비 상승 (91%)', '⚡ 복합 스트레스 (60%)']","{'재고위험': '25.1%', '판매가능성': '13.2%', '점포이동적합': '14.0%', '비용절감': '18.3%', '폐기회피이익': '13.2%', '실행가능성': '12.8%', '이력보정': '3.3%'}",True,True,False,True,False,True,53.6,33.0,52.5,51.2,72.0,66.9,54.4,52.6,0.0,33.5,검토,보류,⏸️,347,HIGH,신뢰도 높음 ●,#2e7d32,,,33.5,검토,보류,-1,0,False,False,,50.0,5082.0,16059.0,5082.0,3.98,14.51,3.98,8.0,297.0,324.0,156.0,재고 이동,재고 이동,75.332,일치,75.332,48.687,28.198,24.986
커피019,마포점,명동점,255.0,재배치 추천,11265.0,프로모션 순비용이 재배치 비용보다 높습니다.,29.38411900750935,15.889830508474576,18,0,63.3,검토 가능,11265.0,255.0,141,False,Greedy 선택 후보보다 우선순위가 낮음,7.32,1307,265,1,음료,300,255,220.0,51.0,300,287540.0,B,0.8993652640154297,2,60.0,36.1,9.96,NORMAL,79.9,False,41.1,MEDIUM,유통기한 임박,6.3,28.3,0.0,SAFE,"재고 여유 — 현재고(265), 재주문점(28)",0.0,337.0,46.0,79282.0,18.6,OPTIMAL,"적정 발주 — EOQ(337개), 권장 발주 주기 46일",18.6,51.1,7.3,10.32,4.28,STABLE,36.3,3.2,WMA,3.2,32.3,10.0,3.76,6.0,7.5,5.0,POOR,낮은 매칭,0.995,49.9,STABLE,7.2,LOW,76.6,HIGH,41.7,32.8,100.0,0.3,30.0,465177.0,100.0,0.385,0.385,88.5,False,35.5,50,23.2,447,100.0,0.999,4.9,79.0,50.0,REALLOCATE,81.3,2,99.8,72.7,39.2,turnover,51.8,모니터링,246,HEURISTIC 29% | ABC 14% | TURNOVER 14% | DISPOSAL_RISK 14% | SAFETY_STOCK 8% | EOQ 7% | DEMAND_FORECAST 7% | MATCH 5%,"['⏰ 유통기한 임박 (84%)', '❄️ 냉장·냉동 과잉 (78%)', '💸 배송비 상승 (91%)', '⚡ 복합 스트레스 (60%)']","{'재고위험': '25.1%', '판매가능성': '13.2%', '점포이동적합': '14.0%', '비용절감': '18.3%', '폐기회피이익': '13.2%', '실행가능성': '12.8%', '이력보정': '3.3%'}",True,True,False,True,False,True,52.2,34.3,52.1,52.6,72.0,77.6,64.4,54.0,0.0,47.1,검토,보류,⏸️,274,HIGH,신뢰도 높음 ●,#2e7d32,,,47.1,검토,보류,-1,-1,False,False,,50.0,11265.0,29838.0,11265.0,10.85,29.82,10.85,22.0,696.0,255.0,526.0,재고 이동,재고 이동,78.582,일치,78.582,51.603,30.194,18.803
푸딩062,마포점,종로점,260.0,재배치 추천,11562.0,프로모션 순비용이 재배치 비용보다 높습니다.,29.044913342660536,16.242937853107346,18,0,63.3,검토 가능,11562.0,260.0,142,False,Greedy 선택 후보보다 우선순위가 낮음,3.37,3460,293,7,디저트,500,260,101.0,24.0,500,349460.0,A,0.12426892869344128,1,100.0,87.0,4.14,SLOW,51.7,True,58.5,MEDIUM,유통기한 임박 | 소진일수 87일 초과,2.9,13.0,0.0,SAFE,"재고 여유 — 현재고(293), 재주문점(13)",0.0,119.2,35.4,103150.0,100.0,OVER,과잉 발주 위험 — 현재(290개) > EOQ(119개). 발주 주기 35일 권장,100.0,23.8,3.4,4.79,2.01,STABLE,86.2,0.0,WMA,0.0,36.1,10.0,3.6,10.0,7.5,5.0,POOR,낮은 매칭 · 핵심(A)상품,1.017,50.4,STABLE,16.9,LOW,55.6,MEDIUM,34.9,50.3,87.0,0.3,30.0,1197958.0,100.0,0.385,0.385,88.5,False,17.7,392,33.0,211,100.0,0.999,4.9,75.9,50.0,REALLOCATE,81.2,2,99.8,72.7,28.3,disposal_risk,62.8,검토 필요,88,HEURISTIC 29% | ABC 14% | TURNOVER 14% | DISPOSAL_RISK 14% | SAFETY_STOCK 8% | EOQ 7% | DEMAND_FORECAST 7% | MATCH 5%,"['⏰ 유통기한 임박 (84%)', '❄️ 냉장·냉동 과잉 (78%)', '💸 배송비 상승 (91%)', '⚡ 복합 스트레스 (60%)']","{'재고위험': '25.1%', '판매가능성': '13.2%', '점포이동적합': '14.0%', '비용절감': '18.3%', '폐기회피이익': '13.2%', '실행가능성': '12.8%', '이력보정': '3.3%'}",True,True,False,True,False,True,58.5,32.8,55.4,64.8,72.0,74.8,54.6,57.8,0.0,85.9,최적,보류,⏸️,66,HIGH,신뢰도 높음 ●,#2e7d32,,,85.9,최적,보류,-1,0,False,False,,50.0,11562.0,30360.0,11562.0,11.18,30.4,11.18,22.0,505.0,260.0,319.0,재고 이동,재고 이동,86.62,일치,86.62,58.558,34.037,19.186
차음료024,교대점,잠실2점,278.0,재배치 추천,12660.0,프로모션 순비용이 재배치 비용보다 높습니다.,27.790880278674017,17.51412429378531,18,0,63.3,검토 가능,12660.0,278.0,143,False,Greedy 선택 후보보다 우선순위가 낮음,5.08,2550,285,1,음료,250,278,152.0,36.0,250,387600.0,A,0.3697636250984765,1,100.0,56.2,6.4,NORMAL,68.8,False,51.1,MEDIUM,유통기한 임박,4.4,19.6,0.0,SAFE,"재고 여유 — 현재고(285), 재주문점(20)",0.0,201.0,39.6,92254.0,39.6,OPTIMAL,"적정 발주 — EOQ(201개), 권장 발주 주기 40일",39.6,35.8,5.11,7.21,3.02,STABLE,55.7,0.6,WMA,0.6,36.1,10.0,3.63,10.0,7.5,5.0,POOR,낮은 매칭 · 핵심(A)상품,1.012,50.3,STABLE,10.9,LOW,76.6,HIGH,40.8,30.0,87.4,0.3,30.0,907520.0,100.0,0.385,0.385,88.5,False,17.4,400,28.6,284,100.0,0.999,4.9,76.0,50.0,REALLOCATE,81.1,2,99.8,72.7,26.8,disposal_risk,60.1,검토 필요,120,HEURISTIC 29% | ABC 14% | TURNOVER 14% | DISPOSAL_RISK 14% | SAFETY_STOCK 8% | EOQ 7% | DEMAND_FORECAST 7% | MATCH 5%,"['⏰ 유통기한 임박 (84%)', '❄️ 냉장·냉동 과잉 (78%)', '💸 배송비 상승 (91%)', '⚡ 복합 스트레스 (60%)']","{'재고위험': '25.1%', '판매가능성': '13.2%', '점포이동적합': '14.0%', '비용절감': '18.3%', '폐기회피이익': '13.2%', '실행가능성': '12.8%', '이력보정': '3.3%'}",True,True,False,True,False,True,59.7,33.1,54.6,55.8,72.0,68.3,54.5,55.5,0.0,64.8,검토,보류,⏸️,179,HIGH,신뢰도 높음 ●,#2e7d32,,,64.8,검토,보류,-1,-1,False,False,,50.0,12660.0,28812.0,12660.0,12.4,28.68,12.4,25.0,412.0,278.0,383.0,재고 이동,재고 이동,83.176,일치,83.176,54.436,31.284,19.78
딸기우유014,종로점,홍대점,224.0,재배치 추천,9537.0,프로모션 순비용이 재배치 비용보다 높습니다.,31.357679239356994,13.700564971751412,18,0,63.1,검토 가능,9537.0,224.0,144,False,Greedy 선택 후보보다 우선순위가 낮음,3.33,2852,303,1,유제품,400,299,100.0,23.0,400,285200.0,A,0.560656640638992,1,100.0,90.9,3.96,DEAD,49.5,True,76.0,HIGH,유통기한 임박 | 소진일수 91일 초과 | 신선/냉장 고위험 카테고리,2.9,12.9,0.0,SAFE,"재고 여유 — 현재고(303), 재주문점(13)",0.0,110.3,33.1,110148.0,100.0,OVER,과잉 발주 위험 — 현재(300개) > EOQ(110개). 발주 주기 33일 권장,100.0,23.1,3.3,4.67,1.93,STABLE,91.8,0.0,WMA,0.0,40.9,10.0,8.4,10.0,7.5,5.0,FAIR,보통 매칭 · 폐기위험 높음 · 핵심(A)상품,0.987,49.7,STABLE,18.0,LOW,76.6,HIGH,37.7,50.8,83.4,0.3,30.0,846681.0,100.0,0.385,0.385,88.5,True,22.4,201,41.2,58,100.0,0.999,4.9,74.8,50.0,REALLOCATE,80.9,1,100.0,72.6,25.3,disposal_risk,67.6,검토 필요,38,HEURISTIC 29% | ABC 14% | TURNOVER 14% | DISPOSAL_RISK 14% | SAFETY_STOCK 8% | EOQ 7% | DEMAND_FORECAST 7% | MATCH 5%,"['⏰ 유통기한 임박 (84%)', '❄️ 냉장·냉동 과잉 (78%)', '💸 배송비 상승 (91%)', '⚡ 복합 스트레스 (60%)']","{'재고위험': '25.1%', '판매가능성': '13.2%', '점포이동적합': '14.0%', '비용절감': '18.3%', '폐기회피이익': '13.2%', '실행가능성': '12.8%', '이력보정': '3.3%'}",True,True,False,True,False,True,65.9,32.6,59.1,64.7,72.0,72.5,57.3,59.8,0.0,97.3,최적,할인 판매,🏷️,5,HIGH,신뢰도 높음 ●,#2e7d32,,,97.3,최적,할인 판매,0,0,True,False,,50.0,9537.0,26958.0,9537.0,8.93,26.62,8.93,18.0,278.0,299.0,224.0,재고 이동,재고 이동,87.628,일치,87.628,59.813,35.421,21.267
라면071,방배점,건대점,290.0,재배치 추천,13587.0,프로모션 순비용이 재배치 비용보다 높습니다.,26.73214744596408,18.361581920903955,18,0,63.1,검토 가능,13587.0,290.0,145,False,Greedy 선택 후보보다 우선순위가 낮음,2.81,664,297,2,간편식,150,290,84.0,20.0,150,55776.0,C,0.9938134999524716,3,20.0,106.1,3.39,DEAD,41.1,True,73.0,HIGH,유통기한 임박 | 소진일수 106일 초과,2.4,10.8,0.0,SAFE,"재고 여유 — 현재고(297), 재주문점(11)",0.0,265.0,94.3,38707.0,11.2,OPTIMAL,"적정 발주 — EOQ(265개), 권장 발주 주기 94일",11.2,19.9,2.84,4.0,1.68,STABLE,104.5,0.0,WMA,0.0,33.9,10.0,8.4,3.0,7.5,5.0,POOR,낮은 매칭 · 폐기위험 높음,1.017,50.4,STABLE,20.6,LOW,73.1,HIGH,24.2,43.6,76.3,0.3,30.0,260985.0,100.0,0.385,0.385,88.5,False,21.4,239,39.3,106,100.0,0.999,4.9,72.5,50.0,REALLOCATE,80.8,2,99.8,72.6,42.7,disposal_risk,42.7,모니터링,388,HEURISTIC 29% | ABC 14% | TURNOVER 14% | DISPOSAL_RISK 14% | SAFETY_STOCK 8% | EOQ 7% | DEMAND_FORECAST 7% | MATCH 5%,"['⏰ 유통기한 임박 (84%)', '❄️ 냉장·냉동 과잉 (78%)', '💸 배송비 상승 (91%)', '⚡ 복합 스트레스 (60%)']","{'재고위험': '25.1%', '판매가능성': '13.2%', '점포이동적합': '14.0%', '비용절감': '18.3%', '폐기회피이익': '13.2%', '실행가능성': '12.8%', '이력보정': '3.3%'}",True,True,False,True,False,True,50.2,32.8,55.4,51.4,72.0,65.4,56.7,52.0,0.0,27.6,검토,할인 판매,🏷️,379,HIGH,신뢰도 높음 ●,#2e7d32,,,27.6,검토,할인 판매,-1,0,False,False,,50.0,13587.0,25617.0,13587.0,13.43,25.130000000000003,13.43,27.0,483.0,290.0,405.0,재고 이동,재고 이동,76.218,일치,76.218,58.019,36.182,17.464
에너지드링크055,강남2점,신촌점,301.0,재배치 추천,14271.0,프로모션 순비용이 재배치 비용보다 높습니다.,25.95094652085772,19.138418079096045,18,0,63.1,검토 가능,14271.0,301.0,146,False,Greedy 선택 후보보다 우선순위가 낮음,1.68,793,362,26,음료,400,301,50.0,12.0,400,39650.0,C,0.9669989959576407,3,20.0,217.2,1.66,DEAD,0.0,True,33.0,LOW,소진일수 217일 초과,1.4,6.4,0.0,SAFE,"재고 여유 — 현재고(362), 재주문점(6)",0.0,207.3,123.4,29585.0,74.0,OVER,과잉 발주 위험 — 현재(361개) > EOQ(207개). 발주 주기 123일 권장,74.0,11.9,1.7,2.39,1.01,STABLE,212.9,0.0,WMA,0.0,25.5,10.0,0.0,3.0,7.5,5.0,POOR,낮은 매칭,1.02,50.5,STABLE,35.0,LOW,43.3,MEDIUM,43.2,28.1,86.3,0.3,30.0,392561.0,100.0,0.385,0.385,88.5,False,10.8,495,25.2,401,100.0,0.999,4.9,75.7,50.0,REALLOCATE,80.7,2,99.8,72.6,53.4,disposal_risk,29.0,후순위,482,HEURISTIC 29% | ABC 14% | TURNOVER 14% | DISPOSAL_RISK 14% | SAFETY_STOCK 8% | EOQ 7% | DEMAND_FORECAST 7% | MATCH 5%,"['⏰ 유통기한 임박 (84%)', '❄️ 냉장·냉동 과잉 (78%)', '💸 배송비 상승 (91%)', '⚡ 복합 스트레스 (60%)']","{'재고위험': '25.1%', '판매가능성': '13.2%', '점포이동적합': '14.0%', '비용절감': '18.3%', '폐기회피이익': '13.2%', '실행가능성': '12.8%', '이력보정': '3.3%'}",True,True,False,True,False,True,21.4,32.8,49.1,60.8,72.0,66.9,50.8,45.8,0.0,5.6,검토,보류,⏸️,497,HIGH,신뢰도 높음 ●,#2e7d32,,,5.6,검토,보류,-1,0,False,False,,50.0,14271.0,19299.0,14271.0,14.19,18.11,14.19,28.0,617.0,301.0,455.0,재고 이동,재고 이동,77.451,일치,77.451,57.526,32.076,9.452
냉동돈까스049,역삼점,성수점,181.0,재배치 추천,6972.0,프로모션 순비용이 재배치 비용보다 높습니다.,34.28718270850584,10.663841807909606,18,0,63.0,검토 가능,6972.0,181.0,147,False,Greedy 선택 후보보다 우선순위가 낮음,1.04,1991,239,40,냉동식품,500,181,31.0,7.0,500,61721.0,C,0.9891341650234772,3,20.0,231.3,1.56,DEAD,0.0,True,36.0,LOW,소진일수 231일 초과 | 신선/냉장 고위험 카테고리,0.9,4.0,0.0,SAFE,"재고 여유 — 현재고(239), 재주문점(4)",0.0,79.7,76.6,47617.0,100.0,OVER,과잉 발주 위험 — 현재(238개) > EOQ(80개). 발주 주기 77일 권장,100.0,7.1,1.01,1.44,0.59,STABLE,235.6,0.0,WMA,0.0,25.5,10.0,0.0,3.0,7.5,5.0,POOR,낮은 매칭,0.962,49.0,STABLE,36.0,LOW,43.3,MEDIUM,29.4,46.2,96.7,0.3,30.0,515973.0,100.0,0.385,0.385,88.5,True,11.5,492,26.6,348,100.0,0.999,4.9,78.3,50.0,REALLOCATE,80.5,2,99.8,72.6,52.9,disposal_risk,31.5,후순위,470,HEURISTIC 29% | ABC 14% | TURNOVER 14% | DISPOSAL_RISK 14% | SAFETY_STOCK 8% | EOQ 7% | DEMAND_FORECAST 7% | MATCH 5%,"['⏰ 유통기한 임박 (84%)', '❄️ 냉장·냉동 과잉 (78%)', '💸 배송비 상승 (91%)', '⚡ 복합 스트레스 (60%)']","{'재고위험': '25.1%', '판매가능성': '13.2%', '점포이동적합': '14.0%', '비용절감': '18.3%', '폐기회피이익': '13.2%', '실행가능성': '12.8%', '이력보정': '3.3%'}",True,True,False,True,False,True,22.8,32.4,49.6,64.6,72.0,79.9,51.2,48.6,0.0,9.5,검토,보류,⏸️,476,HIGH,신뢰도 높음 ●,#2e7d32,,,9.5,검토,보류,-1,-1,False,False,,50.0,6972.0,23196.0,6972.0,6.08,22.439999999999998,6.08,12.0,381.0,181.0,361.0,재고 이동,재고 이동,73.194,일치,73.194,57.877,32.905,15.764
커피076,교대점,종로점,260.0,재배치 추천,11850.0,프로모션 순비용이 재배치 비용보다 높습니다.,28.715986637352596,16.242937853107346,18,0,63.0,검토 가능,11850.0,260.0,148,False,Greedy 선택 후보보다 우선순위가 낮음,5.28,2453,289,4,음료,400,260,158.0,37.0,400,387574.0,A,0.42114451345163617,1,100.0,54.9,6.56,NORMAL,69.5,False,42.4,MEDIUM,유통기한 임박,4.5,20.3,0.0,SAFE,"재고 여유 — 현재고(289), 재주문점(20)",0.0,208.9,39.6,92246.0,36.2,OPTIMAL,"적정 발주 — EOQ(209개), 권장 발주 주기 40일",36.2,37.0,5.29,7.46,3.11,STABLE,54.7,0.7,WMA,0.7,36.1,10.0,3.64,10.0,7.5,5.0,POOR,낮은 매칭 · 핵심(A)상품,1.001,50.0,STABLE,10.6,LOW,66.1,MEDIUM,34.1,50.3,87.0,0.3,30.0,857486.0,100.0,0.385,0.385,88.5,False,15.8,434,25.0,411,100.0,0.999,4.9,75.9,50.0,REALLOCATE,80.4,2,99.8,72.6,26.9,turnover,57.8,검토 필요,155,HEURISTIC 29% | ABC 14% | TURNOVER 14% | DISPOSAL_RISK 14% | SAFETY_STOCK 8% | EOQ 7% | DEMAND_FORECAST 7% | MATCH 5%,"['⏰ 유통기한 임박 (84%)', '❄️ 냉장·냉동 과잉 (78%)', '💸 배송비 상승 (91%)', '⚡ 복합 스트레스 (60%)']","{'재고위험': '25.1%', '판매가능성': '13.2%', '점포이동적합': '14.0%', '비용절감': '18.3%', '폐기회피이익': '13.2%', '실행가능성': '12.8%', '이력보정': '3.3%'}",True,True,False,True,False,True,56.0,33.0,53.8,55.1,72.0,74.8,53.6,55.2,0.0,59.0,검토,보류,⏸️,210,HIGH,신뢰도 높음 ●,#2e7d32,,,59.0,검토,보류,-1,0,False,False,,50.0,11850.0,23304.0,11850.0,11.5,22.56,11.5,23.0,442.0,260.0,303.0,재고 이동,재고 이동,80.725,일치,80.725,51.949,29.38,21.503
커피040,교대점,압구정점,186.0,재배치 추천,7404.0,프로모션 순비용이 재배치 비용보다 높습니다.,33.79379265054393,11.016949152542372,18,0,62.8,검토 가능,7404.0,186.0,149,False,Greedy 선택 후보보다 우선순위가 낮음,2.18,3554,259,0,음료,400,256,65.0,15.0,400,231010.0,A,0.2885581921080359,1,100.0,119.5,3.01,DEAD,33.6,True,70.0,HIGH,유통기한 임박 | 소진일수 120일 초과,1.9,8.4,0.0,SAFE,"재고 여유 — 현재고(259), 재주문점(8)",0.0,111.5,51.1,71346.0,100.0,OVER,과잉 발주 위험 — 현재(257개) > EOQ(112개). 발주 주기 51일 권장,100.0,15.1,2.16,3.06,1.26,STABLE,120.1,0.0,WMA,0.0,40.9,10.0,8.4,10.0,7.5,5.0,FAIR,보통 매칭 · 폐기위험 높음 · 핵심(A)상품,0.983,49.6,STABLE,23.5,LOW,78.3,HIGH,34.7,35.6,98.7,0.3,30.0,860249.0,100.0,0.385,0.385,88.5,False,21.0,264,40.2,89,100.0,0.999,4.9,78.7,50.0,REALLOCATE,80.3,2,99.8,72.6,26.3,disposal_risk,63.4,검토 필요,84,HEURISTIC 29% | ABC 14% | TURNOVER 14% | DISPOSAL_RISK 14% | SAFETY_STOCK 8% | EOQ 7% | DEMAND_FORECAST 7% | MATCH 5%,"['⏰ 유통기한 임박 (84%)', '❄️ 냉장·냉동 과잉 (78%)', '💸 배송비 상승 (91%)', '⚡ 복합 스트레스 (60%)']","{'재고위험': '25.1%', '판매가능성': '13.2%', '점포이동적합': '14.0%', '비용절감': '18.3%', '폐기회피이익': '13.2%', '실행가능성': '12.8%', '이력보정': '3.3%'}",True,True,False,True,False,True,58.9,32.6,59.3,64.5,72.0,77.7,56.5,58.7,0.0,92.4,최적,할인 판매,🏷️,31,HIGH,신뢰도 높음 ●,#2e7d32,,,92.4,최적,할인 판매,-1,-1,False,False,,50.0,7404.0,21090.0,7404.0,6.56,20.1,6.56,13.0,583.0,256.0,186.0,재고 이동,재고 이동,85.598,일치,85.598,58.299,33.362,21.738
샌드위치058,상암점,강남점,365.0,재배치 추천,18582.0,프로모션 순비용이 재배치 비용보다 높습니다.,21.02732490077949,23.65819209039548,18,0,62.7,검토 가능,18582.0,365.0,150,False,Greedy 선택 후보보다 우선순위가 낮음,4.7,717,384,3,신선식품,500,365,141.0,33.0,500,101097.0,C,0.9523365925254981,3,20.0,81.7,4.41,SLOW,54.6,True,73.8,HIGH,유통기한 임박 | 소진일수 82일 초과 | 신선/냉장 고위험 카테고리,4.0,18.1,0.0,SAFE,"재고 여유 — 현재고(384), 재주문점(18)",0.0,261.5,55.6,65613.0,45.3,OPTIMAL,"적정 발주 — EOQ(262개), 권장 발주 주기 56일",45.3,33.0,4.71,6.65,2.78,STABLE,81.5,0.0,WMA,0.0,33.9,10.0,8.4,3.0,7.5,5.0,POOR,낮은 매칭 · 폐기위험 높음,1.003,50.1,STABLE,15.9,LOW,69.6,MEDIUM,25.0,13.2,79.6,0.3,30.0,477964.0,100.0,0.385,0.385,88.5,True,21.6,228,38.4,124,100.0,0.999,4.9,73.6,50.0,REALLOCATE,80.1,2,99.8,72.5,40.4,disposal_risk,47.3,모니터링,325,HEURISTIC 29% | ABC 14% | TURNOVER 14% | DISPOSAL_RISK 14% | SAFETY_STOCK 8% | EOQ 7% | DEMAND_FORECAST 7% | MATCH 5%,"['⏰ 유통기한 임박 (84%)', '❄️ 냉장·냉동 과잉 (78%)', '💸 배송비 상승 (91%)', '⚡ 복합 스트레스 (60%)']","{'재고위험': '25.1%', '판매가능성': '13.2%', '점포이동적합': '14.0%', '비용절감': '18.3%', '폐기회피이익': '13.2%', '실행가능성': '12.8%', '이력보정': '3.3%'}",True,True,False,True,False,True,54.2,32.7,55.3,56.3,72.0,57.5,56.8,52.9,0.0,35.4,검토,할인 판매,🏷️,337,HIGH,신뢰도 높음 ●,#2e7d32,,,35.4,검토,할인 판매,-1,0,False,False,,50.0,18582.0,22125.0,18582.0,18.98,21.25,18.98,38.0,907.0,365.0,809.0,재고 이동,재고 이동,88.636,일치,88.636,61.946,36.063,8.334
에너지드링크033,역삼점,왕십리점,204.0,재배치 추천,8727.0,프로모션 순비용이 재배치 비용보다 높습니다.,32.282785598035574,12.288135593220339,18,0,62.6,검토 가능,8727.0,204.0,151,False,Greedy 선택 후보보다 우선순위가 낮음,5.5,1298,272,0,음료,300,265,165.0,38.0,300,214170.0,B,0.8320359109103723,2,60.0,49.5,7.28,NORMAL,72.5,False,49.7,MEDIUM,유통기한 임박,4.7,21.2,0.0,SAFE,"재고 여유 — 현재고(272), 재주문점(21)",0.0,293.1,53.3,68486.0,7.0,OPTIMAL,"적정 발주 — EOQ(293개), 권장 발주 주기 53일",7.0,38.2,5.46,7.73,3.19,STABLE,49.8,1.4,WMA,1.4,32.2,10.0,3.67,6.0,7.5,5.0,POOR,낮은 매칭,0.987,49.7,STABLE,9.9,LOW,78.3,HIGH,45.9,23.6,84.2,0.3,30.0,370223.0,100.0,0.385,0.385,88.5,False,21.5,236,27.1,320,100.0,0.999,4.9,75.1,50.0,DISCOUNT,80.0,2,99.8,72.5,41.1,turnover,49.8,모니터링,283,HEURISTIC 29% | ABC 14% | TURNOVER 14% | DISPOSAL_RISK 14% | SAFETY_STOCK 8% | EOQ 7% | DEMAND_FORECAST 7% | MATCH 5%,"['⏰ 유통기한 임박 (84%)', '❄️ 냉장·냉동 과잉 (78%)', '💸 배송비 상승 (91%)', '⚡ 복합 스트레스 (60%)']","{'재고위험': '25.1%', '판매가능성': '13.2%', '점포이동적합': '14.0%', '비용절감': '18.3%', '폐기회피이익': '13.2%', '실행가능성': '12.8%', '이력보정': '3.3%'}",True,True,False,True,False,True,54.1,33.3,52.4,50.5,72.0,64.0,56.7,52.3,0.0,31.5,검토,보류,⏸️,358,HIGH,신뢰도 높음 ●,#2e7d32,,,31.5,검토,보류,-1,0,False,False,,50.0,8727.0,19002.0,8727.0,8.03,17.78,8.03,16.0,297.0,265.0,204.0,재고 이동,재고 이동,74.216,일치,74.216,48.767,29.772,24.384
차음료024,신촌2점,압구정점,255.0,재배치 추천,11859.0,프로모션 순비용이 재배치 비용보다 높습니다.,28.705707677811723,15.889830508474576,18,0,62.6,검토 가능,11859.0,255.0,152,False,Greedy 선택 후보보다 우선순위가 낮음,4.25,2550,291,0,음료,250,286,128.0,30.0,250,326400.0,A,0.3697636250984765,1,100.0,68.2,5.28,SLOW,62.1,True,59.1,MEDIUM,유통기한 임박 | 소진일수 68일 초과,3.6,16.4,0.0,SAFE,"재고 여유 — 현재고(291), 재주문점(16)",0.0,183.8,43.2,84382.0,56.4,OVER,과잉 발주 위험 — 현재(287개) > EOQ(184개). 발주 주기 43일 권장,56.4,29.9,4.27,6.02,2.52,STABLE,68.1,0.0,WMA,0.0,36.1,10.0,3.6,10.0,7.5,5.0,POOR,낮은 매칭 · 핵심(A)상품,1.008,50.2,STABLE,13.3,LOW,78.3,HIGH,34.7,35.6,98.7,0.3,30.0,832191.0,100.0,0.385,0.385,88.5,False,18.0,385,32.3,219,100.0,0.999,4.9,78.7,50.0,DISCOUNT,79.9,2,99.8,72.5,27.2,disposal_risk,61.0,검토 필요,104,HEURISTIC 29% | ABC 14% | TURNOVER 14% | DISPOSAL_RISK 14% | SAFETY_STOCK 8% | EOQ 7% | DEMAND_FORECAST 7% | MATCH 5%,"['⏰ 유통기한 임박 (84%)', '❄️ 냉장·냉동 과잉 (78%)', '💸 배송비 상승 (91%)', '⚡ 복합 스트레스 (60%)']","{'재고위험': '25.1%', '판매가능성': '13.2%', '점포이동적합': '14.0%', '비용절감': '18.3%', '폐기회피이익': '13.2%', '실행가능성': '12.8%', '이력보정': '3.3%'}",True,True,False,True,False,True,61.6,32.8,55.6,57.9,72.0,77.7,54.8,57.6,0.0,85.5,최적,보류,⏸️,68,HIGH,신뢰도 높음 ●,#2e7d32,,,85.5,최적,보류,-1,-1,False,False,,50.0,11859.0,14574.0,11859.0,11.51,12.860000000000001,11.51,23.0,412.0,286.0,255.0,재고 이동,재고 이동,84.054,일치,84.054,55.417,31.502,21.366
냉동만두047,홍대점,마포점,141.0,재배치 추천,5010.0,프로모션 순비용이 재배치 비용보다 높습니다.,36.527995888416186,7.838983050847458,18,0,62.4,검토 가능,5010.0,141.0,153,False,Greedy 선택 후보보다 우선순위가 낮음,0.87,657,304,14,냉동식품,250,287,26.0,6.0,250,17082.0,C,1.0,3,20.0,350.8,1.03,DEAD,0.0,True,36.0,LOW,소진일수 351일 초과 | 신선/냉장 고위험 카테고리,0.7,3.3,0.0,SAFE,"재고 여유 — 현재고(304), 재주문점(3)",0.0,126.9,145.9,25018.0,100.0,OVER,과잉 발주 위험 — 현재(303개) > EOQ(127개). 발주 주기 146일 권장,100.0,6.0,0.86,1.22,0.5,STABLE,354.7,0.0,WMA,0.0,25.5,10.0,0.0,3.0,7.5,5.0,POOR,낮은 매칭,0.985,49.6,STABLE,35.4,LOW,43.3,MEDIUM,22.0,23.3,78.8,0.3,30.0,141404.0,100.0,0.385,0.385,88.5,True,11.7,487,26.5,357,100.0,0.999,4.9,73.4,50.0,DISCOUNT,79.7,2,99.8,72.5,53.2,disposal_risk,31.0,후순위,473,HEURISTIC 29% | ABC 14% | TURNOVER 14% | DISPOSAL_RISK 14% | SAFETY_STOCK 8% | EOQ 7% | DEMAND_FORECAST 7% | MATCH 5%,"['⏰ 유통기한 임박 (84%)', '❄️ 냉장·냉동 과잉 (78%)', '💸 배송비 상승 (91%)', '⚡ 복합 스트레스 (60%)']","{'재고위험': '25.1%', '판매가능성': '13.2%', '점포이동적합': '14.0%', '비용절감': '18.3%', '폐기회피이익': '13.2%', '실행가능성': '12.8%', '이력보정': '3.3%'}",True,True,False,True,False,True,22.7,32.6,49.1,64.3,72.0,60.3,51.3,45.9,0.0,5.7,검토,보류,⏸️,496,HIGH,신뢰도 높음 ●,#2e7d32,,,5.7,검토,보류,0,-1,False,False,,50.0,5010.0,18093.0,5010.0,3.9,16.77,3.9,8.0,232.0,287.0,141.0,재고 이동,재고 이동,70.559,일치,70.559,56.639,32.449,18.413
푸딩025,신림점,강남2점,265.0,재배치 추천,12750.0,프로모션 순비용이 재배치 비용보다 높습니다.,27.68809068326528,16.596045197740114,18,0,62.3,검토 가능,12750.0,265.0,154,False,Greedy 선택 후보보다 우선순위가 낮음,3.0,3574,365,10,디저트,400,323,90.0,21.0,400,321660.0,A,0.6230026374441194,1,100.0,121.7,2.96,DEAD,32.4,True,43.7,MEDIUM,소진일수 122일 초과,2.6,11.6,0.0,SAFE,"재고 여유 — 현재고(365), 재주문점(12)",0.0,110.7,36.9,98913.0,100.0,OVER,과잉 발주 위험 — 현재(362개) > EOQ(111개). 발주 주기 37일 권장,100.0,21.0,3.0,4.24,1.76,STABLE,121.7,0.0,WMA,0.0,36.1,10.0,3.6,10.0,7.5,5.0,POOR,낮은 매칭 · 핵심(A)상품,1.0,50.0,STABLE,23.7,LOW,45.1,MEDIUM,20.5,18.9,77.1,0.3,30.0,1229782.0,100.0,0.385,0.385,88.5,False,14.1,466,28.7,279,100.0,0.999,4.9,72.8,50.0,DISCOUNT,79.6,2,99.8,72.5,29.9,disposal_risk,55.5,검토 필요,196,HEURISTIC 29% | ABC 14% | TURNOVER 14% | DISPOSAL_RISK 14% | SAFETY_STOCK 8% | EOQ 7% | DEMAND_FORECAST 7% | MATCH 5%,"['⏰ 유통기한 임박 (84%)', '❄️ 냉장·냉동 과잉 (78%)', '💸 배송비 상승 (91%)', '⚡ 복합 스트레스 (60%)']","{'재고위험': '25.1%', '판매가능성': '13.2%', '점포이동적합': '14.0%', '비용절감': '18.3%', '폐기회피이익': '13.2%', '실행가능성': '12.8%', '이력보정': '3.3%'}",True,True,False,True,False,True,46.8,32.7,54.3,64.3,72.0,57.7,52.7,52.4,0.0,32.0,검토,보류,⏸️,355,HIGH,신뢰도 높음 ●,#2e7d32,,,32.0,검토,보류,-1,-1,False,False,,50.0,12750.0,26076.0,12750.0,12.5,25.64,12.5,25.0,413.0,323.0,265.0,재고 이동,재고 이동,84.209,일치,84.209,56.908,31.809,16.763
푸딩025,교대점,문래점,296.0,재배치 추천,14703.0,프로모션 순비용이 재배치 비용보다 높습니다.,25.457556462895813,18.785310734463277,18,0,62.2,검토 가능,14703.0,296.0,155,False,Greedy 선택 후보보다 우선순위가 낮음,3.89,3574,339,8,디저트,400,296,117.0,27.0,400,418158.0,A,0.6230026374441194,1,100.0,86.9,4.14,SLOW,51.7,True,49.0,MEDIUM,소진일수 87일 초과,3.3,15.0,0.0,SAFE,"재고 여유 — 현재고(339), 재주문점(15)",0.0,126.1,32.4,112634.0,100.0,OVER,과잉 발주 위험 — 현재(336개) > EOQ(126개). 발주 주기 32일 권장,100.0,27.1,3.87,5.48,2.27,STABLE,87.6,0.0,WMA,0.0,36.1,10.0,3.6,10.0,7.5,5.0,POOR,낮은 매칭 · 핵심(A)상품,0.992,49.8,STABLE,17.1,LOW,52.1,MEDIUM,32.8,47.9,90.2,0.3,30.0,1373182.0,100.0,0.385,0.385,88.5,False,15.4,442,29.2,271,100.0,0.999,4.9,76.7,50.0,DISCOUNT,79.5,2,99.8,72.4,29.4,disposal_risk,59.8,검토 필요,126,HEURISTIC 29% | ABC 14% | TURNOVER 14% | DISPOSAL_RISK 14% | SAFETY_STOCK 8% | EOQ 7% | DEMAND_FORECAST 7% | MATCH 5%,"['⏰ 유통기한 임박 (84%)', '❄️ 냉장·냉동 과잉 (78%)', '💸 배송비 상승 (91%)', '⚡ 복합 스트레스 (60%)']","{'재고위험': '25.1%', '판매가능성': '13.2%', '점포이동적합': '14.0%', '비용절감': '18.3%', '폐기회피이익': '13.2%', '실행가능성': '12.8%', '이력보정': '3.3%'}",True,True,False,True,False,True,54.3,32.6,54.8,64.2,72.0,76.1,53.4,56.6,0.0,76.9,권장,보류,⏸️,114,HIGH,신뢰도 높음 ●,#2e7d32,,,76.9,권장,보류,-1,-1,False,False,,50.0,14703.0,24555.0,14703.0,14.67,23.950000000000003,14.67,29.0,413.0,296.0,343.0,재고 이동,재고 이동,86.145,일치,86.145,58.094,33.112,17.134
컵밥007,동대문점,노원점,276.0,재배치 추천,13614.0,프로모션 순비용이 재배치 비용보다 높습니다.,26.701310567341462,17.372881355932204,18,0,62.1,검토 가능,13614.0,276.0,156,False,Greedy 선택 후보보다 우선순위가 낮음,3.41,3334,285,2,간편식,300,276,102.0,24.0,300,340068.0,A,0.23037995959756308,1,100.0,83.8,4.29,SLOW,53.4,True,69.9,HIGH,유통기한 임박 | 소진일수 84일 초과,2.9,13.1,0.0,SAFE,"재고 여유 — 현재고(285), 재주문점(13)",0.0,130.3,38.2,95547.0,100.0,OVER,과잉 발주 위험 — 현재(282개) > EOQ(130개). 발주 주기 38일 권장,100.0,23.9,3.41,4.82,2.01,STABLE,83.5,0.0,WMA,0.0,40.9,10.0,8.4,10.0,7.5,5.0,FAIR,보통 매칭 · 폐기위험 높음 · 핵심(A)상품,1.005,50.1,STABLE,16.3,LOW,73.1,HIGH,29.4,35.1,98.9,0.3,30.0,1173407.0,100.0,0.385,0.385,88.5,False,21.1,255,38.3,131,100.0,0.999,4.9,78.8,50.0,DISCOUNT,79.3,2,99.8,72.4,26.7,disposal_risk,66.1,검토 필요,49,HEURISTIC 29% | ABC 14% | TURNOVER 14% | DISPOSAL_RISK 14% | SAFETY_STOCK 8% | EOQ 7% | DEMAND_FORECAST 7% | MATCH 5%,"['⏰ 유통기한 임박 (84%)', '❄️ 냉장·냉동 과잉 (78%)', '💸 배송비 상승 (91%)', '⚡ 복합 스트레스 (60%)']","{'재고위험': '25.1%', '판매가능성': '13.2%', '점포이동적합': '14.0%', '비용절감': '18.3%', '폐기회피이익': '13.2%', '실행가능성': '12.8%', '이력보정': '3.3%'}",True,True,False,True,False,True,64.1,32.7,58.9,64.2,72.0,77.6,56.5,59.9,0.0,97.4,최적,할인 판매,🏷️,4,HIGH,신뢰도 높음 ●,#2e7d32,,,97.4,최적,할인 판매,-1,-1,False,False,,50.0,13614.0,32358.0,13614.0,13.46,32.62,13.46,27.0,561.0,276.0,416.0,재고 이동,재고 이동,88.232,일치,88.232,60.571,36.02,17.835
에너지드링크033,이태원점,왕십리점,174.0,재배치 추천,7377.0,프로모션 순비용이 재배치 비용보다 높습니다.,33.82462952916655,10.16949152542373,18,0,62.0,검토 가능,7377.0,174.0,157,False,Greedy 선택 후보보다 우선순위가 낮음,0.59,1298,175,2,음료,300,174,18.0,4.0,300,23364.0,B,0.8320359109103723,2,60.0,291.7,1.23,DEAD,0.0,True,68.0,HIGH,유통기한 임박 | 소진일수 292일 초과,0.5,2.3,0.0,SAFE,"재고 여유 — 현재고(175), 재주문점(2)",0.0,96.0,162.7,22431.0,81.8,OVER,과잉 발주 위험 — 현재(174개) > EOQ(96개). 발주 주기 163일 권장,81.8,4.1,0.59,0.83,0.34,STABLE,298.8,0.0,WMA,0.0,36.9,10.0,8.4,6.0,7.5,5.0,POOR,낮은 매칭 · 폐기위험 높음,0.969,49.2,STABLE,35.8,LOW,73.1,HIGH,45.9,23.6,84.2,0.3,30.0,315845.0,100.0,0.385,0.385,88.5,False,20.4,298,41.6,53,100.0,0.999,4.9,75.1,50.0,DISCOUNT,79.2,2,99.8,72.4,36.4,disposal_risk,47.1,모니터링,329,HEURISTIC 29% | ABC 14% | TURNOVER 14% | DISPOSAL_RISK 14% | SAFETY_STOCK 8% | EOQ 7% | DEMAND_FORECAST 7% | MATCH 5%,"['⏰ 유통기한 임박 (84%)', '❄️ 냉장·냉동 과잉 (78%)', '💸 배송비 상승 (91%)', '⚡ 복합 스트레스 (60%)']","{'재고위험': '25.1%', '판매가능성': '13.2%', '점포이동적합': '14.0%', '비용절감': '18.3%', '폐기회피이익': '13.2%', '실행가능성': '12.8%', '이력보정': '3.3%'}",True,True,False,True,False,True,43.2,32.5,57.4,61.4,72.0,64.0,56.1,52.1,0.0,29.4,검토,할인 판매,🏷️,369,HIGH,신뢰도 높음 ●,#2e7d32,,,29.4,검토,할인 판매,-1,0,False,False,,50.0,7377.0,23484.0,7377.0,6.53,22.759999999999998,6.53,13.0,297.0,174.0,204.0,재고 이동,재고 이동,75.271,일치,75.271,60.108,35.773,20.831
케이크078,목동점,마포점,194.0,재배치 추천,8592.0,프로모션 순비용이 재배치 비용보다 높습니다.,32.43696999114867,11.581920903954803,18,0,62.0,검토 가능,8592.0,194.0,158,False,Greedy 선택 후보보다 우선순위가 낮음,3.3,2650,198,1,디저트,300,194,99.0,23.0,300,262350.0,A,0.64225766471405,1,100.0,60.0,6.0,NORMAL,66.7,False,53.0,MEDIUM,유통기한 임박,2.8,12.7,0.0,SAFE,"재고 여유 — 현재고(198), 재주문점(13)",0.0,134.8,40.8,89330.0,44.8,OPTIMAL,"적정 발주 — EOQ(135개), 권장 발주 주기 41일",44.8,23.0,3.29,4.65,1.92,STABLE,60.3,0.0,WMA,0.0,36.1,10.0,3.6,10.0,7.5,5.0,POOR,낮은 매칭 · 핵심(A)상품,0.996,49.9,STABLE,11.8,LOW,76.6,HIGH,38.7,23.3,78.8,0.3,30.0,666528.0,100.0,0.385,0.385,88.5,False,16.5,420,29.5,266,100.0,0.999,4.9,73.4,50.0,DISCOUNT,79.1,2,99.8,72.4,27.1,disposal_risk,59.1,검토 필요,135,HEURISTIC 29% | ABC 14% | TURNOVER 14% | DISPOSAL_RISK 14% | SAFETY_STOCK 8% | EOQ 7% | DEMAND_FORECAST 7% | MATCH 5%,"['⏰ 유통기한 임박 (84%)', '❄️ 냉장·냉동 과잉 (78%)', '💸 배송비 상승 (91%)', '⚡ 복합 스트레스 (60%)']","{'재고위험': '25.1%', '판매가능성': '13.2%', '점포이동적합': '14.0%', '비용절감': '18.3%', '폐기회피이익': '13.2%', '실행가능성': '12.8%', '이력보정': '3.3%'}",True,True,False,True,False,True,60.0,32.7,54.5,55.8,72.0,60.3,54.0,54.5,0.0,52.2,검토,보류,⏸️,247,HIGH,신뢰도 높음 ●,#2e7d32,,,52.2,검토,보류,-1,-1,False,False,,50.0,8592.0,25221.0,8592.0,7.88,24.689999999999998,7.88,16.0,351.0,194.0,338.0,재고 이동,재고 이동,80.614,일치,80.614,51.982,29.728,23.739
도시락016,혜화점,신촌점,205.0,재배치 추천,9303.0,프로모션 순비용이 재배치 비용보다 높습니다.,31.624932187419695,12.358757062146893,18,0,62.0,검토 가능,9303.0,205.0,159,False,Greedy 선택 후보보다 우선순위가 낮음,1.02,2297,381,3,신선식품,150,377,31.0,7.0,150,71207.0,B,0.9362765472469301,2,60.0,368.7,0.98,DEAD,0.0,True,78.0,HIGH,유통기한 임박 | 소진일수 369일 초과 | 신선/냉장 고위험 카테고리,0.9,4.0,0.0,SAFE,"재고 여유 — 현재고(381), 재주문점(4)",0.0,68.1,66.8,54709.0,100.0,OVER,과잉 발주 위험 — 현재(380개) > EOQ(68개). 발주 주기 67일 권장,100.0,7.1,1.01,1.44,0.59,STABLE,375.6,0.0,WMA,0.0,36.9,10.0,8.4,6.0,7.5,5.0,POOR,낮은 매칭 · 폐기위험 높음,0.98,49.5,STABLE,35.5,LOW,69.6,MEDIUM,23.2,28.1,86.3,0.3,30.0,586509.0,100.0,0.385,0.385,88.5,True,22.9,177,45.6,12,100.0,0.999,4.9,75.7,50.0,DISCOUNT,78.9,2,99.8,72.4,32.3,disposal_risk,50.7,모니터링,264,HEURISTIC 29% | ABC 14% | TURNOVER 14% | DISPOSAL_RISK 14% | SAFETY_STOCK 8% | EOQ 7% | DEMAND_FORECAST 7% | MATCH 5%,"['⏰ 유통기한 임박 (84%)', '❄️ 냉장·냉동 과잉 (78%)', '💸 배송비 상승 (91%)', '⚡ 복합 스트레스 (60%)']","{'재고위험': '25.1%', '판매가능성': '13.2%', '점포이동적합': '14.0%', '비용절감': '18.3%', '폐기회피이익': '13.2%', '실행가능성': '12.8%', '이력보정': '3.3%'}",True,True,False,True,False,True,47.6,32.6,58.3,64.1,72.0,66.9,57.5,54.3,0.0,50.5,검토,할인 판매,🏷️,256,HIGH,신뢰도 높음 ●,#2e7d32,,,50.5,검토,할인 판매,-1,0,False,False,,50.0,9303.0,26130.0,9303.0,8.67,25.7,8.67,17.0,284.0,377.0,205.0,재고 이동,재고 이동,81.423,일치,81.423,64.226,37.311,17.329
마카롱075,용산점,여의도2점,156.0,재배치 추천,6306.0,프로모션 순비용이 재배치 비용보다 높습니다.,35.04782571453045,8.898305084745763,18,0,61.9,검토 가능,6306.0,156.0,160,False,Greedy 선택 후보보다 우선순위가 낮음,5.5,3054,163,1,디저트,500,156,165.0,38.0,500,503910.0,A,0.0854475137823289,1,100.0,29.6,12.15,FAST,83.6,False,38.0,LOW,유통기한 임박,4.7,21.2,0.0,SAFE,"재고 여유 — 현재고(163), 재주문점(21)",0.0,162.2,29.5,123803.0,1.9,OPTIMAL,"적정 발주 — EOQ(162개), 권장 발주 주기 30일",1.9,38.2,5.46,7.73,3.19,STABLE,29.9,5.1,WMA,5.1,32.8,10.0,0.26,10.0,7.5,5.0,POOR,낮은 매칭 · 핵심(A)상품,0.987,49.7,STABLE,6.1,LOW,76.6,HIGH,42.1,8.2,88.3,0.3,30.0,643403.0,100.0,0.385,0.385,88.5,False,53.5,21,21.9,467,100.0,0.999,4.9,76.2,50.0,DISCOUNT,78.8,2,99.8,72.4,24.2,turnover,58.3,검토 필요,148,HEURISTIC 29% | ABC 14% | TURNOVER 14% | DISPOSAL_RISK 14% | SAFETY_STOCK 8% | EOQ 7% | DEMAND_FORECAST 7% | MATCH 5%,"['⏰ 유통기한 임박 (84%)', '❄️ 냉장·냉동 과잉 (78%)', '💸 배송비 상승 (91%)', '⚡ 복합 스트레스 (60%)']","{'재고위험': '25.1%', '판매가능성': '13.2%', '점포이동적합': '14.0%', '비용절감': '18.3%', '폐기회피이익': '13.2%', '실행가능성': '12.8%', '이력보정': '3.3%'}",True,True,False,True,False,True,57.8,35.2,51.8,49.3,72.0,61.6,74.3,52.9,0.0,35.2,검토,보류,⏸️,338,HIGH,신뢰도 높음 ●,#2e7d32,,,35.2,검토,보류,-1,-1,False,False,,50.0,6306.0,22755.0,6306.0,5.34,21.95,5.34,11.0,615.0,156.0,495.0,재고 이동,재고 이동,77.982,일치,77.982,47.232,24.786,24.744
도시락016,혜화점,신촌2점,187.0,재배치 추천,8286.0,프로모션 순비용이 재배치 비용보다 높습니다.,32.78645461553836,11.087570621468927,18,0,61.9,검토 가능,8286.0,187.0,161,False,Greedy 선택 후보보다 우선순위가 낮음,1.02,2297,381,3,신선식품,150,377,31.0,7.0,150,71207.0,B,0.9362765472469301,2,60.0,368.7,0.98,DEAD,0.0,True,78.0,HIGH,유통기한 임박 | 소진일수 369일 초과 | 신선/냉장 고위험 카테고리,0.9,4.0,0.0,SAFE,"재고 여유 — 현재고(381), 재주문점(4)",0.0,68.1,66.8,54709.0,100.0,OVER,과잉 발주 위험 — 현재(380개) > EOQ(68개). 발주 주기 67일 권장,100.0,7.1,1.01,1.44,0.59,STABLE,375.6,0.0,WMA,0.0,36.9,10.0,8.4,6.0,7.5,5.0,POOR,낮은 매칭 · 폐기위험 높음,0.98,49.5,STABLE,35.5,LOW,69.6,MEDIUM,36.4,0.0,58.5,0.3,30.0,535211.0,100.0,0.385,0.385,88.5,True,22.9,177,45.6,12,100.0,0.999,4.9,64.1,50.0,DISCOUNT,78.7,2,99.8,72.4,32.3,disposal_risk,50.6,모니터링,266,HEURISTIC 29% | ABC 14% | TURNOVER 14% | DISPOSAL_RISK 14% | SAFETY_STOCK 8% | EOQ 7% | DEMAND_FORECAST 7% | MATCH 5%,"['⏰ 유통기한 임박 (84%)', '❄️ 냉장·냉동 과잉 (78%)', '💸 배송비 상승 (91%)', '⚡ 복합 스트레스 (60%)']","{'재고위험': '25.1%', '판매가능성': '13.2%', '점포이동적합': '14.0%', '비용절감': '18.3%', '폐기회피이익': '13.2%', '실행가능성': '12.8%', '이력보정': '3.3%'}",True,True,False,True,False,True,47.6,32.6,57.1,64.0,72.0,39.0,57.5,50.5,0.0,17.5,검토,할인 판매,🏷️,433,HIGH,신뢰도 높음 ●,#2e7d32,,,17.5,검토,할인 판매,-1,-1,False,False,,50.0,8286.0,26166.0,8286.0,7.54,25.740000000000002,7.54,15.0,284.0,377.0,187.0,재고 이동,재고 이동,80.629,일치,80.629,63.961,37.192,18.052
차음료039,종로점,구로점,325.0,재배치 추천,16827.0,프로모션 순비용이 재배치 비용보다 높습니다.,23.031722011249748,20.833333333333336,18,0,61.9,검토 가능,16827.0,325.0,162,False,Greedy 선택 후보보다 우선순위가 낮음,4.47,1058,337,2,음료,400,325,134.0,31.0,400,141772.0,A,0.7122615727681944,1,100.0,75.4,4.77,SLOW,58.1,True,60.7,HIGH,유통기한 임박 | 소진일수 75일 초과,3.8,17.2,0.0,SAFE,"재고 여유 — 현재고(337), 재주문점(17)",0.0,292.7,65.5,55742.0,13.8,OPTIMAL,"적정 발주 — EOQ(293개), 권장 발주 주기 66일",13.8,31.1,4.44,6.29,2.6,STABLE,75.9,0.0,WMA,0.0,40.9,10.0,8.4,10.0,7.5,5.0,FAIR,보통 매칭 · 폐기위험 높음 · 핵심(A)상품,0.991,49.8,STABLE,14.9,LOW,73.1,HIGH,26.9,48.2,86.4,0.3,30.0,525793.0,100.0,0.385,0.385,88.5,False,18.8,360,34.3,190,100.0,0.999,4.9,75.7,50.0,DISCOUNT,78.5,2,99.8,72.4,27.9,disposal_risk,58.4,검토 필요,145,HEURISTIC 29% | ABC 14% | TURNOVER 14% | DISPOSAL_RISK 14% | SAFETY_STOCK 8% | EOQ 7% | DEMAND_FORECAST 7% | MATCH 5%,"['⏰ 유통기한 임박 (84%)', '❄️ 냉장·냉동 과잉 (78%)', '💸 배송비 상승 (91%)', '⚡ 복합 스트레스 (60%)']","{'재고위험': '25.1%', '판매가능성': '13.2%', '점포이동적합': '14.0%', '비용절감': '18.3%', '폐기회피이익': '13.2%', '실행가능성': '12.8%', '이력보정': '3.3%'}",True,True,False,True,False,True,61.2,32.6,57.8,51.1,72.0,73.7,55.2,56.1,0.0,71.3,권장,할인 판매,🏷️,144,HIGH,신뢰도 높음 ●,#2e7d32,,,71.3,권장,할인 판매,0,-1,False,False,,50.0,16827.0,28893.0,16827.0,17.03,28.770000000000003,17.03,34.0,706.0,325.0,650.0,재고 이동,재고 이동,85.681,일치,85.681,57.155,32.168,13.791
탄산음료035,마포점,압구정점,329.0,재배치 추천,17016.0,프로모션 순비용이 재배치 비용보다 높습니다.,22.815863860891415,21.11581920903955,18,0,61.9,검토 가능,17016.0,329.0,163,False,Greedy 선택 후보보다 우선순위가 낮음,7.48,1933,380,2,음료,300,360,224.0,52.0,300,432992.0,A,0.7681404439540753,1,100.0,50.9,7.07,NORMAL,71.7,False,48.4,MEDIUM,유통기한 임박,6.4,28.8,0.0,SAFE,"재고 여유 — 현재고(380), 재주문점(29)",0.0,280.1,37.4,97465.0,33.4,OPTIMAL,"적정 발주 — EOQ(280개), 권장 발주 주기 37일",33.4,52.1,7.44,10.53,4.36,STABLE,51.1,1.2,WMA,1.2,36.2,10.0,3.66,10.0,7.5,5.0,POOR,낮은 매칭 · 핵심(A)상품,0.993,49.8,STABLE,10.1,LOW,73.1,HIGH,34.7,35.6,98.7,0.3,30.0,844832.0,100.0,0.385,0.385,88.5,False,20.3,301,27.3,311,100.0,0.999,4.9,78.7,50.0,DISCOUNT,78.4,2,99.8,72.4,26.7,turnover,58.9,검토 필요,137,HEURISTIC 29% | ABC 14% | TURNOVER 14% | DISPOSAL_RISK 14% | SAFETY_STOCK 8% | EOQ 7% | DEMAND_FORECAST 7% | MATCH 5%,"['⏰ 유통기한 임박 (84%)', '❄️ 냉장·냉동 과잉 (78%)', '💸 배송비 상승 (91%)', '⚡ 복합 스트레스 (60%)']","{'재고위험': '25.1%', '판매가능성': '13.2%', '점포이동적합': '14.0%', '비용절감': '18.3%', '폐기회피이익': '13.2%', '실행가능성': '12.8%', '이력보정': '3.3%'}",True,True,False,True,False,True,59.3,33.2,54.6,54.1,72.0,77.7,56.1,56.3,0.0,74.0,권장,보류,⏸️,130,HIGH,신뢰도 높음 ●,#2e7d32,,,74.0,권장,보류,-1,-1,False,False,,50.0,17016.0,19191.0,17016.0,17.24,17.990000000000002,17.24,34.0,443.0,360.0,329.0,재고 이동,재고 이동,82.806,일치,82.806,54.416,31.298,18.372
냉동치킨030,홍대2점,구로점,223.0,재배치 추천,10707.0,프로모션 순비용이 재배치 비용보다 높습니다.,30.021414499043484,13.62994350282486,18,0,61.7,검토 가능,10707.0,223.0,164,False,Greedy 선택 후보보다 우선순위가 낮음,4.15,2145,234,2,냉동식품,300,223,125.0,29.0,300,268125.0,A,0.7549271720942319,1,100.0,56.2,6.41,NORMAL,68.8,False,57.1,MEDIUM,유통기한 임박 | 신선/냉장 고위험 카테고리,3.6,16.0,0.0,SAFE,"재고 여유 — 현재고(234), 재주문점(16)",0.0,153.4,37.0,98729.0,50.2,OVER,과잉 발주 위험 — 현재(230개) > EOQ(153개). 발주 주기 37일 권장,50.2,29.0,4.14,5.85,2.43,STABLE,56.5,0.5,WMA,0.5,36.1,10.0,3.62,10.0,7.5,5.0,POOR,낮은 매칭 · 핵심(A)상품,0.998,50.0,STABLE,11.0,LOW,73.1,HIGH,22.3,48.2,86.4,0.3,30.0,630195.0,100.0,0.385,0.385,88.5,True,18.9,358,30.9,237,100.0,0.999,4.9,75.7,50.0,DISCOUNT,78.3,2,99.8,72.3,26.6,disposal_risk,60.9,검토 필요,106,HEURISTIC 29% | ABC 14% | TURNOVER 14% | DISPOSAL_RISK 14% | SAFETY_STOCK 8% | EOQ 7% | DEMAND_FORECAST 7% | MATCH 5%,"['⏰ 유통기한 임박 (84%)', '❄️ 냉장·냉동 과잉 (78%)', '💸 배송비 상승 (91%)', '⚡ 복합 스트레스 (60%)']","{'재고위험': '25.1%', '판매가능성': '13.2%', '점포이동적합': '14.0%', '비용절감': '18.3%', '폐기회피이익': '13.2%', '실행가능성': '12.8%', '이력보정': '3.3%'}",True,True,False,True,False,True,62.4,33.0,55.0,56.5,72.0,73.7,55.3,57.0,0.0,81.2,최적,보류,⏸️,91,HIGH,신뢰도 높음 ●,#2e7d32,,,81.2,최적,보류,-1,-1,False,False,,50.0,10707.0,23295.0,10707.0,10.23,22.55,10.23,20.0,431.0,223.0,410.0,재고 이동,재고 이동,83.042,일치,83.042,54.076,30.767,21.747
죽003,역삼점,신촌점,284.0,재배치 추천,14460.0,프로모션 순비용이 재배치 비용보다 높습니다.,25.735088370499387,17.937853107344633,18,0,61.7,검토 가능,14460.0,284.0,165,False,Greedy 선택 후보보다 우선순위가 낮음,5.01,1867,312,4,간편식,150,284,150.0,35.0,150,280050.0,A,0.7812158286916832,1,100.0,62.4,5.77,SLOW,65.3,True,51.2,MEDIUM,유통기한 임박,4.3,19.3,0.0,SAFE,"재고 여유 — 현재고(312), 재주문점(19)",0.0,211.0,42.1,86666.0,45.8,OPTIMAL,"적정 발주 — EOQ(211개), 권장 발주 주기 42일",45.8,35.0,5.0,7.07,2.93,STABLE,62.4,0.0,WMA,0.0,36.1,10.0,3.6,10.0,7.5,5.0,POOR,낮은 매칭 · 핵심(A)상품,0.998,50.0,STABLE,12.2,LOW,66.1,MEDIUM,28.0,28.1,86.3,0.3,30.0,664414.0,100.0,0.385,0.385,88.5,False,16.1,431,28.8,277,100.0,0.999,4.9,75.7,50.0,DISCOUNT,78.1,2,99.8,72.3,27.5,disposal_risk,58.3,검토 필요,146,HEURISTIC 29% | ABC 14% | TURNOVER 14% | DISPOSAL_RISK 14% | SAFETY_STOCK 8% | EOQ 7% | DEMAND_FORECAST 7% | MATCH 5%,"['⏰ 유통기한 임박 (84%)', '❄️ 냉장·냉동 과잉 (78%)', '💸 배송비 상승 (91%)', '⚡ 복합 스트레스 (60%)']","{'재고위험': '25.1%', '판매가능성': '13.2%', '점포이동적합': '14.0%', '비용절감': '18.3%', '폐기회피이익': '13.2%', '실행가능성': '12.8%', '이력보정': '3.3%'}",True,True,False,True,False,True,58.8,32.7,54.6,55.8,72.0,66.9,53.8,55.1,0.0,58.3,검토,보류,⏸️,214,HIGH,신뢰도 높음 ●,#2e7d32,,,58.3,검토,보류,-1,0,False,False,,50.0,14460.0,18921.0,14460.0,14.4,17.689999999999998,14.4,29.0,862.0,284.0,783.0,재고 이동,재고 이동,89.037,일치,89.037,57.887,29.648,13.205
탄산음료035,마포점,합정점,360.0,재배치 추천,19137.0,프로모션 순비용이 재배치 비용보다 높습니다.,20.39345572909231,23.30508474576271,18,0,61.7,검토 가능,19137.0,360.0,166,False,Greedy 선택 후보보다 우선순위가 낮음,7.48,1933,380,2,음료,300,360,224.0,52.0,300,432992.0,A,0.7681404439540753,1,100.0,50.9,7.07,NORMAL,71.7,False,48.4,MEDIUM,유통기한 임박,6.4,28.8,0.0,SAFE,"재고 여유 — 현재고(380), 재주문점(29)",0.0,280.1,37.4,97465.0,33.4,OPTIMAL,"적정 발주 — EOQ(280개), 권장 발주 주기 37일",33.4,52.1,7.44,10.53,4.36,STABLE,51.1,1.2,WMA,1.2,36.2,10.0,3.66,10.0,7.5,5.0,POOR,낮은 매칭 · 핵심(A)상품,0.993,49.8,STABLE,10.1,LOW,73.1,HIGH,32.8,41.4,83.6,0.3,30.0,923919.0,100.0,0.385,0.385,88.5,False,20.3,301,27.3,311,100.0,0.999,4.9,74.9,50.0,DISCOUNT,78.0,2,99.8,72.3,26.8,turnover,58.8,검토 필요,138,HEURISTIC 29% | ABC 14% | TURNOVER 14% | DISPOSAL_RISK 14% | SAFETY_STOCK 8% | EOQ 7% | DEMAND_FORECAST 7% | MATCH 5%,"['⏰ 유통기한 임박 (84%)', '❄️ 냉장·냉동 과잉 (78%)', '💸 배송비 상승 (91%)', '⚡ 복합 스트레스 (60%)']","{'재고위험': '25.1%', '판매가능성': '13.2%', '점포이동적합': '14.0%', '비용절감': '18.3%', '폐기회피이익': '13.2%', '실행가능성': '12.8%', '이력보정': '3.3%'}",True,True,False,True,False,True,59.3,33.2,54.2,53.9,72.0,69.5,56.1,55.2,0.0,60.2,검토,보류,⏸️,204,HIGH,신뢰도 높음 ●,#2e7d32,,,60.2,검토,보류,-1,-1,False,False,,50.0,0.0,19137.0,19137.0,0.0,17.93,17.93,36.0,443.0,360.0,370.0,재고 이동,재고 이동,83.652,일치,83.652,54.941,30.655,15.979
냉동돈까스049,역삼점,잠실점,181.0,재배치 추천,8151.0,프로모션 순비용이 재배치 비용보다 높습니다.,32.94063900865146,10.663841807909606,18,0,61.6,검토 가능,8151.0,181.0,167,False,Greedy 선택 후보보다 우선순위가 낮음,1.04,1991,239,40,냉동식품,500,181,31.0,7.0,500,61721.0,C,0.9891341650234772,3,20.0,231.3,1.56,DEAD,0.0,True,36.0,LOW,소진일수 231일 초과 | 신선/냉장 고위험 카테고리,0.9,4.0,0.0,SAFE,"재고 여유 — 현재고(239), 재주문점(4)",0.0,79.7,76.6,47617.0,100.0,OVER,과잉 발주 위험 — 현재(238개) > EOQ(80개). 발주 주기 77일 권장,100.0,7.1,1.01,1.44,0.59,STABLE,235.6,0.0,WMA,0.0,25.5,10.0,0.0,3.0,7.5,5.0,POOR,낮은 매칭,0.962,49.0,STABLE,36.0,LOW,43.3,MEDIUM,30.3,44.7,96.3,0.3,30.0,514794.0,100.0,0.385,0.385,88.5,True,12.0,483,26.6,348,100.0,0.999,4.9,78.2,50.0,DISCOUNT,77.9,2,99.8,72.3,53.7,disposal_risk,30.4,후순위,476,HEURISTIC 29% | ABC 14% | TURNOVER 14% | DISPOSAL_RISK 14% | SAFETY_STOCK 8% | EOQ 7% | DEMAND_FORECAST 7% | MATCH 5%,"['⏰ 유통기한 임박 (84%)', '❄️ 냉장·냉동 과잉 (78%)', '💸 배송비 상승 (91%)', '⚡ 복합 스트레스 (60%)']","{'재고위험': '25.1%', '판매가능성': '13.2%', '점포이동적합': '14.0%', '비용절감': '18.3%', '폐기회피이익': '13.2%', '실행가능성': '12.8%', '이력보정': '3.3%'}",True,True,False,True,False,True,22.8,32.4,49.6,63.9,72.0,79.1,51.5,48.3,0.0,8.9,검토,보류,⏸️,479,HIGH,신뢰도 높음 ●,#2e7d32,,,8.9,검토,보류,-1,0,False,False,,50.0,8151.0,28947.0,8151.0,7.39,28.83,7.39,15.0,381.0,181.0,377.0,재고 이동,재고 이동,71.51,일치,71.51,57.541,33.383,16.185
탄산음료067,이태원점,명동점,360.0,재배치 추천,19209.0,프로모션 순비용이 재배치 비용보다 높습니다.,20.311224052765326,23.30508474576271,18,0,61.6,검토 가능,19209.0,360.0,168,False,Greedy 선택 후보보다 우선순위가 낮음,6.23,3575,386,3,음료,250,360,187.0,44.0,250,668525.0,A,0.3434406152679366,1,100.0,61.9,5.81,SLOW,65.6,True,54.0,MEDIUM,유통기한 임박,5.3,24.0,0.0,SAFE,"재고 여유 — 현재고(386), 재주문점(24)",0.0,188.0,30.2,120966.0,100.0,OVER,과잉 발주 위험 — 현재(381개) > EOQ(188개). 발주 주기 30일 권장,100.0,43.8,6.26,8.83,3.69,STABLE,61.7,0.0,WMA,0.0,36.1,10.0,3.6,10.0,7.5,5.0,POOR,낮은 매칭 · 핵심(A)상품,1.009,50.2,STABLE,12.0,LOW,69.6,MEDIUM,41.7,32.8,100.0,0.3,30.0,1615191.0,100.0,0.385,0.385,88.5,False,16.8,413,29.9,256,100.0,0.999,4.9,79.0,50.0,DISCOUNT,77.7,2,99.8,72.3,27.3,disposal_risk,62.8,검토 필요,87,HEURISTIC 29% | ABC 14% | TURNOVER 14% | DISPOSAL_RISK 14% | SAFETY_STOCK 8% | EOQ 7% | DEMAND_FORECAST 7% | MATCH 5%,"['⏰ 유통기한 임박 (84%)', '❄️ 냉장·냉동 과잉 (78%)', '💸 배송비 상승 (91%)', '⚡ 복합 스트레스 (60%)']","{'재고위험': '25.1%', '판매가능성': '13.2%', '점포이동적합': '14.0%', '비용절감': '18.3%', '폐기회피이익': '13.2%', '실행가능성': '12.8%', '이력보정': '3.3%'}",True,True,False,True,False,True,60.2,32.8,55.1,63.9,72.0,77.6,54.2,58.3,0.0,90.0,최적,보류,⏸️,44,HIGH,신뢰도 높음 ●,#2e7d32,,,90.0,최적,보류,-1,-1,False,False,,50.0,0.0,19209.0,19209.0,0.0,18.009999999999998,18.009999999999998,36.0,534.0,360.0,402.0,재고 이동,재고 이동,89.317,일치,89.317,60.155,33.382,14.076
마카롱008,압구정점,혜화점,185.0,재배치 추천,8529.0,프로모션 순비용이 재배치 비용보다 높습니다.,32.508922707934786,10.94632768361582,18,0,61.5,검토 가능,8529.0,185.0,169,False,Greedy 선택 후보보다 우선순위가 낮음,3.75,1335,310,3,디저트,250,295,112.0,26.0,250,149520.0,C,0.9603518970403913,3,20.0,83.0,4.34,SLOW,53.9,True,64.5,HIGH,유통기한 임박 | 소진일수 83일 초과,3.2,14.4,0.0,SAFE,"재고 여유 — 현재고(310), 재주문점(14)",0.0,202.5,54.0,67588.0,51.5,OVER,과잉 발주 위험 — 현재(307개) > EOQ(202개). 발주 주기 54일 권장,51.5,26.1,3.73,5.28,2.18,STABLE,83.1,0.0,WMA,0.0,33.9,10.0,8.4,3.0,7.5,5.0,POOR,낮은 매칭 · 폐기위험 높음,0.99,49.8,STABLE,16.3,LOW,69.6,MEDIUM,41.1,17.2,71.5,0.3,30.0,334091.0,100.0,0.385,0.385,88.5,False,19.4,339,34.7,182,100.0,0.999,4.9,70.7,50.0,DISCOUNT,77.6,2,99.8,72.3,44.7,disposal_risk,44.5,모니터링,362,HEURISTIC 29% | ABC 14% | TURNOVER 14% | DISPOSAL_RISK 14% | SAFETY_STOCK 8% | EOQ 7% | DEMAND_FORECAST 7% | MATCH 5%,"['⏰ 유통기한 임박 (84%)', '❄️ 냉장·냉동 과잉 (78%)', '💸 배송비 상승 (91%)', '⚡ 복합 스트레스 (60%)']","{'재고위험': '25.1%', '판매가능성': '13.2%', '점포이동적합': '14.0%', '비용절감': '18.3%', '폐기회피이익': '13.2%', '실행가능성': '12.8%', '이력보정': '3.3%'}",True,True,False,True,False,True,49.8,32.6,54.3,56.6,72.0,53.4,55.6,51.1,0.0,20.5,검토,할인 판매,🏷️,417,HIGH,신뢰도 높음 ●,#2e7d32,,,20.5,검토,할인 판매,-1,-1,False,False,,50.0,8529.0,24357.0,8529.0,7.81,23.73,7.81,16.0,200.0,295.0,185.0,재고 이동,재고 이동,71.736,일치,71.736,55.754,35.752,23.577
차음료041,명동점,건대점,221.0,재배치 추천,10743.0,프로모션 순비용이 재배치 비용보다 높습니다.,29.980298660879996,13.48870056497175,18,0,61.5,검토 가능,10743.0,221.0,170,False,Greedy 선택 후보보다 우선순위가 낮음,3.59,1367,341,6,음료,300,311,108.0,25.0,300,147636.0,B,0.9273282340169376,2,60.0,94.7,3.8,DEAD,47.4,True,60.0,HIGH,유통기한 임박 | 소진일수 95일 초과,3.1,13.9,0.0,SAFE,"재고 여유 — 현재고(341), 재주문점(14)",0.0,230.8,64.3,56782.0,46.4,OPTIMAL,"적정 발주 — EOQ(231개), 권장 발주 주기 64일",46.4,25.1,3.59,5.07,2.1,STABLE,95.1,0.0,WMA,0.0,36.9,10.0,8.4,6.0,7.5,5.0,POOR,낮은 매칭 · 폐기위험 높음,0.995,49.9,STABLE,18.6,LOW,59.1,MEDIUM,33.1,43.6,76.3,0.3,30.0,418085.0,100.0,0.385,0.385,88.5,False,18.4,374,34.1,196,100.0,0.999,4.9,72.5,50.0,DISCOUNT,77.5,2,99.8,72.3,45.2,disposal_risk,50.2,모니터링,277,HEURISTIC 29% | ABC 14% | TURNOVER 14% | DISPOSAL_RISK 14% | SAFETY_STOCK 8% | EOQ 7% | DEMAND_FORECAST 7% | MATCH 5%,"['⏰ 유통기한 임박 (84%)', '❄️ 냉장·냉동 과잉 (78%)', '💸 배송비 상승 (91%)', '⚡ 복합 스트레스 (60%)']","{'재고위험': '25.1%', '판매가능성': '13.2%', '점포이동적합': '14.0%', '비용절감': '18.3%', '폐기회피이익': '13.2%', '실행가능성': '12.8%', '이력보정': '3.3%'}",True,True,False,True,False,True,52.1,32.7,55.7,55.8,72.0,65.4,55.0,53.3,0.0,40.2,검토,할인 판매,🏷️,311,HIGH,신뢰도 높음 ●,#2e7d32,,,40.2,검토,할인 판매,-1,0,False,False,,50.0,10743.0,20631.0,10743.0,10.27,19.59,10.27,21.0,349.0,311.0,221.0,재고 이동,재고 이동,76.967,일치,76.967,54.063,33.191,20.756
마카롱063,상암점,동대문점,276.0,재배치 추천,14100.0,프로모션 순비용이 재배치 비용보다 높습니다.,26.14624675213431,17.372881355932204,18,0,61.5,검토 가능,14100.0,276.0,171,False,Greedy 선택 후보보다 우선순위가 낮음,1.75,1766,280,2,디저트,400,276,52.0,12.0,400,91832.0,B,0.8685943603940853,2,60.0,161.5,2.23,DEAD,10.3,True,68.0,HIGH,유통기한 임박 | 소진일수 162일 초과,1.5,6.8,0.0,SAFE,"재고 여유 — 현재고(280), 재주문점(7)",0.0,120.3,68.7,53104.0,100.0,OVER,과잉 발주 위험 — 현재(278개) > EOQ(120개). 발주 주기 69일 권장,100.0,12.1,1.73,2.45,1.01,STABLE,162.0,0.0,WMA,0.0,36.9,10.0,8.4,6.0,7.5,5.0,POOR,낮은 매칭 · 폐기위험 높음,0.98,49.5,STABLE,31.6,LOW,73.1,HIGH,42.3,35.2,73.7,0.3,30.0,681199.0,100.0,0.385,0.385,88.5,False,20.5,293,40.6,81,100.0,0.999,4.9,71.5,50.0,DISCOUNT,77.3,2,99.8,72.3,39.6,disposal_risk,49.7,모니터링,287,HEURISTIC 29% | ABC 14% | TURNOVER 14% | DISPOSAL_RISK 14% | SAFETY_STOCK 8% | EOQ 7% | DEMAND_FORECAST 7% | MATCH 5%,"['⏰ 유통기한 임박 (84%)', '❄️ 냉장·냉동 과잉 (78%)', '💸 배송비 상승 (91%)', '⚡ 복합 스트레스 (60%)']","{'재고위험': '25.1%', '판매가능성': '13.2%', '점포이동적합': '14.0%', '비용절감': '18.3%', '폐기회피이익': '13.2%', '실행가능성': '12.8%', '이력보정': '3.3%'}",True,True,False,True,False,True,45.9,32.6,56.9,63.8,72.0,60.9,56.2,52.8,0.0,34.6,검토,할인 판매,🏷️,341,HIGH,신뢰도 높음 ●,#2e7d32,,,34.6,검토,할인 판매,-1,-1,False,False,,50.0,14100.0,31449.0,14100.0,14.0,31.61,14.0,28.0,621.0,276.0,304.0,재고 이동,재고 이동,80.951,일치,80.951,62.353,37.383,16.422
죽003,홍대2점,방배점,288.0,재배치 추천,14964.0,프로모션 순비용이 재배치 비용보다 높습니다.,25.159466636210492,18.220338983050848,18,0,61.4,검토 가능,14964.0,288.0,172,False,Greedy 선택 후보보다 우선순위가 낮음,2.23,1867,306,6,간편식,150,288,67.0,16.0,150,125089.0,A,0.7812158286916832,1,100.0,137.0,2.63,DEAD,23.9,True,65.0,HIGH,유통기한 임박 | 소진일수 137일 초과,1.9,8.6,0.0,SAFE,"재고 여유 — 현재고(306), 재주문점(9)",0.0,140.8,63.1,57821.0,100.0,OVER,과잉 발주 위험 — 현재(304개) > EOQ(141개). 발주 주기 63일 권장,100.0,15.8,2.26,3.18,1.34,STABLE,135.6,0.0,WMA,0.0,40.9,10.0,8.4,10.0,7.5,5.0,FAIR,보통 매칭 · 폐기위험 높음 · 핵심(A)상품,1.025,50.6,STABLE,26.7,LOW,59.1,MEDIUM,37.9,49.9,60.8,0.3,30.0,673471.0,100.0,0.385,0.385,88.5,False,20.0,316,38.9,113,100.0,0.999,4.9,65.5,50.0,DISCOUNT,77.2,2,99.8,72.3,26.4,disposal_risk,59.5,검토 필요,130,HEURISTIC 29% | ABC 14% | TURNOVER 14% | DISPOSAL_RISK 14% | SAFETY_STOCK 8% | EOQ 7% | DEMAND_FORECAST 7% | MATCH 5%,"['⏰ 유통기한 임박 (84%)', '❄️ 냉장·냉동 과잉 (78%)', '💸 배송비 상승 (91%)', '⚡ 복합 스트레스 (60%)']","{'재고위험': '25.1%', '판매가능성': '13.2%', '점포이동적합': '14.0%', '비용절감': '18.3%', '폐기회피이익': '13.2%', '실행가능성': '12.8%', '이력보정': '3.3%'}",True,True,False,True,False,True,54.1,32.9,57.7,63.8,72.0,57.2,55.9,54.5,0.0,52.9,검토,할인 판매,🏷️,243,HIGH,신뢰도 높음 ●,#2e7d32,,,52.9,검토,할인 판매,-1,-1,False,False,,50.0,14964.0,21414.0,14964.0,14.96,20.46,14.96,30.0,862.0,288.0,747.0,재고 이동,재고 이동,92.711,일치,92.711,63.748,33.572,9.426
아이스라떼021,왕십리점,명동점,163.0,재배치 추천,7287.0,프로모션 순비용이 재배치 비용보다 높습니다.,33.92741912457528,9.392655367231638,18,0,61.3,검토 가능,7287.0,163.0,173,False,Greedy 선택 후보보다 우선순위가 낮음,7.32,3411,336,12,유제품,300,214,220.0,51.0,300,750420.0,A,0.3955185919274352,1,100.0,45.8,7.86,NORMAL,74.6,False,22.8,LOW,신선/냉장 고위험 카테고리,6.3,28.3,0.0,SAFE,"재고 여유 — 현재고(336), 재주문점(28)",0.0,149.6,20.4,178598.0,100.0,OVER,과잉 발주 위험 — 현재(330개) > EOQ(150개). 발주 주기 20일 권장,100.0,51.1,7.3,10.32,4.28,STABLE,46.0,1.9,WMA,1.9,32.6,10.0,0.1,10.0,7.5,5.0,POOR,낮은 매칭 · 핵심(A)상품,0.995,49.9,STABLE,9.1,LOW,43.3,MEDIUM,29.0,32.8,100.0,0.3,30.0,708805.0,100.0,0.385,0.385,88.5,True,22.0,211,16.2,487,100.0,0.999,4.9,79.0,50.0,DISCOUNT,77.1,2,99.8,72.3,24.2,turnover,57.4,검토 필요,163,HEURISTIC 29% | ABC 14% | TURNOVER 14% | DISPOSAL_RISK 14% | SAFETY_STOCK 8% | EOQ 7% | DEMAND_FORECAST 7% | MATCH 5%,"['⏰ 유통기한 임박 (84%)', '❄️ 냉장·냉동 과잉 (78%)', '💸 배송비 상승 (91%)', '⚡ 복합 스트레스 (60%)']","{'재고위험': '25.1%', '판매가능성': '13.2%', '점포이동적합': '14.0%', '비용절감': '18.3%', '폐기회피이익': '13.2%', '실행가능성': '12.8%', '이력보정': '3.3%'}",True,True,False,True,False,True,48.6,33.6,50.8,63.7,72.0,77.6,57.0,54.9,0.0,55.9,검토,보류,⏸️,227,HIGH,신뢰도 높음 ●,#2e7d32,,,55.9,검토,보류,0,-1,False,False,,50.0,7287.0,20694.0,7287.0,6.43,19.66,6.43,13.0,275.0,214.0,163.0,재고 이동,재고 이동,78.74,일치,78.74,49.123,26.697,25.859
아이스라떼021,왕십리점,잠실2점,209.0,재배치 추천,10167.0,프로모션 순비용이 재배치 비용보다 높습니다.,30.638152071495874,12.641242937853105,18,0,61.3,검토 가능,10167.0,209.0,174,False,Greedy 선택 후보보다 우선순위가 낮음,7.32,3411,336,12,유제품,300,214,220.0,51.0,300,750420.0,A,0.3955185919274352,1,100.0,45.8,7.86,NORMAL,74.6,False,22.8,LOW,신선/냉장 고위험 카테고리,6.3,28.3,0.0,SAFE,"재고 여유 — 현재고(336), 재주문점(28)",0.0,149.6,20.4,178598.0,100.0,OVER,과잉 발주 위험 — 현재(330개) > EOQ(150개). 발주 주기 20일 권장,100.0,51.1,7.3,10.32,4.28,STABLE,46.0,1.9,WMA,1.9,32.6,10.0,0.1,10.0,7.5,5.0,POOR,낮은 매칭 · 핵심(A)상품,0.995,49.9,STABLE,9.1,LOW,43.3,MEDIUM,28.3,30.0,87.4,0.3,30.0,908012.0,100.0,0.385,0.385,88.5,True,22.0,211,16.2,487,100.0,0.999,4.9,76.0,50.0,DISCOUNT,76.9,2,99.8,72.3,24.2,turnover,57.4,검토 필요,162,HEURISTIC 29% | ABC 14% | TURNOVER 14% | DISPOSAL_RISK 14% | SAFETY_STOCK 8% | EOQ 7% | DEMAND_FORECAST 7% | MATCH 5%,"['⏰ 유통기한 임박 (84%)', '❄️ 냉장·냉동 과잉 (78%)', '💸 배송비 상승 (91%)', '⚡ 복합 스트레스 (60%)']","{'재고위험': '25.1%', '판매가능성': '13.2%', '점포이동적합': '14.0%', '비용절감': '18.3%', '폐기회피이익': '13.2%', '실행가능성': '12.8%', '이력보정': '3.3%'}",True,True,False,True,False,True,48.6,33.6,50.5,63.7,72.0,68.3,57.0,53.6,0.0,42.8,검토,보류,⏸️,297,HIGH,신뢰도 높음 ●,#2e7d32,,,42.8,검토,보류,0,-1,False,False,,50.0,10167.0,19956.0,10167.0,9.63,18.84,9.63,19.0,275.0,214.0,209.0,재고 이동,재고 이동,79.687,일치,79.687,50.354,27.701,23.989
도시락016,혜화점,노원점,268.0,재배치 추천,13794.0,프로모션 순비용이 재배치 비용보다 높습니다.,26.495731376524,16.807909604519775,18,0,61.3,검토 가능,13794.0,268.0,175,False,Greedy 선택 후보보다 우선순위가 낮음,1.02,2297,381,3,신선식품,150,377,31.0,7.0,150,71207.0,B,0.9362765472469301,2,60.0,368.7,0.98,DEAD,0.0,True,78.0,HIGH,유통기한 임박 | 소진일수 369일 초과 | 신선/냉장 고위험 카테고리,0.9,4.0,0.0,SAFE,"재고 여유 — 현재고(381), 재주문점(4)",0.0,68.1,66.8,54709.0,100.0,OVER,과잉 발주 위험 — 현재(380개) > EOQ(68개). 발주 주기 67일 권장,100.0,7.1,1.01,1.44,0.59,STABLE,375.6,0.0,WMA,0.0,36.9,10.0,8.4,6.0,7.5,5.0,POOR,낮은 매칭 · 폐기위험 높음,0.98,49.5,STABLE,35.5,LOW,69.6,MEDIUM,32.2,35.1,98.9,0.3,30.0,765121.0,100.0,0.385,0.385,88.5,True,23.0,175,45.5,15,100.0,0.999,4.9,78.8,50.0,DISCOUNT,76.8,2,99.8,72.3,32.5,disposal_risk,50.1,모니터링,280,HEURISTIC 29% | ABC 14% | TURNOVER 14% | DISPOSAL_RISK 14% | SAFETY_STOCK 8% | EOQ 7% | DEMAND_FORECAST 7% | MATCH 5%,"['⏰ 유통기한 임박 (84%)', '❄️ 냉장·냉동 과잉 (78%)', '💸 배송비 상승 (91%)', '⚡ 복합 스트레스 (60%)']","{'재고위험': '25.1%', '판매가능성': '13.2%', '점포이동적합': '14.0%', '비용절감': '18.3%', '폐기회피이익': '13.2%', '실행가능성': '12.8%', '이력보정': '3.3%'}",True,True,False,True,False,True,47.6,32.6,58.6,63.7,72.0,77.6,57.6,55.6,0.0,66.1,권장,할인 판매,🏷️,172,HIGH,신뢰도 높음 ●,#2e7d32,,,66.1,권장,할인 판매,-1,-1,False,False,,50.0,13794.0,31476.0,13794.0,13.66,31.64,13.66,27.0,284.0,377.0,268.0,재고 이동,재고 이동,82.496,일치,82.496,64.876,38.261,15.444
샌드위치058,상암점,합정점,365.0,재배치 추천,19767.0,프로모션 순비용이 재배치 비용보다 높습니다.,19.67392856123119,23.65819209039548,18,0,61.3,검토 가능,19767.0,365.0,176,False,Greedy 선택 후보보다 우선순위가 낮음,4.7,717,384,3,신선식품,500,365,141.0,33.0,500,101097.0,C,0.9523365925254981,3,20.0,81.7,4.41,SLOW,54.6,True,73.8,HIGH,유통기한 임박 | 소진일수 82일 초과 | 신선/냉장 고위험 카테고리,4.0,18.1,0.0,SAFE,"재고 여유 — 현재고(384), 재주문점(18)",0.0,261.5,55.6,65613.0,45.3,OPTIMAL,"적정 발주 — EOQ(262개), 권장 발주 주기 56일",45.3,33.0,4.71,6.65,2.78,STABLE,81.5,0.0,WMA,0.0,33.9,10.0,8.4,3.0,7.5,5.0,POOR,낮은 매칭 · 폐기위험 높음,1.003,50.1,STABLE,15.9,LOW,69.6,MEDIUM,37.0,41.4,83.6,0.3,30.0,476779.0,100.0,0.385,0.385,88.5,True,21.8,222,38.3,131,100.0,0.999,4.9,74.9,50.0,DISCOUNT,76.7,2,99.8,72.3,40.8,disposal_risk,46.2,모니터링,336,HEURISTIC 29% | ABC 14% | TURNOVER 14% | DISPOSAL_RISK 14% | SAFETY_STOCK 8% | EOQ 7% | DEMAND_FORECAST 7% | MATCH 5%,"['⏰ 유통기한 임박 (84%)', '❄️ 냉장·냉동 과잉 (78%)', '💸 배송비 상승 (91%)', '⚡ 복합 스트레스 (60%)']","{'재고위험': '25.1%', '판매가능성': '13.2%', '점포이동적합': '14.0%', '비용절감': '18.3%', '폐기회피이익': '13.2%', '실행가능성': '12.8%', '이력보정': '3.3%'}",True,True,False,True,False,True,54.2,32.7,55.4,55.5,72.0,69.5,56.9,54.3,0.0,50.7,검토,할인 판매,🏷️,255,HIGH,신뢰도 높음 ●,#2e7d32,,,50.7,검토,할인 판매,-1,-1,False,False,,50.0,0.0,19767.0,19767.0,0.0,18.630000000000003,18.630000000000003,37.0,907.0,365.0,799.0,재고 이동,재고 이동,87.53,일치,87.53,61.178,34.917,7.416
샌드위치058,상암점,성수점,365.0,재배치 추천,19788.0,프로모션 순비용이 재배치 비용보다 높습니다.,19.649944322302485,23.65819209039548,18,0,61.3,검토 가능,19788.0,365.0,177,False,Greedy 선택 후보보다 우선순위가 낮음,4.7,717,384,3,신선식품,500,365,141.0,33.0,500,101097.0,C,0.9523365925254981,3,20.0,81.7,4.41,SLOW,54.6,True,73.8,HIGH,유통기한 임박 | 소진일수 82일 초과 | 신선/냉장 고위험 카테고리,4.0,18.1,0.0,SAFE,"재고 여유 — 현재고(384), 재주문점(18)",0.0,261.5,55.6,65613.0,45.3,OPTIMAL,"적정 발주 — EOQ(262개), 권장 발주 주기 56일",45.3,33.0,4.71,6.65,2.78,STABLE,81.5,0.0,WMA,0.0,33.9,10.0,8.4,3.0,7.5,5.0,POOR,낮은 매칭 · 폐기위험 높음,1.003,50.1,STABLE,15.9,LOW,69.6,MEDIUM,29.1,46.2,96.7,0.3,30.0,476758.0,100.0,0.385,0.385,88.5,True,21.8,222,38.3,131,100.0,0.999,4.9,78.3,50.0,DISCOUNT,76.5,2,99.8,72.3,40.8,disposal_risk,46.2,모니터링,337,HEURISTIC 29% | ABC 14% | TURNOVER 14% | DISPOSAL_RISK 14% | SAFETY_STOCK 8% | EOQ 7% | DEMAND_FORECAST 7% | MATCH 5%,"['⏰ 유통기한 임박 (84%)', '❄️ 냉장·냉동 과잉 (78%)', '💸 배송비 상승 (91%)', '⚡ 복합 스트레스 (60%)']","{'재고위험': '25.1%', '판매가능성': '13.2%', '점포이동적합': '14.0%', '비용절감': '18.3%', '폐기회피이익': '13.2%', '실행가능성': '12.8%', '이력보정': '3.3%'}",True,True,False,True,False,True,54.2,32.7,55.7,55.5,72.0,79.9,56.9,55.7,0.0,66.9,권장,할인 판매,🏷️,168,HIGH,신뢰도 높음 ●,#2e7d32,,,66.9,권장,할인 판매,-1,-1,False,True,11600.0,53.0,19788.0,21432.0,19788.0,20.32,20.48,20.32,41.0,907.0,365.0,814.0,재고 이동,재고 이동,87.602,일치,87.602,61.253,35.979,8.559
냉동피자064,방배점,동대문점,281.0,재배치 추천,14712.0,프로모션 순비용이 재배치 비용보다 높습니다.,25.447277503354936,17.725988700564972,18,0,61.2,검토 가능,14712.0,281.0,178,False,Greedy 선택 후보보다 우선순위가 낮음,3.76,3068,328,9,냉동식품,250,281,113.0,26.0,250,346684.0,A,0.5171757338216079,1,100.0,87.1,4.13,SLOW,51.6,True,51.7,MEDIUM,소진일수 87일 초과 | 신선/냉장 고위험 카테고리,3.2,14.5,0.0,SAFE,"재고 여유 — 현재고(328), 재주문점(14)",0.0,122.1,32.5,112390.0,100.0,OVER,과잉 발주 위험 — 현재(325개) > EOQ(122개). 발주 주기 32일 권장,100.0,26.1,3.73,5.28,2.18,STABLE,88.0,0.0,WMA,0.0,36.1,10.0,3.6,10.0,7.5,5.0,POOR,낮은 매칭 · 핵심(A)상품,0.988,49.7,STABLE,17.3,LOW,48.6,MEDIUM,27.0,35.2,73.7,0.3,30.0,1090068.0,100.0,0.385,0.385,88.5,True,16.4,426,30.3,248,100.0,0.999,4.9,71.5,50.0,DISCOUNT,76.4,2,99.8,72.2,29.4,disposal_risk,59.6,검토 필요,128,HEURISTIC 29% | ABC 14% | TURNOVER 14% | DISPOSAL_RISK 14% | SAFETY_STOCK 8% | EOQ 7% | DEMAND_FORECAST 7% | MATCH 5%,"['⏰ 유통기한 임박 (84%)', '❄️ 냉장·냉동 과잉 (78%)', '💸 배송비 상승 (91%)', '⚡ 복합 스트레스 (60%)']","{'재고위험': '25.1%', '판매가능성': '13.2%', '점포이동적합': '14.0%', '비용절감': '18.3%', '폐기회피이익': '13.2%', '실행가능성': '12.8%', '이력보정': '3.3%'}",True,True,False,True,False,True,55.5,32.6,54.5,63.7,72.0,60.9,53.9,54.8,0.0,54.6,검토,보류,⏸️,234,HIGH,신뢰도 높음 ●,#2e7d32,,,54.6,검토,보류,-1,-1,False,False,,50.0,14712.0,26112.0,14712.0,14.68,25.68,14.68,29.0,638.0,281.0,599.0,재고 이동,재고 이동,88.8,일치,88.8,59.615,32.569,14.178
케이크078,혜화점,잠실점,289.0,재배치 추천,15153.0,프로모션 순비용이 재배치 비용보다 높습니다.,24.943608485852153,18.2909604519774,18,0,61.2,검토 가능,15153.0,289.0,179,False,Greedy 선택 후보보다 우선순위가 낮음,2.44,2650,315,3,디저트,300,305,73.0,17.0,300,193450.0,A,0.64225766471405,1,100.0,129.5,2.78,DEAD,28.1,True,68.0,HIGH,유통기한 임박 | 소진일수 130일 초과,2.1,9.4,0.0,SAFE,"재고 여유 — 현재고(315), 재주문점(9)",0.0,115.9,47.5,76813.0,100.0,OVER,과잉 발주 위험 — 현재(313개) > EOQ(116개). 발주 주기 48일 권장,100.0,17.0,2.43,3.44,1.42,STABLE,129.7,0.0,WMA,0.0,40.9,10.0,8.4,10.0,7.5,5.0,FAIR,보통 매칭 · 폐기위험 높음 · 핵심(A)상품,0.995,49.9,STABLE,25.2,LOW,69.6,MEDIUM,23.4,44.7,96.3,0.3,30.0,990567.0,100.0,0.385,0.385,88.5,False,20.8,277,39.7,100,100.0,0.999,4.9,78.2,50.0,DISCOUNT,76.3,2,99.8,72.2,26.4,disposal_risk,60.7,검토 필요,112,HEURISTIC 29% | ABC 14% | TURNOVER 14% | DISPOSAL_RISK 14% | SAFETY_STOCK 8% | EOQ 7% | DEMAND_FORECAST 7% | MATCH 5%,"['⏰ 유통기한 임박 (84%)', '❄️ 냉장·냉동 과잉 (78%)', '💸 배송비 상승 (91%)', '⚡ 복합 스트레스 (60%)']","{'재고위험': '25.1%', '판매가능성': '13.2%', '점포이동적합': '14.0%', '비용절감': '18.3%', '폐기회피이익': '13.2%', '실행가능성': '12.8%', '이력보정': '3.3%'}",True,True,False,True,False,True,56.6,32.7,59.2,63.7,72.0,79.1,56.4,58.1,0.0,88.7,최적,할인 판매,🏷️,51,HIGH,신뢰도 높음 ●,#2e7d32,,,88.7,최적,할인 판매,-1,0,False,False,,50.0,15153.0,22197.0,15153.0,15.17,21.33,15.17,30.0,351.0,305.0,289.0,재고 이동,재고 이동,86.402,일치,86.402,60.339,35.537,16.492
차음료024,사당점,잠실2점,299.0,재배치 추천,15792.0,프로모션 순비용이 재배치 비용보다 높습니다.,24.21380235845016,18.997175141242938,18,0,61.2,검토 가능,15792.0,299.0,180,False,Greedy 선택 후보보다 우선순위가 낮음,4.96,2550,305,1,음료,250,299,149.0,35.0,250,379950.0,A,0.3697636250984765,1,100.0,61.4,5.86,SLOW,65.9,True,53.7,MEDIUM,유통기한 임박,4.3,19.2,0.0,SAFE,"재고 여유 — 현재고(305), 재주문점(19)",0.0,198.6,40.0,91158.0,51.4,OVER,과잉 발주 위험 — 현재(301개) > EOQ(199개). 발주 주기 40일 권장,51.4,34.9,4.99,7.03,2.94,STABLE,61.2,0.0,WMA,0.0,36.1,10.0,3.6,10.0,7.5,5.0,POOR,낮은 매칭 · 핵심(A)상품,1.008,50.2,STABLE,12.0,LOW,76.6,HIGH,40.8,30.0,87.4,0.3,30.0,973898.0,100.0,0.385,0.385,88.5,False,16.9,411,29.8,260,100.0,0.999,4.9,76.0,50.0,DISCOUNT,76.1,2,99.8,72.2,27.3,disposal_risk,59.0,검토 필요,136,HEURISTIC 29% | ABC 14% | TURNOVER 14% | DISPOSAL_RISK 14% | SAFETY_STOCK 8% | EOQ 7% | DEMAND_FORECAST 7% | MATCH 5%,"['⏰ 유통기한 임박 (84%)', '❄️ 냉장·냉동 과잉 (78%)', '💸 배송비 상승 (91%)', '⚡ 복합 스트레스 (60%)']","{'재고위험': '25.1%', '판매가능성': '13.2%', '점포이동적합': '14.0%', '비용절감': '18.3%', '폐기회피이익': '13.2%', '실행가능성': '12.8%', '이력보정': '3.3%'}",True,True,False,True,False,True,60.1,32.8,54.8,56.4,72.0,68.3,54.2,55.7,0.0,67.2,권장,보류,⏸️,166,HIGH,신뢰도 높음 ●,#2e7d32,,,67.2,권장,보류,-1,-1,False,False,,50.0,15792.0,30972.0,15792.0,15.88,31.08,15.88,32.0,412.0,299.0,383.0,재고 이동,재고 이동,82.406,일치,82.406,55.043,32.947,18.907
마카롱075,용산점,명동점,156.0,재배치 추천,7053.0,프로모션 순비용이 재배치 비용보다 높습니다.,34.194672072637985,8.898305084745763,18,0,61.1,검토 가능,7053.0,156.0,181,False,Greedy 선택 후보보다 우선순위가 낮음,5.5,3054,163,1,디저트,500,156,165.0,38.0,500,503910.0,A,0.0854475137823289,1,100.0,29.6,12.15,FAST,83.6,False,38.0,LOW,유통기한 임박,4.7,21.2,0.0,SAFE,"재고 여유 — 현재고(163), 재주문점(21)",0.0,162.2,29.5,123803.0,1.9,OPTIMAL,"적정 발주 — EOQ(162개), 권장 발주 주기 30일",1.9,38.2,5.46,7.73,3.19,STABLE,29.9,5.1,WMA,5.1,32.8,10.0,0.26,10.0,7.5,5.0,POOR,낮은 매칭 · 핵심(A)상품,0.987,49.7,STABLE,6.1,LOW,76.6,HIGH,27.1,32.8,100.0,0.3,30.0,642656.0,100.0,0.385,0.385,88.5,False,53.6,20,21.8,469,100.0,0.999,4.9,79.0,50.0,DISCOUNT,76.0,2,99.8,72.2,24.3,turnover,57.7,검토 필요,156,HEURISTIC 29% | ABC 14% | TURNOVER 14% | DISPOSAL_RISK 14% | SAFETY_STOCK 8% | EOQ 7% | DEMAND_FORECAST 7% | MATCH 5%,"['⏰ 유통기한 임박 (84%)', '❄️ 냉장·냉동 과잉 (78%)', '💸 배송비 상승 (91%)', '⚡ 복합 스트레스 (60%)']","{'재고위험': '25.1%', '판매가능성': '13.2%', '점포이동적합': '14.0%', '비용절감': '18.3%', '폐기회피이익': '13.2%', '실행가능성': '12.8%', '이력보정': '3.3%'}",True,True,False,True,False,True,57.8,35.2,52.0,48.9,72.0,77.6,74.4,54.9,0.0,55.1,검토,보류,⏸️,231,HIGH,신뢰도 높음 ●,#2e7d32,,,55.1,검토,보류,-1,-1,False,False,,50.0,7053.0,16410.0,7053.0,6.17,14.9,6.17,12.0,615.0,156.0,584.0,재고 이동,재고 이동,79.215,일치,79.215,47.787,24.021,23.412
죽003,마포점,방배점,334.0,재배치 추천,18069.0,프로모션 순비용이 재배치 비용보다 높습니다.,21.613225594609258,21.468926553672315,18,0,61.1,검토 가능,18069.0,334.0,182,False,Greedy 선택 후보보다 우선순위가 낮음,1.77,1867,338,2,간편식,150,334,53.0,12.0,150,98951.0,A,0.7812158286916832,1,100.0,191.3,1.88,DEAD,0.0,True,73.0,HIGH,유통기한 임박 | 소진일수 191일 초과,1.5,6.8,0.0,SAFE,"재고 여유 — 현재고(338), 재주문점(7)",0.0,125.4,70.8,51513.0,100.0,OVER,과잉 발주 위험 — 현재(336개) > EOQ(125개). 발주 주기 71일 권장,100.0,12.2,1.74,2.47,1.01,STABLE,193.9,0.0,WMA,0.0,40.9,10.0,8.4,10.0,7.5,5.0,FAIR,보통 매칭 · 폐기위험 높음 · 핵심(A)상품,0.969,49.2,STABLE,35.8,LOW,73.1,HIGH,37.9,49.9,60.8,0.3,30.0,780325.0,100.0,0.385,0.385,88.5,False,22.0,211,44.4,23,100.0,0.999,4.9,65.5,50.0,DISCOUNT,75.9,2,99.8,72.2,18.6,disposal_risk,57.2,검토 필요,169,HEURISTIC 29% | ABC 14% | TURNOVER 14% | DISPOSAL_RISK 14% | SAFETY_STOCK 8% | EOQ 7% | DEMAND_FORECAST 7% | MATCH 5%,"['⏰ 유통기한 임박 (84%)', '❄️ 냉장·냉동 과잉 (78%)', '💸 배송비 상승 (91%)', '⚡ 복합 스트레스 (60%)']","{'재고위험': '25.1%', '판매가능성': '13.2%', '점포이동적합': '14.0%', '비용절감': '18.3%', '폐기회피이익': '13.2%', '실행가능성': '12.8%', '이력보정': '3.3%'}",True,True,False,True,False,True,51.4,32.5,58.8,63.6,72.0,57.2,57.0,53.9,0.0,46.2,검토,할인 판매,🏷️,279,HIGH,신뢰도 높음 ●,#2e7d32,,,46.2,검토,할인 판매,-1,-1,False,False,,50.0,18069.0,23718.0,18069.0,18.41,23.02,18.41,37.0,862.0,334.0,747.0,재고 이동,재고 이동,93.765,일치,93.765,66.308,35.649,5.804
차음료024,교대점,문래점,278.0,재배치 추천,14703.0,프로모션 순비용이 재배치 비용보다 높습니다.,25.457556462895813,17.51412429378531,18,0,61.0,검토 가능,14703.0,278.0,183,False,Greedy 선택 후보보다 우선순위가 낮음,5.08,2550,285,1,음료,250,278,152.0,36.0,250,387600.0,A,0.3697636250984765,1,100.0,56.2,6.4,NORMAL,68.8,False,51.1,MEDIUM,유통기한 임박,4.4,19.6,0.0,SAFE,"재고 여유 — 현재고(285), 재주문점(20)",0.0,201.0,39.6,92254.0,39.6,OPTIMAL,"적정 발주 — EOQ(201개), 권장 발주 주기 40일",39.6,35.8,5.11,7.21,3.02,STABLE,55.7,0.6,WMA,0.6,36.1,10.0,3.63,10.0,7.5,5.0,POOR,낮은 매칭 · 핵심(A)상품,1.012,50.3,STABLE,10.9,LOW,76.6,HIGH,35.6,47.9,90.2,0.3,30.0,905477.0,100.0,0.385,0.385,88.5,False,17.9,388,28.5,285,100.0,0.999,4.9,76.7,50.0,DISCOUNT,75.7,2,99.8,72.2,27.2,disposal_risk,58.3,검토 필요,147,HEURISTIC 29% | ABC 14% | TURNOVER 14% | DISPOSAL_RISK 14% | SAFETY_STOCK 8% | EOQ 7% | DEMAND_FORECAST 7% | MATCH 5%,"['⏰ 유통기한 임박 (84%)', '❄️ 냉장·냉동 과잉 (78%)', '💸 배송비 상승 (91%)', '⚡ 복합 스트레스 (60%)']","{'재고위험': '25.1%', '판매가능성': '13.2%', '점포이동적합': '14.0%', '비용절감': '18.3%', '폐기회피이익': '13.2%', '실행가능성': '12.8%', '이력보정': '3.3%'}",True,True,False,True,False,True,59.7,33.1,54.6,54.5,72.0,76.1,54.8,56.3,0.0,73.4,권장,보류,⏸️,133,HIGH,신뢰도 높음 ●,#2e7d32,,,73.4,권장,보류,-1,-1,False,False,,50.0,14703.0,24555.0,14703.0,14.67,23.950000000000003,14.67,29.0,412.0,278.0,411.0,재고 이동,재고 이동,81.852,일치,81.852,53.695,31.093,19.62
딸기우유054,신촌점,문래점,164.0,재배치 추천,7692.0,프로모션 순비용이 재배치 비용보다 높습니다.,33.464865945235985,9.463276836158192,18,0,60.9,검토 가능,7692.0,164.0,184,False,Greedy 선택 후보보다 우선순위가 낮음,3.1,1828,172,2,유제품,300,164,93.0,22.0,300,170004.0,B,0.9443179613862073,2,60.0,55.5,6.49,NORMAL,69.2,False,58.7,MEDIUM,유통기한 임박 | 신선/냉장 고위험 카테고리,2.7,12.0,0.0,SAFE,"재고 여유 — 현재고(172), 재주문점(12)",0.0,133.0,42.9,85084.0,27.3,OPTIMAL,"적정 발주 — EOQ(133개), 권장 발주 주기 43일",27.3,21.9,3.13,4.41,1.85,STABLE,55.0,0.7,WMA,0.7,32.1,10.0,3.64,6.0,7.5,5.0,POOR,낮은 매칭,1.014,50.3,STABLE,10.8,LOW,73.1,HIGH,29.1,47.9,90.2,0.3,30.0,401258.0,100.0,0.385,0.385,88.5,True,20.0,316,30.7,239,100.0,0.999,4.9,76.7,50.0,DISCOUNT,75.6,2,99.8,72.2,40.9,disposal_risk,50.9,모니터링,263,HEURISTIC 29% | ABC 14% | TURNOVER 14% | DISPOSAL_RISK 14% | SAFETY_STOCK 8% | EOQ 7% | DEMAND_FORECAST 7% | MATCH 5%,"['⏰ 유통기한 임박 (84%)', '❄️ 냉장·냉동 과잉 (78%)', '💸 배송비 상승 (91%)', '⚡ 복합 스트레스 (60%)']","{'재고위험': '25.1%', '판매가능성': '13.2%', '점포이동적합': '14.0%', '비용절감': '18.3%', '폐기회피이익': '13.2%', '실행가능성': '12.8%', '이력보정': '3.3%'}",True,True,False,True,False,True,57.3,33.1,53.3,52.6,72.0,76.1,55.9,55.1,0.0,58.7,검토,보류,⏸️,212,HIGH,신뢰도 높음 ●,#2e7d32,,,58.7,검토,보류,0,-1,False,False,,50.0,7692.0,19029.0,7692.0,6.88,17.810000000000002,6.88,14.0,738.0,164.0,729.0,재고 이동,재고 이동,81.098,일치,81.098,53.237,29.39,18.961
도시락050,여의도2점,왕십리점,282.0,재배치 추천,15045.0,프로모션 순비용이 재배치 비용보다 높습니다.,25.066956000342632,17.796610169491526,18,0,60.9,검토 가능,15045.0,282.0,185,False,Greedy 선택 후보보다 우선순위가 낮음,2.13,2437,296,5,신선식품,500,282,64.0,15.0,500,155968.0,A,0.7269288129371255,1,100.0,138.8,2.59,DEAD,22.9,True,70.0,HIGH,유통기한 임박 | 소진일수 139일 초과 | 신선/냉장 고위험 카테고리,1.8,8.2,0.0,SAFE,"재고 여유 — 현재고(296), 재주문점(8)",0.0,95.5,44.8,81433.0,100.0,OVER,과잉 발주 위험 — 현재(294개) > EOQ(96개). 발주 주기 45일 권장,100.0,15.0,2.14,3.02,1.26,STABLE,138.1,0.0,WMA,0.0,40.9,10.0,8.4,10.0,7.5,5.0,FAIR,보통 매칭 · 폐기위험 높음 · 핵심(A)상품,1.006,50.2,STABLE,27.0,LOW,62.6,MEDIUM,39.7,23.6,84.2,0.3,30.0,950636.0,100.0,0.385,0.385,88.5,True,21.3,246,41.0,65,100.0,0.999,4.9,75.1,50.0,DISCOUNT,75.5,2,99.8,72.2,25.2,disposal_risk,60.1,검토 필요,121,HEURISTIC 29% | ABC 14% | TURNOVER 14% | DISPOSAL_RISK 14% | SAFETY_STOCK 8% | EOQ 7% | DEMAND_FORECAST 7% | MATCH 5%,"['⏰ 유통기한 임박 (84%)', '❄️ 냉장·냉동 과잉 (78%)', '💸 배송비 상승 (91%)', '⚡ 복합 스트레스 (60%)']","{'재고위험': '25.1%', '판매가능성': '13.2%', '점포이동적합': '14.0%', '비용절감': '18.3%', '폐기회피이익': '13.2%', '실행가능성': '12.8%', '이력보정': '3.3%'}",True,True,False,True,False,True,56.1,32.8,59.1,63.5,72.0,64.0,56.6,56.0,0.0,70.2,권장,할인 판매,🏷️,150,HIGH,신뢰도 높음 ●,#2e7d32,,,70.2,권장,할인 판매,-1,0,False,False,,50.0,15045.0,23079.0,15045.0,15.05,22.31,15.05,30.0,703.0,282.0,658.0,재고 이동,재고 이동,91.182,일치,91.182,63.26,34.615,11.161
컵밥028,여의도점,명동점,203.0,재배치 추천,10176.0,프로모션 순비용이 재배치 비용보다 높습니다.,30.627873111955,12.217514124293785,18,0,60.8,검토 가능,10176.0,203.0,186,False,Greedy 선택 후보보다 우선순위가 낮음,0.93,2250,351,0,간편식,400,350,28.0,7.0,400,63000.0,B,0.8797560606755863,2,60.0,376.1,0.96,DEAD,0.0,True,75.0,HIGH,유통기한 임박 | 소진일수 376일 초과,0.8,3.6,0.0,SAFE,"재고 여유 — 현재고(351), 재주문점(4)",0.0,82.8,89.0,40991.0,100.0,OVER,과잉 발주 위험 — 현재(350개) > EOQ(83개). 발주 주기 89일 권장,100.0,6.8,0.97,1.36,0.59,STABLE,361.3,0.0,WMA,0.0,36.9,10.0,8.4,6.0,7.5,5.0,POOR,낮은 매칭 · 폐기위험 높음,1.075,51.9,STABLE,35.0,LOW,78.3,HIGH,27.4,32.8,100.0,0.3,30.0,619124.0,100.0,0.385,0.385,88.5,False,22.3,204,44.2,24,100.0,0.999,4.9,79.0,50.0,DISCOUNT,75.3,2,99.8,72.2,33.9,disposal_risk,49.0,모니터링,302,HEURISTIC 29% | ABC 14% | TURNOVER 14% | DISPOSAL_RISK 14% | SAFETY_STOCK 8% | EOQ 7% | DEMAND_FORECAST 7% | MATCH 5%,"['⏰ 유통기한 임박 (84%)', '❄️ 냉장·냉동 과잉 (78%)', '💸 배송비 상승 (91%)', '⚡ 복합 스트레스 (60%)']","{'재고위험': '25.1%', '판매가능성': '13.2%', '점포이동적합': '14.0%', '비용절감': '18.3%', '폐기회피이익': '13.2%', '실행가능성': '12.8%', '이력보정': '3.3%'}",True,True,False,True,False,True,46.2,33.3,58.3,63.4,72.0,77.6,57.2,55.3,0.0,61.7,검토,할인 판매,🏷️,196,HIGH,신뢰도 높음 ●,#2e7d32,,,61.7,검토,할인 판매,0,-1,False,False,,50.0,10176.0,24177.0,10176.0,9.64,23.53,9.64,19.0,256.0,350.0,203.0,재고 이동,재고 이동,79.779,일치,79.779,62.986,36.87,17.845
커피013,여의도2점,왕십리점,280.0,재배치 추천,15045.0,프로모션 순비용이 재배치 비용보다 높습니다.,25.066956000342632,17.65536723163842,18,0,60.7,검토 가능,15045.0,280.0,187,False,Greedy 선택 후보보다 우선순위가 낮음,1.29,1543,287,4,음료,500,280,39.0,9.0,500,60177.0,B,0.9087869865371656,2,60.0,220.8,1.63,DEAD,0.0,True,60.0,HIGH,유통기한 임박 | 소진일수 221일 초과,1.1,5.0,0.0,SAFE,"재고 여유 — 현재고(287), 재주문점(5)",0.0,130.2,100.9,36163.0,100.0,OVER,과잉 발주 위험 — 현재(286개) > EOQ(130개). 발주 주기 101일 권장,100.0,9.0,1.29,1.82,0.75,STABLE,223.2,0.0,WMA,0.0,36.9,10.0,8.4,6.0,7.5,5.0,POOR,낮은 매칭 · 폐기위험 높음,0.997,49.9,STABLE,35.1,LOW,66.1,MEDIUM,45.9,23.6,84.2,0.3,30.0,643403.0,100.0,0.385,0.385,88.5,False,18.6,369,38.2,135,100.0,0.999,4.9,75.1,50.0,DISCOUNT,75.2,2,99.8,72.1,39.5,disposal_risk,45.5,모니터링,348,HEURISTIC 29% | ABC 14% | TURNOVER 14% | DISPOSAL_RISK 14% | SAFETY_STOCK 8% | EOQ 7% | DEMAND_FORECAST 7% | MATCH 5%,"['⏰ 유통기한 임박 (84%)', '❄️ 냉장·냉동 과잉 (78%)', '💸 배송비 상승 (91%)', '⚡ 복합 스트레스 (60%)']","{'재고위험': '25.1%', '판매가능성': '13.2%', '점포이동적합': '14.0%', '비용절감': '18.3%', '폐기회피이익': '13.2%', '실행가능성': '12.8%', '이력보정': '3.3%'}",True,True,False,True,False,True,39.5,32.7,56.8,63.4,72.0,64.0,55.1,51.5,0.0,22.7,검토,할인 판매,🏷️,405,HIGH,신뢰도 높음 ●,#2e7d32,,,22.7,검토,할인 판매,-1,0,False,False,,50.0,15045.0,23079.0,15045.0,15.05,22.31,15.05,30.0,926.0,280.0,645.0,재고 이동,재고 이동,85.785,일치,85.785,62.481,34.459,8.876
차음료039,종로점,명동점,325.0,재배치 추천,17886.0,프로모션 순비용이 재배치 비용보다 높습니다.,21.822231105273676,20.833333333333336,18,0,60.7,검토 가능,17886.0,325.0,188,False,Greedy 선택 후보보다 우선순위가 낮음,4.47,1058,337,2,음료,400,325,134.0,31.0,400,141772.0,A,0.7122615727681944,1,100.0,75.4,4.77,SLOW,58.1,True,60.7,HIGH,유통기한 임박 | 소진일수 75일 초과,3.8,17.2,0.0,SAFE,"재고 여유 — 현재고(337), 재주문점(17)",0.0,292.7,65.5,55742.0,13.8,OPTIMAL,"적정 발주 — EOQ(293개), 권장 발주 주기 66일",13.8,31.1,4.44,6.29,2.6,STABLE,75.9,0.0,WMA,0.0,40.9,10.0,8.4,10.0,7.5,5.0,FAIR,보통 매칭 · 폐기위험 높음 · 핵심(A)상품,0.991,49.8,STABLE,14.9,LOW,73.1,HIGH,41.7,32.8,100.0,0.3,30.0,524734.0,100.0,0.385,0.385,88.5,False,19.1,345,34.2,191,100.0,0.999,4.9,79.0,50.0,DISCOUNT,75.1,2,99.8,72.1,28.1,disposal_risk,57.5,검토 필요,161,HEURISTIC 29% | ABC 14% | TURNOVER 14% | DISPOSAL_RISK 14% | SAFETY_STOCK 8% | EOQ 7% | DEMAND_FORECAST 7% | MATCH 5%,"['⏰ 유통기한 임박 (84%)', '❄️ 냉장·냉동 과잉 (78%)', '💸 배송비 상승 (91%)', '⚡ 복합 스트레스 (60%)']","{'재고위험': '25.1%', '판매가능성': '13.2%', '점포이동적합': '14.0%', '비용절감': '18.3%', '폐기회피이익': '13.2%', '실행가능성': '12.8%', '이력보정': '3.3%'}",True,True,False,True,False,True,61.2,32.6,58.1,50.5,72.0,77.6,55.4,56.5,0.0,76.2,권장,할인 판매,🏷️,118,HIGH,신뢰도 높음 ●,#2e7d32,,,76.2,권장,할인 판매,0,-1,False,False,,50.0,0.0,17886.0,17886.0,0.0,16.54,16.54,33.0,706.0,325.0,623.0,재고 이동,재고 이동,85.633,일치,85.633,56.479,30.134,13.192
딸기우유014,동대문점,홍대점,224.0,재배치 추천,11679.0,프로모션 순비용이 재배치 비용보다 높습니다.,28.911286868629187,13.700564971751412,18,0,60.6,검토 가능,11679.0,224.0,189,False,Greedy 선택 후보보다 우선순위가 낮음,5.48,2852,331,0,유제품,400,324,164.0,38.0,400,467728.0,A,0.560656640638992,1,100.0,60.5,5.95,SLOW,66.4,True,63.3,HIGH,유통기한 임박 | 신선/냉장 고위험 카테고리,4.7,21.1,0.0,SAFE,"재고 여유 — 현재고(331), 재주문점(21)",0.0,141.6,25.8,141301.0,100.0,OVER,과잉 발주 위험 — 현재(326개) > EOQ(142개). 발주 주기 26일 권장,100.0,38.1,5.44,7.7,3.18,STABLE,60.8,0.0,WMA,0.0,40.9,10.0,8.4,10.0,7.5,5.0,FAIR,보통 매칭 · 폐기위험 높음 · 핵심(A)상품,0.991,49.8,STABLE,12.0,LOW,78.3,HIGH,37.7,50.8,83.4,0.3,30.0,844539.0,100.0,0.385,0.385,88.5,True,19.7,327,34.5,186,100.0,0.999,4.9,74.8,50.0,DISCOUNT,74.9,2,99.8,72.1,26.6,disposal_risk,65.5,검토 필요,56,HEURISTIC 29% | ABC 14% | TURNOVER 14% | DISPOSAL_RISK 14% | SAFETY_STOCK 8% | EOQ 7% | DEMAND_FORECAST 7% | MATCH 5%,"['⏰ 유통기한 임박 (84%)', '❄️ 냉장·냉동 과잉 (78%)', '💸 배송비 상승 (91%)', '⚡ 복합 스트레스 (60%)']","{'재고위험': '25.1%', '판매가능성': '13.2%', '점포이동적합': '14.0%', '비용절감': '18.3%', '폐기회피이익': '13.2%', '실행가능성': '12.8%', '이력보정': '3.3%'}",True,True,False,True,False,True,64.6,32.6,57.8,63.3,72.0,72.5,55.7,59.0,0.0,94.6,최적,할인 판매,🏷️,19,HIGH,신뢰도 높음 ●,#2e7d32,,,94.6,최적,할인 판매,-1,0,False,False,,50.0,11679.0,27300.0,11679.0,11.31,27.0,11.31,23.0,278.0,324.0,224.0,재고 이동,재고 이동,84.464,일치,84.464,56.656,33.989,22.445
샐러드069,압구정점,마포점,310.0,재배치 추천,17016.0,프로모션 순비용이 재배치 비용보다 높습니다.,22.815863860891415,19.774011299435028,18,0,60.6,검토 가능,17016.0,310.0,190,False,Greedy 선택 후보보다 우선순위가 낮음,2.85,3082,345,9,신선식품,250,310,86.0,20.0,250,265052.0,A,0.6610542014354238,1,100.0,120.3,2.99,DEAD,33.2,True,57.1,MEDIUM,소진일수 120일 초과 | 신선/냉장 고위험 카테고리,2.4,11.0,0.0,SAFE,"재고 여유 — 현재고(345), 재주문점(11)",0.0,98.2,34.5,105930.0,100.0,OVER,과잉 발주 위험 — 현재(343개) > EOQ(98개). 발주 주기 34일 권장,100.0,20.0,2.86,4.03,1.68,STABLE,120.8,0.0,WMA,0.0,36.1,10.0,3.6,10.0,7.5,5.0,POOR,낮은 매칭 · 핵심(A)상품,1.003,50.1,STABLE,23.5,LOW,48.6,MEDIUM,41.7,23.3,78.8,0.3,30.0,1206988.0,100.0,0.385,0.385,88.5,True,17.9,388,34.0,199,100.0,0.999,4.9,73.4,50.0,DISCOUNT,74.8,2,99.8,72.1,29.0,disposal_risk,57.4,검토 필요,166,HEURISTIC 29% | ABC 14% | TURNOVER 14% | DISPOSAL_RISK 14% | SAFETY_STOCK 8% | EOQ 7% | DEMAND_FORECAST 7% | MATCH 5%,"['⏰ 유통기한 임박 (84%)', '❄️ 냉장·냉동 과잉 (78%)', '💸 배송비 상승 (91%)', '⚡ 복합 스트레스 (60%)']","{'재고위험': '25.1%', '판매가능성': '13.2%', '점포이동적합': '14.0%', '비용절감': '18.3%', '폐기회피이익': '13.2%', '실행가능성': '12.8%', '이력보정': '3.3%'}",True,True,False,True,False,True,53.0,32.7,55.4,63.3,72.0,60.3,54.8,54.2,0.0,49.7,검토,보류,⏸️,260,HIGH,신뢰도 높음 ●,#2e7d32,,,49.7,검토,보류,-1,-1,False,False,,50.0,17016.0,19191.0,17016.0,17.24,17.990000000000002,17.24,34.0,938.0,310.0,645.0,재고 이동,재고 이동,90.426,일치,90.426,61.894,33.243,10.742
마카롱008,목동점,상암점,174.0,재배치 추천,8673.0,프로모션 순비용이 재배치 비용보다 높습니다.,32.34445935528082,10.16949152542373,18,0,60.5,검토 가능,8673.0,174.0,191,False,Greedy 선택 후보보다 우선순위가 낮음,2.46,1335,177,0,디저트,250,174,74.0,17.0,250,98790.0,C,0.9603518970403913,3,20.0,71.8,5.02,SLOW,60.1,True,60.9,HIGH,유통기한 임박 | 소진일수 72일 초과,2.1,9.5,0.0,SAFE,"재고 여유 — 현재고(177), 재주문점(10)",0.0,164.0,66.7,54742.0,6.6,OPTIMAL,"적정 발주 — EOQ(164개), 권장 발주 주기 67일",6.6,17.1,2.44,3.46,1.43,STABLE,72.5,0.0,WMA,0.0,33.9,10.0,8.4,3.0,7.5,5.0,POOR,낮은 매칭 · 폐기위험 높음,0.987,49.7,STABLE,14.3,LOW,78.3,HIGH,38.7,35.6,64.6,0.3,30.0,313575.0,100.0,0.385,0.385,88.5,False,18.7,366,32.7,213,100.0,0.999,4.9,67.5,50.0,DISCOUNT,74.7,2,99.8,72.1,44.5,disposal_risk,40.8,모니터링,406,HEURISTIC 29% | ABC 14% | TURNOVER 14% | DISPOSAL_RISK 14% | SAFETY_STOCK 8% | EOQ 7% | DEMAND_FORECAST 7% | MATCH 5%,"['⏰ 유통기한 임박 (84%)', '❄️ 냉장·냉동 과잉 (78%)', '💸 배송비 상승 (91%)', '⚡ 복합 스트레스 (60%)']","{'재고위험': '25.1%', '판매가능성': '13.2%', '점포이동적합': '14.0%', '비용절감': '18.3%', '폐기회피이익': '13.2%', '실행가능성': '12.8%', '이력보정': '3.3%'}",True,True,False,True,False,True,49.9,32.6,53.5,49.3,72.0,54.9,55.2,49.9,0.0,14.1,검토,할인 판매,🏷️,451,HIGH,신뢰도 높음 ●,#2e7d32,,,14.1,검토,할인 판매,-1,-1,False,False,,50.0,8673.0,25851.0,8673.0,7.97,25.39,7.97,16.0,200.0,174.0,189.0,재고 이동,재고 이동,64.985,일치,64.985,50.979,34.596,26.789
푸딩059,여의도2점,잠원점,215.0,재배치 추천,11337.0,프로모션 순비용이 재배치 비용보다 높습니다.,29.301887331182364,13.064971751412429,18,0,60.4,검토 가능,11337.0,215.0,192,False,Greedy 선택 후보보다 우선순위가 낮음,1.95,2758,253,14,디저트,250,215,58.0,14.0,250,159964.0,A,0.6794441020955618,1,100.0,130.9,2.75,DEAD,27.3,True,30.0,LOW,소진일수 131일 초과,1.7,7.6,0.0,SAFE,"재고 여유 — 현재고(253), 재주문점(8)",0.0,101.6,52.1,70054.0,100.0,OVER,과잉 발주 위험 — 현재(251개) > EOQ(102개). 발주 주기 52일 권장,100.0,13.9,1.99,2.79,1.18,STABLE,127.4,0.0,WMA,0.0,32.5,10.0,0.0,10.0,7.5,5.0,POOR,낮은 매칭 · 핵심(A)상품,1.026,50.6,STABLE,25.2,LOW,43.3,MEDIUM,30.9,46.3,85.2,0.3,30.0,753977.0,100.0,0.385,0.385,88.5,False,11.6,489,22.8,455,100.0,0.999,4.9,75.4,50.0,DISCOUNT,74.5,2,99.8,72.1,29.7,disposal_risk,49.1,모니터링,300,HEURISTIC 29% | ABC 14% | TURNOVER 14% | DISPOSAL_RISK 14% | SAFETY_STOCK 8% | EOQ 7% | DEMAND_FORECAST 7% | MATCH 5%,"['⏰ 유통기한 임박 (84%)', '❄️ 냉장·냉동 과잉 (78%)', '💸 배송비 상승 (91%)', '⚡ 복합 스트레스 (60%)']","{'재고위험': '25.1%', '판매가능성': '13.2%', '점포이동적합': '14.0%', '비용절감': '18.3%', '폐기회피이익': '13.2%', '실행가능성': '12.8%', '이력보정': '3.3%'}",True,True,False,True,False,True,39.2,32.9,51.7,63.2,72.0,72.2,51.3,51.8,0.0,24.8,검토,보류,⏸️,394,HIGH,신뢰도 높음 ●,#2e7d32,,,24.8,검토,보류,-1,-1,False,False,,50.0,11337.0,19875.0,11337.0,10.93,18.75,10.93,22.0,304.0,215.0,271.0,재고 이동,재고 이동,79.674,일치,79.674,52.753,28.613,18.842
아이스라떼045,강남2점,건대점,185.0,재배치 추천,9564.0,프로모션 순비용이 재배치 비용보다 높습니다.,31.326842360734375,10.94632768361582,18,0,60.3,검토 가능,9564.0,185.0,193,False,Greedy 선택 후보보다 우선순위가 낮음,7.62,3303,206,2,유제품,300,185,229.0,53.0,300,756387.0,A,0.196863839439598,1,100.0,27.0,13.34,FAST,85.0,False,46.0,MEDIUM,유통기한 임박 | 신선/냉장 고위험 카테고리,6.5,29.4,0.0,SAFE,"재고 여유 — 현재고(206), 재주문점(29)",0.0,155.1,20.4,179313.0,28.6,OPTIMAL,"적정 발주 — EOQ(155개), 권장 발주 주기 20일",28.6,53.1,7.59,10.73,4.44,STABLE,27.2,6.3,WMA,6.3,36.4,10.0,3.91,10.0,7.5,5.0,POOR,낮은 매칭 · 핵심(A)상품,0.994,49.8,STABLE,5.4,LOW,73.1,HIGH,37.9,43.6,76.3,0.3,30.0,779202.0,100.0,0.385,0.385,88.5,True,65.9,14,25.7,390,100.0,0.999,4.9,72.5,50.0,DISCOUNT,74.4,1,100.0,72.1,25.1,turnover,62.9,검토 필요,86,HEURISTIC 29% | ABC 14% | TURNOVER 14% | DISPOSAL_RISK 14% | SAFETY_STOCK 8% | EOQ 7% | DEMAND_FORECAST 7% | MATCH 5%,"['⏰ 유통기한 임박 (84%)', '❄️ 냉장·냉동 과잉 (78%)', '💸 배송비 상승 (91%)', '⚡ 복합 스트레스 (60%)']","{'재고위험': '25.1%', '판매가능성': '13.2%', '점포이동적합': '14.0%', '비용절감': '18.3%', '폐기회피이익': '13.2%', '실행가능성': '12.8%', '이력보정': '3.3%'}",True,True,False,True,False,True,61.7,35.8,53.8,52.5,72.0,65.4,81.2,55.3,0.0,61.5,검토,보류,⏸️,197,HIGH,신뢰도 높음 ●,#2e7d32,,,61.5,검토,보류,-1,0,False,False,,50.0,9564.0,24825.0,9564.0,8.96,24.25,8.96,18.0,875.0,185.0,783.0,재고 이동,재고 이동,83.844,일치,83.844,52.166,26.856,19.549
탄산음료035,성수점,합정점,313.0,재배치 추천,17439.0,프로모션 순비용이 재배치 비용보다 높습니다.,22.332752762470378,19.98587570621469,18,0,60.3,검토 가능,17439.0,313.0,194,False,Greedy 선택 후보보다 우선순위가 낮음,0.99,1933,314,1,음료,300,313,30.0,7.0,300,57990.0,A,0.7681404439540753,1,100.0,314.0,1.15,DEAD,0.0,True,68.0,HIGH,유통기한 임박 | 소진일수 314일 초과,0.8,3.8,0.0,SAFE,"재고 여유 — 현재고(314), 재주문점(4)",0.0,101.9,102.9,35458.0,100.0,OVER,과잉 발주 위험 — 현재(313개) > EOQ(102개). 발주 주기 103일 권장,100.0,7.0,1.0,1.41,0.59,STABLE,314.0,0.0,WMA,0.0,40.9,10.0,8.4,10.0,7.5,5.0,FAIR,보통 매칭 · 폐기위험 높음 · 핵심(A)상품,1.01,50.3,STABLE,35.0,LOW,76.6,HIGH,32.8,41.4,83.6,0.3,30.0,802496.0,100.0,0.385,0.385,88.5,False,20.9,273,42.1,47,100.0,0.999,4.9,74.9,50.0,DISCOUNT,74.3,2,99.8,72.1,20.1,disposal_risk,55.4,검토 필요,198,HEURISTIC 29% | ABC 14% | TURNOVER 14% | DISPOSAL_RISK 14% | SAFETY_STOCK 8% | EOQ 7% | DEMAND_FORECAST 7% | MATCH 5%,"['⏰ 유통기한 임박 (84%)', '❄️ 냉장·냉동 과잉 (78%)', '💸 배송비 상승 (91%)', '⚡ 복합 스트레스 (60%)']","{'재고위험': '25.1%', '판매가능성': '13.2%', '점포이동적합': '14.0%', '비용절감': '18.3%', '폐기회피이익': '13.2%', '실행가능성': '12.8%', '이력보정': '3.3%'}",True,True,False,True,False,True,49.1,32.8,59.3,63.2,72.0,69.5,56.4,55.0,0.0,57.2,검토,할인 판매,🏷️,220,HIGH,신뢰도 높음 ●,#2e7d32,,,57.2,검토,할인 판매,-1,-1,False,False,,50.0,17439.0,19785.0,17439.0,17.71,18.65,17.71,35.0,443.0,313.0,370.0,재고 이동,재고 이동,87.15,일치,87.15,61.726,35.225,12.27
우유048,동대문점,노원점,249.0,재배치 추천,13614.0,프로모션 순비용이 재배치 비용보다 높습니다.,26.701310567341462,15.466101694915254,18,0,60.2,검토 가능,13614.0,249.0,195,False,Greedy 선택 후보보다 우선순위가 낮음,2.71,2924,264,4,유제품,150,249,81.0,19.0,150,236844.0,A,0.5389976019852944,1,100.0,97.8,3.68,DEAD,45.7,True,68.0,HIGH,유통기한 임박 | 소진일수 98일 초과 | 신선/냉장 고위험 카테고리,2.3,10.4,0.0,SAFE,"재고 여유 — 현재고(264), 재주문점(10)",0.0,98.3,36.3,100613.0,100.0,OVER,과잉 발주 위험 — 현재(262개) > EOQ(98개). 발주 주기 36일 권장,100.0,19.0,2.71,3.83,1.6,STABLE,97.3,0.0,WMA,0.0,40.9,10.0,8.4,10.0,7.5,5.0,FAIR,보통 매칭 · 폐기위험 높음 · 핵심(A)상품,1.002,50.0,STABLE,18.9,LOW,66.1,MEDIUM,24.1,35.1,98.9,0.3,30.0,897427.0,100.0,0.385,0.385,88.5,True,20.9,273,38.1,138,100.0,0.999,4.9,78.8,50.0,DISCOUNT,74.1,2,99.8,72.0,27.6,disposal_risk,62.9,검토 필요,85,HEURISTIC 29% | ABC 14% | TURNOVER 14% | DISPOSAL_RISK 14% | SAFETY_STOCK 8% | EOQ 7% | DEMAND_FORECAST 7% | MATCH 5%,"['⏰ 유통기한 임박 (84%)', '❄️ 냉장·냉동 과잉 (78%)', '💸 배송비 상승 (91%)', '⚡ 복합 스트레스 (60%)']","{'재고위험': '25.1%', '판매가능성': '13.2%', '점포이동적합': '14.0%', '비용절감': '18.3%', '폐기회피이익': '13.2%', '실행가능성': '12.8%', '이력보정': '3.3%'}",True,True,False,True,False,True,61.2,32.7,58.9,63.1,72.0,77.6,56.4,59.0,0.0,94.1,최적,할인 판매,🏷️,22,HIGH,신뢰도 높음 ●,#2e7d32,,,94.1,최적,할인 판매,-1,-1,False,False,,50.0,13614.0,32358.0,13614.0,13.46,32.62,13.46,27.0,511.0,249.0,483.0,재고 이동,재고 이동,86.547,일치,86.547,59.447,35.123,17.433
탄산음료067,홍대2점,홍대점,284.0,재배치 추천,15789.0,프로모션 순비용이 재배치 비용보다 높습니다.,24.21722867829712,17.937853107344633,18,0,60.2,검토 가능,15789.0,284.0,196,False,Greedy 선택 후보보다 우선순위가 낮음,2.01,3575,298,5,음료,250,284,60.0,14.0,250,214500.0,A,0.3434406152679366,1,100.0,149.0,2.42,DEAD,17.2,True,60.0,HIGH,유통기한 임박 | 소진일수 149일 초과,1.7,7.7,0.0,SAFE,"재고 여유 — 현재고(298), 재주문점(8)",0.0,106.8,53.1,68710.0,100.0,OVER,과잉 발주 위험 — 현재(296개) > EOQ(107개). 발주 주기 53일 권장,100.0,14.0,2.0,2.83,1.17,STABLE,149.0,0.0,WMA,0.0,40.9,10.0,8.4,10.0,7.5,5.0,FAIR,보통 매칭 · 폐기위험 높음 · 핵심(A)상품,0.995,49.9,STABLE,29.0,LOW,62.6,MEDIUM,38.0,50.8,83.4,0.3,30.0,1273571.0,100.0,0.385,0.385,88.5,False,19.0,348,37.4,157,100.0,0.999,4.9,74.8,50.0,DISCOUNT,74.0,2,99.8,72.0,26.4,disposal_risk,56.3,검토 필요,182,HEURISTIC 29% | ABC 14% | TURNOVER 14% | DISPOSAL_RISK 14% | SAFETY_STOCK 8% | EOQ 7% | DEMAND_FORECAST 7% | MATCH 5%,"['⏰ 유통기한 임박 (84%)', '❄️ 냉장·냉동 과잉 (78%)', '💸 배송비 상승 (91%)', '⚡ 복합 스트레스 (60%)']","{'재고위험': '25.1%', '판매가능성': '13.2%', '점포이동적합': '14.0%', '비용절감': '18.3%', '폐기회피이익': '13.2%', '실행가능성': '12.8%', '이력보정': '3.3%'}",True,True,False,True,False,True,50.1,32.7,58.4,63.1,72.0,72.5,55.4,55.4,0.0,63.9,검토,할인 판매,🏷️,184,HIGH,신뢰도 높음 ●,#2e7d32,,,63.9,검토,할인 판매,-1,0,False,False,,50.0,0.0,15789.0,15789.0,0.0,14.21,14.21,28.0,534.0,284.0,473.0,재고 이동,재고 이동,87.764,일치,87.764,60.349,32.134,12.087
커피019,신림점,명동점,245.0,재배치 추천,13389.0,프로모션 순비용이 재배치 비용보다 높습니다.,26.958284555863287,15.18361581920904,18,0,60.1,검토 가능,13389.0,245.0,197,False,Greedy 선택 후보보다 우선순위가 낮음,2.49,1307,258,4,음료,300,245,75.0,17.0,300,98025.0,B,0.8993652640154297,2,60.0,103.2,3.49,DEAD,42.7,True,60.0,HIGH,유통기한 임박 | 소진일수 103일 초과,2.1,9.6,0.0,SAFE,"재고 여유 — 현재고(258), 재주문점(10)",0.0,196.5,78.9,46240.0,30.2,OPTIMAL,"적정 발주 — EOQ(196개), 권장 발주 주기 79일",30.2,17.2,2.46,3.48,1.43,STABLE,105.0,0.0,WMA,0.0,36.9,10.0,8.4,6.0,7.5,5.0,POOR,낮은 매칭 · 폐기위험 높음,0.975,49.4,STABLE,20.8,LOW,66.1,MEDIUM,41.7,32.8,100.0,0.3,30.0,444369.0,100.0,0.385,0.385,88.5,False,18.7,366,34.6,183,100.0,0.999,4.9,79.0,50.0,DISCOUNT,73.9,2,99.8,72.0,46.1,disposal_risk,47.1,모니터링,328,HEURISTIC 29% | ABC 14% | TURNOVER 14% | DISPOSAL_RISK 14% | SAFETY_STOCK 8% | EOQ 7% | DEMAND_FORECAST 7% | MATCH 5%,"['⏰ 유통기한 임박 (84%)', '❄️ 냉장·냉동 과잉 (78%)', '💸 배송비 상승 (91%)', '⚡ 복합 스트레스 (60%)']","{'재고위험': '25.1%', '판매가능성': '13.2%', '점포이동적합': '14.0%', '비용절감': '18.3%', '폐기회피이익': '13.2%', '실행가능성': '12.8%', '이력보정': '3.3%'}",True,True,False,True,False,True,50.9,32.5,56.4,52.6,72.0,77.6,55.2,54.1,0.0,47.9,검토,할인 판매,🏷️,270,HIGH,신뢰도 높음 ●,#2e7d32,,,47.9,검토,할인 판매,-1,-1,False,False,,50.0,13389.0,23547.0,13389.0,13.21,22.83,13.21,26.0,696.0,245.0,526.0,재고 이동,재고 이동,78.326,일치,78.326,54.253,32.598,16.429
치즈001,신촌점,성수점,264.0,재배치 추천,14577.0,프로모션 순비용이 재배치 비용보다 높습니다.,25.601461896468038,16.52542372881356,18,0,60.1,검토 가능,14577.0,264.0,198,False,Greedy 선택 후보보다 우선순위가 낮음,1.15,1331,268,3,유제품,300,264,34.0,8.0,300,45254.0,C,0.9970954629585115,3,20.0,236.5,1.52,DEAD,0.0,True,76.0,HIGH,유통기한 임박 | 소진일수 236일 초과 | 신선/냉장 고위험 카테고리,1.0,4.4,0.0,SAFE,"재고 여유 — 현재고(268), 재주문점(4)",0.0,94.9,82.5,44220.0,100.0,OVER,과잉 발주 위험 — 현재(267개) > EOQ(95개). 발주 주기 82일 권장,100.0,8.0,1.14,1.62,0.67,STABLE,234.5,0.0,WMA,0.0,33.9,10.0,8.4,3.0,7.5,5.0,POOR,낮은 매칭 · 폐기위험 높음,0.994,49.8,STABLE,35.2,LOW,69.6,MEDIUM,31.1,46.2,96.7,0.3,30.0,486284.0,100.0,0.385,0.385,88.5,True,22.6,192,44.0,26,100.0,0.999,4.9,78.3,50.0,DISCOUNT,73.7,2,99.8,72.0,37.9,disposal_risk,40.6,모니터링,408,HEURISTIC 29% | ABC 14% | TURNOVER 14% | DISPOSAL_RISK 14% | SAFETY_STOCK 8% | EOQ 7% | DEMAND_FORECAST 7% | MATCH 5%,"['⏰ 유통기한 임박 (84%)', '❄️ 냉장·냉동 과잉 (78%)', '💸 배송비 상승 (91%)', '⚡ 복합 스트레스 (60%)']","{'재고위험': '25.1%', '판매가능성': '13.2%', '점포이동적합': '14.0%', '비용절감': '18.3%', '폐기회피이익': '13.2%', '실행가능성': '12.8%', '이력보정': '3.3%'}",True,True,False,True,False,True,40.7,32.6,56.9,63.1,72.0,79.9,57.3,53.8,0.0,45.1,검토,할인 판매,🏷️,285,HIGH,신뢰도 높음 ●,#2e7d32,,,45.1,검토,할인 판매,0,-1,False,False,,50.0,14577.0,17175.0,14577.0,14.53,15.75,14.53,29.0,847.0,264.0,760.0,재고 이동,재고 이동,85.329,일치,85.329,66.249,36.567,8.923
마카롱063,강남점,구로점,297.0,재배치 추천,16602.0,프로모션 순비용이 재배치 비용보다 높습니다.,23.288695999771576,18.85593220338983,18,0,60.1,검토 가능,16602.0,297.0,199,False,Greedy 선택 후보보다 우선순위가 낮음,3.48,1766,301,0,디저트,400,297,104.0,24.0,400,183664.0,B,0.8685943603940853,2,60.0,86.8,4.15,SLOW,51.8,True,68.4,HIGH,유통기한 임박 | 소진일수 87일 초과,3.0,13.4,0.0,SAFE,"재고 여유 — 현재고(301), 재주문점(13)",0.0,169.6,48.7,74886.0,75.7,OVER,과잉 발주 위험 — 현재(298개) > EOQ(170개). 발주 주기 49일 권장,75.7,24.1,3.44,4.88,2.01,STABLE,87.4,0.0,WMA,0.0,36.9,10.0,8.4,6.0,7.5,5.0,POOR,낮은 매칭 · 폐기위험 높음,0.985,49.6,STABLE,17.2,LOW,78.3,HIGH,26.2,48.2,86.4,0.3,30.0,731600.0,100.0,0.385,0.385,88.5,False,20.8,277,37.0,163,100.0,0.999,4.9,75.7,50.0,DISCOUNT,73.6,2,99.8,72.0,42.5,disposal_risk,53.8,모니터링,217,HEURISTIC 29% | ABC 14% | TURNOVER 14% | DISPOSAL_RISK 14% | SAFETY_STOCK 8% | EOQ 7% | DEMAND_FORECAST 7% | MATCH 5%,"['⏰ 유통기한 임박 (84%)', '❄️ 냉장·냉동 과잉 (78%)', '💸 배송비 상승 (91%)', '⚡ 복합 스트레스 (60%)']","{'재고위험': '25.1%', '판매가능성': '13.2%', '점포이동적합': '14.0%', '비용절감': '18.3%', '폐기회피이익': '13.2%', '실행가능성': '12.8%', '이력보정': '3.3%'}",True,True,False,True,False,True,57.0,32.6,56.6,59.4,72.0,73.7,56.4,56.4,0.0,74.9,권장,할인 판매,🏷️,125,HIGH,신뢰도 높음 ●,#2e7d32,,,74.9,권장,할인 판매,0,-1,False,False,,50.0,16602.0,26940.0,16602.0,16.78,26.6,16.78,34.0,621.0,297.0,554.0,재고 이동,재고 이동,84.453,일치,84.453,58.982,35.843,14.772
라면071,구로점,강남2점,313.0,재배치 추천,17619.0,프로모션 순비용이 재배치 비용보다 높습니다.,22.12717357165291,19.98587570621469,18,0,60.1,검토 가능,17619.0,313.0,200,False,Greedy 선택 후보보다 우선순위가 낮음,7.28,664,343,3,간편식,150,313,218.0,51.0,150,144752.0,C,0.9938134999524716,3,20.0,47.2,7.63,NORMAL,73.8,False,51.6,MEDIUM,유통기한 임박,6.2,28.0,0.0,SAFE,"재고 여유 — 현재고(343), 재주문점(28)",0.0,426.5,58.6,62303.0,16.8,OPTIMAL,"적정 발주 — EOQ(426개), 권장 발주 주기 59일",16.8,51.0,7.29,10.29,4.28,STABLE,47.1,1.7,WMA,1.7,29.2,10.0,3.68,3.0,7.5,5.0,POOR,낮은 매칭,1.001,50.0,STABLE,9.2,LOW,69.6,MEDIUM,27.7,18.9,77.1,0.3,30.0,278729.0,100.0,0.385,0.385,88.5,False,24.5,130,27.0,324,100.0,0.999,4.9,72.8,50.0,DISCOUNT,73.5,2,99.8,72.0,42.3,turnover,41.4,모니터링,401,HEURISTIC 29% | ABC 14% | TURNOVER 14% | DISPOSAL_RISK 14% | SAFETY_STOCK 8% | EOQ 7% | DEMAND_FORECAST 7% | MATCH 5%,"['⏰ 유통기한 임박 (84%)', '❄️ 냉장·냉동 과잉 (78%)', '💸 배송비 상승 (91%)', '⚡ 복합 스트레스 (60%)']","{'재고위험': '25.1%', '판매가능성': '13.2%', '점포이동적합': '14.0%', '비용절감': '18.3%', '폐기회피이익': '13.2%', '실행가능성': '12.8%', '이력보정': '3.3%'}",True,True,False,True,False,True,49.3,33.6,50.8,50.6,72.0,57.7,58.4,50.1,0.0,14.7,검토,보류,⏸️,448,HIGH,신뢰도 높음 ●,#2e7d32,,,14.7,검토,보류,-1,-1,False,False,,50.0,17619.0,28371.0,17619.0,17.91,28.189999999999998,17.91,36.0,483.0,313.0,321.0,재고 이동,재고 이동,71.739,일치,71.739,51.329,34.568,19.853
냉동피자064,방배점,청량리점,281.0,재배치 추천,15846.0,프로모션 순비용이 재배치 비용보다 높습니다.,24.15212860120492,17.725988700564972,18,0,59.9,검토 가능,15846.0,281.0,201,False,Greedy 선택 후보보다 우선순위가 낮음,3.76,3068,328,9,냉동식품,250,281,113.0,26.0,250,346684.0,A,0.5171757338216079,1,100.0,87.1,4.13,SLOW,51.6,True,51.7,MEDIUM,소진일수 87일 초과 | 신선/냉장 고위험 카테고리,3.2,14.5,0.0,SAFE,"재고 여유 — 현재고(328), 재주문점(14)",0.0,122.1,32.5,112390.0,100.0,OVER,과잉 발주 위험 — 현재(325개) > EOQ(122개). 발주 주기 32일 권장,100.0,26.1,3.73,5.28,2.18,STABLE,88.0,0.0,WMA,0.0,36.1,10.0,3.6,10.0,7.5,5.0,POOR,낮은 매칭 · 핵심(A)상품,0.988,49.7,STABLE,17.3,LOW,48.6,MEDIUM,32.8,49.2,72.1,0.3,30.0,1088934.0,100.0,0.385,0.385,88.5,True,16.7,416,30.2,250,100.0,0.999,4.9,70.9,50.0,DISCOUNT,73.3,2,99.8,72.0,29.6,disposal_risk,58.6,검토 필요,141,HEURISTIC 29% | ABC 14% | TURNOVER 14% | DISPOSAL_RISK 14% | SAFETY_STOCK 8% | EOQ 7% | DEMAND_FORECAST 7% | MATCH 5%,"['⏰ 유통기한 임박 (84%)', '❄️ 냉장·냉동 과잉 (78%)', '💸 배송비 상승 (91%)', '⚡ 복합 스트레스 (60%)']","{'재고위험': '25.1%', '판매가능성': '13.2%', '점포이동적합': '14.0%', '비용절감': '18.3%', '폐기회피이익': '13.2%', '실행가능성': '12.8%', '이력보정': '3.3%'}",True,True,False,True,False,True,55.5,32.6,54.4,62.9,72.0,64.5,54.1,55.2,0.0,59.6,검토,보류,⏸️,207,HIGH,신뢰도 높음 ●,#2e7d32,,,59.6,검토,보류,-1,-1,False,False,,50.0,15846.0,26211.0,15846.0,15.94,25.79,15.94,32.0,638.0,281.0,598.0,재고 이동,재고 이동,87.472,일치,87.472,58.952,32.767,14.405
커피013,마포점,왕십리점,301.0,재배치 추천,17052.0,프로모션 순비용이 재배치 비용보다 높습니다.,22.77474802272792,19.138418079096045,18,0,59.9,검토 가능,17052.0,301.0,202,False,Greedy 선택 후보보다 우선순위가 낮음,6.53,1543,337,4,음료,500,301,196.0,46.0,500,302428.0,B,0.9087869865371656,2,60.0,51.6,6.98,NORMAL,71.3,False,40.8,MEDIUM,유통기한 임박,5.6,25.2,0.0,SAFE,"재고 여유 — 현재고(337), 재주문점(25)",0.0,292.9,44.9,81362.0,13.1,OPTIMAL,"적정 발주 — EOQ(293개), 권장 발주 주기 45일",13.1,45.9,6.56,9.25,3.86,STABLE,51.4,1.1,WMA,1.1,32.2,10.0,3.66,6.0,7.5,5.0,POOR,낮은 매칭,1.006,50.2,STABLE,10.0,LOW,66.1,MEDIUM,45.9,23.6,84.2,0.3,30.0,690780.0,100.0,0.385,0.385,88.5,False,18.3,380,23.4,442,100.0,0.999,4.9,75.1,50.0,DISCOUNT,73.2,2,99.8,72.0,42.7,turnover,45.7,모니터링,344,HEURISTIC 29% | ABC 14% | TURNOVER 14% | DISPOSAL_RISK 14% | SAFETY_STOCK 8% | EOQ 7% | DEMAND_FORECAST 7% | MATCH 5%,"['⏰ 유통기한 임박 (84%)', '❄️ 냉장·냉동 과잉 (78%)', '💸 배송비 상승 (91%)', '⚡ 복합 스트레스 (60%)']","{'재고위험': '25.1%', '판매가능성': '13.2%', '점포이동적합': '14.0%', '비용절감': '18.3%', '폐기회피이익': '13.2%', '실행가능성': '12.8%', '이력보정': '3.3%'}",True,True,False,True,False,True,49.8,33.3,51.7,49.9,72.0,64.0,55.0,51.0,0.0,20.1,검토,보류,⏸️,419,HIGH,신뢰도 높음 ●,#2e7d32,,,20.1,검토,보류,-1,0,False,False,,50.0,17052.0,28092.0,17052.0,17.28,27.88,17.28,35.0,926.0,301.0,645.0,재고 이동,재고 이동,77.526,일치,77.526,52.043,30.905,14.882
에너지드링크055,강남2점,문래점,301.0,재배치 추천,17088.0,프로모션 순비용이 재배치 비용보다 높습니다.,22.733632184564428,19.138418079096045,18,0,59.9,검토 가능,17088.0,301.0,203,False,Greedy 선택 후보보다 우선순위가 낮음,1.68,793,362,26,음료,400,301,50.0,12.0,400,39650.0,C,0.9669989959576407,3,20.0,217.2,1.66,DEAD,0.0,True,33.0,LOW,소진일수 217일 초과,1.4,6.4,0.0,SAFE,"재고 여유 — 현재고(362), 재주문점(6)",0.0,207.3,123.4,29585.0,74.0,OVER,과잉 발주 위험 — 현재(361개) > EOQ(207개). 발주 주기 123일 권장,74.0,11.9,1.7,2.39,1.01,STABLE,212.9,0.0,WMA,0.0,25.5,10.0,0.0,3.0,7.5,5.0,POOR,낮은 매칭,1.02,50.5,STABLE,35.0,LOW,43.3,MEDIUM,35.6,47.9,90.2,0.3,30.0,389744.0,100.0,0.385,0.385,88.5,False,12.0,483,25.0,411,100.0,0.999,4.9,76.7,50.0,DISCOUNT,73.1,2,99.8,72.0,55.3,disposal_risk,26.6,후순위,487,HEURISTIC 29% | ABC 14% | TURNOVER 14% | DISPOSAL_RISK 14% | SAFETY_STOCK 8% | EOQ 7% | DEMAND_FORECAST 7% | MATCH 5%,"['⏰ 유통기한 임박 (84%)', '❄️ 냉장·냉동 과잉 (78%)', '💸 배송비 상승 (91%)', '⚡ 복합 스트레스 (60%)']","{'재고위험': '25.1%', '판매가능성': '13.2%', '점포이동적합': '14.0%', '비용절감': '18.3%', '폐기회피이익': '13.2%', '실행가능성': '12.8%', '이력보정': '3.3%'}",True,True,False,True,False,True,21.4,32.8,49.1,59.0,72.0,76.1,51.5,46.7,0.0,6.5,검토,보류,⏸️,492,HIGH,신뢰도 높음 ●,#2e7d32,,,6.5,검토,보류,-1,-1,False,False,,50.0,17088.0,25428.0,17088.0,17.32,24.92,17.32,35.0,617.0,301.0,375.0,재고 이동,재고 이동,72.483,일치,72.483,55.994,32.992,12.048
커피038,신촌점,잠실2점,354.0,재배치 추천,20355.0,프로모션 순비용이 재배치 비용보다 높습니다.,19.00236987122748,22.88135593220339,18,0,59.9,검토 가능,20355.0,354.0,204,False,Greedy 선택 후보보다 우선순위가 낮음,3.45,2507,363,2,음료,300,354,104.0,24.0,300,260728.0,A,0.5815062590510993,1,100.0,104.7,3.44,DEAD,41.8,True,68.0,HIGH,유통기한 임박 | 소진일수 105일 초과,3.0,13.4,0.0,SAFE,"재고 여유 — 현재고(363), 재주문점(13)",0.0,167.0,48.4,75382.0,100.0,OVER,과잉 발주 위험 — 현재(360개) > EOQ(167개). 발주 주기 48일 권장,100.0,24.1,3.44,4.87,2.02,STABLE,105.4,0.0,WMA,0.0,40.9,10.0,8.4,10.0,7.5,5.0,FAIR,보통 매칭 · 폐기위험 높음 · 핵심(A)상품,0.994,49.8,STABLE,20.6,LOW,73.1,HIGH,40.8,30.0,87.4,0.3,30.0,1150819.0,100.0,0.385,0.385,88.5,False,21.0,264,38.5,121,100.0,0.999,4.9,76.0,50.0,DISCOUNT,72.9,2,99.8,72.0,27.7,disposal_risk,62.0,검토 필요,95,HEURISTIC 29% | ABC 14% | TURNOVER 14% | DISPOSAL_RISK 14% | SAFETY_STOCK 8% | EOQ 7% | DEMAND_FORECAST 7% | MATCH 5%,"['⏰ 유통기한 임박 (84%)', '❄️ 냉장·냉동 과잉 (78%)', '💸 배송비 상승 (91%)', '⚡ 복합 스트레스 (60%)']","{'재고위험': '25.1%', '판매가능성': '13.2%', '점포이동적합': '14.0%', '비용절감': '18.3%', '폐기회피이익': '13.2%', '실행가능성': '12.8%', '이력보정': '3.3%'}",True,True,False,True,False,True,60.2,32.6,58.7,62.9,72.0,68.3,56.5,57.5,0.0,85.1,최적,할인 판매,🏷️,70,HIGH,신뢰도 높음 ●,#2e7d32,,,85.1,최적,할인 판매,0,-1,False,False,,50.0,20355.0,23286.0,20355.0,20.95,22.54,20.95,42.0,750.0,354.0,393.0,재고 이동,재고 이동,88.037,일치,88.037,61.546,36.792,14.204
핫바036,청량리점,잠실2점,214.0,재배치 추천,11760.0,프로모션 순비용이 재배치 비용보다 높습니다.,28.818776232761326,12.994350282485875,18,0,59.8,검토 가능,11760.0,214.0,205,False,Greedy 선택 후보보다 우선순위가 낮음,2.68,3002,217,0,간편식,150,214,80.0,19.0,150,240160.0,B,0.8445847697943089,2,60.0,81.4,4.42,SLOW,54.8,True,70.7,HIGH,유통기한 임박 | 소진일수 81일 초과,2.3,10.3,0.0,SAFE,"재고 여유 — 현재고(217), 재주문점(10)",0.0,121.7,45.4,80377.0,76.4,OVER,과잉 발주 위험 — 현재(215개) > EOQ(122개). 발주 주기 45일 권장,76.4,18.9,2.7,3.81,1.59,STABLE,80.4,0.0,WMA,0.0,36.9,10.0,8.4,6.0,7.5,5.0,POOR,낮은 매칭 · 폐기위험 높음,1.013,50.3,STABLE,15.7,LOW,78.3,HIGH,25.0,30.0,87.4,0.3,30.0,791254.0,100.0,0.385,0.385,88.5,False,21.4,239,37.6,153,100.0,0.999,4.9,76.0,50.0,DISCOUNT,72.8,2,99.8,72.0,41.3,disposal_risk,54.7,모니터링,205,HEURISTIC 29% | ABC 14% | TURNOVER 14% | DISPOSAL_RISK 14% | SAFETY_STOCK 8% | EOQ 7% | DEMAND_FORECAST 7% | MATCH 5%,"['⏰ 유통기한 임박 (84%)', '❄️ 냉장·냉동 과잉 (78%)', '💸 배송비 상승 (91%)', '⚡ 복합 스트레스 (60%)']","{'재고위험': '25.1%', '판매가능성': '13.2%', '점포이동적합': '14.0%', '비용절감': '18.3%', '폐기회피이익': '13.2%', '실행가능성': '12.8%', '이력보정': '3.3%'}",True,True,False,True,False,True,58.8,32.8,56.7,59.4,72.0,68.3,56.7,56.2,0.0,71.9,권장,할인 판매,🏷️,141,HIGH,신뢰도 높음 ●,#2e7d32,,,71.9,권장,할인 판매,-1,-1,False,False,,50.0,11760.0,22800.0,11760.0,11.4,22.0,11.4,23.0,486.0,214.0,413.0,재고 이동,재고 이동,79.73,일치,79.73,57.35,35.677,20.501
컵밥007,교대점,문래점,261.0,재배치 추천,14703.0,프로모션 순비용이 재배치 비용보다 높습니다.,25.457556462895813,16.3135593220339,18,0,59.8,검토 가능,14703.0,261.0,206,False,Greedy 선택 후보보다 우선순위가 낮음,7.55,3334,282,2,간편식,300,261,226.0,53.0,300,753484.0,A,0.23037995959756308,1,100.0,37.4,9.62,NORMAL,79.2,False,46.7,MEDIUM,유통기한 임박,6.5,29.2,0.0,SAFE,"재고 여유 — 현재고(282), 재주문점(29)",0.0,193.8,25.7,142172.0,42.2,OPTIMAL,"적정 발주 — EOQ(194개), 권장 발주 주기 26일",42.2,52.9,7.56,10.67,4.44,STABLE,37.3,3.0,WMA,3.0,36.2,10.0,3.75,10.0,7.5,5.0,POOR,낮은 매칭 · 핵심(A)상품,1.003,50.1,STABLE,7.3,LOW,73.1,HIGH,40.1,47.9,90.2,0.3,30.0,1107806.0,100.0,0.385,0.385,88.5,False,35.0,52,26.0,375,100.0,0.999,4.9,76.7,50.0,DISCOUNT,72.7,2,99.8,72.0,25.8,turnover,60.1,검토 필요,118,HEURISTIC 29% | ABC 14% | TURNOVER 14% | DISPOSAL_RISK 14% | SAFETY_STOCK 8% | EOQ 7% | DEMAND_FORECAST 7% | MATCH 5%,"['⏰ 유통기한 임박 (84%)', '❄️ 냉장·냉동 과잉 (78%)', '💸 배송비 상승 (91%)', '⚡ 복합 스트레스 (60%)']","{'재고위험': '25.1%', '판매가능성': '13.2%', '점포이동적합': '14.0%', '비용절감': '18.3%', '폐기회피이익': '13.2%', '실행가능성': '12.8%', '이력보정': '3.3%'}",True,True,False,True,False,True,60.5,34.2,54.2,54.2,72.0,76.1,64.2,56.5,0.0,76.0,권장,보류,⏸️,119,HIGH,신뢰도 높음 ●,#2e7d32,,,76.0,권장,보류,-1,-1,False,False,,50.0,14703.0,24555.0,14703.0,14.67,23.950000000000003,14.67,29.0,561.0,261.0,422.0,재고 이동,재고 이동,80.436,일치,80.436,52.053,30.331,21.155
아이스라떼073,노원점,압구정점,328.0,재배치 추천,18798.0,프로모션 순비용이 재배치 비용보다 높습니다.,20.78062987179853,21.045197740112993,18,0,59.8,검토 가능,18798.0,328.0,207,False,Greedy 선택 후보보다 우선순위가 낮음,9.73,1589,368,3,유제품,400,328,292.0,68.0,400,463988.0,B,0.8067621446776673,2,60.0,37.8,9.52,NORMAL,79.0,False,49.9,MEDIUM,유통기한 임박 | 신선/냉장 고위험 카테고리,8.3,37.5,0.0,SAFE,"재고 여유 — 현재고(368), 재주문점(38)",0.0,252.7,26.0,140540.0,42.3,OPTIMAL,"적정 발주 — EOQ(253개), 권장 발주 주기 26일",42.3,68.0,9.71,13.73,5.7,STABLE,37.9,2.9,WMA,2.9,32.2,10.0,3.74,6.0,7.5,5.0,POOR,낮은 매칭,0.998,50.0,STABLE,7.4,LOW,69.6,MEDIUM,31.4,35.6,98.7,0.3,30.0,737832.0,100.0,0.385,0.385,88.5,True,34.3,54,26.5,357,100.0,0.999,4.9,78.7,50.0,DISCOUNT,72.5,2,99.8,72.0,39.7,turnover,52.4,모니터링,241,HEURISTIC 29% | ABC 14% | TURNOVER 14% | DISPOSAL_RISK 14% | SAFETY_STOCK 8% | EOQ 7% | DEMAND_FORECAST 7% | MATCH 5%,"['⏰ 유통기한 임박 (84%)', '❄️ 냉장·냉동 과잉 (78%)', '💸 배송비 상승 (91%)', '⚡ 복합 스트레스 (60%)']","{'재고위험': '25.1%', '판매가능성': '13.2%', '점포이동적합': '14.0%', '비용절감': '18.3%', '폐기회피이익': '13.2%', '실행가능성': '12.8%', '이력보정': '3.3%'}",True,True,False,True,False,True,55.9,34.2,52.7,54.2,72.0,77.7,63.8,55.3,0.0,62.6,검토,보류,⏸️,191,HIGH,신뢰도 높음 ●,#2e7d32,,,62.6,검토,보류,-1,-1,False,False,,50.0,18798.0,31431.0,18798.0,19.22,31.59,19.22,38.0,571.0,328.0,523.0,재고 이동,재고 이동,79.134,일치,79.134,54.425,34.4,16.244
핫바036,종로점,잠실2점,274.0,재배치 추천,15594.0,프로모션 순비용이 재배치 비용보다 높습니다.,24.43993946834937,17.231638418079097,18,0,59.7,검토 가능,15594.0,274.0,208,False,Greedy 선택 후보보다 우선순위가 낮음,1.28,3002,277,2,간편식,150,274,38.0,9.0,150,114076.0,B,0.8445847697943089,2,60.0,218.7,1.65,DEAD,0.0,True,73.0,HIGH,유통기한 임박 | 소진일수 219일 초과,1.1,4.9,0.0,SAFE,"재고 여유 — 현재고(277), 재주문점(5)",0.0,84.1,65.7,55548.0,100.0,OVER,과잉 발주 위험 — 현재(276개) > EOQ(84개). 발주 주기 66일 권장,100.0,9.0,1.29,1.81,0.76,STABLE,215.4,0.0,WMA,0.0,36.9,10.0,8.4,6.0,7.5,5.0,POOR,낮은 매칭 · 폐기위험 높음,1.004,50.1,STABLE,35.0,LOW,73.1,HIGH,25.0,30.0,87.4,0.3,30.0,1012564.0,100.0,0.385,0.385,88.5,False,22.0,211,43.3,38,100.0,0.999,4.9,76.0,50.0,DISCOUNT,72.4,2,99.8,71.9,35.1,disposal_risk,47.7,모니터링,320,HEURISTIC 29% | ABC 14% | TURNOVER 14% | DISPOSAL_RISK 14% | SAFETY_STOCK 8% | EOQ 7% | DEMAND_FORECAST 7% | MATCH 5%,"['⏰ 유통기한 임박 (84%)', '❄️ 냉장·냉동 과잉 (78%)', '💸 배송비 상승 (91%)', '⚡ 복합 스트레스 (60%)']","{'재고위험': '25.1%', '판매가능성': '13.2%', '점포이동적합': '14.0%', '비용절감': '18.3%', '폐기회피이익': '13.2%', '실행가능성': '12.8%', '이력보정': '3.3%'}",True,True,False,True,False,True,45.4,32.7,57.9,62.8,72.0,68.3,57.0,53.6,0.0,42.3,검토,할인 판매,🏷️,300,HIGH,신뢰도 높음 ●,#2e7d32,,,42.3,검토,할인 판매,0,-1,False,False,,50.0,15594.0,22224.0,15594.0,15.66,21.36,15.66,31.0,486.0,274.0,413.0,재고 이동,재고 이동,82.43,일치,82.43,63.224,36.794,14.162
커피013,마포점,청량리점,301.0,재배치 추천,17367.0,프로모션 순비용이 재배치 비용보다 높습니다.,22.41498443879736,19.138418079096045,18,0,59.6,검토 가능,17367.0,301.0,209,False,Greedy 선택 후보보다 우선순위가 낮음,6.53,1543,337,4,음료,500,301,196.0,46.0,500,302428.0,B,0.9087869865371656,2,60.0,51.6,6.98,NORMAL,71.3,False,40.8,MEDIUM,유통기한 임박,5.6,25.2,0.0,SAFE,"재고 여유 — 현재고(337), 재주문점(25)",0.0,292.9,44.9,81362.0,13.1,OPTIMAL,"적정 발주 — EOQ(293개), 권장 발주 주기 45일",13.1,45.9,6.56,9.25,3.86,STABLE,51.4,1.1,WMA,1.1,32.2,10.0,3.66,6.0,7.5,5.0,POOR,낮은 매칭,1.006,50.2,STABLE,10.0,LOW,66.1,MEDIUM,35.2,49.2,72.1,0.3,30.0,690465.0,100.0,0.385,0.385,88.5,False,18.4,374,23.4,442,100.0,0.999,4.9,70.9,50.0,DISCOUNT,72.3,2,99.8,71.9,42.8,turnover,45.5,모니터링,347,HEURISTIC 29% | ABC 14% | TURNOVER 14% | DISPOSAL_RISK 14% | SAFETY_STOCK 8% | EOQ 7% | DEMAND_FORECAST 7% | MATCH 5%,"['⏰ 유통기한 임박 (84%)', '❄️ 냉장·냉동 과잉 (78%)', '💸 배송비 상승 (91%)', '⚡ 복합 스트레스 (60%)']","{'재고위험': '25.1%', '판매가능성': '13.2%', '점포이동적합': '14.0%', '비용절감': '18.3%', '폐기회피이익': '13.2%', '실행가능성': '12.8%', '이력보정': '3.3%'}",True,True,False,True,False,True,49.8,33.3,51.3,49.7,72.0,64.5,55.0,51.0,0.0,19.9,검토,보류,⏸️,420,HIGH,신뢰도 높음 ●,#2e7d32,,,19.9,검토,보류,-1,-1,False,False,,50.0,17367.0,30936.0,17367.0,17.63,31.04,17.63,35.0,926.0,301.0,888.0,재고 이동,재고 이동,80.6,일치,80.6,53.822,30.375,11.333
샌드위치058,목동점,강남점,332.0,재배치 추천,19365.0,프로모션 순비용이 재배치 비용보다 높습니다.,20.133055420723522,21.32768361581921,18,0,59.5,검토 가능,19365.0,332.0,210,False,Greedy 선택 후보보다 우선순위가 낮음,6.79,717,341,1,신선식품,500,332,204.0,48.0,500,146268.0,C,0.9523365925254981,3,20.0,50.1,7.18,NORMAL,72.2,False,58.1,MEDIUM,유통기한 임박 | 신선/냉장 고위험 카테고리,5.8,26.2,0.0,SAFE,"재고 여유 — 현재고(341), 재주문점(26)",0.0,314.3,46.3,78863.0,6.6,OPTIMAL,"적정 발주 — EOQ(314개), 권장 발주 주기 46일",6.6,47.8,6.83,9.63,4.03,STABLE,49.9,1.3,WMA,1.3,29.2,10.0,3.66,3.0,7.5,5.0,POOR,낮은 매칭,1.01,50.2,STABLE,9.8,LOW,76.6,HIGH,25.0,13.2,79.6,0.3,30.0,432288.0,100.0,0.385,0.385,88.5,True,23.2,165,29.6,264,100.0,0.999,4.9,73.6,50.0,DISCOUNT,72.1,2,99.8,71.9,41.5,disposal_risk,41.1,모니터링,404,HEURISTIC 29% | ABC 14% | TURNOVER 14% | DISPOSAL_RISK 14% | SAFETY_STOCK 8% | EOQ 7% | DEMAND_FORECAST 7% | MATCH 5%,"['⏰ 유통기한 임박 (84%)', '❄️ 냉장·냉동 과잉 (78%)', '💸 배송비 상승 (91%)', '⚡ 복합 스트레스 (60%)']","{'재고위험': '25.1%', '판매가능성': '13.2%', '점포이동적합': '14.0%', '비용절감': '18.3%', '폐기회피이익': '13.2%', '실행가능성': '12.8%', '이력보정': '3.3%'}",True,True,False,True,False,True,51.8,33.4,51.4,48.7,72.0,57.5,57.7,50.4,0.0,16.9,검토,보류,⏸️,436,HIGH,신뢰도 높음 ●,#2e7d32,,,16.9,검토,보류,-1,0,False,False,,50.0,19365.0,26562.0,19365.0,19.85,26.18,19.85,40.0,907.0,332.0,809.0,재고 이동,재고 이동,79.213,일치,79.213,54.923,33.826,11.558
냉동돈까스049,신촌점,잠실점,338.0,재배치 추천,19842.0,프로모션 순비용이 재배치 비용보다 높습니다.,19.58827056505725,21.75141242937853,18,0,59.3,검토 가능,19842.0,338.0,211,False,Greedy 선택 후보보다 우선순위가 낮음,0.74,1991,353,15,냉동식품,500,338,22.0,5.0,500,43802.0,C,0.9891341650234772,3,20.0,481.4,0.75,DEAD,0.0,True,47.2,MEDIUM,소진일수 481일 초과 | 신선/냉장 고위험 카테고리,0.6,2.8,0.0,SAFE,"재고 여유 — 현재고(353), 재주문점(3)",0.0,67.2,90.8,40166.0,100.0,OVER,과잉 발주 위험 — 현재(352개) > EOQ(67개). 발주 주기 91일 권장,100.0,5.1,0.73,1.03,0.42,STABLE,484.5,0.0,WMA,0.0,29.1,10.0,3.6,3.0,7.5,5.0,POOR,낮은 매칭,0.965,49.1,STABLE,35.9,LOW,43.3,MEDIUM,30.3,44.7,96.3,0.3,30.0,956708.0,100.0,0.385,0.385,88.5,True,15.4,442,31.6,228,100.0,0.999,4.9,78.2,50.0,DISCOUNT,72.0,2,99.8,71.9,51.5,disposal_risk,32.2,후순위,464,HEURISTIC 29% | ABC 14% | TURNOVER 14% | DISPOSAL_RISK 14% | SAFETY_STOCK 8% | EOQ 7% | DEMAND_FORECAST 7% | MATCH 5%,"['⏰ 유통기한 임박 (84%)', '❄️ 냉장·냉동 과잉 (78%)', '💸 배송비 상승 (91%)', '⚡ 복합 스트레스 (60%)']","{'재고위험': '25.1%', '판매가능성': '13.2%', '점포이동적합': '14.0%', '비용절감': '18.3%', '폐기회피이익': '13.2%', '실행가능성': '12.8%', '이력보정': '3.3%'}",True,True,False,True,False,True,27.8,32.4,52.2,62.6,72.0,79.1,53.4,49.7,0.0,12.5,검토,보류,⏸️,460,HIGH,신뢰도 높음 ●,#2e7d32,,,12.5,검토,보류,0,0,True,False,,50.0,19842.0,22926.0,19842.0,20.38,22.14,20.38,41.0,381.0,338.0,377.0,재고 이동,재고 이동,77.234,일치,77.234,60.255,35.466,11.293
컵밥007,동대문점,문래점,276.0,재배치 추천,16161.0,프로모션 순비용이 재배치 비용보다 높습니다.,23.792365017274363,17.372881355932204,18,0,59.2,검토 가능,16161.0,276.0,212,False,Greedy 선택 후보보다 우선순위가 낮음,3.41,3334,285,2,간편식,300,276,102.0,24.0,300,340068.0,A,0.23037995959756308,1,100.0,83.8,4.29,SLOW,53.4,True,69.9,HIGH,유통기한 임박 | 소진일수 84일 초과,2.9,13.1,0.0,SAFE,"재고 여유 — 현재고(285), 재주문점(13)",0.0,130.3,38.2,95547.0,100.0,OVER,과잉 발주 위험 — 현재(282개) > EOQ(130개). 발주 주기 38일 권장,100.0,23.9,3.41,4.82,2.01,STABLE,83.5,0.0,WMA,0.0,40.9,10.0,8.4,10.0,7.5,5.0,FAIR,보통 매칭 · 폐기위험 높음 · 핵심(A)상품,1.005,50.1,STABLE,16.3,LOW,73.1,HIGH,40.1,47.9,90.2,0.3,30.0,1170860.0,100.0,0.385,0.385,88.5,False,21.6,228,38.2,135,100.0,0.999,4.9,76.7,50.0,DISCOUNT,71.9,2,99.8,71.8,27.1,disposal_risk,63.8,검토 필요,74,HEURISTIC 29% | ABC 14% | TURNOVER 14% | DISPOSAL_RISK 14% | SAFETY_STOCK 8% | EOQ 7% | DEMAND_FORECAST 7% | MATCH 5%,"['⏰ 유통기한 임박 (84%)', '❄️ 냉장·냉동 과잉 (78%)', '💸 배송비 상승 (91%)', '⚡ 복합 스트레스 (60%)']","{'재고위험': '25.1%', '판매가능성': '13.2%', '점포이동적합': '14.0%', '비용절감': '18.3%', '폐기회피이익': '13.2%', '실행가능성': '12.8%', '이력보정': '3.3%'}",True,True,False,True,False,True,64.1,32.7,58.7,62.6,72.0,76.1,56.8,59.4,0.0,95.8,최적,할인 판매,🏷️,13,HIGH,신뢰도 높음 ●,#2e7d32,,,95.8,최적,할인 판매,-1,-1,False,False,,50.0,16161.0,28605.0,16161.0,16.29,28.450000000000003,16.29,33.0,561.0,276.0,422.0,재고 이동,재고 이동,85.865,일치,85.865,59.31,36.057,18.127
마카롱075,상암점,여의도2점,155.0,재배치 추천,8727.0,프로모션 순비용이 재배치 비용보다 높습니다.,32.282785598035574,8.82768361581921,18,0,59.1,검토 가능,8727.0,155.0,213,False,Greedy 선택 후보보다 우선순위가 낮음,4.33,3054,173,3,디저트,500,155,130.0,30.0,500,397020.0,A,0.0854475137823289,1,100.0,39.9,9.02,NORMAL,77.8,False,43.0,MEDIUM,유통기한 임박,3.7,16.7,0.0,SAFE,"재고 여유 — 현재고(173), 재주문점(17)",0.0,143.9,33.2,109849.0,17.7,OPTIMAL,"적정 발주 — EOQ(144개), 권장 발주 주기 33일",17.7,30.1,4.3,6.09,2.51,STABLE,40.2,2.6,WMA,2.6,36.2,10.0,3.73,10.0,7.5,5.0,POOR,낮은 매칭 · 핵심(A)상품,0.99,49.7,STABLE,8.0,LOW,69.6,MEDIUM,42.1,8.2,88.3,0.3,30.0,636817.0,100.0,0.385,0.385,88.5,False,31.0,66,24.7,420,100.0,0.999,4.9,76.2,50.0,DISCOUNT,71.7,2,99.8,71.8,26.1,turnover,56.5,검토 필요,174,HEURISTIC 29% | ABC 14% | TURNOVER 14% | DISPOSAL_RISK 14% | SAFETY_STOCK 8% | EOQ 7% | DEMAND_FORECAST 7% | MATCH 5%,"['⏰ 유통기한 임박 (84%)', '❄️ 냉장·냉동 과잉 (78%)', '💸 배송비 상승 (91%)', '⚡ 복합 스트레스 (60%)']","{'재고위험': '25.1%', '판매가능성': '13.2%', '점포이동적합': '14.0%', '비용절감': '18.3%', '폐기회피이익': '13.2%', '실행가능성': '12.8%', '이력보정': '3.3%'}",True,True,False,True,False,True,58.5,33.9,53.9,50.2,72.0,61.6,62.0,53.3,0.0,40.0,검토,보류,⏸️,312,HIGH,신뢰도 높음 ●,#2e7d32,,,40.0,검토,보류,-1,-1,False,False,,50.0,8727.0,20316.0,8727.0,8.03,19.240000000000002,8.03,16.0,615.0,155.0,495.0,재고 이동,재고 이동,77.116,일치,77.116,47.718,26.048,24.485
에너지드링크033,이태원점,신촌점,156.0,재배치 추천,8799.0,프로모션 순비용이 재배치 비용보다 높습니다.,32.20055392170859,8.898305084745763,18,0,59.1,검토 가능,8799.0,156.0,214,False,Greedy 선택 후보보다 우선순위가 낮음,0.59,1298,175,2,음료,300,174,18.0,4.0,300,23364.0,B,0.8320359109103723,2,60.0,291.7,1.23,DEAD,0.0,True,68.0,HIGH,유통기한 임박 | 소진일수 292일 초과,0.5,2.3,0.0,SAFE,"재고 여유 — 현재고(175), 재주문점(2)",0.0,96.0,162.7,22431.0,81.8,OVER,과잉 발주 위험 — 현재(174개) > EOQ(96개). 발주 주기 163일 권장,81.8,4.1,0.59,0.83,0.34,STABLE,298.8,0.0,WMA,0.0,36.9,10.0,8.4,6.0,7.5,5.0,POOR,낮은 매칭 · 폐기위험 높음,0.969,49.2,STABLE,35.8,LOW,73.1,HIGH,43.2,28.1,86.3,0.3,30.0,280987.0,100.0,0.385,0.385,88.5,False,20.9,273,41.5,54,100.0,0.999,4.9,75.7,50.0,DISCOUNT,71.6,2,99.8,71.8,37.2,disposal_risk,44.8,모니터링,357,HEURISTIC 29% | ABC 14% | TURNOVER 14% | DISPOSAL_RISK 14% | SAFETY_STOCK 8% | EOQ 7% | DEMAND_FORECAST 7% | MATCH 5%,"['⏰ 유통기한 임박 (84%)', '❄️ 냉장·냉동 과잉 (78%)', '💸 배송비 상승 (91%)', '⚡ 복합 스트레스 (60%)']","{'재고위험': '25.1%', '판매가능성': '13.2%', '점포이동적합': '14.0%', '비용절감': '18.3%', '폐기회피이익': '13.2%', '실행가능성': '12.8%', '이력보정': '3.3%'}",True,True,False,True,False,True,43.2,32.5,57.5,59.8,72.0,66.9,56.4,52.2,0.0,30.3,검토,할인 판매,🏷️,364,HIGH,신뢰도 높음 ●,#2e7d32,,,30.3,검토,할인 판매,-1,0,False,False,,50.0,8799.0,13476.0,8799.0,8.11,11.64,8.11,16.0,297.0,174.0,156.0,재고 이동,재고 이동,72.774,일치,72.774,58.181,34.929,22.188
마카롱075,용산점,압구정점,156.0,재배치 추천,8826.0,프로모션 순비용이 재배치 비용보다 높습니다.,32.169717043085974,8.898305084745763,18,0,59.1,검토 가능,8826.0,156.0,215,False,Greedy 선택 후보보다 우선순위가 낮음,5.5,3054,163,1,디저트,500,156,165.0,38.0,500,503910.0,A,0.0854475137823289,1,100.0,29.6,12.15,FAST,83.6,False,38.0,LOW,유통기한 임박,4.7,21.2,0.0,SAFE,"재고 여유 — 현재고(163), 재주문점(21)",0.0,162.2,29.5,123803.0,1.9,OPTIMAL,"적정 발주 — EOQ(162개), 권장 발주 주기 30일",1.9,38.2,5.46,7.73,3.19,STABLE,29.9,5.1,WMA,5.1,32.8,10.0,0.26,10.0,7.5,5.0,POOR,낮은 매칭 · 핵심(A)상품,0.987,49.7,STABLE,6.1,LOW,76.6,HIGH,32.5,35.6,98.7,0.3,30.0,640883.0,100.0,0.385,0.385,88.5,False,53.8,18,21.8,469,100.0,0.999,4.9,78.7,50.0,DISCOUNT,71.5,2,99.8,71.8,24.6,turnover,56.2,검토 필요,183,HEURISTIC 29% | ABC 14% | TURNOVER 14% | DISPOSAL_RISK 14% | SAFETY_STOCK 8% | EOQ 7% | DEMAND_FORECAST 7% | MATCH 5%,"['⏰ 유통기한 임박 (84%)', '❄️ 냉장·냉동 과잉 (78%)', '💸 배송비 상승 (91%)', '⚡ 복합 스트레스 (60%)']","{'재고위험': '25.1%', '판매가능성': '13.2%', '점포이동적합': '14.0%', '비용절감': '18.3%', '폐기회피이익': '13.2%', '실행가능성': '12.8%', '이력보정': '3.3%'}",True,True,False,True,False,True,57.8,35.2,52.0,47.8,72.0,77.7,74.5,54.7,0.0,53.5,검토,보류,⏸️,240,HIGH,신뢰도 높음 ●,#2e7d32,,,53.5,검토,보류,-1,-1,False,False,,50.0,8826.0,21639.0,8826.0,8.14,20.71,8.14,16.0,615.0,156.0,597.0,재고 이동,재고 이동,76.939,일치,76.939,46.751,24.698,23.616
도시락050,방배점,왕십리점,226.0,재배치 추천,13083.0,프로모션 순비용이 재배치 비용보다 높습니다.,27.307769180252976,13.841807909604519,18,0,59.1,검토 가능,13083.0,226.0,216,False,Greedy 선택 후보보다 우선순위가 낮음,2.75,2437,229,0,신선식품,500,226,82.0,19.0,500,199834.0,A,0.7269288129371255,1,100.0,83.8,4.3,SLOW,53.4,True,76.9,HIGH,유통기한 임박 | 소진일수 84일 초과 | 신선/냉장 고위험 카테고리,2.4,10.6,0.0,SAFE,"재고 여유 — 현재고(229), 재주문점(11)",0.0,108.5,39.5,92528.0,100.0,OVER,과잉 발주 위험 — 현재(227개) > EOQ(108개). 발주 주기 40일 권장,100.0,19.1,2.73,3.86,1.59,STABLE,83.9,0.0,WMA,0.0,40.9,10.0,8.4,10.0,7.5,5.0,FAIR,보통 매칭 · 폐기위험 높음 · 핵심(A)상품,0.987,49.7,STABLE,16.5,LOW,78.3,HIGH,39.7,23.6,84.2,0.3,30.0,760831.0,100.0,0.385,0.385,88.5,True,23.2,165,41.0,65,100.0,0.999,4.9,75.1,50.0,DISCOUNT,71.3,2,99.8,71.8,25.4,disposal_risk,65.3,검토 필요,58,HEURISTIC 29% | ABC 14% | TURNOVER 14% | DISPOSAL_RISK 14% | SAFETY_STOCK 8% | EOQ 7% | DEMAND_FORECAST 7% | MATCH 5%,"['⏰ 유통기한 임박 (84%)', '❄️ 냉장·냉동 과잉 (78%)', '💸 배송비 상승 (91%)', '⚡ 복합 스트레스 (60%)']","{'재고위험': '25.1%', '판매가능성': '13.2%', '점포이동적합': '14.0%', '비용절감': '18.3%', '폐기회피이익': '13.2%', '실행가능성': '12.8%', '이력보정': '3.3%'}",True,True,False,True,False,True,67.3,32.6,59.1,62.5,72.0,64.0,57.7,58.7,0.0,92.2,최적,할인 판매,🏷️,32,HIGH,신뢰도 높음 ●,#2e7d32,,,92.2,최적,할인 판매,-1,0,False,False,,50.0,13083.0,24510.0,13083.0,12.87,23.9,12.87,26.0,703.0,226.0,658.0,재고 이동,재고 이동,89.596,일치,89.596,60.979,34.702,16.748
케이크079,문래점,여의도점,97.0,재배치 추천,5208.0,프로모션 순비용이 재배치 비용보다 높습니다.,36.30185877851697,4.731638418079096,18,0,59.0,검토 가능,5208.0,97.0,217,False,Greedy 선택 후보보다 우선순위가 낮음,4.9,3402,250,0,디저트,500,244,147.0,34.0,500,500094.0,A,0.1612979350343813,1,100.0,51.0,7.06,NORMAL,71.7,False,50.5,MEDIUM,유통기한 임박,4.2,18.9,0.0,SAFE,"재고 여유 — 현재고(250), 재주문점(19)",0.0,145.0,29.6,123334.0,69.5,OVER,과잉 발주 위험 — 현재(246개) > EOQ(145개). 발주 주기 30일 권장,69.5,34.1,4.87,6.89,2.85,STABLE,51.3,1.2,WMA,1.2,36.2,10.0,3.66,10.0,7.5,5.0,POOR,낮은 매칭 · 핵심(A)상품,0.991,49.8,STABLE,10.1,LOW,78.3,HIGH,26.2,51.3,66.5,0.3,30.0,439285.0,100.0,0.385,0.385,88.5,False,21.4,239,28.0,292,100.0,0.999,4.9,68.5,50.0,DISCOUNT,71.2,1,100.0,71.8,27.0,turnover,59.7,검토 필요,127,HEURISTIC 29% | ABC 14% | TURNOVER 14% | DISPOSAL_RISK 14% | SAFETY_STOCK 8% | EOQ 7% | DEMAND_FORECAST 7% | MATCH 5%,"['⏰ 유통기한 임박 (84%)', '❄️ 냉장·냉동 과잉 (78%)', '💸 배송비 상승 (91%)', '⚡ 복합 스트레스 (60%)']","{'재고위험': '25.1%', '판매가능성': '13.2%', '점포이동적합': '14.0%', '비용절감': '18.3%', '폐기회피이익': '13.2%', '실행가능성': '12.8%', '이력보정': '3.3%'}",True,True,False,True,False,True,60.2,33.2,53.7,57.9,72.0,61.4,56.8,55.0,0.0,57.9,검토,보류,⏸️,216,HIGH,신뢰도 높음 ●,#2e7d32,,,57.9,검토,보류,-1,0,False,False,,50.0,5208.0,22233.0,5208.0,4.12,21.37,4.12,8.0,115.0,244.0,97.0,재고 이동,재고 이동,76.493,일치,76.493,48.386,28.31,29.458
커피013,여의도2점,청량리점,280.0,재배치 추천,16512.0,프로모션 순비용이 재배치 비용보다 높습니다.,23.391485595180306,17.65536723163842,18,0,59.0,검토 가능,16512.0,280.0,218,False,Greedy 선택 후보보다 우선순위가 낮음,1.29,1543,287,4,음료,500,280,39.0,9.0,500,60177.0,B,0.9087869865371656,2,60.0,220.8,1.63,DEAD,0.0,True,60.0,HIGH,유통기한 임박 | 소진일수 221일 초과,1.1,5.0,0.0,SAFE,"재고 여유 — 현재고(287), 재주문점(5)",0.0,130.2,100.9,36163.0,100.0,OVER,과잉 발주 위험 — 현재(286개) > EOQ(130개). 발주 주기 101일 권장,100.0,9.0,1.29,1.82,0.75,STABLE,223.2,0.0,WMA,0.0,36.9,10.0,8.4,6.0,7.5,5.0,POOR,낮은 매칭 · 폐기위험 높음,0.997,49.9,STABLE,35.1,LOW,66.1,MEDIUM,35.2,49.2,72.1,0.3,30.0,641936.0,100.0,0.385,0.385,88.5,False,19.0,348,38.1,138,100.0,0.999,4.9,70.9,50.0,DISCOUNT,71.1,2,99.8,71.8,40.1,disposal_risk,44.2,모니터링,367,HEURISTIC 29% | ABC 14% | TURNOVER 14% | DISPOSAL_RISK 14% | SAFETY_STOCK 8% | EOQ 7% | DEMAND_FORECAST 7% | MATCH 5%,"['⏰ 유통기한 임박 (84%)', '❄️ 냉장·냉동 과잉 (78%)', '💸 배송비 상승 (91%)', '⚡ 복합 스트레스 (60%)']","{'재고위험': '25.1%', '판매가능성': '13.2%', '점포이동적합': '14.0%', '비용절감': '18.3%', '폐기회피이익': '13.2%', '실행가능성': '12.8%', '이력보정': '3.3%'}",True,True,False,True,False,True,39.5,32.7,56.3,62.4,72.0,64.5,55.4,51.4,0.0,21.4,검토,할인 판매,🏷️,412,HIGH,신뢰도 높음 ●,#2e7d32,,,21.4,검토,할인 판매,-1,-1,False,False,,50.0,16512.0,25923.0,16512.0,16.68,25.47,16.68,33.0,926.0,280.0,888.0,재고 이동,재고 이동,87.943,일치,87.943,62.907,33.858,5.297
요거트043,구로점,강남점,281.0,재배치 추천,16602.0,프로모션 순비용이 재배치 비용보다 높습니다.,23.288695999771576,17.725988700564972,18,0,59.0,검토 가능,16602.0,281.0,219,False,Greedy 선택 후보보다 우선순위가 낮음,4.62,1231,403,19,유제품,250,281,139.0,32.0,250,171109.0,C,0.9733301968712368,3,20.0,87.0,4.14,SLOW,51.7,True,44.7,MEDIUM,소진일수 87일 초과 | 신선/냉장 고위험 카테고리,4.0,17.9,0.0,SAFE,"재고 여유 — 현재고(403), 재주문점(18)",0.0,197.8,42.8,85237.0,100.0,OVER,과잉 발주 위험 — 현재(399개) > EOQ(198개). 발주 주기 43일 권장,100.0,32.1,4.59,6.49,2.68,STABLE,87.9,0.0,WMA,0.0,29.1,10.0,3.6,3.0,7.5,5.0,POOR,낮은 매칭,0.989,49.7,STABLE,17.2,LOW,43.3,MEDIUM,26.9,13.2,79.6,0.3,30.0,468741.0,100.0,0.385,0.385,88.5,True,14.9,452,26.0,375,100.0,0.999,4.9,73.6,50.0,DISCOUNT,70.9,2,99.8,71.8,52.2,disposal_risk,39.9,후순위,413,HEURISTIC 29% | ABC 14% | TURNOVER 14% | DISPOSAL_RISK 14% | SAFETY_STOCK 8% | EOQ 7% | DEMAND_FORECAST 7% | MATCH 5%,"['⏰ 유통기한 임박 (84%)', '❄️ 냉장·냉동 과잉 (78%)', '💸 배송비 상승 (91%)', '⚡ 복합 스트레스 (60%)']","{'재고위험': '25.1%', '판매가능성': '13.2%', '점포이동적합': '14.0%', '비용절감': '18.3%', '폐기회피이익': '13.2%', '실행가능성': '12.8%', '이력보정': '3.3%'}",True,True,False,True,False,True,40.3,32.6,50.7,62.4,72.0,57.5,53.1,49.9,0.0,13.6,검토,보류,⏸️,454,HIGH,신뢰도 높음 ●,#2e7d32,,,13.6,검토,보류,-1,0,False,False,,50.0,16602.0,26940.0,16602.0,16.78,26.6,16.78,34.0,580.0,281.0,439.0,재고 이동,재고 이동,76.573,일치,76.573,56.243,35.027,16.27
우유048,여의도2점,건대점,301.0,재배치 추천,17862.0,프로모션 순비용이 재배치 비용보다 높습니다.,21.849641664049336,19.138418079096045,18,0,59.0,검토 가능,17862.0,301.0,220,False,Greedy 선택 후보보다 우선순위가 낮음,5.48,2924,308,0,유제품,150,301,164.0,38.0,150,479536.0,A,0.5389976019852944,1,100.0,56.3,6.39,NORMAL,68.7,False,61.2,HIGH,유통기한 임박 | 신선/냉장 고위험 카테고리,4.7,21.1,0.0,SAFE,"재고 여유 — 현재고(308), 재주문점(21)",0.0,139.8,25.5,143074.0,100.0,OVER,과잉 발주 위험 — 현재(303개) > EOQ(140개). 발주 주기 26일 권장,100.0,38.1,5.44,7.7,3.18,STABLE,56.6,0.5,WMA,0.5,40.9,10.0,8.42,10.0,7.5,5.0,FAIR,보통 매칭 · 폐기위험 높음 · 핵심(A)상품,0.991,49.8,STABLE,11.2,LOW,78.3,HIGH,37.9,43.6,76.3,0.3,30.0,1083437.0,100.0,0.385,0.385,88.5,True,20.8,277,33.5,206,100.0,0.999,4.9,72.5,50.0,DISCOUNT,70.8,1,100.0,71.8,26.8,disposal_risk,64.6,검토 필요,65,HEURISTIC 29% | ABC 14% | TURNOVER 14% | DISPOSAL_RISK 14% | SAFETY_STOCK 8% | EOQ 7% | DEMAND_FORECAST 7% | MATCH 5%,"['⏰ 유통기한 임박 (84%)', '❄️ 냉장·냉동 과잉 (78%)', '💸 배송비 상승 (91%)', '⚡ 복합 스트레스 (60%)']","{'재고위험': '25.1%', '판매가능성': '13.2%', '점포이동적합': '14.0%', '비용절감': '18.3%', '폐기회피이익': '13.2%', '실행가능성': '12.8%', '이력보정': '3.3%'}",True,True,False,True,False,True,64.3,32.9,57.4,62.4,72.0,65.4,56.4,57.9,0.0,86.6,최적,할인 판매,🏷️,62,HIGH,신뢰도 높음 ●,#2e7d32,,,86.6,최적,할인 판매,-1,0,False,False,,50.0,17862.0,21585.0,17862.0,18.18,20.65,18.18,36.0,511.0,301.0,464.0,재고 이동,재고 이동,86.88,일치,86.88,58.902,34.727,17.528
아이스라떼077,홍대점,문래점,118.0,재배치 추천,6630.0,프로모션 순비용이 재배치 비용보다 높습니다.,34.67778317105902,6.214689265536723,18,0,58.9,검토 가능,6630.0,118.0,221,False,Greedy 선택 후보보다 우선순위가 낮음,0.57,1060,334,1,유제품,250,334,17.0,4.0,250,18020.0,C,0.9791840344790028,3,20.0,589.4,0.61,DEAD,0.0,True,76.0,HIGH,유통기한 임박 | 소진일수 589일 초과 | 신선/냉장 고위험 카테고리,0.5,2.2,0.0,SAFE,"재고 여유 — 현재고(334), 재주문점(2)",0.0,74.9,131.4,27782.0,100.0,OVER,과잉 발주 위험 — 현재(334개) > EOQ(75개). 발주 주기 131일 권장,100.0,4.0,0.57,0.81,0.34,STABLE,584.5,0.0,WMA,0.0,33.9,10.0,8.4,3.0,7.5,5.0,POOR,낮은 매칭 · 폐기위험 높음,1.003,50.1,STABLE,35.0,LOW,76.6,HIGH,29.1,47.9,90.2,0.3,30.0,172966.0,100.0,0.385,0.385,88.5,True,22.7,186,43.9,29,100.0,0.999,4.9,76.7,50.0,DISCOUNT,70.7,2,99.8,71.8,38.3,disposal_risk,39.7,후순위,415,HEURISTIC 29% | ABC 14% | TURNOVER 14% | DISPOSAL_RISK 14% | SAFETY_STOCK 8% | EOQ 7% | DEMAND_FORECAST 7% | MATCH 5%,"['⏰ 유통기한 임박 (84%)', '❄️ 냉장·냉동 과잉 (78%)', '💸 배송비 상승 (91%)', '⚡ 복합 스트레스 (60%)']","{'재고위험': '25.1%', '판매가능성': '13.2%', '점포이동적합': '14.0%', '비용절감': '18.3%', '폐기회피이익': '13.2%', '실행가능성': '12.8%', '이력보정': '3.3%'}",True,True,False,True,False,True,40.7,32.7,56.7,62.4,72.0,76.1,57.4,53.2,0.0,39.1,검토,할인 판매,🏷️,317,HIGH,신뢰도 높음 ●,#2e7d32,,,39.1,검토,할인 판매,0,-1,False,False,,50.0,6630.0,20595.0,6630.0,5.7,19.55,5.7,11.0,223.0,334.0,118.0,재고 이동,재고 이동,71.557,일치,71.557,62.201,37.308,22.182
에너지드링크055,청량리점,문래점,330.0,재배치 추천,19698.0,프로모션 순비용이 재배치 비용보다 높습니다.,19.75273391771122,21.1864406779661,18,0,58.9,검토 가능,19698.0,330.0,222,False,Greedy 선택 후보보다 우선순위가 낮음,8.02,793,341,1,음료,400,330,241.0,56.0,400,191113.0,C,0.9669989959576407,3,20.0,42.4,8.48,NORMAL,76.4,False,44.2,MEDIUM,유통기한 임박,6.9,31.0,0.0,SAFE,"재고 여유 — 현재고(341), 재주문점(31)",0.0,452.9,56.5,64641.0,21.0,OPTIMAL,"적정 발주 — EOQ(453개), 권장 발주 주기 56일",21.0,56.1,8.01,11.32,4.71,STABLE,42.5,2.3,WMA,2.3,29.2,10.0,3.72,3.0,7.5,5.0,POOR,낮은 매칭,0.998,49.9,STABLE,8.3,LOW,76.6,HIGH,35.6,47.9,90.2,0.3,30.0,426330.0,100.0,0.385,0.385,88.5,False,28.3,83,23.8,438,100.0,0.999,4.9,76.7,50.0,DISCOUNT,70.5,2,99.8,71.8,42.9,turnover,39.9,후순위,412,HEURISTIC 29% | ABC 14% | TURNOVER 14% | DISPOSAL_RISK 14% | SAFETY_STOCK 8% | EOQ 7% | DEMAND_FORECAST 7% | MATCH 5%,"['⏰ 유통기한 임박 (84%)', '❄️ 냉장·냉동 과잉 (78%)', '💸 배송비 상승 (91%)', '⚡ 복합 스트레스 (60%)']","{'재고위험': '25.1%', '판매가능성': '13.2%', '점포이동적합': '14.0%', '비용절감': '18.3%', '폐기회피이익': '13.2%', '실행가능성': '12.8%', '이력보정': '3.3%'}",True,True,False,True,False,True,46.6,33.8,50.6,50.5,72.0,76.1,60.5,51.8,0.0,24.6,검토,보류,⏸️,395,HIGH,신뢰도 높음 ●,#2e7d32,,,24.6,검토,보류,-1,-1,False,False,,50.0,19698.0,28839.0,19698.0,20.22,28.71,20.22,40.0,617.0,330.0,375.0,재고 이동,재고 이동,71.8,일치,71.8,50.08,33.747,18.233
아이스라떼021,성수점,명동점,163.0,재배치 추천,9483.0,프로모션 순비용이 재배치 비용보다 높습니다.,31.419352996602235,9.392655367231638,18,0,58.8,검토 가능,9483.0,163.0,223,False,Greedy 선택 후보보다 우선순위가 낮음,3.1,3411,298,6,유제품,300,272,93.0,22.0,300,317223.0,A,0.3955185919274352,1,100.0,96.1,3.74,DEAD,46.6,True,68.0,HIGH,유통기한 임박 | 소진일수 96일 초과 | 신선/냉장 고위험 카테고리,2.7,12.0,0.0,SAFE,"재고 여유 — 현재고(298), 재주문점(12)",0.0,97.4,31.4,116226.0,100.0,OVER,과잉 발주 위험 — 현재(295개) > EOQ(97개). 발주 주기 31일 권장,100.0,21.9,3.13,4.41,1.85,STABLE,95.3,0.0,WMA,0.0,40.9,10.0,8.4,10.0,7.5,5.0,FAIR,보통 매칭 · 폐기위험 높음 · 핵심(A)상품,1.014,50.3,STABLE,18.7,LOW,59.1,MEDIUM,29.0,32.8,100.0,0.3,30.0,706609.0,100.0,0.385,0.385,88.5,True,21.2,252,38.0,143,100.0,0.999,4.9,79.0,50.0,DISCOUNT,70.4,2,99.8,71.8,27.8,disposal_risk,61.9,검토 필요,96,HEURISTIC 29% | ABC 14% | TURNOVER 14% | DISPOSAL_RISK 14% | SAFETY_STOCK 8% | EOQ 7% | DEMAND_FORECAST 7% | MATCH 5%,"['⏰ 유통기한 임박 (84%)', '❄️ 냉장·냉동 과잉 (78%)', '💸 배송비 상승 (91%)', '⚡ 복합 스트레스 (60%)']","{'재고위험': '25.1%', '판매가능성': '13.2%', '점포이동적합': '14.0%', '비용절감': '18.3%', '폐기회피이익': '13.2%', '실행가능성': '12.8%', '이력보정': '3.3%'}",True,True,False,True,False,True,61.4,32.8,58.9,62.3,72.0,77.6,56.6,58.9,0.0,93.7,최적,할인 판매,🏷️,24,HIGH,신뢰도 높음 ●,#2e7d32,,,93.7,최적,할인 판매,-1,-1,False,False,,50.0,9483.0,19326.0,9483.0,8.87,18.14,8.87,18.0,275.0,272.0,163.0,재고 이동,재고 이동,81.814,일치,81.814,55.17,32.84,24.113
샌드위치023,압구정점,홍대점,237.0,재배치 추천,14037.0,프로모션 순비용이 재배치 비용보다 높습니다.,26.218199468920425,14.61864406779661,18,0,58.8,검토 가능,14037.0,237.0,224,False,Greedy 선택 후보보다 우선순위가 낮음,3.76,1198,310,14,신선식품,150,237,113.0,26.0,150,135374.0,B,0.9181734074460505,2,60.0,82.3,4.37,SLOW,54.3,True,36.2,LOW,소진일수 82일 초과 | 신선/냉장 고위험 카테고리,3.2,14.5,0.0,SAFE,"재고 여유 — 현재고(310), 재주문점(14)",0.0,180.9,48.1,75858.0,69.6,OVER,과잉 발주 위험 — 현재(307개) > EOQ(181개). 발주 주기 48일 권장,69.6,26.1,3.73,5.28,2.18,STABLE,83.1,0.0,WMA,0.0,28.5,10.0,0.0,6.0,7.5,5.0,POOR,낮은 매칭,0.988,49.7,STABLE,16.3,LOW,43.3,MEDIUM,31.9,50.8,83.4,0.3,30.0,362224.0,100.0,0.385,0.385,88.5,True,13.1,479,22.2,464,100.0,0.999,4.9,74.8,50.0,DISCOUNT,70.3,2,99.8,71.8,48.0,turnover,43.2,모니터링,385,HEURISTIC 29% | ABC 14% | TURNOVER 14% | DISPOSAL_RISK 14% | SAFETY_STOCK 8% | EOQ 7% | DEMAND_FORECAST 7% | MATCH 5%,"['⏰ 유통기한 임박 (84%)', '❄️ 냉장·냉동 과잉 (78%)', '💸 배송비 상승 (91%)', '⚡ 복합 스트레스 (60%)']","{'재고위험': '25.1%', '판매가능성': '13.2%', '점포이동적합': '14.0%', '비용절감': '18.3%', '폐기회피이익': '13.2%', '실행가능성': '12.8%', '이력보정': '3.3%'}",True,True,False,True,False,True,43.2,32.6,49.7,57.8,72.0,72.5,52.1,51.5,0.0,22.9,검토,보류,⏸️,404,HIGH,신뢰도 높음 ●,#2e7d32,,,22.9,검토,보류,-1,0,False,False,,50.0,14037.0,17130.0,14037.0,13.93,15.700000000000001,13.93,28.0,426.0,237.0,388.0,재고 이동,재고 이동,75.845,일치,75.845,51.396,30.485,18.659
차음료039,강남2점,구로점,291.0,재배치 추천,17619.0,프로모션 순비용이 재배치 비용보다 높습니다.,22.12717357165291,18.43220338983051,18,0,58.6,검토 가능,17619.0,291.0,225,False,Greedy 선택 후보보다 우선순위가 낮음,6.7,1058,300,0,음료,400,291,201.0,47.0,400,212658.0,A,0.7122615727681944,1,100.0,44.8,8.04,NORMAL,75.1,False,47.4,MEDIUM,유통기한 임박,5.7,25.8,0.0,SAFE,"재고 여유 — 현재고(300), 재주문점(26)",0.0,358.3,53.5,68244.0,14.3,OPTIMAL,"적정 발주 — EOQ(358개), 권장 발주 주기 54일",14.3,47.0,6.71,9.48,3.95,STABLE,44.7,2.0,WMA,2.0,36.2,10.0,3.7,10.0,7.5,5.0,POOR,낮은 매칭 · 핵심(A)상품,1.002,50.1,STABLE,8.7,LOW,78.3,HIGH,26.9,48.2,86.4,0.3,30.0,468235.0,100.0,0.385,0.385,88.5,False,26.6,98,26.5,357,100.0,0.999,4.9,75.7,50.0,DISCOUNT,70.1,2,99.8,71.7,26.6,turnover,55.9,검토 필요,189,HEURISTIC 29% | ABC 14% | TURNOVER 14% | DISPOSAL_RISK 14% | SAFETY_STOCK 8% | EOQ 7% | DEMAND_FORECAST 7% | MATCH 5%,"['⏰ 유통기한 임박 (84%)', '❄️ 냉장·냉동 과잉 (78%)', '💸 배송비 상승 (91%)', '⚡ 복합 스트레스 (60%)']","{'재고위험': '25.1%', '판매가능성': '13.2%', '점포이동적합': '14.0%', '비용절감': '18.3%', '폐기회피이익': '13.2%', '실행가능성': '12.8%', '이력보정': '3.3%'}",True,True,False,True,False,True,59.7,33.7,54.2,49.4,72.0,73.7,59.5,55.0,0.0,58.1,검토,보류,⏸️,215,HIGH,신뢰도 높음 ●,#2e7d32,,,58.1,검토,보류,-1,-1,False,False,,50.0,17619.0,28371.0,17619.0,17.91,28.189999999999998,17.91,36.0,706.0,291.0,650.0,재고 이동,재고 이동,80.774,일치,80.774,52.475,30.003,16.852
치즈001,신촌점,건대점,264.0,재배치 추천,16044.0,프로모션 순비용이 재배치 비용보다 높습니다.,23.925991491305712,16.52542372881356,18,0,58.5,검토 가능,16044.0,264.0,226,False,Greedy 선택 후보보다 우선순위가 낮음,1.15,1331,268,3,유제품,300,264,34.0,8.0,300,45254.0,C,0.9970954629585115,3,20.0,236.5,1.52,DEAD,0.0,True,76.0,HIGH,유통기한 임박 | 소진일수 236일 초과 | 신선/냉장 고위험 카테고리,1.0,4.4,0.0,SAFE,"재고 여유 — 현재고(268), 재주문점(4)",0.0,94.9,82.5,44220.0,100.0,OVER,과잉 발주 위험 — 현재(267개) > EOQ(95개). 발주 주기 82일 권장,100.0,8.0,1.14,1.62,0.67,STABLE,234.5,0.0,WMA,0.0,33.9,10.0,8.4,3.0,7.5,5.0,POOR,낮은 매칭 · 폐기위험 높음,0.994,49.8,STABLE,35.2,LOW,69.6,MEDIUM,37.9,43.6,76.3,0.3,30.0,484817.0,100.0,0.385,0.385,88.5,True,22.8,184,43.9,29,100.0,0.999,4.9,72.5,50.0,DISCOUNT,70.0,2,99.8,71.7,38.5,disposal_risk,39.4,후순위,417,HEURISTIC 29% | ABC 14% | TURNOVER 14% | DISPOSAL_RISK 14% | SAFETY_STOCK 8% | EOQ 7% | DEMAND_FORECAST 7% | MATCH 5%,"['⏰ 유통기한 임박 (84%)', '❄️ 냉장·냉동 과잉 (78%)', '💸 배송비 상승 (91%)', '⚡ 복합 스트레스 (60%)']","{'재고위험': '25.1%', '판매가능성': '13.2%', '점포이동적합': '14.0%', '비용절감': '18.3%', '폐기회피이익': '13.2%', '실행가능성': '12.8%', '이력보정': '3.3%'}",True,True,False,True,False,True,40.7,32.6,56.3,62.2,72.0,65.4,57.4,51.7,0.0,24.0,검토,할인 판매,🏷️,398,HIGH,신뢰도 높음 ●,#2e7d32,,,24.0,검토,할인 판매,0,0,True,False,,50.0,16044.0,18426.0,16044.0,16.16,17.14,16.16,32.0,847.0,264.0,753.0,재고 이동,재고 이동,83.64,일치,83.64,65.558,36.735,9.536
도시락050,방배점,종로점,226.0,재배치 추천,13731.0,프로모션 순비용이 재배치 비용보다 높습니다.,26.56768409331011,13.841807909604519,18,0,58.4,검토 가능,13731.0,226.0,227,False,Greedy 선택 후보보다 우선순위가 낮음,2.75,2437,229,0,신선식품,500,226,82.0,19.0,500,199834.0,A,0.7269288129371255,1,100.0,83.8,4.3,SLOW,53.4,True,76.9,HIGH,유통기한 임박 | 소진일수 84일 초과 | 신선/냉장 고위험 카테고리,2.4,10.6,0.0,SAFE,"재고 여유 — 현재고(229), 재주문점(11)",0.0,108.5,39.5,92528.0,100.0,OVER,과잉 발주 위험 — 현재(227개) > EOQ(108개). 발주 주기 40일 권장,100.0,19.1,2.73,3.86,1.59,STABLE,83.9,0.0,WMA,0.0,40.9,10.0,8.4,10.0,7.5,5.0,FAIR,보통 매칭 · 폐기위험 높음 · 핵심(A)상품,0.987,49.7,STABLE,16.5,LOW,78.3,HIGH,23.5,50.3,87.0,0.3,30.0,760183.0,100.0,0.385,0.385,88.5,True,23.3,161,41.0,65,100.0,0.999,4.9,75.9,50.0,DISCOUNT,69.9,1,100.0,71.7,25.5,disposal_risk,64.8,검토 필요,62,HEURISTIC 29% | ABC 14% | TURNOVER 14% | DISPOSAL_RISK 14% | SAFETY_STOCK 8% | EOQ 7% | DEMAND_FORECAST 7% | MATCH 5%,"['⏰ 유통기한 임박 (84%)', '❄️ 냉장·냉동 과잉 (78%)', '💸 배송비 상승 (91%)', '⚡ 복합 스트레스 (60%)']","{'재고위험': '25.1%', '판매가능성': '13.2%', '점포이동적합': '14.0%', '비용절감': '18.3%', '폐기회피이익': '13.2%', '실행가능성': '12.8%', '이력보정': '3.3%'}",True,True,False,True,False,True,67.3,32.6,59.2,62.1,72.0,74.8,57.8,60.0,0.0,97.6,최적,할인 판매,🏷️,3,HIGH,신뢰도 높음 ●,#2e7d32,,,97.6,최적,할인 판매,-1,0,False,False,,50.0,13731.0,23988.0,13731.0,13.59,23.32,13.59,27.0,703.0,226.0,625.0,재고 이동,재고 이동,88.515,일치,88.515,60.393,34.842,17.331
커피038,청량리점,마포점,285.0,재배치 추천,17367.0,프로모션 순비용이 재배치 비용보다 높습니다.,22.41498443879736,18.008474576271187,18,0,58.4,검토 가능,17367.0,285.0,228,False,Greedy 선택 후보보다 우선순위가 낮음,7.1,2507,294,1,음료,300,285,213.0,50.0,300,533991.0,A,0.5815062590510993,1,100.0,41.4,8.69,NORMAL,77.0,False,43.7,MEDIUM,유통기한 임박,6.1,27.4,0.0,SAFE,"재고 여유 — 현재고(294), 재주문점(27)",0.0,239.6,33.7,108141.0,20.2,OPTIMAL,"적정 발주 — EOQ(240개), 권장 발주 주기 34일",20.2,49.9,7.13,10.06,4.2,STABLE,41.2,2.5,WMA,2.5,36.2,10.0,3.72,10.0,7.5,5.0,POOR,낮은 매칭 · 핵심(A)상품,1.006,50.2,STABLE,8.1,LOW,76.6,HIGH,38.8,23.3,78.8,0.3,30.0,925527.0,100.0,0.385,0.385,88.5,False,30.3,71,24.9,414,100.0,0.999,4.9,73.4,50.0,DISCOUNT,69.7,2,99.8,71.7,26.3,turnover,56.1,검토 필요,188,HEURISTIC 29% | ABC 14% | TURNOVER 14% | DISPOSAL_RISK 14% | SAFETY_STOCK 8% | EOQ 7% | DEMAND_FORECAST 7% | MATCH 5%,"['⏰ 유통기한 임박 (84%)', '❄️ 냉장·냉동 과잉 (78%)', '💸 배송비 상승 (91%)', '⚡ 복합 스트레스 (60%)']","{'재고위험': '25.1%', '판매가능성': '13.2%', '점포이동적합': '14.0%', '비용절감': '18.3%', '폐기회피이익': '13.2%', '실행가능성': '12.8%', '이력보정': '3.3%'}",True,True,False,True,False,True,58.6,34.0,53.6,50.2,72.0,60.3,61.6,53.1,0.0,38.2,검토,보류,⏸️,322,HIGH,신뢰도 높음 ●,#2e7d32,,,38.2,검토,보류,-1,-1,False,False,,50.0,17367.0,30936.0,17367.0,17.63,31.04,17.63,35.0,750.0,285.0,618.0,재고 이동,재고 이동,79.877,일치,79.877,51.735,29.865,17.598
커피076,명동점,종로점,293.0,재배치 추천,17886.0,프로모션 순비용이 재배치 비용보다 높습니다.,21.822231105273676,18.573446327683616,18,0,58.4,검토 가능,17886.0,293.0,229,False,Greedy 선택 후보보다 우선순위가 낮음,5.7,2453,340,6,음료,400,293,171.0,40.0,400,419463.0,A,0.42114451345163617,1,100.0,59.6,6.04,NORMAL,66.9,False,44.8,MEDIUM,유통기한 임박,4.9,22.0,0.0,SAFE,"재고 여유 — 현재고(340), 재주문점(22)",0.0,217.1,38.1,95845.0,54.4,OVER,과잉 발주 위험 — 현재(335개) > EOQ(217개). 발주 주기 38일 권장,54.4,40.0,5.71,8.07,3.36,STABLE,59.5,0.1,WMA,0.1,36.1,10.0,3.6,10.0,7.5,5.0,POOR,낮은 매칭 · 핵심(A)상품,1.003,50.1,STABLE,11.6,LOW,59.1,MEDIUM,34.1,50.3,87.0,0.3,30.0,961789.0,100.0,0.385,0.385,88.5,False,15.6,437,26.0,375,100.0,0.999,4.9,75.9,50.0,DISCOUNT,69.6,2,99.8,71.7,27.9,turnover,55.2,검토 필요,201,HEURISTIC 29% | ABC 14% | TURNOVER 14% | DISPOSAL_RISK 14% | SAFETY_STOCK 8% | EOQ 7% | DEMAND_FORECAST 7% | MATCH 5%,"['⏰ 유통기한 임박 (84%)', '❄️ 냉장·냉동 과잉 (78%)', '💸 배송비 상승 (91%)', '⚡ 복합 스트레스 (60%)']","{'재고위험': '25.1%', '판매가능성': '13.2%', '점포이동적합': '14.0%', '비용절감': '18.3%', '폐기회피이익': '13.2%', '실행가능성': '12.8%', '이력보정': '3.3%'}",True,True,False,True,False,True,56.4,32.8,54.0,55.3,72.0,74.8,53.5,55.3,0.0,62.0,검토,보류,⏸️,194,HIGH,신뢰도 높음 ●,#2e7d32,,,62.0,검토,보류,-1,0,False,False,,50.0,0.0,17886.0,17886.0,0.0,16.54,16.54,33.0,442.0,293.0,303.0,재고 이동,재고 이동,79.412,일치,79.412,52.05,29.826,19.309
마카롱063,동대문점,구로점,308.0,재배치 추천,18933.0,프로모션 순비용이 재배치 비용보다 높습니다.,20.626445478685437,19.63276836158192,18,0,58.3,검토 가능,18933.0,308.0,230,False,Greedy 선택 후보보다 우선순위가 낮음,7.14,1766,317,0,디저트,400,308,214.0,50.0,400,377924.0,B,0.8685943603940853,2,60.0,44.4,8.1,NORMAL,75.3,False,47.2,MEDIUM,유통기한 임박,6.1,27.5,0.0,SAFE,"재고 여유 — 현재고(317), 재주문점(28)",0.0,243.0,34.0,107266.0,27.9,OPTIMAL,"적정 발주 — EOQ(243개), 권장 발주 주기 34일",27.9,50.0,7.14,10.09,4.2,STABLE,44.4,2.1,WMA,2.1,32.2,10.0,3.7,6.0,7.5,5.0,POOR,낮은 매칭,1.0,50.0,STABLE,8.6,LOW,78.3,HIGH,26.2,48.2,86.4,0.3,30.0,756981.0,100.0,0.385,0.385,88.5,False,27.3,95,25.6,393,100.0,0.999,4.9,75.7,50.0,DISCOUNT,69.5,2,99.8,71.7,41.5,turnover,48.4,모니터링,314,HEURISTIC 29% | ABC 14% | TURNOVER 14% | DISPOSAL_RISK 14% | SAFETY_STOCK 8% | EOQ 7% | DEMAND_FORECAST 7% | MATCH 5%,"['⏰ 유통기한 임박 (84%)', '❄️ 냉장·냉동 과잉 (78%)', '💸 배송비 상승 (91%)', '⚡ 복합 스트레스 (60%)']","{'재고위험': '25.1%', '판매가능성': '13.2%', '점포이동적합': '14.0%', '비용절감': '18.3%', '폐기회피이익': '13.2%', '실행가능성': '12.8%', '이력보정': '3.3%'}",True,True,False,True,False,True,53.7,33.8,52.2,51.2,72.0,73.7,59.9,53.6,0.0,42.1,검토,보류,⏸️,301,HIGH,신뢰도 높음 ●,#2e7d32,,,42.1,검토,보류,-1,-1,False,False,,50.0,18933.0,29235.0,18933.0,19.37,29.15,19.37,39.0,621.0,308.0,554.0,재고 이동,재고 이동,76.484,일치,76.484,52.307,33.038,16.589
차음료039,왕십리점,구로점,334.0,재배치 추천,20472.0,프로모션 순비용이 재배치 비용보다 높습니다.,18.868743397196127,21.468926553672315,18,0,58.3,검토 가능,20472.0,334.0,231,False,Greedy 선택 후보보다 우선순위가 낮음,8.38,1058,345,0,음료,400,334,251.0,59.0,400,265558.0,A,0.7122615727681944,1,100.0,41.2,8.73,NORMAL,77.1,False,45.6,MEDIUM,유통기한 임박,7.2,32.3,0.0,SAFE,"재고 여유 — 현재고(345), 재주문점(32)",0.0,400.8,47.8,76322.0,12.6,OPTIMAL,"적정 발주 — EOQ(401개), 권장 발주 주기 48일",12.6,58.9,8.41,11.87,4.96,STABLE,41.0,2.5,WMA,2.5,36.2,10.0,3.72,10.0,7.5,5.0,POOR,낮은 매칭 · 핵심(A)상품,1.006,50.1,STABLE,8.0,LOW,78.3,HIGH,26.9,48.2,86.4,0.3,30.0,537174.0,100.0,0.385,0.385,88.5,False,30.6,69,25.6,393,100.0,0.999,4.9,75.7,50.0,DISCOUNT,69.3,2,99.8,71.7,26.3,turnover,55.9,검토 필요,190,HEURISTIC 29% | ABC 14% | TURNOVER 14% | DISPOSAL_RISK 14% | SAFETY_STOCK 8% | EOQ 7% | DEMAND_FORECAST 7% | MATCH 5%,"['⏰ 유통기한 임박 (84%)', '❄️ 냉장·냉동 과잉 (78%)', '💸 배송비 상승 (91%)', '⚡ 복합 스트레스 (60%)']","{'재고위험': '25.1%', '판매가능성': '13.2%', '점포이동적합': '14.0%', '비용절감': '18.3%', '폐기회피이익': '13.2%', '실행가능성': '12.8%', '이력보정': '3.3%'}",True,True,False,True,False,True,59.4,34.0,54.0,49.0,72.0,73.7,61.7,54.9,0.0,56.4,검토,보류,⏸️,224,HIGH,신뢰도 높음 ●,#2e7d32,,,56.4,검토,보류,0,-1,False,False,,50.0,20472.0,26625.0,20472.0,21.08,26.25,21.08,42.0,706.0,334.0,650.0,재고 이동,재고 이동,81.259,일치,81.259,53.144,30.569,15.269
케이크078,여의도2점,성수점,264.0,재배치 추천,16278.0,프로모션 순비용이 재배치 비용보다 높습니다.,23.65873854324301,16.52542372881356,18,0,58.2,검토 가능,16278.0,264.0,232,False,Greedy 선택 후보보다 우선순위가 낮음,6.43,2650,282,2,디저트,300,264,193.0,45.0,300,511450.0,A,0.64225766471405,1,100.0,43.8,8.21,NORMAL,75.7,False,44.9,MEDIUM,유통기한 임박,5.5,24.8,0.0,SAFE,"재고 여유 — 현재고(282), 재주문점(25)",0.0,188.2,29.3,124694.0,46.9,OPTIMAL,"적정 발주 — EOQ(188개), 권장 발주 주기 29일",46.9,45.0,6.43,9.08,3.78,STABLE,43.9,2.2,WMA,2.2,36.2,10.0,3.71,10.0,7.5,5.0,POOR,낮은 매칭 · 핵심(A)상품,1.0,50.0,STABLE,8.5,LOW,73.1,HIGH,40.3,46.2,96.7,0.3,30.0,902442.0,100.0,0.385,0.385,88.5,False,27.9,89,25.5,395,100.0,0.999,4.9,78.3,50.0,DISCOUNT,69.2,2,99.8,71.6,26.6,turnover,57.6,검토 필요,159,HEURISTIC 29% | ABC 14% | TURNOVER 14% | DISPOSAL_RISK 14% | SAFETY_STOCK 8% | EOQ 7% | DEMAND_FORECAST 7% | MATCH 5%,"['⏰ 유통기한 임박 (84%)', '❄️ 냉장·냉동 과잉 (78%)', '💸 배송비 상승 (91%)', '⚡ 복합 스트레스 (60%)']","{'재고위험': '25.1%', '판매가능성': '13.2%', '점포이동적합': '14.0%', '비용절감': '18.3%', '폐기회피이익': '13.2%', '실행가능성': '12.8%', '이력보정': '3.3%'}",True,True,False,True,False,True,58.8,33.8,54.2,54.0,72.0,79.9,60.3,56.5,0.0,75.8,권장,보류,⏸️,120,HIGH,신뢰도 높음 ●,#2e7d32,,,75.8,권장,보류,-1,-1,False,False,,50.0,16278.0,20334.0,16278.0,16.42,19.259999999999998,16.42,33.0,351.0,264.0,314.0,재고 이동,재고 이동,77.798,일치,77.798,50.721,30.494,22.362
딸기우유054,신촌점,목동점,164.0,재배치 추천,10212.0,프로모션 순비용이 재배치 비용보다 높습니다.,30.586757273791505,9.463276836158192,18,0,58.1,검토 가능,10212.0,164.0,233,False,Greedy 선택 후보보다 우선순위가 낮음,3.1,1828,172,2,유제품,300,164,93.0,22.0,300,170004.0,B,0.9443179613862073,2,60.0,55.5,6.49,NORMAL,69.2,False,58.7,MEDIUM,유통기한 임박 | 신선/냉장 고위험 카테고리,2.7,12.0,0.0,SAFE,"재고 여유 — 현재고(172), 재주문점(12)",0.0,133.0,42.9,85084.0,27.3,OPTIMAL,"적정 발주 — EOQ(133개), 권장 발주 주기 43일",27.3,21.9,3.13,4.41,1.85,STABLE,55.0,0.7,WMA,0.7,32.1,10.0,3.64,6.0,7.5,5.0,POOR,낮은 매칭,1.014,50.3,STABLE,10.8,LOW,73.1,HIGH,38.2,66.4,57.2,0.3,30.0,398738.0,100.0,0.385,0.385,88.5,True,20.6,289,30.6,240,100.0,0.999,4.9,63.3,50.0,DISCOUNT,69.1,2,99.8,71.6,41.5,disposal_risk,48.7,모니터링,307,HEURISTIC 29% | ABC 14% | TURNOVER 14% | DISPOSAL_RISK 14% | SAFETY_STOCK 8% | EOQ 7% | DEMAND_FORECAST 7% | MATCH 5%,"['⏰ 유통기한 임박 (84%)', '❄️ 냉장·냉동 과잉 (78%)', '💸 배송비 상승 (91%)', '⚡ 복합 스트레스 (60%)']","{'재고위험': '25.1%', '판매가능성': '13.2%', '점포이동적합': '14.0%', '비용절감': '18.3%', '폐기회피이익': '13.2%', '실행가능성': '12.8%', '이력보정': '3.3%'}",True,True,False,True,False,True,57.3,33.1,51.9,51.0,72.0,60.3,56.2,52.6,0.0,33.3,검토,보류,⏸️,348,HIGH,신뢰도 높음 ●,#2e7d32,,,33.3,검토,보류,0,-1,False,False,,50.0,10212.0,21594.0,10212.0,9.68,20.66,9.68,19.0,738.0,164.0,616.0,재고 이동,재고 이동,76.501,일치,76.501,50.875,30.331,21.112
요거트043,건대점,노원점,275.0,재배치 추천,17070.0,프로모션 순비용이 재배치 비용보다 높습니다.,22.754190103646174,17.30225988700565,18,0,58.1,검토 가능,17070.0,275.0,234,False,Greedy 선택 후보보다 우선순위가 낮음,2.41,1231,322,14,유제품,250,275,72.0,17.0,250,88632.0,C,0.9733301968712368,3,20.0,134.2,2.68,DEAD,25.4,True,38.0,LOW,소진일수 134일 초과 | 신선/냉장 고위험 카테고리,2.1,9.3,0.0,SAFE,"재고 여유 — 현재고(322), 재주문점(9)",0.0,142.9,59.3,61563.0,100.0,OVER,과잉 발주 위험 — 현재(320개) > EOQ(143개). 발주 주기 59일 권장,100.0,16.9,2.41,3.41,1.42,STABLE,133.4,0.0,WMA,0.0,25.5,10.0,0.0,3.0,7.5,5.0,POOR,낮은 매칭,1.008,50.2,STABLE,26.0,LOW,43.3,MEDIUM,24.1,35.1,98.9,0.3,30.0,457910.0,100.0,0.385,0.385,88.5,True,13.7,470,24.7,420,100.0,0.999,4.9,78.8,50.0,DISCOUNT,68.9,2,99.8,71.6,58.9,disposal_risk,32.4,후순위,463,HEURISTIC 29% | ABC 14% | TURNOVER 14% | DISPOSAL_RISK 14% | SAFETY_STOCK 8% | EOQ 7% | DEMAND_FORECAST 7% | MATCH 5%,"['⏰ 유통기한 임박 (84%)', '❄️ 냉장·냉동 과잉 (78%)', '💸 배송비 상승 (91%)', '⚡ 복합 스트레스 (60%)']","{'재고위험': '25.1%', '판매가능성': '13.2%', '점포이동적합': '14.0%', '비용절감': '18.3%', '폐기회피이익': '13.2%', '실행가능성': '12.8%', '이력보정': '3.3%'}",True,True,False,True,False,True,30.3,32.8,49.3,62.0,72.0,77.6,52.4,49.7,0.0,12.1,검토,보류,⏸️,462,HIGH,신뢰도 높음 ●,#2e7d32,,,12.1,검토,보류,0,-1,False,False,,50.0,17070.0,32799.0,17070.0,17.3,33.11,17.3,35.0,580.0,275.0,401.0,재고 이동,재고 이동,72.714,일치,72.714,56.215,34.748,15.371
딸기우유014,동대문점,잠실2점,232.0,재배치 추천,14433.0,프로모션 순비용이 재배치 비용보다 높습니다.,25.765925249122006,14.26553672316384,18,0,58.0,검토 가능,14433.0,232.0,235,False,Greedy 선택 후보보다 우선순위가 낮음,5.48,2852,331,0,유제품,400,324,164.0,38.0,400,467728.0,A,0.560656640638992,1,100.0,60.5,5.95,SLOW,66.4,True,63.3,HIGH,유통기한 임박 | 신선/냉장 고위험 카테고리,4.7,21.1,0.0,SAFE,"재고 여유 — 현재고(331), 재주문점(21)",0.0,141.6,25.8,141301.0,100.0,OVER,과잉 발주 위험 — 현재(326개) > EOQ(142개). 발주 주기 26일 권장,100.0,38.1,5.44,7.7,3.18,STABLE,60.8,0.0,WMA,0.0,40.9,10.0,8.4,10.0,7.5,5.0,FAIR,보통 매칭 · 폐기위험 높음 · 핵심(A)상품,0.991,49.8,STABLE,12.0,LOW,78.3,HIGH,28.3,30.0,87.4,0.3,30.0,872364.0,100.0,0.385,0.385,88.5,True,20.2,307,34.4,187,100.0,0.999,4.9,76.0,50.0,DISCOUNT,68.8,2,99.8,71.6,26.8,disposal_risk,63.5,검토 필요,82,HEURISTIC 29% | ABC 14% | TURNOVER 14% | DISPOSAL_RISK 14% | SAFETY_STOCK 8% | EOQ 7% | DEMAND_FORECAST 7% | MATCH 5%,"['⏰ 유통기한 임박 (84%)', '❄️ 냉장·냉동 과잉 (78%)', '💸 배송비 상승 (91%)', '⚡ 복합 스트레스 (60%)']","{'재고위험': '25.1%', '판매가능성': '13.2%', '점포이동적합': '14.0%', '비용절감': '18.3%', '폐기회피이익': '13.2%', '실행가능성': '12.8%', '이력보정': '3.3%'}",True,True,False,True,False,True,64.6,32.6,57.9,61.9,72.0,68.3,56.0,58.2,0.0,89.6,최적,할인 판매,🏷️,46,HIGH,신뢰도 높음 ●,#2e7d32,,,89.6,최적,할인 판매,-1,-1,False,False,,50.0,14433.0,22566.0,14433.0,14.37,21.740000000000002,14.37,29.0,278.0,324.0,232.0,재고 이동,재고 이동,82.614,일치,82.614,55.758,34.082,22.42
요거트043,신림점,성수점,275.0,재배치 추천,17088.0,프로모션 순비용이 재배치 비용보다 높습니다.,22.733632184564428,17.30225988700565,18,0,58.0,검토 가능,17088.0,275.0,236,False,Greedy 선택 후보보다 우선순위가 낮음,0.81,1231,290,14,유제품,250,275,24.0,6.0,250,29544.0,C,0.9733301968712368,3,20.0,362.5,0.99,DEAD,0.0,True,38.0,LOW,소진일수 362일 초과 | 신선/냉장 고위험 카테고리,0.7,3.1,0.0,SAFE,"재고 여유 — 현재고(290), 재주문점(3)",0.0,82.8,102.2,35690.0,100.0,OVER,과잉 발주 위험 — 현재(289개) > EOQ(83개). 발주 주기 102일 권장,100.0,5.9,0.84,1.18,0.51,STABLE,344.1,0.0,WMA,0.0,25.5,10.0,0.0,3.0,7.5,5.0,POOR,낮은 매칭,1.058,51.5,STABLE,35.0,LOW,43.3,MEDIUM,31.1,46.2,96.7,0.3,30.0,457892.0,100.0,0.385,0.385,88.5,True,13.7,470,27.0,324,100.0,0.999,4.9,78.3,50.0,DISCOUNT,68.7,2,99.8,71.6,55.3,disposal_risk,28.1,후순위,483,HEURISTIC 29% | ABC 14% | TURNOVER 14% | DISPOSAL_RISK 14% | SAFETY_STOCK 8% | EOQ 7% | DEMAND_FORECAST 7% | MATCH 5%,"['⏰ 유통기한 임박 (84%)', '❄️ 냉장·냉동 과잉 (78%)', '💸 배송비 상승 (91%)', '⚡ 복합 스트레스 (60%)']","{'재고위험': '25.1%', '판매가능성': '13.2%', '점포이동적합': '14.0%', '비용절감': '18.3%', '폐기회피이익': '13.2%', '실행가능성': '12.8%', '이력보정': '3.3%'}",True,True,False,True,False,True,23.6,33.2,49.7,61.9,72.0,79.9,52.4,48.4,0.0,9.1,검토,보류,⏸️,478,HIGH,신뢰도 높음 ●,#2e7d32,,,9.1,검토,보류,-1,-1,False,False,,50.0,17088.0,20433.0,17088.0,17.32,19.369999999999997,17.32,35.0,580.0,275.0,511.0,재고 이동,재고 이동,75.214,일치,75.214,57.801,33.193,10.945
빵002,이태원점,홍대6점,34.0,프로모션 추천,4064.0,프로모션 순비용이 재배치 비용보다 낮습니다.,37.60842874682352,0.2824858757062147,12,8,57.9,검토 가능,4064.0,34.0,237,False,Greedy 선택 후보보다 우선순위가 낮음,3.04,691,295,3,디저트,500,283,91.0,21.0,500,62881.0,C,0.9843409807516114,3,20.0,97.3,3.7,DEAD,45.9,True,68.0,HIGH,유통기한 임박 | 소진일수 97일 초과,2.6,11.7,0.0,SAFE,"재고 여유 — 현재고(295), 재주문점(12)",0.0,253.4,83.4,43782.0,15.4,OPTIMAL,"적정 발주 — EOQ(253개), 권장 발주 주기 83일",15.4,21.1,3.01,4.27,1.76,STABLE,97.9,0.0,WMA,0.0,33.9,10.0,8.4,3.0,7.5,5.0,POOR,낮은 매칭 · 폐기위험 높음,0.987,49.7,STABLE,19.2,LOW,69.6,MEDIUM,28.1,76.3,91.6,0.3,30.0,41129.0,82.3,0.385,0.385,88.5,False,21.0,264,36.7,167,100.0,0.999,4.9,77.1,50.0,DISCOUNT,68.5,2,99.8,62.7,46.1,disposal_risk,38.7,후순위,422,HEURISTIC 29% | ABC 14% | TURNOVER 14% | DISPOSAL_RISK 14% | SAFETY_STOCK 8% | EOQ 7% | DEMAND_FORECAST 7% | MATCH 5%,"['⏰ 유통기한 임박 (84%)', '❄️ 냉장·냉동 과잉 (78%)', '💸 배송비 상승 (91%)', '⚡ 복합 스트레스 (60%)']","{'재고위험': '25.1%', '판매가능성': '13.2%', '점포이동적합': '14.0%', '비용절감': '18.3%', '폐기회피이익': '13.2%', '실행가능성': '12.8%', '이력보정': '3.3%'}",True,True,False,True,False,True,49.3,32.6,55.3,49.2,61.4,86.5,56.5,52.6,0.0,34.0,검토,할인 판매,🏷️,344,HIGH,신뢰도 높음 ●,#2e7d32,,,34.0,검토,할인 판매,-1,-1,False,False,,50.0,9330.0,14412.0,9330.0,8.7,12.68,8.7,17.0,158.0,283.0,34.0,할인,재고 이동,59.323,다름,59.323,50.935,34.17,30.705
빵002,왕십리점,홍대6점,34.0,프로모션 추천,4064.0,프로모션 순비용이 재배치 비용보다 낮습니다.,37.60842874682352,0.2824858757062147,12,8,57.9,검토 가능,4064.0,34.0,238,False,Greedy 선택 후보보다 우선순위가 낮음,7.03,691,417,2,디저트,500,398,211.0,49.0,500,145801.0,C,0.9843409807516114,3,20.0,59.3,6.07,NORMAL,67.1,False,52.6,MEDIUM,유통기한 임박,6.0,27.1,0.0,SAFE,"재고 여유 — 현재고(417), 재주문점(27)",0.0,385.4,54.8,66578.0,6.6,OPTIMAL,"적정 발주 — EOQ(385개), 권장 발주 주기 55일",6.6,49.1,7.01,9.91,4.11,STABLE,59.5,0.1,WMA,0.1,29.1,10.0,3.6,3.0,7.5,5.0,POOR,낮은 매칭,0.996,49.9,STABLE,11.6,LOW,73.1,HIGH,28.1,76.3,91.6,0.3,30.0,41129.0,82.3,0.385,0.385,88.5,False,17.3,404,27.7,294,100.0,0.999,4.9,77.1,50.0,DISCOUNT,68.4,1,100.0,62.7,45.1,disposal_risk,36.8,후순위,438,HEURISTIC 29% | ABC 14% | TURNOVER 14% | DISPOSAL_RISK 14% | SAFETY_STOCK 8% | EOQ 7% | DEMAND_FORECAST 7% | MATCH 5%,"['⏰ 유통기한 임박 (84%)', '❄️ 냉장·냉동 과잉 (78%)', '💸 배송비 상승 (91%)', '⚡ 복합 스트레스 (60%)']","{'재고위험': '25.1%', '판매가능성': '13.2%', '점포이동적합': '14.0%', '비용절감': '18.3%', '폐기회피이익': '13.2%', '실행가능성': '12.8%', '이력보정': '3.3%'}",True,True,False,True,False,True,48.0,32.7,51.3,47.8,61.4,86.5,54.5,51.5,0.0,22.4,검토,보류,⏸️,406,HIGH,신뢰도 높음 ●,#2e7d32,,,22.4,검토,보류,0,-1,False,False,,50.0,13650.0,23412.0,13650.0,13.5,22.68,13.5,27.0,158.0,398.0,34.0,할인,재고 이동,57.441,다름,57.441,47.169,32.801,30.912
빵002,이태원점,수원3점,34.0,프로모션 추천,4064.0,프로모션 순비용이 재배치 비용보다 낮습니다.,37.60842874682352,0.2824858757062147,12,8,57.9,검토 가능,4064.0,34.0,239,False,Greedy 선택 후보보다 우선순위가 낮음,3.04,691,295,3,디저트,500,283,91.0,21.0,500,62881.0,C,0.9843409807516114,3,20.0,97.3,3.7,DEAD,45.9,True,68.0,HIGH,유통기한 임박 | 소진일수 97일 초과,2.6,11.7,0.0,SAFE,"재고 여유 — 현재고(295), 재주문점(12)",0.0,253.4,83.4,43782.0,15.4,OPTIMAL,"적정 발주 — EOQ(253개), 권장 발주 주기 83일",15.4,21.1,3.01,4.27,1.76,STABLE,97.9,0.0,WMA,0.0,33.9,10.0,8.4,3.0,7.5,5.0,POOR,낮은 매칭 · 폐기위험 높음,0.987,49.7,STABLE,19.2,LOW,69.6,MEDIUM,28.1,76.3,91.6,0.3,30.0,41129.0,82.3,0.385,0.385,88.5,False,21.0,264,36.7,167,100.0,0.999,4.9,77.1,50.0,DISCOUNT,68.3,2,99.8,62.7,46.1,disposal_risk,38.7,후순위,423,HEURISTIC 29% | ABC 14% | TURNOVER 14% | DISPOSAL_RISK 14% | SAFETY_STOCK 8% | EOQ 7% | DEMAND_FORECAST 7% | MATCH 5%,"['⏰ 유통기한 임박 (84%)', '❄️ 냉장·냉동 과잉 (78%)', '💸 배송비 상승 (91%)', '⚡ 복합 스트레스 (60%)']","{'재고위험': '25.1%', '판매가능성': '13.2%', '점포이동적합': '14.0%', '비용절감': '18.3%', '폐기회피이익': '13.2%', '실행가능성': '12.8%', '이력보정': '3.3%'}",True,True,False,True,False,True,49.3,32.6,55.3,49.2,61.4,86.5,56.5,52.6,0.0,34.0,검토,할인 판매,🏷️,345,HIGH,신뢰도 높음 ●,#2e7d32,,,34.0,검토,할인 판매,-1,-1,False,False,,50.0,38625.0,50394.0,38625.0,41.25,52.66,41.25,82.0,158.0,283.0,34.0,할인,할인,55.406,일치,49.709,55.406,39.95,32.73
빵002,왕십리점,수원3점,34.0,프로모션 추천,4064.0,프로모션 순비용이 재배치 비용보다 낮습니다.,37.60842874682352,0.2824858757062147,12,8,57.9,검토 가능,4064.0,34.0,240,False,Greedy 선택 후보보다 우선순위가 낮음,7.03,691,417,2,디저트,500,398,211.0,49.0,500,145801.0,C,0.9843409807516114,3,20.0,59.3,6.07,NORMAL,67.1,False,52.6,MEDIUM,유통기한 임박,6.0,27.1,0.0,SAFE,"재고 여유 — 현재고(417), 재주문점(27)",0.0,385.4,54.8,66578.0,6.6,OPTIMAL,"적정 발주 — EOQ(385개), 권장 발주 주기 55일",6.6,49.1,7.01,9.91,4.11,STABLE,59.5,0.1,WMA,0.1,29.1,10.0,3.6,3.0,7.5,5.0,POOR,낮은 매칭,0.996,49.9,STABLE,11.6,LOW,73.1,HIGH,28.1,76.3,91.6,0.3,30.0,41129.0,82.3,0.385,0.385,88.5,False,17.3,404,27.7,294,100.0,0.999,4.9,77.1,50.0,DISCOUNT,68.1,1,100.0,62.7,45.1,disposal_risk,36.8,후순위,437,HEURISTIC 29% | ABC 14% | TURNOVER 14% | DISPOSAL_RISK 14% | SAFETY_STOCK 8% | EOQ 7% | DEMAND_FORECAST 7% | MATCH 5%,"['⏰ 유통기한 임박 (84%)', '❄️ 냉장·냉동 과잉 (78%)', '💸 배송비 상승 (91%)', '⚡ 복합 스트레스 (60%)']","{'재고위험': '25.1%', '판매가능성': '13.2%', '점포이동적합': '14.0%', '비용절감': '18.3%', '폐기회피이익': '13.2%', '실행가능성': '12.8%', '이력보정': '3.3%'}",True,True,False,True,False,True,48.0,32.7,51.3,47.8,61.4,86.5,54.5,51.5,0.0,22.4,검토,보류,⏸️,407,HIGH,신뢰도 높음 ●,#2e7d32,,,22.4,검토,보류,0,-1,False,False,,50.0,42036.0,47586.0,42036.0,45.04,49.54,45.04,90.0,158.0,398.0,34.0,할인,할인,51.374,일치,49.107,51.374,37.751,32.406
빵002,신촌2점,수원3점,34.0,프로모션 추천,4064.0,프로모션 순비용이 재배치 비용보다 낮습니다.,37.60842874682352,0.2824858757062147,12,8,57.9,검토 가능,4064.0,34.0,241,False,Greedy 선택 후보보다 우선순위가 낮음,1.3,691,363,1,디저트,500,362,39.0,9.0,500,26949.0,C,0.9843409807516114,3,20.0,279.2,1.29,DEAD,0.0,True,68.0,HIGH,유통기한 임박 | 소진일수 279일 초과,1.1,5.0,0.0,SAFE,"재고 여유 — 현재고(363), 재주문점(5)",0.0,165.7,127.5,28630.0,100.0,OVER,과잉 발주 위험 — 현재(362개) > EOQ(166개). 발주 주기 128일 권장,100.0,9.0,1.29,1.82,0.75,STABLE,282.3,0.0,WMA,0.0,33.9,10.0,8.4,3.0,7.5,5.0,POOR,낮은 매칭 · 폐기위험 높음,0.989,49.7,STABLE,35.3,LOW,76.6,HIGH,28.1,76.3,91.6,0.3,30.0,41129.0,82.3,0.385,0.385,88.5,False,21.0,264,40.7,77,100.0,0.999,4.9,77.1,50.0,DISCOUNT,68.0,2,99.8,62.7,42.8,disposal_risk,37.1,후순위,433,HEURISTIC 29% | ABC 14% | TURNOVER 14% | DISPOSAL_RISK 14% | SAFETY_STOCK 8% | EOQ 7% | DEMAND_FORECAST 7% | MATCH 5%,"['⏰ 유통기한 임박 (84%)', '❄️ 냉장·냉동 과잉 (78%)', '💸 배송비 상승 (91%)', '⚡ 복합 스트레스 (60%)']","{'재고위험': '25.1%', '판매가능성': '13.2%', '점포이동적합': '14.0%', '비용절감': '18.3%', '폐기회피이익': '13.2%', '실행가능성': '12.8%', '이력보정': '3.3%'}",True,True,False,True,False,True,37.1,32.6,56.1,61.8,61.4,86.5,56.5,52.0,0.0,27.7,검토,할인 판매,🏷️,378,HIGH,신뢰도 높음 ●,#2e7d32,,,27.7,검토,할인 판매,-1,-1,False,False,,50.0,43458.0,49386.0,43458.0,46.62,51.54,46.62,93.0,158.0,362.0,34.0,할인,할인,62.248,일치,52.496,62.248,43.707,32.698
냉동돈까스049,역삼점,명동점,181.0,재배치 추천,11409.0,프로모션 순비용이 재배치 비용보다 높습니다.,29.21965565485538,10.663841807909606,18,0,57.9,검토 가능,11409.0,181.0,242,False,Greedy 선택 후보보다 우선순위가 낮음,1.04,1991,239,40,냉동식품,500,181,31.0,7.0,500,61721.0,C,0.9891341650234772,3,20.0,231.3,1.56,DEAD,0.0,True,36.0,LOW,소진일수 231일 초과 | 신선/냉장 고위험 카테고리,0.9,4.0,0.0,SAFE,"재고 여유 — 현재고(239), 재주문점(4)",0.0,79.7,76.6,47617.0,100.0,OVER,과잉 발주 위험 — 현재(238개) > EOQ(80개). 발주 주기 77일 권장,100.0,7.1,1.01,1.44,0.59,STABLE,235.6,0.0,WMA,0.0,25.5,10.0,0.0,3.0,7.5,5.0,POOR,낮은 매칭,0.962,49.0,STABLE,36.0,LOW,43.3,MEDIUM,32.3,32.8,100.0,0.3,30.0,511536.0,100.0,0.385,0.385,88.5,True,13.3,477,26.4,362,100.0,0.999,4.9,79.0,50.0,DISCOUNT,67.9,2,99.8,71.6,55.9,disposal_risk,27.6,후순위,485,HEURISTIC 29% | ABC 14% | TURNOVER 14% | DISPOSAL_RISK 14% | SAFETY_STOCK 8% | EOQ 7% | DEMAND_FORECAST 7% | MATCH 5%,"['⏰ 유통기한 임박 (84%)', '❄️ 냉장·냉동 과잉 (78%)', '💸 배송비 상승 (91%)', '⚡ 복합 스트레스 (60%)']","{'재고위험': '25.1%', '판매가능성': '13.2%', '점포이동적합': '14.0%', '비용절감': '18.3%', '폐기회피이익': '13.2%', '실행가능성': '12.8%', '이력보정': '3.3%'}",True,True,False,True,False,True,22.8,32.4,49.7,61.8,72.0,77.6,52.2,47.8,0.0,8.5,검토,보류,⏸️,481,HIGH,신뢰도 높음 ●,#2e7d32,,,8.5,검토,보류,-1,-1,False,False,,50.0,11409.0,24321.0,11409.0,11.01,23.69,11.01,22.0,381.0,181.0,248.0,재고 이동,재고 이동,66.708,일치,66.708,55.232,33.514,19.075
샌드위치023,사당점,마포점,286.0,재배치 추천,17907.0,프로모션 순비용이 재배치 비용보다 높습니다.,21.79824686634497,18.07909604519774,18,0,57.9,검토 가능,17907.0,286.0,243,False,Greedy 선택 후보보다 우선순위가 낮음,5.77,1198,411,12,신선식품,150,315,173.0,40.0,150,207254.0,B,0.9181734074460505,2,60.0,71.3,5.05,SLOW,60.4,True,37.5,LOW,소진일수 71일 초과 | 신선/냉장 고위험 카테고리,4.9,22.2,0.0,SAFE,"재고 여유 — 현재고(411), 재주문점(22)",0.0,224.1,38.8,93972.0,81.2,OVER,과잉 발주 위험 — 현재(406개) > EOQ(224개). 발주 주기 39일 권장,81.2,40.2,5.74,8.12,3.36,STABLE,71.6,0.0,WMA,0.0,28.5,10.0,0.0,6.0,7.5,5.0,POOR,낮은 매칭,0.99,49.8,STABLE,14.1,LOW,43.3,MEDIUM,41.7,23.3,78.8,0.3,30.0,436147.0,100.0,0.385,0.385,88.5,True,13.7,470,22.1,465,100.0,0.999,4.9,73.4,50.0,DISCOUNT,67.7,2,99.8,71.6,46.5,turnover,44.6,모니터링,360,HEURISTIC 29% | ABC 14% | TURNOVER 14% | DISPOSAL_RISK 14% | SAFETY_STOCK 8% | EOQ 7% | DEMAND_FORECAST 7% | MATCH 5%,"['⏰ 유통기한 임박 (84%)', '❄️ 냉장·냉동 과잉 (78%)', '💸 배송비 상승 (91%)', '⚡ 복합 스트레스 (60%)']","{'재고위험': '25.1%', '판매가능성': '13.2%', '점포이동적합': '14.0%', '비용절감': '18.3%', '폐기회피이익': '13.2%', '실행가능성': '12.8%', '이력보정': '3.3%'}",True,True,False,True,False,True,45.4,32.6,49.6,59.0,72.0,60.3,52.4,50.7,0.0,17.9,검토,보류,⏸️,431,HIGH,신뢰도 높음 ●,#2e7d32,,,17.9,검토,보류,-1,-1,False,False,,50.0,17907.0,24213.0,17907.0,18.23,23.57,18.23,36.0,426.0,315.0,286.0,재고 이동,재고 이동,75.213,일치,75.213,52.151,33.154,18.458
커피076,노원점,종로점,240.0,재배치 추천,15252.0,프로모션 순비용이 재배치 비용보다 높습니다.,24.83053993090255,14.83050847457627,18,0,57.7,검토 가능,15252.0,240.0,244,False,Greedy 선택 후보보다 우선순위가 낮음,7.2,2453,360,12,음료,400,240,216.0,50.0,400,529848.0,A,0.42114451345163617,1,100.0,50.0,7.2,NORMAL,72.2,False,16.9,LOW,복합 위험 요소 없음,6.2,27.8,0.0,SAFE,"재고 여유 — 현재고(360), 재주문점(28)",0.0,244.0,33.9,107720.0,45.0,OPTIMAL,"적정 발주 — EOQ(244개), 권장 발주 주기 34일",45.0,50.2,7.17,10.14,4.2,STABLE,50.2,1.3,WMA,1.3,32.6,10.0,0.06,10.0,7.5,5.0,POOR,낮은 매칭 · 핵심(A)상품,0.992,49.8,STABLE,9.9,LOW,43.3,MEDIUM,34.1,50.3,87.0,0.3,30.0,787212.0,100.0,0.385,0.385,88.5,False,17.7,392,13.8,493,100.0,0.999,4.9,75.9,50.0,DISCOUNT,67.6,2,99.8,71.5,24.1,turnover,48.5,모니터링,310,HEURISTIC 29% | ABC 14% | TURNOVER 14% | DISPOSAL_RISK 14% | SAFETY_STOCK 8% | EOQ 7% | DEMAND_FORECAST 7% | MATCH 5%,"['⏰ 유통기한 임박 (84%)', '❄️ 냉장·냉동 과잉 (78%)', '💸 배송비 상승 (91%)', '⚡ 복합 스트레스 (60%)']","{'재고위험': '25.1%', '판매가능성': '13.2%', '점포이동적합': '14.0%', '비용절감': '18.3%', '폐기회피이익': '13.2%', '실행가능성': '12.8%', '이력보정': '3.3%'}",True,True,False,True,False,True,45.3,33.3,50.0,53.5,72.0,74.8,54.6,51.7,0.0,23.5,검토,보류,⏸️,401,HIGH,신뢰도 높음 ●,#2e7d32,,,23.5,검토,보류,-1,0,False,False,,50.0,15252.0,30234.0,15252.0,15.28,30.259999999999998,15.28,31.0,442.0,240.0,303.0,재고 이동,재고 이동,72.37,일치,72.37,45.701,26.983,22.576
아이스라떼045,강남2점,명동점,185.0,재배치 추천,11877.0,프로모션 순비용이 재배치 비용보다 높습니다.,28.685149758729978,10.94632768361582,18,0,57.6,검토 가능,11877.0,185.0,245,False,Greedy 선택 후보보다 우선순위가 낮음,7.62,3303,206,2,유제품,300,185,229.0,53.0,300,756387.0,A,0.196863839439598,1,100.0,27.0,13.34,FAST,85.0,False,46.0,MEDIUM,유통기한 임박 | 신선/냉장 고위험 카테고리,6.5,29.4,0.0,SAFE,"재고 여유 — 현재고(206), 재주문점(29)",0.0,155.1,20.4,179313.0,28.6,OPTIMAL,"적정 발주 — EOQ(155개), 권장 발주 주기 20일",28.6,53.1,7.59,10.73,4.44,STABLE,27.2,6.3,WMA,6.3,36.4,10.0,3.91,10.0,7.5,5.0,POOR,낮은 매칭 · 핵심(A)상품,0.994,49.8,STABLE,5.4,LOW,73.1,HIGH,29.0,32.8,100.0,0.3,30.0,776889.0,100.0,0.385,0.385,88.5,True,66.2,10,25.5,395,100.0,0.999,4.9,79.0,50.0,DISCOUNT,67.5,2,99.8,71.5,25.4,turnover,60.8,검토 필요,111,HEURISTIC 29% | ABC 14% | TURNOVER 14% | DISPOSAL_RISK 14% | SAFETY_STOCK 8% | EOQ 7% | DEMAND_FORECAST 7% | MATCH 5%,"['⏰ 유통기한 임박 (84%)', '❄️ 냉장·냉동 과잉 (78%)', '💸 배송비 상승 (91%)', '⚡ 복합 스트레스 (60%)']","{'재고위험': '25.1%', '판매가능성': '13.2%', '점포이동적합': '14.0%', '비용절감': '18.3%', '폐기회피이익': '13.2%', '실행가능성': '12.8%', '이력보정': '3.3%'}",True,True,False,True,False,True,61.7,35.8,54.4,51.0,72.0,77.6,81.3,56.6,0.0,77.1,권장,보류,⏸️,113,HIGH,신뢰도 높음 ●,#2e7d32,,,77.1,권장,보류,-1,-1,False,False,,50.0,11877.0,24654.0,11877.0,11.53,24.06,11.53,23.0,875.0,185.0,743.0,재고 이동,재고 이동,80.726,일치,80.726,50.552,27.294,20.53
도시락016,건대점,노원점,268.0,재배치 추천,17070.0,프로모션 순비용이 재배치 비용보다 높습니다.,22.754190103646174,16.807909604519775,18,0,57.6,검토 가능,17070.0,268.0,246,False,Greedy 선택 후보보다 우선순위가 낮음,2.62,2297,360,0,신선식품,150,357,79.0,18.0,150,181463.0,B,0.9362765472469301,2,60.0,136.7,2.63,DEAD,24.1,True,80.0,CRITICAL,유통기한 임박 | 소진일수 137일 초과 | 신선/냉장 고위험 카테고리,2.2,10.1,0.0,SAFE,"재고 여유 — 현재고(360), 재주문점(10)",0.0,109.1,41.6,87682.0,100.0,OVER,과잉 발주 위험 — 현재(358개) > EOQ(109개). 발주 주기 42일 권장,100.0,18.1,2.59,3.67,1.5,STABLE,139.2,0.0,WMA,0.0,40.5,10.0,12.0,6.0,7.5,5.0,FAIR,보통 매칭 · 폐기위험 높음,0.981,49.5,STABLE,27.2,LOW,78.3,HIGH,32.2,35.1,98.9,0.3,30.0,761845.0,100.0,0.385,0.385,88.5,True,24.2,135,44.8,19,100.0,0.999,4.9,78.8,50.0,DISCOUNT,67.3,2,99.8,71.5,38.3,disposal_risk,52.6,모니터링,236,HEURISTIC 29% | ABC 14% | TURNOVER 14% | DISPOSAL_RISK 14% | SAFETY_STOCK 8% | EOQ 7% | DEMAND_FORECAST 7% | MATCH 5%,"['⏰ 유통기한 임박 (84%)', '❄️ 냉장·냉동 과잉 (78%)', '💸 배송비 상승 (91%)', '⚡ 복합 스트레스 (60%)']","{'재고위험': '25.1%', '판매가능성': '13.2%', '점포이동적합': '14.0%', '비용절감': '18.3%', '폐기회피이익': '13.2%', '실행가능성': '12.8%', '이력보정': '3.3%'}",True,True,False,True,False,True,55.0,32.6,60.1,61.7,72.0,77.6,58.2,57.3,0.0,83.5,최적,할인 판매,🏷️,79,HIGH,신뢰도 높음 ●,#2e7d32,,,83.5,최적,할인 판매,0,-1,False,False,,50.0,17070.0,32799.0,17070.0,17.3,33.11,17.3,35.0,284.0,357.0,268.0,재고 이동,재고 이동,79.541,일치,79.541,62.115,38.877,18.756
탄산음료035,성수점,압구정점,313.0,재배치 추천,19839.0,프로모션 순비용이 재배치 비용보다 높습니다.,19.591696884904206,19.98587570621469,18,0,57.6,검토 가능,19839.0,313.0,247,False,Greedy 선택 후보보다 우선순위가 낮음,0.99,1933,314,1,음료,300,313,30.0,7.0,300,57990.0,A,0.7681404439540753,1,100.0,314.0,1.15,DEAD,0.0,True,68.0,HIGH,유통기한 임박 | 소진일수 314일 초과,0.8,3.8,0.0,SAFE,"재고 여유 — 현재고(314), 재주문점(4)",0.0,101.9,102.9,35458.0,100.0,OVER,과잉 발주 위험 — 현재(313개) > EOQ(102개). 발주 주기 103일 권장,100.0,7.0,1.0,1.41,0.59,STABLE,314.0,0.0,WMA,0.0,40.9,10.0,8.4,10.0,7.5,5.0,FAIR,보통 매칭 · 폐기위험 높음 · 핵심(A)상품,1.01,50.3,STABLE,35.0,LOW,76.6,HIGH,34.7,35.6,98.7,0.3,30.0,800096.0,100.0,0.385,0.385,88.5,False,21.4,239,42.0,49,100.0,0.999,4.9,78.7,50.0,DISCOUNT,67.2,2,99.8,71.5,20.5,disposal_risk,53.3,모니터링,229,HEURISTIC 29% | ABC 14% | TURNOVER 14% | DISPOSAL_RISK 14% | SAFETY_STOCK 8% | EOQ 7% | DEMAND_FORECAST 7% | MATCH 5%,"['⏰ 유통기한 임박 (84%)', '❄️ 냉장·냉동 과잉 (78%)', '💸 배송비 상승 (91%)', '⚡ 복합 스트레스 (60%)']","{'재고위험': '25.1%', '판매가능성': '13.2%', '점포이동적합': '14.0%', '비용절감': '18.3%', '폐기회피이익': '13.2%', '실행가능성': '12.8%', '이력보정': '3.3%'}",True,True,False,True,False,True,49.1,32.8,59.7,61.7,72.0,77.7,56.7,55.8,0.0,68.7,권장,할인 판매,🏷️,158,HIGH,신뢰도 높음 ●,#2e7d32,,,68.7,권장,할인 판매,-1,-1,False,False,,50.0,0.0,19839.0,19839.0,0.0,18.71,18.71,37.0,443.0,313.0,329.0,재고 이동,재고 이동,84.471,일치,84.471,59.706,34.15,12.232
빵002,신촌2점,구로점,40.0,프로모션 추천,4781.0,프로모션 순비용이 재배치 비용보다 낮습니다.,36.789538303400626,0.7062146892655368,12,8,57.5,검토 가능,4781.0,40.0,248,False,Greedy 선택 후보보다 우선순위가 낮음,1.3,691,363,1,디저트,500,362,39.0,9.0,500,26949.0,C,0.9843409807516114,3,20.0,279.2,1.29,DEAD,0.0,True,68.0,HIGH,유통기한 임박 | 소진일수 279일 초과,1.1,5.0,0.0,SAFE,"재고 여유 — 현재고(363), 재주문점(5)",0.0,165.7,127.5,28630.0,100.0,OVER,과잉 발주 위험 — 현재(362개) > EOQ(166개). 발주 주기 128일 권장,100.0,9.0,1.29,1.82,0.75,STABLE,282.3,0.0,WMA,0.0,33.9,10.0,8.4,3.0,7.5,5.0,POOR,낮은 매칭 · 폐기위험 높음,0.989,49.7,STABLE,35.3,LOW,76.6,HIGH,26.2,48.2,86.4,0.3,30.0,48387.0,96.8,0.385,0.385,88.5,False,21.1,255,40.7,77,100.0,0.999,4.9,75.7,50.0,DISCOUNT,67.1,2,99.8,69.9,43.0,disposal_risk,36.8,후순위,436,HEURISTIC 29% | ABC 14% | TURNOVER 14% | DISPOSAL_RISK 14% | SAFETY_STOCK 8% | EOQ 7% | DEMAND_FORECAST 7% | MATCH 5%,"['⏰ 유통기한 임박 (84%)', '❄️ 냉장·냉동 과잉 (78%)', '💸 배송비 상승 (91%)', '⚡ 복합 스트레스 (60%)']","{'재고위험': '25.1%', '판매가능성': '13.2%', '점포이동적합': '14.0%', '비용절감': '18.3%', '폐기회피이익': '13.2%', '실행가능성': '12.8%', '이력보정': '3.3%'}",True,True,False,True,False,True,37.1,32.6,56.0,61.6,70.1,73.7,56.5,51.5,0.0,22.1,검토,할인 판매,🏷️,408,HIGH,신뢰도 높음 ●,#2e7d32,,,22.1,검토,할인 판매,-1,-1,False,False,,50.0,12048.0,20982.0,12048.0,11.72,19.98,11.72,23.0,158.0,362.0,40.0,할인,재고 이동,63.819,다름,63.819,59.236,37.089,26.648
빵002,이태원점,구로점,40.0,프로모션 추천,4781.0,프로모션 순비용이 재배치 비용보다 낮습니다.,36.789538303400626,0.7062146892655368,12,8,57.5,검토 가능,4781.0,40.0,249,False,Greedy 선택 후보보다 우선순위가 낮음,3.04,691,295,3,디저트,500,283,91.0,21.0,500,62881.0,C,0.9843409807516114,3,20.0,97.3,3.7,DEAD,45.9,True,68.0,HIGH,유통기한 임박 | 소진일수 97일 초과,2.6,11.7,0.0,SAFE,"재고 여유 — 현재고(295), 재주문점(12)",0.0,253.4,83.4,43782.0,15.4,OPTIMAL,"적정 발주 — EOQ(253개), 권장 발주 주기 83일",15.4,21.1,3.01,4.27,1.76,STABLE,97.9,0.0,WMA,0.0,33.9,10.0,8.4,3.0,7.5,5.0,POOR,낮은 매칭 · 폐기위험 높음,0.987,49.7,STABLE,19.2,LOW,69.6,MEDIUM,26.2,48.2,86.4,0.3,30.0,48387.0,96.8,0.385,0.385,88.5,False,21.1,255,36.7,167,100.0,0.999,4.9,75.7,50.0,DISCOUNT,66.9,2,99.8,69.9,46.2,disposal_risk,38.3,후순위,426,HEURISTIC 29% | ABC 14% | TURNOVER 14% | DISPOSAL_RISK 14% | SAFETY_STOCK 8% | EOQ 7% | DEMAND_FORECAST 7% | MATCH 5%,"['⏰ 유통기한 임박 (84%)', '❄️ 냉장·냉동 과잉 (78%)', '💸 배송비 상승 (91%)', '⚡ 복합 스트레스 (60%)']","{'재고위험': '25.1%', '판매가능성': '13.2%', '점포이동적합': '14.0%', '비용절감': '18.3%', '폐기회피이익': '13.2%', '실행가능성': '12.8%', '이력보정': '3.3%'}",True,True,False,True,False,True,49.3,32.6,55.2,48.9,70.1,73.7,56.5,52.1,0.0,28.5,검토,할인 판매,🏷️,374,HIGH,신뢰도 높음 ●,#2e7d32,,,28.5,검토,할인 판매,-1,-1,False,False,,50.0,14820.0,22548.0,14820.0,14.8,21.72,14.8,30.0,158.0,283.0,40.0,할인,재고 이동,57.289,다름,57.289,51.659,35.376,30.979
빵002,왕십리점,구로점,40.0,프로모션 추천,4781.0,프로모션 순비용이 재배치 비용보다 낮습니다.,36.789538303400626,0.7062146892655368,12,8,57.5,검토 가능,4781.0,40.0,250,False,Greedy 선택 후보보다 우선순위가 낮음,7.03,691,417,2,디저트,500,398,211.0,49.0,500,145801.0,C,0.9843409807516114,3,20.0,59.3,6.07,NORMAL,67.1,False,52.6,MEDIUM,유통기한 임박,6.0,27.1,0.0,SAFE,"재고 여유 — 현재고(417), 재주문점(27)",0.0,385.4,54.8,66578.0,6.6,OPTIMAL,"적정 발주 — EOQ(385개), 권장 발주 주기 55일",6.6,49.1,7.01,9.91,4.11,STABLE,59.5,0.1,WMA,0.1,29.1,10.0,3.6,3.0,7.5,5.0,POOR,낮은 매칭,0.996,49.9,STABLE,11.6,LOW,73.1,HIGH,26.2,48.2,86.4,0.3,30.0,48387.0,96.8,0.385,0.385,88.5,False,17.4,400,27.6,298,100.0,0.999,4.9,75.7,50.0,DISCOUNT,66.8,2,99.8,69.9,45.2,disposal_risk,36.5,후순위,443,HEURISTIC 29% | ABC 14% | TURNOVER 14% | DISPOSAL_RISK 14% | SAFETY_STOCK 8% | EOQ 7% | DEMAND_FORECAST 7% | MATCH 5%,"['⏰ 유통기한 임박 (84%)', '❄️ 냉장·냉동 과잉 (78%)', '💸 배송비 상승 (91%)', '⚡ 복합 스트레스 (60%)']","{'재고위험': '25.1%', '판매가능성': '13.2%', '점포이동적합': '14.0%', '비용절감': '18.3%', '폐기회피이익': '13.2%', '실행가능성': '12.8%', '이력보정': '3.3%'}",True,True,False,True,False,True,48.0,32.7,51.2,47.6,70.1,73.7,54.5,51.0,0.0,19.5,검토,보류,⏸️,422,HIGH,신뢰도 높음 ●,#2e7d32,,,19.5,검토,보류,0,-1,False,False,,50.0,20472.0,26625.0,20472.0,21.08,26.25,21.08,42.0,158.0,398.0,40.0,할인,재고 이동,55.382,다름,55.382,47.946,34.088,30.971
요거트043,건대점,성수점,275.0,재배치 추천,17517.0,프로모션 순비용이 재배치 비용보다 높습니다.,22.243668446449476,17.30225988700565,18,0,57.5,검토 가능,17517.0,275.0,251,False,Greedy 선택 후보보다 우선순위가 낮음,2.41,1231,322,14,유제품,250,275,72.0,17.0,250,88632.0,C,0.9733301968712368,3,20.0,134.2,2.68,DEAD,25.4,True,38.0,LOW,소진일수 134일 초과 | 신선/냉장 고위험 카테고리,2.1,9.3,0.0,SAFE,"재고 여유 — 현재고(322), 재주문점(9)",0.0,142.9,59.3,61563.0,100.0,OVER,과잉 발주 위험 — 현재(320개) > EOQ(143개). 발주 주기 59일 권장,100.0,16.9,2.41,3.41,1.42,STABLE,133.4,0.0,WMA,0.0,25.5,10.0,0.0,3.0,7.5,5.0,POOR,낮은 매칭,1.008,50.2,STABLE,26.0,LOW,43.3,MEDIUM,31.1,46.2,96.7,0.3,30.0,457463.0,100.0,0.385,0.385,88.5,True,13.9,467,24.7,420,100.0,0.999,4.9,78.3,50.0,DISCOUNT,66.7,2,99.8,71.5,59.3,disposal_risk,31.9,후순위,468,HEURISTIC 29% | ABC 14% | TURNOVER 14% | DISPOSAL_RISK 14% | SAFETY_STOCK 8% | EOQ 7% | DEMAND_FORECAST 7% | MATCH 5%,"['⏰ 유통기한 임박 (84%)', '❄️ 냉장·냉동 과잉 (78%)', '💸 배송비 상승 (91%)', '⚡ 복합 스트레스 (60%)']","{'재고위험': '25.1%', '판매가능성': '13.2%', '점포이동적합': '14.0%', '비용절감': '18.3%', '폐기회피이익': '13.2%', '실행가능성': '12.8%', '이력보정': '3.3%'}",True,True,False,True,False,True,30.3,32.8,49.2,61.6,72.0,79.9,52.6,49.9,0.0,13.9,검토,보류,⏸️,452,HIGH,신뢰도 높음 ●,#2e7d32,,,13.9,검토,보류,0,-1,False,False,,50.0,0.0,17517.0,17517.0,0.0,16.13,16.13,33.0,580.0,275.0,511.0,재고 이동,재고 이동,76.426,일치,76.426,55.073,31.751,11.384
과일컵070,왕십리점,명동점,107.0,재배치 추천,7287.0,프로모션 순비용이 재배치 비용보다 높습니다.,33.92741912457528,5.437853107344632,18,0,57.4,검토 가능,7287.0,107.0,252,False,Greedy 선택 후보보다 우선순위가 낮음,8.11,2879,198,2,신선식품,400,176,243.0,57.0,400,699597.0,A,0.31603006918284465,1,100.0,24.4,14.73,FAST,86.4,False,48.0,MEDIUM,유통기한 임박 | 신선/냉장 고위험 카테고리,7.0,31.3,0.0,SAFE,"재고 여유 — 현재고(198), 재주문점(31)",0.0,171.4,21.1,172708.0,11.4,OPTIMAL,"적정 발주 — EOQ(171개), 권장 발주 주기 21일",11.4,56.9,8.13,11.47,4.78,STABLE,24.4,7.6,WMA,7.6,36.5,10.0,3.98,10.0,7.5,5.0,POOR,낮은 매칭 · 핵심(A)상품,1.004,50.1,STABLE,4.7,LOW,73.1,HIGH,24.2,32.8,100.0,0.3,30.0,405177.0,100.0,0.385,0.385,88.5,True,77.7,6,26.3,365,100.0,0.999,4.9,79.0,50.0,DISCOUNT,66.5,1,100.0,71.5,25.5,turnover,61.2,검토 필요,101,HEURISTIC 29% | ABC 14% | TURNOVER 14% | DISPOSAL_RISK 14% | SAFETY_STOCK 8% | EOQ 7% | DEMAND_FORECAST 7% | MATCH 5%,"['⏰ 유통기한 임박 (84%)', '❄️ 냉장·냉동 과잉 (78%)', '💸 배송비 상승 (91%)', '⚡ 복합 스트레스 (60%)']","{'재고위험': '25.1%', '판매가능성': '13.2%', '점포이동적합': '14.0%', '비용절감': '18.3%', '폐기회피이익': '13.2%', '실행가능성': '12.8%', '이력보정': '3.3%'}",True,True,False,True,False,True,63.0,36.5,54.6,48.3,72.0,77.6,87.7,56.6,0.0,76.4,권장,보류,⏸️,117,HIGH,신뢰도 높음 ●,#2e7d32,,,76.4,권장,보류,0,-1,False,False,,50.0,7287.0,20694.0,7287.0,6.43,19.66,6.43,13.0,143.0,176.0,107.0,재고 이동,재고 이동,70.582,일치,70.582,43.431,27.178,31.817
컵밥028,여의도점,마포점,131.0,재배치 추천,8781.0,프로모션 순비용이 재배치 비용보다 높습니다.,32.221111840790336,7.13276836158192,18,0,57.4,검토 가능,8781.0,131.0,253,False,Greedy 선택 후보보다 우선순위가 낮음,0.93,2250,351,0,간편식,400,350,28.0,7.0,400,63000.0,B,0.8797560606755863,2,60.0,376.1,0.96,DEAD,0.0,True,75.0,HIGH,유통기한 임박 | 소진일수 376일 초과,0.8,3.6,0.0,SAFE,"재고 여유 — 현재고(351), 재주문점(4)",0.0,82.8,89.0,40991.0,100.0,OVER,과잉 발주 위험 — 현재(350개) > EOQ(83개). 발주 주기 89일 권장,100.0,6.8,0.97,1.36,0.59,STABLE,361.3,0.0,WMA,0.0,36.9,10.0,8.4,6.0,7.5,5.0,POOR,낮은 매칭 · 폐기위험 높음,1.075,51.9,STABLE,35.0,LOW,78.3,HIGH,36.8,23.3,78.8,0.3,30.0,397319.0,100.0,0.385,0.385,88.5,False,22.9,177,44.0,26,100.0,0.999,4.9,73.4,50.0,DISCOUNT,66.4,2,99.8,71.5,34.8,disposal_risk,46.4,모니터링,334,HEURISTIC 29% | ABC 14% | TURNOVER 14% | DISPOSAL_RISK 14% | SAFETY_STOCK 8% | EOQ 7% | DEMAND_FORECAST 7% | MATCH 5%,"['⏰ 유통기한 임박 (84%)', '❄️ 냉장·냉동 과잉 (78%)', '💸 배송비 상승 (91%)', '⚡ 복합 스트레스 (60%)']","{'재고위험': '25.1%', '판매가능성': '13.2%', '점포이동적합': '14.0%', '비용절감': '18.3%', '폐기회피이익': '13.2%', '실행가능성': '12.8%', '이력보정': '3.3%'}",True,True,False,True,False,True,46.2,33.3,57.7,61.6,72.0,60.3,57.5,52.6,0.0,33.7,검토,할인 판매,🏷️,346,HIGH,신뢰도 높음 ●,#2e7d32,,,33.7,검토,할인 판매,0,-1,False,False,,50.0,8781.0,19731.0,8781.0,8.09,18.59,8.09,16.0,256.0,350.0,131.0,재고 이동,재고 이동,74.586,일치,74.586,60.476,36.031,21.209
커피076,노원점,왕십리점,240.0,재배치 추천,15450.0,프로모션 순비용이 재배치 비용보다 높습니다.,24.60440282100334,14.83050847457627,18,0,57.4,검토 가능,15450.0,240.0,254,False,Greedy 선택 후보보다 우선순위가 낮음,7.2,2453,360,12,음료,400,240,216.0,50.0,400,529848.0,A,0.42114451345163617,1,100.0,50.0,7.2,NORMAL,72.2,False,16.9,LOW,복합 위험 요소 없음,6.2,27.8,0.0,SAFE,"재고 여유 — 현재고(360), 재주문점(28)",0.0,244.0,33.9,107720.0,45.0,OPTIMAL,"적정 발주 — EOQ(244개), 권장 발주 주기 34일",45.0,50.2,7.17,10.14,4.2,STABLE,50.2,1.3,WMA,1.3,32.6,10.0,0.06,10.0,7.5,5.0,POOR,낮은 매칭 · 핵심(A)상품,0.992,49.8,STABLE,9.9,LOW,43.3,MEDIUM,45.9,23.6,84.2,0.3,30.0,787014.0,100.0,0.385,0.385,88.5,False,17.8,390,13.8,493,100.0,0.999,4.9,75.1,50.0,DISCOUNT,66.3,2,99.8,71.5,24.2,turnover,48.3,모니터링,315,HEURISTIC 29% | ABC 14% | TURNOVER 14% | DISPOSAL_RISK 14% | SAFETY_STOCK 8% | EOQ 7% | DEMAND_FORECAST 7% | MATCH 5%,"['⏰ 유통기한 임박 (84%)', '❄️ 냉장·냉동 과잉 (78%)', '💸 배송비 상승 (91%)', '⚡ 복합 스트레스 (60%)']","{'재고위험': '25.1%', '판매가능성': '13.2%', '점포이동적합': '14.0%', '비용절감': '18.3%', '폐기회피이익': '13.2%', '실행가능성': '12.8%', '이력보정': '3.3%'}",True,True,False,True,False,True,45.3,33.3,49.9,53.3,72.0,64.0,54.7,50.2,0.0,15.4,검토,보류,⏸️,444,HIGH,신뢰도 높음 ●,#2e7d32,,,15.4,검토,보류,-1,0,False,False,,50.0,15450.0,32205.0,15450.0,15.5,32.45,15.5,31.0,442.0,240.0,308.0,재고 이동,재고 이동,72.055,일치,72.055,45.575,27.139,22.548
냉동만두047,건대점,압구정점,84.0,재배치 추천,5964.0,프로모션 순비용이 재배치 비용보다 높습니다.,35.438426177083635,3.8135593220338984,18,0,57.3,검토 가능,5964.0,84.0,255,False,Greedy 선택 후보보다 우선순위가 낮음,1.59,657,178,36,냉동식품,250,98,48.0,11.0,250,31536.0,C,1.0,3,20.0,111.2,3.24,DEAD,38.2,True,36.0,LOW,소진일수 111일 초과 | 신선/냉장 고위험 카테고리,1.4,6.2,0.0,SAFE,"재고 여유 — 현재고(178), 재주문점(6)",0.0,171.6,107.9,33821.0,2.9,OPTIMAL,"적정 발주 — EOQ(172개), 권장 발주 주기 108일",2.9,11.1,1.59,2.24,0.93,STABLE,112.3,0.0,WMA,0.0,25.5,10.0,0.0,3.0,7.5,5.0,POOR,낮은 매칭,0.988,49.7,STABLE,22.1,LOW,43.3,MEDIUM,33.2,35.6,98.7,0.3,30.0,81262.0,100.0,0.385,0.385,88.5,True,13.6,473,22.9,453,100.0,0.999,4.9,78.7,50.0,DISCOUNT,66.1,2,99.8,71.5,58.3,disposal_risk,26.5,후순위,488,HEURISTIC 29% | ABC 14% | TURNOVER 14% | DISPOSAL_RISK 14% | SAFETY_STOCK 8% | EOQ 7% | DEMAND_FORECAST 7% | MATCH 5%,"['⏰ 유통기한 임박 (84%)', '❄️ 냉장·냉동 과잉 (78%)', '💸 배송비 상승 (91%)', '⚡ 복합 스트레스 (60%)']","{'재고위험': '25.1%', '판매가능성': '13.2%', '점포이동적합': '14.0%', '비용절감': '18.3%', '폐기회피이익': '13.2%', '실행가능성': '12.8%', '이력보정': '3.3%'}",True,True,False,True,False,True,32.9,32.6,48.9,47.0,72.0,77.7,52.4,47.5,0.0,7.4,검토,보류,⏸️,487,HIGH,신뢰도 높음 ●,#2e7d32,,,7.4,검토,보류,0,-1,False,False,,50.0,5964.0,21090.0,5964.0,4.96,20.1,4.96,10.0,232.0,98.0,84.0,재고 이동,재고 이동,55.345,일치,55.345,44.824,29.83,28.09
냉동돈까스049,합정점,명동점,151.0,재배치 추천,10086.0,프로모션 순비용이 재배치 비용보다 높습니다.,30.73066270736373,8.545197740112995,18,0,57.3,검토 가능,10086.0,151.0,256,False,Greedy 선택 후보보다 우선순위가 낮음,1.9,1991,177,10,냉동식품,500,151,57.0,13.0,500,113487.0,C,0.9891341650234772,3,20.0,93.2,3.86,DEAD,48.2,True,49.7,MEDIUM,소진일수 93일 초과 | 신선/냉장 고위험 카테고리,1.6,7.3,0.0,SAFE,"재고 여유 — 현재고(177), 재주문점(7)",0.0,107.8,56.7,64361.0,62.7,OVER,과잉 발주 위험 — 현재(175개) > EOQ(108개). 발주 주기 57일 권장,62.7,13.1,1.87,2.66,1.09,STABLE,94.6,0.0,WMA,0.0,29.1,10.0,3.6,3.0,7.5,5.0,POOR,낮은 매칭,0.977,49.4,STABLE,18.7,LOW,45.1,MEDIUM,32.3,32.8,100.0,0.3,30.0,426183.0,100.0,0.385,0.385,88.5,True,16.6,417,28.2,289,100.0,0.999,4.9,79.0,50.0,DISCOUNT,66.0,2,99.8,71.5,52.7,disposal_risk,36.5,후순위,442,HEURISTIC 29% | ABC 14% | TURNOVER 14% | DISPOSAL_RISK 14% | SAFETY_STOCK 8% | EOQ 7% | DEMAND_FORECAST 7% | MATCH 5%,"['⏰ 유통기한 임박 (84%)', '❄️ 냉장·냉동 과잉 (78%)', '💸 배송비 상승 (91%)', '⚡ 복합 스트레스 (60%)']","{'재고위험': '25.1%', '판매가능성': '13.2%', '점포이동적합': '14.0%', '비용절감': '18.3%', '폐기회피이익': '13.2%', '실행가능성': '12.8%', '이력보정': '3.3%'}",True,True,False,True,False,True,41.7,32.5,51.6,55.9,72.0,77.6,54.0,51.7,0.0,23.6,검토,보류,⏸️,400,HIGH,신뢰도 높음 ●,#2e7d32,,,23.6,검토,보류,-1,-1,False,False,,50.0,10086.0,27354.0,10086.0,9.54,27.060000000000002,9.54,19.0,381.0,151.0,248.0,재고 이동,재고 이동,64.771,일치,64.771,51.867,34.437,25.341
마카롱075,종로점,명동점,277.0,재배치 추천,17886.0,프로모션 순비용이 재배치 비용보다 높습니다.,21.822231105273676,17.443502824858754,18,0,57.3,검토 가능,17886.0,277.0,257,False,Greedy 선택 후보보다 우선순위가 낮음,9.02,3054,327,4,디저트,500,277,271.0,63.0,500,827634.0,A,0.0854475137823289,1,100.0,36.2,9.94,NORMAL,79.9,False,33.1,LOW,유통기한 임박,7.7,34.8,0.0,SAFE,"재고 여유 — 현재고(327), 재주문점(35)",0.0,207.7,23.0,158546.0,53.7,OVER,과잉 발주 위험 — 현재(319개) > EOQ(208개). 발주 주기 23일 권장,53.7,63.1,9.01,12.74,5.29,STABLE,36.3,3.2,WMA,3.2,32.7,10.0,0.16,10.0,7.5,5.0,POOR,낮은 매칭 · 핵심(A)상품,0.998,49.9,STABLE,7.1,LOW,66.1,MEDIUM,27.1,32.8,100.0,0.3,30.0,1135764.0,100.0,0.385,0.385,88.5,False,35.5,50,19.7,480,100.0,0.999,4.9,79.0,50.0,DISCOUNT,65.9,2,99.8,71.5,25.0,turnover,55.3,검토 필요,200,HEURISTIC 29% | ABC 14% | TURNOVER 14% | DISPOSAL_RISK 14% | SAFETY_STOCK 8% | EOQ 7% | DEMAND_FORECAST 7% | MATCH 5%,"['⏰ 유통기한 임박 (84%)', '❄️ 냉장·냉동 과잉 (78%)', '💸 배송비 상승 (91%)', '⚡ 복합 스트레스 (60%)']","{'재고위험': '25.1%', '판매가능성': '13.2%', '점포이동적합': '14.0%', '비용절감': '18.3%', '폐기회피이익': '13.2%', '실행가능성': '12.8%', '이력보정': '3.3%'}",True,True,False,True,False,True,54.6,34.3,51.6,54.6,72.0,77.6,64.4,54.9,0.0,56.6,검토,보류,⏸️,223,HIGH,신뢰도 높음 ●,#2e7d32,,,56.6,검토,보류,0,-1,False,False,,50.0,0.0,17886.0,17886.0,0.0,16.54,16.54,33.0,615.0,277.0,584.0,재고 이동,재고 이동,81.097,일치,81.097,51.452,27.096,16.838
라면071,목동점,강남2점,321.0,재배치 추천,20607.0,프로모션 순비용이 재배치 비용보다 높습니다.,18.714559004083032,20.55084745762712,18,0,57.3,검토 가능,20607.0,321.0,258,False,Greedy 선택 후보보다 우선순위가 낮음,0.66,664,334,4,간편식,150,331,20.0,5.0,150,13280.0,C,0.9938134999524716,3,20.0,501.0,0.72,DEAD,0.0,True,65.0,HIGH,유통기한 임박 | 소진일수 501일 초과,0.6,2.6,0.0,SAFE,"재고 여유 — 현재고(334), 재주문점(3)",0.0,128.4,194.5,18759.0,100.0,OVER,과잉 발주 위험 — 현재(333개) > EOQ(128개). 발주 주기 194일 권장,100.0,4.8,0.69,0.96,0.41,STABLE,487.1,0.0,WMA,0.0,33.9,10.0,8.4,3.0,7.5,5.0,POOR,낮은 매칭 · 폐기위험 높음,1.082,52.1,STABLE,35.0,LOW,66.1,MEDIUM,27.7,18.9,77.1,0.3,30.0,283316.0,100.0,0.385,0.385,88.5,False,20.4,298,39.4,104,100.0,0.999,4.9,72.8,50.0,DISCOUNT,65.7,2,99.8,71.5,44.5,disposal_risk,35.9,후순위,445,HEURISTIC 29% | ABC 14% | TURNOVER 14% | DISPOSAL_RISK 14% | SAFETY_STOCK 8% | EOQ 7% | DEMAND_FORECAST 7% | MATCH 5%,"['⏰ 유통기한 임박 (84%)', '❄️ 냉장·냉동 과잉 (78%)', '💸 배송비 상승 (91%)', '⚡ 복합 스트레스 (60%)']","{'재고위험': '25.1%', '판매가능성': '13.2%', '점포이동적합': '14.0%', '비용절감': '18.3%', '폐기회피이익': '13.2%', '실행가능성': '12.8%', '이력보정': '3.3%'}",True,True,False,True,False,True,35.8,33.3,55.4,61.5,72.0,57.7,56.1,49.3,0.0,11.3,검토,할인 판매,🏷️,466,HIGH,신뢰도 높음 ●,#2e7d32,,,11.3,검토,할인 판매,-1,-1,False,False,,50.0,20607.0,27993.0,20607.0,21.23,27.77,21.23,42.0,483.0,331.0,321.0,재고 이동,재고 이동,75.481,일치,75.481,62.282,38.165,14.708
커피038,잠실2점,노원점,334.0,재배치 추천,21453.0,프로모션 순비용이 재배치 비용보다 높습니다.,17.748336807240957,21.468926553672315,18,0,57.2,검토 가능,21453.0,334.0,259,False,Greedy 선택 후보보다 우선순위가 낮음,8.45,2507,357,2,음료,300,334,253.0,59.0,300,634271.0,A,0.5815062590510993,1,100.0,42.3,8.5,NORMAL,76.5,False,44.2,MEDIUM,유통기한 임박,7.2,32.6,0.0,SAFE,"재고 여유 — 현재고(357), 재주문점(33)",0.0,261.4,30.9,117975.0,33.8,OPTIMAL,"적정 발주 — EOQ(261개), 권장 발주 주기 31일",33.8,59.1,8.44,11.93,4.96,STABLE,42.3,2.4,WMA,2.4,36.2,10.0,3.72,10.0,7.5,5.0,POOR,낮은 매칭 · 핵심(A)상품,0.997,49.9,STABLE,8.3,LOW,73.1,HIGH,37.9,35.1,98.9,0.3,30.0,1083553.0,100.0,0.385,0.385,88.5,False,29.7,73,25.1,406,100.0,0.999,4.9,78.8,50.0,DISCOUNT,65.6,2,99.8,71.4,26.6,turnover,56.1,검토 필요,187,HEURISTIC 29% | ABC 14% | TURNOVER 14% | DISPOSAL_RISK 14% | SAFETY_STOCK 8% | EOQ 7% | DEMAND_FORECAST 7% | MATCH 5%,"['⏰ 유통기한 임박 (84%)', '❄️ 냉장·냉동 과잉 (78%)', '💸 배송비 상승 (91%)', '⚡ 복합 스트레스 (60%)']","{'재고위험': '25.1%', '판매가능성': '13.2%', '점포이동적합': '14.0%', '비용절감': '18.3%', '폐기회피이익': '13.2%', '실행가능성': '12.8%', '이력보정': '3.3%'}",True,True,False,True,False,True,58.7,33.9,54.2,51.5,72.0,77.6,61.2,55.7,0.0,67.6,권장,보류,⏸️,164,HIGH,신뢰도 높음 ●,#2e7d32,,,67.6,권장,보류,-1,-1,False,False,,50.0,21453.0,33870.0,21453.0,22.17,34.3,22.17,44.0,750.0,334.0,711.0,재고 이동,재고 이동,81.776,일치,81.776,54.054,31.577,14.212
푸딩062,사당점,건대점,225.0,재배치 추천,14793.0,프로모션 순비용이 재배치 비용보다 높습니다.,25.354766867487083,13.771186440677965,18,0,57.1,검토 가능,14793.0,225.0,260,False,Greedy 선택 후보보다 우선순위가 낮음,2.57,3460,322,0,디저트,500,319,77.0,18.0,500,266420.0,A,0.12426892869344128,1,100.0,125.5,2.87,DEAD,30.3,True,70.0,HIGH,유통기한 임박 | 소진일수 126일 초과,2.2,9.9,0.0,SAFE,"재고 여유 — 현재고(322), 재주문점(10)",0.0,104.1,40.5,90078.0,100.0,OVER,과잉 발주 위험 — 현재(320개) > EOQ(104개). 발주 주기 40일 권장,100.0,18.0,2.57,3.63,1.51,STABLE,125.2,0.0,WMA,0.0,40.9,10.0,8.4,10.0,7.5,5.0,FAIR,보통 매칭 · 폐기위험 높음 · 핵심(A)상품,1.001,50.0,STABLE,24.4,LOW,78.3,HIGH,33.5,43.6,76.3,0.3,30.0,1031907.0,100.0,0.385,0.385,88.5,False,22.0,211,40.1,95,100.0,0.999,4.9,72.5,50.0,DISCOUNT,65.5,2,99.8,71.4,26.8,disposal_risk,58.4,검토 필요,143,HEURISTIC 29% | ABC 14% | TURNOVER 14% | DISPOSAL_RISK 14% | SAFETY_STOCK 8% | EOQ 7% | DEMAND_FORECAST 7% | MATCH 5%,"['⏰ 유통기한 임박 (84%)', '❄️ 냉장·냉동 과잉 (78%)', '💸 배송비 상승 (91%)', '⚡ 복합 스트레스 (60%)']","{'재고위험': '25.1%', '판매가능성': '13.2%', '점포이동적합': '14.0%', '비용절감': '18.3%', '폐기회피이익': '13.2%', '실행가능성': '12.8%', '이력보정': '3.3%'}",True,True,False,True,False,True,58.0,32.7,58.7,61.4,72.0,65.4,57.0,56.3,0.0,73.0,권장,할인 판매,🏷️,135,HIGH,신뢰도 높음 ●,#2e7d32,,,73.0,권장,할인 판매,-1,0,False,False,,50.0,14793.0,26112.0,14793.0,14.77,25.68,14.77,30.0,505.0,319.0,225.0,재고 이동,재고 이동,80.617,일치,80.617,57.701,35.592,20.072
아이스라떼045,성수점,건대점,269.0,재배치 추천,17517.0,프로모션 순비용이 재배치 비용보다 높습니다.,22.243668446449476,16.87853107344633,18,0,57.1,검토 가능,17517.0,269.0,261,False,Greedy 선택 후보보다 우선순위가 낮음,2.11,3303,271,0,유제품,300,269,63.0,15.0,300,208089.0,A,0.196863839439598,1,100.0,129.0,2.79,DEAD,28.3,True,78.0,HIGH,유통기한 임박 | 소진일수 129일 초과 | 신선/냉장 고위험 카테고리,1.8,8.1,0.0,SAFE,"재고 여유 — 현재고(271), 재주문점(8)",0.0,81.6,38.7,94357.0,100.0,OVER,과잉 발주 위험 — 현재(269개) > EOQ(82개). 발주 주기 39일 권장,100.0,14.9,2.13,3.0,1.26,STABLE,127.3,0.0,WMA,0.0,40.9,10.0,8.4,10.0,7.5,5.0,FAIR,보통 매칭 · 폐기위험 높음 · 핵심(A)상품,1.016,50.4,STABLE,25.0,LOW,78.3,HIGH,37.9,43.6,76.3,0.3,30.0,1129391.0,100.0,0.385,0.385,88.5,True,23.8,146,43.5,33,100.0,0.999,4.9,72.5,50.0,DISCOUNT,65.3,2,99.8,71.4,24.3,disposal_risk,59.9,검토 필요,122,HEURISTIC 29% | ABC 14% | TURNOVER 14% | DISPOSAL_RISK 14% | SAFETY_STOCK 8% | EOQ 7% | DEMAND_FORECAST 7% | MATCH 5%,"['⏰ 유통기한 임박 (84%)', '❄️ 냉장·냉동 과잉 (78%)', '💸 배송비 상승 (91%)', '⚡ 복합 스트레스 (60%)']","{'재고위험': '25.1%', '판매가능성': '13.2%', '점포이동적합': '14.0%', '비용절감': '18.3%', '폐기회피이익': '13.2%', '실행가능성': '12.8%', '이력보정': '3.3%'}",True,True,False,True,False,True,61.1,32.8,59.4,61.4,72.0,65.4,58.0,57.1,0.0,82.0,최적,할인 판매,🏷️,87,HIGH,신뢰도 높음 ●,#2e7d32,,,82.0,최적,할인 판매,-1,0,False,False,,50.0,0.0,17517.0,17517.0,0.0,16.13,16.13,33.0,875.0,269.0,783.0,재고 이동,재고 이동,91.023,일치,91.023,62.964,33.751,10.078
죽003,마포점,노원점,334.0,재배치 추천,21588.0,프로모션 순비용이 재배치 비용보다 높습니다.,17.59415241412786,21.468926553672315,18,0,57.1,검토 가능,21588.0,334.0,262,False,Greedy 선택 후보보다 우선순위가 낮음,1.77,1867,338,2,간편식,150,334,53.0,12.0,150,98951.0,A,0.7812158286916832,1,100.0,191.3,1.88,DEAD,0.0,True,73.0,HIGH,유통기한 임박 | 소진일수 191일 초과,1.5,6.8,0.0,SAFE,"재고 여유 — 현재고(338), 재주문점(7)",0.0,125.4,70.8,51513.0,100.0,OVER,과잉 발주 위험 — 현재(336개) > EOQ(125개). 발주 주기 71일 권장,100.0,12.2,1.74,2.47,1.01,STABLE,193.9,0.0,WMA,0.0,40.9,10.0,8.4,10.0,7.5,5.0,FAIR,보통 매칭 · 폐기위험 높음 · 핵심(A)상품,0.969,49.2,STABLE,35.8,LOW,73.1,HIGH,29.4,35.1,98.9,0.3,30.0,776806.0,100.0,0.385,0.385,88.5,False,22.7,186,44.2,24,100.0,0.999,4.9,78.8,50.0,DISCOUNT,65.2,2,99.8,71.4,19.3,disposal_risk,54.1,모니터링,212,HEURISTIC 29% | ABC 14% | TURNOVER 14% | DISPOSAL_RISK 14% | SAFETY_STOCK 8% | EOQ 7% | DEMAND_FORECAST 7% | MATCH 5%,"['⏰ 유통기한 임박 (84%)', '❄️ 냉장·냉동 과잉 (78%)', '💸 배송비 상승 (91%)', '⚡ 복합 스트레스 (60%)']","{'재고위험': '25.1%', '판매가능성': '13.2%', '점포이동적합': '14.0%', '비용절감': '18.3%', '폐기회피이익': '13.2%', '실행가능성': '12.8%', '이력보정': '3.3%'}",True,True,False,True,False,True,51.4,32.5,60.1,61.4,72.0,77.6,57.4,56.3,0.0,74.5,권장,할인 판매,🏷️,127,HIGH,신뢰도 높음 ●,#2e7d32,,,74.5,권장,할인 판매,-1,-1,False,False,,50.0,21588.0,42006.0,21588.0,22.32,43.34,22.32,45.0,862.0,334.0,756.0,재고 이동,재고 이동,89.14,일치,89.14,63.883,36.654,7.378
딸기우유014,역삼점,명동점,168.0,재배치 추천,11409.0,프로모션 순비용이 재배치 비용보다 높습니다.,29.21965565485538,9.745762711864407,18,0,57.0,검토 가능,11409.0,168.0,263,False,Greedy 선택 후보보다 우선순위가 낮음,2.76,2852,254,4,유제품,400,239,83.0,19.0,400,236716.0,A,0.560656640638992,1,100.0,91.8,3.92,DEAD,49.0,True,68.0,HIGH,유통기한 임박 | 소진일수 92일 초과 | 신선/냉장 고위험 카테고리,2.4,10.7,0.0,SAFE,"재고 여유 — 현재고(254), 재주문점(11)",0.0,100.5,36.4,100279.0,100.0,OVER,과잉 발주 위험 — 현재(252개) > EOQ(100개). 발주 주기 36일 권장,100.0,19.1,2.73,3.87,1.59,STABLE,93.1,0.0,WMA,0.0,40.9,10.0,8.4,10.0,7.5,5.0,FAIR,보통 매칭 · 폐기위험 높음 · 핵심(A)상품,0.983,49.6,STABLE,18.3,LOW,66.1,MEDIUM,29.0,32.8,100.0,0.3,30.0,630754.0,100.0,0.385,0.385,88.5,True,21.5,236,37.8,145,100.0,0.999,4.9,79.0,50.0,DISCOUNT,65.1,2,99.8,71.4,28.0,disposal_risk,60.9,검토 필요,110,HEURISTIC 29% | ABC 14% | TURNOVER 14% | DISPOSAL_RISK 14% | SAFETY_STOCK 8% | EOQ 7% | DEMAND_FORECAST 7% | MATCH 5%,"['⏰ 유통기한 임박 (84%)', '❄️ 냉장·냉동 과잉 (78%)', '💸 배송비 상승 (91%)', '⚡ 복합 스트레스 (60%)']","{'재고위험': '25.1%', '판매가능성': '13.2%', '점포이동적합': '14.0%', '비용절감': '18.3%', '폐기회피이익': '13.2%', '실행가능성': '12.8%', '이력보정': '3.3%'}",True,True,False,True,False,True,62.1,32.6,58.9,61.4,72.0,77.6,56.7,58.9,0.0,93.3,최적,할인 판매,🏷️,26,HIGH,신뢰도 높음 ●,#2e7d32,,,93.3,최적,할인 판매,-1,-1,False,False,,50.0,11409.0,24321.0,11409.0,11.01,23.69,11.01,22.0,278.0,239.0,168.0,재고 이동,재고 이동,78.769,일치,78.769,54.568,34.041,25.156
푸딩062,마포점,왕십리점,260.0,재배치 추천,17052.0,프로모션 순비용이 재배치 비용보다 높습니다.,22.77474802272792,16.242937853107346,18,0,57.0,검토 가능,17052.0,260.0,264,False,Greedy 선택 후보보다 우선순위가 낮음,3.37,3460,293,7,디저트,500,260,101.0,24.0,500,349460.0,A,0.12426892869344128,1,100.0,87.0,4.14,SLOW,51.7,True,58.5,MEDIUM,유통기한 임박 | 소진일수 87일 초과,2.9,13.0,0.0,SAFE,"재고 여유 — 현재고(293), 재주문점(13)",0.0,119.2,35.4,103150.0,100.0,OVER,과잉 발주 위험 — 현재(290개) > EOQ(119개). 발주 주기 35일 권장,100.0,23.8,3.4,4.79,2.01,STABLE,86.2,0.0,WMA,0.0,36.1,10.0,3.6,10.0,7.5,5.0,POOR,낮은 매칭 · 핵심(A)상품,1.017,50.4,STABLE,16.9,LOW,55.6,MEDIUM,34.1,23.6,84.2,0.3,30.0,1192468.0,100.0,0.385,0.385,88.5,False,19.0,348,32.7,213,100.0,0.999,4.9,75.1,50.0,DISCOUNT,64.9,2,99.8,71.4,29.3,disposal_risk,57.9,검토 필요,154,HEURISTIC 29% | ABC 14% | TURNOVER 14% | DISPOSAL_RISK 14% | SAFETY_STOCK 8% | EOQ 7% | DEMAND_FORECAST 7% | MATCH 5%,"['⏰ 유통기한 임박 (84%)', '❄️ 냉장·냉동 과잉 (78%)', '💸 배송비 상승 (91%)', '⚡ 복합 스트레스 (60%)']","{'재고위험': '25.1%', '판매가능성': '13.2%', '점포이동적합': '14.0%', '비용절감': '18.3%', '폐기회피이익': '13.2%', '실행가능성': '12.8%', '이력보정': '3.3%'}",True,True,False,True,False,True,58.5,32.8,55.3,61.4,72.0,64.0,55.4,55.7,0.0,67.8,권장,보류,⏸️,163,HIGH,신뢰도 높음 ●,#2e7d32,,,67.8,권장,보류,-1,0,False,False,,50.0,17052.0,28092.0,17052.0,17.28,27.88,17.28,35.0,505.0,260.0,430.0,재고 이동,재고 이동,82.361,일치,82.361,56.451,34.302,18.45
도시락050,잠실점,왕십리점,144.0,재배치 추천,9987.0,프로모션 순비용이 재배치 비용보다 높습니다.,30.843731262313337,8.050847457627118,18,0,56.9,검토 가능,9987.0,144.0,265,False,Greedy 선택 후보보다 우선순위가 낮음,4.3,2437,150,1,신선식품,500,144,129.0,30.0,500,314373.0,A,0.7269288129371255,1,100.0,34.9,10.32,NORMAL,80.6,False,50.4,MEDIUM,유통기한 임박 | 신선/냉장 고위험 카테고리,3.7,16.6,0.0,SAFE,"재고 여유 — 현재고(150), 재주문점(17)",0.0,135.6,31.5,115702.0,7.9,OPTIMAL,"적정 발주 — EOQ(136개), 권장 발주 주기 32일",7.9,30.0,4.29,6.06,2.51,STABLE,35.0,3.3,WMA,3.3,36.3,10.0,3.76,10.0,7.5,5.0,POOR,낮은 매칭 · 핵심(A)상품,0.997,49.9,STABLE,6.9,LOW,76.6,HIGH,39.7,23.6,84.2,0.3,30.0,483127.0,100.0,0.385,0.385,88.5,True,38.6,41,27.3,311,100.0,0.999,4.9,75.1,50.0,DISCOUNT,64.8,2,99.8,71.4,25.7,turnover,56.8,검토 필요,171,HEURISTIC 29% | ABC 14% | TURNOVER 14% | DISPOSAL_RISK 14% | SAFETY_STOCK 8% | EOQ 7% | DEMAND_FORECAST 7% | MATCH 5%,"['⏰ 유통기한 임박 (84%)', '❄️ 냉장·냉동 과잉 (78%)', '💸 배송비 상승 (91%)', '⚡ 복합 스트레스 (60%)']","{'재고위험': '25.1%', '판매가능성': '13.2%', '점포이동적합': '14.0%', '비용절감': '18.3%', '폐기회피이익': '13.2%', '실행가능성': '12.8%', '이력보정': '3.3%'}",True,True,False,True,False,True,62.6,34.3,54.3,47.5,72.0,64.0,66.1,54.3,0.0,50.1,검토,보류,⏸️,258,HIGH,신뢰도 높음 ●,#2e7d32,,,50.1,검토,보류,0,0,True,False,,50.0,9987.0,19146.0,9987.0,9.43,17.939999999999998,9.43,19.0,703.0,144.0,658.0,재고 이동,재고 이동,77.468,일치,77.468,48.029,26.169,23.462
아이스라떼073,혜화점,왕십리점,337.0,재배치 추천,21999.0,프로모션 순비용이 재배치 비용보다 높습니다.,17.124746595094653,21.680790960451976,18,0,56.8,검토 가능,21999.0,337.0,266,False,Greedy 선택 후보보다 우선순위가 낮음,3.73,1589,347,2,유제품,400,337,112.0,26.0,400,177968.0,B,0.8067621446776673,2,60.0,92.9,3.87,DEAD,48.4,True,76.0,HIGH,유통기한 임박 | 소진일수 93일 초과 | 신선/냉장 고위험 카테고리,3.2,14.4,0.0,SAFE,"재고 여유 — 현재고(347), 재주문점(14)",0.0,156.5,42.0,87016.0,100.0,OVER,과잉 발주 위험 — 현재(344개) > EOQ(156개). 발주 주기 42일 권장,100.0,26.0,3.71,5.25,2.18,STABLE,93.4,0.0,WMA,0.0,36.9,10.0,8.4,6.0,7.5,5.0,POOR,낮은 매칭 · 폐기위험 높음,0.996,49.9,STABLE,18.2,LOW,73.1,HIGH,33.8,23.6,84.2,0.3,30.0,755393.0,100.0,0.385,0.385,88.5,True,23.2,165,40.2,89,100.0,0.999,4.9,75.1,50.0,DISCOUNT,64.7,2,99.8,71.4,40.8,disposal_risk,54.2,모니터링,209,HEURISTIC 29% | ABC 14% | TURNOVER 14% | DISPOSAL_RISK 14% | SAFETY_STOCK 8% | EOQ 7% | DEMAND_FORECAST 7% | MATCH 5%,"['⏰ 유통기한 임박 (84%)', '❄️ 냉장·냉동 과잉 (78%)', '💸 배송비 상승 (91%)', '⚡ 복합 스트레스 (60%)']","{'재고위험': '25.1%', '판매가능성': '13.2%', '점포이동적합': '14.0%', '비용절감': '18.3%', '폐기회피이익': '13.2%', '실행가능성': '12.8%', '이력보정': '3.3%'}",True,True,False,True,False,True,59.5,32.7,57.2,61.2,72.0,64.0,57.7,56.2,0.0,72.5,권장,할인 판매,🏷️,138,HIGH,신뢰도 높음 ●,#2e7d32,,,72.5,권장,할인 판매,-1,0,False,False,,50.0,0.0,21999.0,21999.0,0.0,21.11,21.11,42.0,571.0,337.0,358.0,재고 이동,재고 이동,83.717,일치,83.717,58.992,36.435,15.491
아이스라떼073,혜화점,노원점,203.0,재배치 추천,13794.0,프로모션 순비용이 재배치 비용보다 높습니다.,26.495731376524,12.217514124293785,18,0,56.7,검토 가능,13794.0,203.0,267,False,Greedy 선택 후보보다 우선순위가 낮음,3.73,1589,347,2,유제품,400,337,112.0,26.0,400,177968.0,B,0.8067621446776673,2,60.0,92.9,3.87,DEAD,48.4,True,76.0,HIGH,유통기한 임박 | 소진일수 93일 초과 | 신선/냉장 고위험 카테고리,3.2,14.4,0.0,SAFE,"재고 여유 — 현재고(347), 재주문점(14)",0.0,156.5,42.0,87016.0,100.0,OVER,과잉 발주 위험 — 현재(344개) > EOQ(156개). 발주 주기 42일 권장,100.0,26.0,3.71,5.25,2.18,STABLE,93.4,0.0,WMA,0.0,36.9,10.0,8.4,6.0,7.5,5.0,POOR,낮은 매칭 · 폐기위험 높음,0.996,49.9,STABLE,18.2,LOW,73.1,HIGH,24.1,35.1,98.9,0.3,30.0,454486.0,100.0,0.385,0.385,88.5,True,23.2,165,40.2,89,100.0,0.999,4.9,78.8,50.0,DISCOUNT,64.5,2,99.8,71.3,40.8,disposal_risk,54.1,모니터링,211,HEURISTIC 29% | ABC 14% | TURNOVER 14% | DISPOSAL_RISK 14% | SAFETY_STOCK 8% | EOQ 7% | DEMAND_FORECAST 7% | MATCH 5%,"['⏰ 유통기한 임박 (84%)', '❄️ 냉장·냉동 과잉 (78%)', '💸 배송비 상승 (91%)', '⚡ 복합 스트레스 (60%)']","{'재고위험': '25.1%', '판매가능성': '13.2%', '점포이동적합': '14.0%', '비용절감': '18.3%', '폐기회피이익': '13.2%', '실행가능성': '12.8%', '이력보정': '3.3%'}",True,True,False,True,False,True,59.5,32.7,57.5,61.2,72.0,77.6,57.7,58.0,0.0,88.1,최적,할인 판매,🏷️,54,HIGH,신뢰도 높음 ●,#2e7d32,,,88.1,최적,할인 판매,-1,-1,False,False,,50.0,13794.0,31476.0,13794.0,13.66,31.64,13.66,27.0,571.0,337.0,203.0,재고 이동,재고 이동,76.559,일치,76.559,58.636,37.907,23.119
도시락050,방배점,합정점,226.0,재배치 추천,15261.0,프로모션 순비용이 재배치 비용보다 높습니다.,24.820260971361677,13.841807909604519,18,0,56.7,검토 가능,15261.0,226.0,268,False,Greedy 선택 후보보다 우선순위가 낮음,2.75,2437,229,0,신선식품,500,226,82.0,19.0,500,199834.0,A,0.7269288129371255,1,100.0,83.8,4.3,SLOW,53.4,True,76.9,HIGH,유통기한 임박 | 소진일수 84일 초과 | 신선/냉장 고위험 카테고리,2.4,10.6,0.0,SAFE,"재고 여유 — 현재고(229), 재주문점(11)",0.0,108.5,39.5,92528.0,100.0,OVER,과잉 발주 위험 — 현재(227개) > EOQ(108개). 발주 주기 40일 권장,100.0,19.1,2.73,3.86,1.59,STABLE,83.9,0.0,WMA,0.0,40.9,10.0,8.4,10.0,7.5,5.0,FAIR,보통 매칭 · 폐기위험 높음 · 핵심(A)상품,0.987,49.7,STABLE,16.5,LOW,78.3,HIGH,37.0,41.4,83.6,0.3,30.0,758653.0,100.0,0.385,0.385,88.5,True,23.6,152,40.9,69,100.0,0.999,4.9,74.9,50.0,DISCOUNT,64.4,1,100.0,71.3,25.6,disposal_risk,63.5,검토 필요,80,HEURISTIC 29% | ABC 14% | TURNOVER 14% | DISPOSAL_RISK 14% | SAFETY_STOCK 8% | EOQ 7% | DEMAND_FORECAST 7% | MATCH 5%,"['⏰ 유통기한 임박 (84%)', '❄️ 냉장·냉동 과잉 (78%)', '💸 배송비 상승 (91%)', '⚡ 복합 스트레스 (60%)']","{'재고위험': '25.1%', '판매가능성': '13.2%', '점포이동적합': '14.0%', '비용절감': '18.3%', '폐기회피이익': '13.2%', '실행가능성': '12.8%', '이력보정': '3.3%'}",True,True,False,True,False,True,67.3,32.6,59.1,61.2,72.0,69.5,58.0,59.1,0.0,94.8,최적,할인 판매,🏷️,18,HIGH,신뢰도 높음 ●,#2e7d32,,,94.8,최적,할인 판매,-1,-1,False,False,,50.0,15261.0,22701.0,15261.0,15.29,21.89,15.29,31.0,703.0,226.0,630.0,재고 이동,재고 이동,86.985,일치,86.985,59.608,34.968,17.52
딸기우유014,종로점,잠실2점,232.0,재배치 추천,15594.0,프로모션 순비용이 재배치 비용보다 높습니다.,24.43993946834937,14.26553672316384,18,0,56.7,검토 가능,15594.0,232.0,269,False,Greedy 선택 후보보다 우선순위가 낮음,3.33,2852,303,1,유제품,400,299,100.0,23.0,400,285200.0,A,0.560656640638992,1,100.0,90.9,3.96,DEAD,49.5,True,76.0,HIGH,유통기한 임박 | 소진일수 91일 초과 | 신선/냉장 고위험 카테고리,2.9,12.9,0.0,SAFE,"재고 여유 — 현재고(303), 재주문점(13)",0.0,110.3,33.1,110148.0,100.0,OVER,과잉 발주 위험 — 현재(300개) > EOQ(110개). 발주 주기 33일 권장,100.0,23.1,3.3,4.67,1.93,STABLE,91.8,0.0,WMA,0.0,40.9,10.0,8.4,10.0,7.5,5.0,FAIR,보통 매칭 · 폐기위험 높음 · 핵심(A)상품,0.987,49.7,STABLE,18.0,LOW,76.6,HIGH,28.3,30.0,87.4,0.3,30.0,871203.0,100.0,0.385,0.385,88.5,True,23.4,159,40.9,69,100.0,0.999,4.9,76.0,50.0,DISCOUNT,64.3,2,99.8,71.3,26.1,disposal_risk,62.6,검토 필요,90,HEURISTIC 29% | ABC 14% | TURNOVER 14% | DISPOSAL_RISK 14% | SAFETY_STOCK 8% | EOQ 7% | DEMAND_FORECAST 7% | MATCH 5%,"['⏰ 유통기한 임박 (84%)', '❄️ 냉장·냉동 과잉 (78%)', '💸 배송비 상승 (91%)', '⚡ 복합 스트레스 (60%)']","{'재고위험': '25.1%', '판매가능성': '13.2%', '점포이동적합': '14.0%', '비용절감': '18.3%', '폐기회피이익': '13.2%', '실행가능성': '12.8%', '이력보정': '3.3%'}",True,True,False,True,False,True,65.9,32.6,59.2,61.2,72.0,68.3,57.8,58.6,0.0,91.8,최적,할인 판매,🏷️,34,HIGH,신뢰도 높음 ●,#2e7d32,,,91.8,최적,할인 판매,0,-1,False,False,,50.0,15594.0,22224.0,15594.0,15.66,21.36,15.66,31.0,278.0,299.0,232.0,재고 이동,재고 이동,82.074,일치,82.074,57.241,36.046,21.834
커피019,마포점,왕십리점,255.0,재배치 추천,17052.0,프로모션 순비용이 재배치 비용보다 높습니다.,22.77474802272792,15.889830508474576,18,0,56.7,검토 가능,17052.0,255.0,270,False,Greedy 선택 후보보다 우선순위가 낮음,7.32,1307,265,1,음료,300,255,220.0,51.0,300,287540.0,B,0.8993652640154297,2,60.0,36.1,9.96,NORMAL,79.9,False,41.1,MEDIUM,유통기한 임박,6.3,28.3,0.0,SAFE,"재고 여유 — 현재고(265), 재주문점(28)",0.0,337.0,46.0,79282.0,18.6,OPTIMAL,"적정 발주 — EOQ(337개), 권장 발주 주기 46일",18.6,51.1,7.3,10.32,4.28,STABLE,36.3,3.2,WMA,3.2,32.3,10.0,3.76,6.0,7.5,5.0,POOR,낮은 매칭,0.995,49.9,STABLE,7.2,LOW,76.6,HIGH,45.9,23.6,84.2,0.3,30.0,459390.0,100.0,0.385,0.385,88.5,False,36.5,49,22.9,453,100.0,0.999,4.9,75.1,50.0,DISCOUNT,64.1,2,99.8,71.3,40.7,turnover,46.7,모니터링,331,HEURISTIC 29% | ABC 14% | TURNOVER 14% | DISPOSAL_RISK 14% | SAFETY_STOCK 8% | EOQ 7% | DEMAND_FORECAST 7% | MATCH 5%,"['⏰ 유통기한 임박 (84%)', '❄️ 냉장·냉동 과잉 (78%)', '💸 배송비 상승 (91%)', '⚡ 복합 스트레스 (60%)']","{'재고위험': '25.1%', '판매가능성': '13.2%', '점포이동적합': '14.0%', '비용절감': '18.3%', '폐기회피이익': '13.2%', '실행가능성': '12.8%', '이력보정': '3.3%'}",True,True,False,True,False,True,52.2,34.3,51.6,49.0,72.0,64.0,65.0,51.6,0.0,23.1,검토,보류,⏸️,403,HIGH,신뢰도 높음 ●,#2e7d32,,,23.1,검토,보류,-1,0,False,False,,50.0,17052.0,28092.0,17052.0,17.28,27.88,17.28,35.0,696.0,255.0,592.0,재고 이동,재고 이동,73.371,일치,73.371,48.983,30.67,18.781
커피040,상암점,선릉점,312.0,재배치 추천,20535.0,프로모션 순비용이 재배치 비용보다 높습니다.,18.796790680410016,19.915254237288135,18,0,56.7,검토 가능,20535.0,312.0,271,False,Greedy 선택 후보보다 우선순위가 낮음,2.61,3554,319,2,음료,400,312,78.0,18.0,400,277212.0,A,0.2885581921080359,1,100.0,122.7,2.93,DEAD,31.8,True,68.0,HIGH,유통기한 임박 | 소진일수 123일 초과,2.2,10.0,0.0,SAFE,"재고 여유 — 현재고(319), 재주문점(10)",0.0,122.0,46.7,78066.0,100.0,OVER,과잉 발주 위험 — 현재(317개) > EOQ(122개). 발주 주기 47일 권장,100.0,18.1,2.59,3.66,1.51,STABLE,123.4,0.0,WMA,0.0,40.9,10.0,8.4,10.0,7.5,5.0,FAIR,보통 매칭 · 폐기위험 높음 · 핵심(A)상품,0.985,49.6,STABLE,24.1,LOW,73.1,HIGH,23.0,48.8,83.3,0.3,30.0,1434883.0,100.0,0.385,0.385,88.5,False,21.6,228,39.2,109,100.0,0.999,4.9,74.8,50.0,DISCOUNT,64.0,2,99.8,71.3,27.5,disposal_risk,57.9,검토 필요,152,HEURISTIC 29% | ABC 14% | TURNOVER 14% | DISPOSAL_RISK 14% | SAFETY_STOCK 8% | EOQ 7% | DEMAND_FORECAST 7% | MATCH 5%,"['⏰ 유통기한 임박 (84%)', '❄️ 냉장·냉동 과잉 (78%)', '💸 배송비 상승 (91%)', '⚡ 복합 스트레스 (60%)']","{'재고위험': '25.1%', '판매가능성': '13.2%', '점포이동적합': '14.0%', '비용절감': '18.3%', '폐기회피이익': '13.2%', '실행가능성': '12.8%', '이력보정': '3.3%'}",True,True,False,True,False,True,57.6,32.6,58.7,61.2,72.0,71.8,56.8,56.9,0.0,79.7,권장,할인 판매,🏷️,99,HIGH,신뢰도 높음 ●,#2e7d32,,,79.7,권장,할인 판매,-1,-1,False,False,,50.0,20535.0,23169.0,20535.0,21.15,22.41,21.15,42.0,583.0,312.0,443.0,재고 이동,재고 이동,84.958,일치,84.958,59.543,35.851,14.731
죽010,명동점,압구정점,107.0,재배치 추천,7926.0,프로모션 순비용이 재배치 비용보다 높습니다.,33.19761299717329,5.437853107344632,18,0,56.6,검토 가능,7926.0,107.0,272,False,Greedy 선택 후보보다 우선순위가 낮음,8.48,3304,281,1,간편식,500,270,254.0,59.0,500,839216.0,A,0.04394056460257161,1,100.0,33.2,10.85,NORMAL,81.6,False,44.6,MEDIUM,유통기한 임박,7.3,32.7,0.0,SAFE,"재고 여유 — 현재고(281), 재주문점(33)",0.0,206.4,24.3,149995.0,32.6,OPTIMAL,"적정 발주 — EOQ(206개), 권장 발주 주기 24일",32.6,59.1,8.44,11.94,4.94,STABLE,33.3,3.6,WMA,3.6,36.3,10.0,3.78,10.0,7.5,5.0,POOR,낮은 매칭 · 핵심(A)상품,0.994,49.8,STABLE,6.6,LOW,76.6,HIGH,23.9,35.6,98.7,0.3,30.0,469808.0,100.0,0.385,0.385,88.5,False,40.7,32,24.9,414,100.0,0.999,4.9,78.7,50.0,DISCOUNT,63.9,2,99.8,71.3,25.6,turnover,57.4,검토 필요,165,HEURISTIC 29% | ABC 14% | TURNOVER 14% | DISPOSAL_RISK 14% | SAFETY_STOCK 8% | EOQ 7% | DEMAND_FORECAST 7% | MATCH 5%,"['⏰ 유통기한 임박 (84%)', '❄️ 냉장·냉동 과잉 (78%)', '💸 배송비 상승 (91%)', '⚡ 복합 스트레스 (60%)']","{'재고위험': '25.1%', '판매가능성': '13.2%', '점포이동적합': '14.0%', '비용절감': '18.3%', '폐기회피이익': '13.2%', '실행가능성': '12.8%', '이력보정': '3.3%'}",True,True,False,True,False,True,60.2,34.4,54.2,51.0,72.0,77.7,67.3,56.1,0.0,71.2,권장,보류,⏸️,145,HIGH,신뢰도 높음 ●,#2e7d32,,,71.2,권장,보류,-1,-1,False,False,,50.0,7926.0,22629.0,7926.0,7.14,21.810000000000002,7.14,14.0,259.0,270.0,107.0,재고 이동,재고 이동,71.892,일치,71.892,44.579,27.075,29.966
에너지드링크033,여의도2점,명동점,143.0,재배치 추천,10230.0,프로모션 순비용이 재배치 비용보다 높습니다.,30.566199354709763,7.980225988700565,18,0,56.5,검토 가능,10230.0,143.0,273,False,Greedy 선택 후보보다 우선순위가 낮음,6.45,1298,351,3,음료,300,324,194.0,45.0,300,251812.0,B,0.8320359109103723,2,60.0,54.3,6.63,NORMAL,69.8,False,50.1,MEDIUM,유통기한 임박,5.5,24.8,0.0,SAFE,"재고 여유 — 현재고(351), 재주문점(25)",0.0,317.4,49.2,74165.0,8.9,OPTIMAL,"적정 발주 — EOQ(317개), 권장 발주 주기 49일",8.9,45.1,6.44,9.1,3.78,STABLE,54.5,0.7,WMA,0.7,32.1,10.0,3.64,6.0,7.5,5.0,POOR,낮은 매칭,0.997,49.9,STABLE,10.7,LOW,69.6,MEDIUM,41.7,32.8,100.0,0.3,30.0,255407.0,100.0,0.385,0.385,88.5,False,19.0,348,27.0,324,100.0,0.999,4.9,79.0,50.0,DISCOUNT,63.7,2,99.8,71.3,43.1,turnover,44.3,모니터링,365,HEURISTIC 29% | ABC 14% | TURNOVER 14% | DISPOSAL_RISK 14% | SAFETY_STOCK 8% | EOQ 7% | DEMAND_FORECAST 7% | MATCH 5%,"['⏰ 유통기한 임박 (84%)', '❄️ 냉장·냉동 과잉 (78%)', '💸 배송비 상승 (91%)', '⚡ 복합 스트레스 (60%)']","{'재고위험': '25.1%', '판매가능성': '13.2%', '점포이동적합': '14.0%', '비용절감': '18.3%', '폐기회피이익': '13.2%', '실행가능성': '12.8%', '이력보정': '3.3%'}",True,True,False,True,False,True,53.6,33.0,52.7,47.4,72.0,77.6,55.4,53.3,0.0,40.6,검토,보류,⏸️,309,HIGH,신뢰도 높음 ●,#2e7d32,,,40.6,검토,보류,-1,-1,False,False,,50.0,10230.0,24825.0,10230.0,9.7,24.25,9.7,19.0,297.0,324.0,143.0,재고 이동,재고 이동,67.444,일치,67.444,45.183,29.689,26.77
샐러드069,사당점,마포점,266.0,재배치 추천,17907.0,프로모션 순비용이 재배치 비용보다 높습니다.,21.79824686634497,16.666666666666664,18,0,56.5,검토 가능,17907.0,266.0,274,False,Greedy 선택 후보보다 우선순위가 낮음,0.49,3082,272,10,신선식품,250,266,15.0,3.0,250,46230.0,A,0.6610542014354238,1,100.0,544.0,0.66,DEAD,0.0,True,53.7,MEDIUM,소진일수 544일 초과 | 신선/냉장 고위험 카테고리,0.4,1.9,0.0,SAFE,"재고 여유 — 현재고(272), 재주문점(2)",0.0,40.7,83.1,43923.0,100.0,OVER,과잉 발주 위험 — 현재(272개) > EOQ(41개). 발주 주기 83일 권장,100.0,3.2,0.46,0.66,0.26,DECREASING,595.0,0.0,WMA,0.0,36.1,10.0,3.6,10.0,7.5,5.0,POOR,낮은 매칭 · 핵심(A)상품,0.875,46.9,DECLINING,38.1,LOW,45.1,MEDIUM,41.7,23.3,78.8,0.3,30.0,1032367.0,100.0,0.385,0.385,88.5,True,18.0,385,36.1,175,100.0,0.999,4.9,73.4,50.0,DISCOUNT,63.6,2,99.8,71.3,23.8,disposal_risk,47.9,모니터링,318,HEURISTIC 29% | ABC 14% | TURNOVER 14% | DISPOSAL_RISK 14% | SAFETY_STOCK 8% | EOQ 7% | DEMAND_FORECAST 7% | MATCH 5%,"['⏰ 유통기한 임박 (84%)', '❄️ 냉장·냉동 과잉 (78%)', '💸 배송비 상승 (91%)', '⚡ 복합 스트레스 (60%)']","{'재고위험': '25.1%', '판매가능성': '13.2%', '점포이동적합': '14.0%', '비용절감': '18.3%', '폐기회피이익': '13.2%', '실행가능성': '12.8%', '이력보정': '3.3%'}",True,True,False,True,False,True,43.0,31.8,55.8,61.1,72.0,60.3,54.8,51.2,0.0,20.8,검토,보류,⏸️,415,HIGH,신뢰도 높음 ●,#2e7d32,,,20.8,검토,보류,-1,-1,False,False,,50.0,17907.0,24213.0,17907.0,18.23,23.57,18.23,36.0,938.0,266.0,645.0,재고 이동,재고 이동,84.178,일치,84.178,59.033,32.602,10.036
빵002,신촌2점,홍대6점,34.0,재배치 추천,3579.0,프로모션 순비용이 재배치 비용보다 높습니다.,38.162350455415016,0.2824858757062147,18,0,56.4,검토 가능,3579.0,34.0,275,False,Greedy 선택 후보보다 우선순위가 낮음,1.3,691,363,1,디저트,500,362,39.0,9.0,500,26949.0,C,0.9843409807516114,3,20.0,279.2,1.29,DEAD,0.0,True,68.0,HIGH,유통기한 임박 | 소진일수 279일 초과,1.1,5.0,0.0,SAFE,"재고 여유 — 현재고(363), 재주문점(5)",0.0,165.7,127.5,28630.0,100.0,OVER,과잉 발주 위험 — 현재(362개) > EOQ(166개). 발주 주기 128일 권장,100.0,9.0,1.29,1.82,0.75,STABLE,282.3,0.0,WMA,0.0,33.9,10.0,8.4,3.0,7.5,5.0,POOR,낮은 매칭 · 폐기위험 높음,0.989,49.7,STABLE,35.3,LOW,76.6,HIGH,28.1,76.3,91.6,0.3,30.0,41614.0,83.2,0.385,0.385,88.5,False,21.3,246,40.6,81,100.0,0.999,4.9,77.1,50.0,DISCOUNT,63.5,1,100.0,62.9,43.4,disposal_risk,35.9,후순위,447,HEURISTIC 29% | ABC 14% | TURNOVER 14% | DISPOSAL_RISK 14% | SAFETY_STOCK 8% | EOQ 7% | DEMAND_FORECAST 7% | MATCH 5%,"['⏰ 유통기한 임박 (84%)', '❄️ 냉장·냉동 과잉 (78%)', '💸 배송비 상승 (91%)', '⚡ 복합 스트레스 (60%)']","{'재고위험': '25.1%', '판매가능성': '13.2%', '점포이동적합': '14.0%', '비용절감': '18.3%', '폐기회피이익': '13.2%', '실행가능성': '12.8%', '이력보정': '3.3%'}",True,True,False,True,False,True,37.1,32.6,56.1,61.0,61.9,86.5,56.7,51.9,0.0,26.6,검토,할인 판매,🏷️,384,HIGH,신뢰도 높음 ●,#2e7d32,,,26.6,검토,할인 판매,-1,-1,False,False,,50.0,3579.0,12846.0,3579.0,2.31,10.940000000000001,2.31,5.0,158.0,362.0,34.0,재고 이동,재고 이동,66.686,일치,66.686,58.558,34.989,24.551
커피019,신림점,왕십리점,245.0,재배치 추천,16710.0,프로모션 순비용이 재배치 비용보다 높습니다.,23.165348485281104,15.18361581920904,18,0,56.3,검토 가능,16710.0,245.0,276,False,Greedy 선택 후보보다 우선순위가 낮음,2.49,1307,258,4,음료,300,245,75.0,17.0,300,98025.0,B,0.8993652640154297,2,60.0,103.2,3.49,DEAD,42.7,True,60.0,HIGH,유통기한 임박 | 소진일수 103일 초과,2.1,9.6,0.0,SAFE,"재고 여유 — 현재고(258), 재주문점(10)",0.0,196.5,78.9,46240.0,30.2,OPTIMAL,"적정 발주 — EOQ(196개), 권장 발주 주기 79일",30.2,17.2,2.46,3.48,1.43,STABLE,105.0,0.0,WMA,0.0,36.9,10.0,8.4,6.0,7.5,5.0,POOR,낮은 매칭 · 폐기위험 높음,0.975,49.4,STABLE,20.8,LOW,66.1,MEDIUM,45.9,23.6,84.2,0.3,30.0,441048.0,100.0,0.385,0.385,88.5,False,19.6,331,34.4,187,100.0,0.999,4.9,75.1,50.0,DISCOUNT,63.3,2,99.8,71.3,47.1,disposal_risk,44.2,모니터링,368,HEURISTIC 29% | ABC 14% | TURNOVER 14% | DISPOSAL_RISK 14% | SAFETY_STOCK 8% | EOQ 7% | DEMAND_FORECAST 7% | MATCH 5%,"['⏰ 유통기한 임박 (84%)', '❄️ 냉장·냉동 과잉 (78%)', '💸 배송비 상승 (91%)', '⚡ 복합 스트레스 (60%)']","{'재고위험': '25.1%', '판매가능성': '13.2%', '점포이동적합': '14.0%', '비용절감': '18.3%', '폐기회피이익': '13.2%', '실행가능성': '12.8%', '이력보정': '3.3%'}",True,True,False,True,False,True,50.9,32.5,56.0,50.5,72.0,64.0,55.7,51.9,0.0,25.5,검토,할인 판매,🏷️,390,HIGH,신뢰도 높음 ●,#2e7d32,,,25.5,검토,할인 판매,-1,0,False,False,,50.0,16710.0,21801.0,16710.0,16.9,20.89,16.9,34.0,696.0,245.0,592.0,재고 이동,재고 이동,75.781,일치,75.781,52.966,32.715,16.01
우유048,홍대점,건대점,263.0,재배치 추천,17835.0,프로모션 순비용이 재배치 비용보다 높습니다.,21.88047854267196,16.454802259887007,18,0,56.3,검토 가능,17835.0,263.0,277,False,Greedy 선택 후보보다 우선순위가 낮음,3.21,2924,321,13,유제품,150,263,96.0,22.0,150,280704.0,A,0.5389976019852944,1,100.0,100.3,3.59,DEAD,44.3,True,41.4,MEDIUM,소진일수 100일 초과 | 신선/냉장 고위험 카테고리,2.8,12.4,0.0,SAFE,"재고 여유 — 현재고(321), 재주문점(12)",0.0,107.0,33.3,109502.0,100.0,OVER,과잉 발주 위험 — 현재(318개) > EOQ(107개). 발주 주기 33일 권장,100.0,22.2,3.17,4.5,1.85,STABLE,101.2,0.0,WMA,0.0,36.1,10.0,3.6,10.0,7.5,5.0,POOR,낮은 매칭 · 핵심(A)상품,0.979,49.5,STABLE,20.0,LOW,43.3,MEDIUM,37.9,43.6,76.3,0.3,30.0,944429.0,100.0,0.385,0.385,88.5,True,15.4,442,26.6,348,100.0,0.999,4.9,72.5,50.0,DISCOUNT,63.2,2,99.8,71.3,31.2,disposal_risk,52.3,모니터링,242,HEURISTIC 29% | ABC 14% | TURNOVER 14% | DISPOSAL_RISK 14% | SAFETY_STOCK 8% | EOQ 7% | DEMAND_FORECAST 7% | MATCH 5%,"['⏰ 유통기한 임박 (84%)', '❄️ 냉장·냉동 과잉 (78%)', '💸 배송비 상승 (91%)', '⚡ 복합 스트레스 (60%)']","{'재고위험': '25.1%', '판매가능성': '13.2%', '점포이동적합': '14.0%', '비용절감': '18.3%', '폐기회피이익': '13.2%', '실행가능성': '12.8%', '이력보정': '3.3%'}",True,True,False,True,False,True,48.9,32.6,53.8,61.0,72.0,65.4,53.4,53.2,0.0,38.9,검토,보류,⏸️,318,HIGH,신뢰도 높음 ●,#2e7d32,,,38.9,검토,보류,0,0,True,False,,50.0,17835.0,19992.0,17835.0,18.15,18.880000000000003,18.15,36.0,511.0,263.0,464.0,재고 이동,재고 이동,81.131,일치,81.131,54.687,31.222,16.539
과일컵070,구로점,여의도2점,92.0,재배치 추천,7413.0,프로모션 순비용이 재배치 비용보다 높습니다.,33.78351369100305,4.378531073446328,18,0,56.2,검토 가능,7413.0,92.0,278,False,Greedy 선택 후보보다 우선순위가 낮음,8.0,2879,260,0,신선식품,400,249,240.0,56.0,400,690960.0,A,0.31603006918284465,1,100.0,32.5,11.08,NORMAL,81.9,False,51.2,MEDIUM,유통기한 임박 | 신선/냉장 고위험 카테고리,6.9,30.9,0.0,SAFE,"재고 여유 — 현재고(260), 재주문점(31)",0.0,170.2,21.3,171532.0,48.7,OPTIMAL,"적정 발주 — EOQ(170개), 권장 발주 주기 21일",48.7,56.0,8.0,11.3,4.7,STABLE,32.5,3.7,WMA,3.7,36.3,10.0,3.78,10.0,7.5,5.0,POOR,낮은 매칭 · 핵심(A)상품,1.0,50.0,STABLE,6.3,LOW,78.3,HIGH,38.1,8.2,88.3,0.3,30.0,347229.0,100.0,0.385,0.385,88.5,True,42.5,24,27.5,301,100.0,0.999,4.9,76.2,50.0,DISCOUNT,63.1,2,99.8,71.2,25.5,turnover,59.9,검토 필요,123,HEURISTIC 29% | ABC 14% | TURNOVER 14% | DISPOSAL_RISK 14% | SAFETY_STOCK 8% | EOQ 7% | DEMAND_FORECAST 7% | MATCH 5%,"['⏰ 유통기한 임박 (84%)', '❄️ 냉장·냉동 과잉 (78%)', '💸 배송비 상승 (91%)', '⚡ 복합 스트레스 (60%)']","{'재고위험': '25.1%', '판매가능성': '13.2%', '점포이동적합': '14.0%', '비용절감': '18.3%', '폐기회피이익': '13.2%', '실행가능성': '12.8%', '이력보정': '3.3%'}",True,True,False,True,False,True,63.2,34.6,54.5,53.2,72.0,61.6,68.3,55.2,0.0,60.9,검토,보류,⏸️,200,HIGH,신뢰도 높음 ●,#2e7d32,,,60.9,검토,보류,-1,-1,False,False,,50.0,7413.0,25131.0,7413.0,6.57,24.59,6.57,13.0,143.0,249.0,92.0,재고 이동,재고 이동,72.519,일치,72.519,45.592,28.519,30.961
푸딩059,용산점,선릉점,146.0,재배치 추천,10689.0,프로모션 순비용이 재배치 비용보다 높습니다.,30.041972418125233,8.192090395480225,18,0,56.2,검토 가능,10689.0,146.0,279,False,Greedy 선택 후보보다 우선순위가 낮음,0.86,2758,366,17,디저트,250,346,26.0,6.0,250,71708.0,A,0.6794441020955618,1,100.0,422.3,0.85,DEAD,0.0,True,39.8,LOW,소진일수 422일 초과,0.7,3.3,0.0,SAFE,"재고 여유 — 현재고(366), 재주문점(3)",0.0,67.5,78.5,46522.0,100.0,OVER,과잉 발주 위험 — 현재(365개) > EOQ(68개). 발주 주기 78일 권장,100.0,6.0,0.86,1.21,0.5,STABLE,427.0,0.0,WMA,0.0,32.5,10.0,0.0,10.0,7.5,5.0,POOR,낮은 매칭 · 핵심(A)상품,0.997,49.9,STABLE,35.1,LOW,43.3,MEDIUM,38.6,48.8,83.3,0.3,30.0,509013.0,100.0,0.385,0.385,88.5,False,14.9,452,29.0,274,100.0,0.999,4.9,74.8,50.0,DISCOUNT,62.9,2,99.8,71.2,25.4,disposal_risk,43.5,모니터링,377,HEURISTIC 29% | ABC 14% | TURNOVER 14% | DISPOSAL_RISK 14% | SAFETY_STOCK 8% | EOQ 7% | DEMAND_FORECAST 7% | MATCH 5%,"['⏰ 유통기한 임박 (84%)', '❄️ 냉장·냉동 과잉 (78%)', '💸 배송비 상승 (91%)', '⚡ 복합 스트레스 (60%)']","{'재고위험': '25.1%', '판매가능성': '13.2%', '점포이동적합': '14.0%', '비용절감': '18.3%', '폐기회피이익': '13.2%', '실행가능성': '12.8%', '이력보정': '3.3%'}",True,True,False,True,False,True,36.4,32.7,52.9,60.9,72.0,71.8,53.1,50.8,0.0,18.2,검토,보류,⏸️,429,HIGH,신뢰도 높음 ●,#2e7d32,,,18.2,검토,보류,-1,-1,False,False,,50.0,10689.0,24249.0,10689.0,10.21,23.61,10.21,20.0,304.0,346.0,146.0,재고 이동,재고 이동,75.24,일치,75.24,52.14,29.209,19.121
김밥017,왕십리점,종로점,85.0,재배치 추천,7098.0,프로모션 순비용이 재배치 비용보다 높습니다.,34.14327727493362,3.8841807909604524,18,0,56.0,검토 가능,7098.0,85.0,280,False,Greedy 선택 후보보다 우선순위가 낮음,7.42,3260,269,4,신선식품,400,228,223.0,52.0,400,726980.0,A,0.49367488330734166,1,100.0,36.2,9.95,NORMAL,79.9,False,43.1,MEDIUM,유통기한 임박 | 신선/냉장 고위험 카테고리,6.4,28.7,0.0,SAFE,"재고 여유 — 현재고(269), 재주문점(29)",0.0,154.1,20.8,175789.0,70.4,OVER,과잉 발주 위험 — 현재(263개) > EOQ(154개). 발주 주기 21일 권장,70.4,52.0,7.43,10.49,4.37,STABLE,36.2,3.2,WMA,3.2,36.3,10.0,3.76,10.0,7.5,5.0,POOR,낮은 매칭 · 핵심(A)상품,1.001,50.0,STABLE,7.0,LOW,66.1,MEDIUM,23.5,50.3,87.0,0.3,30.0,359422.0,100.0,0.385,0.385,88.5,True,36.9,47,24.4,428,100.0,0.999,4.9,75.9,50.0,DISCOUNT,62.8,2,99.8,71.2,26.0,turnover,58.7,검토 필요,140,HEURISTIC 29% | ABC 14% | TURNOVER 14% | DISPOSAL_RISK 14% | SAFETY_STOCK 8% | EOQ 7% | DEMAND_FORECAST 7% | MATCH 5%,"['⏰ 유통기한 임박 (84%)', '❄️ 냉장·냉동 과잉 (78%)', '💸 배송비 상승 (91%)', '⚡ 복합 스트레스 (60%)']","{'재고위험': '25.1%', '판매가능성': '13.2%', '점포이동적합': '14.0%', '비용절감': '18.3%', '폐기회피이익': '13.2%', '실행가능성': '12.8%', '이력보정': '3.3%'}",True,True,False,True,False,True,59.1,34.3,53.8,56.4,72.0,74.8,65.2,56.3,0.0,74.1,권장,보류,⏸️,129,HIGH,신뢰도 높음 ●,#2e7d32,,,74.1,권장,보류,0,0,True,False,,50.0,7098.0,21216.0,7098.0,6.22,20.240000000000002,6.22,12.0,87.0,228.0,85.0,재고 이동,재고 이동,73.183,일치,73.183,45.761,27.789,30.403
푸딩059,용산점,청량리점,172.0,재배치 추천,12516.0,프로모션 순비용이 재배치 비용보다 높습니다.,27.955343631327985,10.028248587570623,18,0,56.0,검토 가능,12516.0,172.0,281,False,Greedy 선택 후보보다 우선순위가 낮음,0.86,2758,366,17,디저트,250,346,26.0,6.0,250,71708.0,A,0.6794441020955618,1,100.0,422.3,0.85,DEAD,0.0,True,39.8,LOW,소진일수 422일 초과,0.7,3.3,0.0,SAFE,"재고 여유 — 현재고(366), 재주문점(3)",0.0,67.5,78.5,46522.0,100.0,OVER,과잉 발주 위험 — 현재(365개) > EOQ(68개). 발주 주기 78일 권장,100.0,6.0,0.86,1.21,0.5,STABLE,427.0,0.0,WMA,0.0,32.5,10.0,0.0,10.0,7.5,5.0,POOR,낮은 매칭 · 핵심(A)상품,0.997,49.9,STABLE,35.1,LOW,43.3,MEDIUM,38.1,49.2,72.1,0.3,30.0,599735.0,100.0,0.385,0.385,88.5,False,14.9,452,29.0,274,100.0,0.999,4.9,70.9,50.0,DISCOUNT,62.7,2,99.8,71.2,25.5,disposal_risk,43.4,모니터링,382,HEURISTIC 29% | ABC 14% | TURNOVER 14% | DISPOSAL_RISK 14% | SAFETY_STOCK 8% | EOQ 7% | DEMAND_FORECAST 7% | MATCH 5%,"['⏰ 유통기한 임박 (84%)', '❄️ 냉장·냉동 과잉 (78%)', '💸 배송비 상승 (91%)', '⚡ 복합 스트레스 (60%)']","{'재고위험': '25.1%', '판매가능성': '13.2%', '점포이동적합': '14.0%', '비용절감': '18.3%', '폐기회피이익': '13.2%', '실행가능성': '12.8%', '이력보정': '3.3%'}",True,True,False,True,False,True,36.4,32.7,52.5,60.8,72.0,64.5,53.1,49.7,0.0,12.6,검토,보류,⏸️,459,HIGH,신뢰도 높음 ●,#2e7d32,,,12.6,검토,보류,-1,-1,False,False,,50.0,12516.0,21468.0,12516.0,12.24,20.52,12.24,24.0,304.0,346.0,172.0,재고 이동,재고 이동,76.092,일치,76.092,52.38,29.408,17.952
라면071,구로점,성수점,313.0,재배치 추천,21300.0,프로모션 순비용이 재배치 비용보다 높습니다.,17.923079119435798,19.98587570621469,18,0,55.9,검토 가능,21300.0,313.0,282,False,Greedy 선택 후보보다 우선순위가 낮음,7.28,664,343,3,간편식,150,313,218.0,51.0,150,144752.0,C,0.9938134999524716,3,20.0,47.2,7.63,NORMAL,73.8,False,51.6,MEDIUM,유통기한 임박,6.2,28.0,0.0,SAFE,"재고 여유 — 현재고(343), 재주문점(28)",0.0,426.5,58.6,62303.0,16.8,OPTIMAL,"적정 발주 — EOQ(426개), 권장 발주 주기 59일",16.8,51.0,7.29,10.29,4.28,STABLE,47.1,1.7,WMA,1.7,29.2,10.0,3.68,3.0,7.5,5.0,POOR,낮은 매칭,1.001,50.0,STABLE,9.2,LOW,69.6,MEDIUM,42.0,46.2,96.7,0.3,30.0,275048.0,100.0,0.385,0.385,88.5,False,25.3,115,26.7,343,100.0,0.999,4.9,78.3,50.0,DISCOUNT,62.5,1,100.0,71.2,43.5,turnover,38.1,후순위,427,HEURISTIC 29% | ABC 14% | TURNOVER 14% | DISPOSAL_RISK 14% | SAFETY_STOCK 8% | EOQ 7% | DEMAND_FORECAST 7% | MATCH 5%,"['⏰ 유통기한 임박 (84%)', '❄️ 냉장·냉동 과잉 (78%)', '💸 배송비 상승 (91%)', '⚡ 복합 스트레스 (60%)']","{'재고위험': '25.1%', '판매가능성': '13.2%', '점포이동적합': '14.0%', '비용절감': '18.3%', '폐기회피이익': '13.2%', '실행가능성': '12.8%', '이력보정': '3.3%'}",True,True,False,True,False,True,49.3,33.6,51.3,48.3,72.0,79.9,58.9,52.6,0.0,33.1,검토,보류,⏸️,349,HIGH,신뢰도 높음 ●,#2e7d32,,,33.1,검토,보류,-1,-1,False,False,,50.0,21300.0,25257.0,21300.0,22.0,24.73,22.0,44.0,483.0,313.0,448.0,재고 이동,재고 이동,70.485,일치,70.485,49.971,33.923,18.579
냉동만두047,동대문점,마포점,74.0,프로모션 추천,8342.0,프로모션 순비용이 재배치 비용보다 낮습니다.,32.72249664506182,3.1073446327683616,12,8,55.8,검토 가능,8342.0,74.0,283,False,Greedy 선택 후보보다 우선순위가 낮음,4.28,657,115,7,냉동식품,250,74,128.0,30.0,250,84096.0,C,1.0,3,20.0,27.0,13.36,FAST,85.0,False,36.0,LOW,유통기한 임박 | 신선/냉장 고위험 카테고리,3.7,16.5,0.0,SAFE,"재고 여유 — 현재고(115), 재주문점(16)",0.0,281.5,65.8,55490.0,48.4,UNDER,과소 발주 위험 — 현재(111개) < EOQ(282개). 발주량 증가 검토,48.4,30.0,4.29,6.05,2.52,STABLE,26.8,6.5,WMA,6.5,25.8,10.0,0.32,3.0,7.5,5.0,POOR,낮은 매칭,1.001,50.0,STABLE,5.2,LOW,55.6,MEDIUM,22.0,23.3,78.8,0.3,30.0,68500.0,100.0,0.385,0.385,88.5,True,66.2,10,19.3,482,100.0,0.999,4.9,73.4,50.0,DISCOUNT,62.4,2,99.8,71.2,40.9,turnover,41.3,모니터링,403,HEURISTIC 29% | ABC 14% | TURNOVER 14% | DISPOSAL_RISK 14% | SAFETY_STOCK 8% | EOQ 7% | DEMAND_FORECAST 7% | MATCH 5%,"['⏰ 유통기한 임박 (84%)', '❄️ 냉장·냉동 과잉 (78%)', '💸 배송비 상승 (91%)', '⚡ 복합 스트레스 (60%)']","{'재고위험': '25.1%', '판매가능성': '13.2%', '점포이동적합': '14.0%', '비용절감': '18.3%', '폐기회피이익': '13.2%', '실행가능성': '12.8%', '이력보정': '3.3%'}",True,True,False,True,False,True,45.2,36.0,47.8,53.0,72.0,60.3,81.3,49.7,0.0,12.8,검토,보류,⏸️,458,HIGH,신뢰도 높음 ●,#2e7d32,,,12.8,검토,보류,-1,-1,False,False,,50.0,13515.0,30702.0,13515.0,13.35,30.78,13.35,27.0,232.0,74.0,141.0,할인,재고 이동,55.527,다름,55.527,45.052,33.062,31.934
냉동만두047,동대문점,왕십리점,74.0,프로모션 추천,8342.0,프로모션 순비용이 재배치 비용보다 낮습니다.,32.72249664506182,3.1073446327683616,12,8,55.8,검토 가능,8342.0,74.0,284,False,Greedy 선택 후보보다 우선순위가 낮음,4.28,657,115,7,냉동식품,250,74,128.0,30.0,250,84096.0,C,1.0,3,20.0,27.0,13.36,FAST,85.0,False,36.0,LOW,유통기한 임박 | 신선/냉장 고위험 카테고리,3.7,16.5,0.0,SAFE,"재고 여유 — 현재고(115), 재주문점(16)",0.0,281.5,65.8,55490.0,48.4,UNDER,과소 발주 위험 — 현재(111개) < EOQ(282개). 발주량 증가 검토,48.4,30.0,4.29,6.05,2.52,STABLE,26.8,6.5,WMA,6.5,25.8,10.0,0.32,3.0,7.5,5.0,POOR,낮은 매칭,1.001,50.0,STABLE,5.2,LOW,55.6,MEDIUM,26.4,23.6,84.2,0.3,30.0,68500.0,100.0,0.385,0.385,88.5,True,66.2,10,19.3,482,100.0,0.999,4.9,75.1,50.0,DISCOUNT,62.3,2,99.8,71.2,40.9,turnover,41.3,모니터링,402,HEURISTIC 29% | ABC 14% | TURNOVER 14% | DISPOSAL_RISK 14% | SAFETY_STOCK 8% | EOQ 7% | DEMAND_FORECAST 7% | MATCH 5%,"['⏰ 유통기한 임박 (84%)', '❄️ 냉장·냉동 과잉 (78%)', '💸 배송비 상승 (91%)', '⚡ 복합 스트레스 (60%)']","{'재고위험': '25.1%', '판매가능성': '13.2%', '점포이동적합': '14.0%', '비용절감': '18.3%', '폐기회피이익': '13.2%', '실행가능성': '12.8%', '이력보정': '3.3%'}",True,True,False,True,False,True,45.2,36.0,48.0,53.0,72.0,64.0,81.3,50.2,0.0,15.3,검토,보류,⏸️,445,HIGH,신뢰도 높음 ●,#2e7d32,,,15.3,검토,보류,-1,0,False,False,,50.0,0.0,21558.0,21558.0,0.0,20.619999999999997,20.619999999999997,42.0,232.0,74.0,167.0,할인,재고 이동,55.28,다름,55.28,43.941,31.87,31.324
냉동치킨030,홍대2점,홍대점,223.0,재배치 추천,15789.0,프로모션 순비용이 재배치 비용보다 높습니다.,24.21722867829712,13.62994350282486,18,0,55.8,검토 가능,15789.0,223.0,285,False,Greedy 선택 후보보다 우선순위가 낮음,4.15,2145,234,2,냉동식품,300,223,125.0,29.0,300,268125.0,A,0.7549271720942319,1,100.0,56.2,6.41,NORMAL,68.8,False,57.1,MEDIUM,유통기한 임박 | 신선/냉장 고위험 카테고리,3.6,16.0,0.0,SAFE,"재고 여유 — 현재고(234), 재주문점(16)",0.0,153.4,37.0,98729.0,50.2,OVER,과잉 발주 위험 — 현재(230개) > EOQ(153개). 발주 주기 37일 권장,50.2,29.0,4.14,5.85,2.43,STABLE,56.5,0.5,WMA,0.5,36.1,10.0,3.62,10.0,7.5,5.0,POOR,낮은 매칭 · 핵심(A)상품,0.998,50.0,STABLE,11.0,LOW,73.1,HIGH,34.4,50.8,83.4,0.3,30.0,625113.0,100.0,0.385,0.385,88.5,True,20.2,307,30.6,240,100.0,0.999,4.9,74.8,50.0,DISCOUNT,62.1,2,99.8,71.2,27.3,disposal_risk,56.3,검토 필요,181,HEURISTIC 29% | ABC 14% | TURNOVER 14% | DISPOSAL_RISK 14% | SAFETY_STOCK 8% | EOQ 7% | DEMAND_FORECAST 7% | MATCH 5%,"['⏰ 유통기한 임박 (84%)', '❄️ 냉장·냉동 과잉 (78%)', '💸 배송비 상승 (91%)', '⚡ 복합 스트레스 (60%)']","{'재고위험': '25.1%', '판매가능성': '13.2%', '점포이동적합': '14.0%', '비용절감': '18.3%', '폐기회피이익': '13.2%', '실행가능성': '12.8%', '이력보정': '3.3%'}",True,True,False,True,False,True,62.4,33.0,54.8,53.2,72.0,72.5,56.0,56.3,0.0,73.6,권장,보류,⏸️,132,HIGH,신뢰도 높음 ●,#2e7d32,,,73.6,권장,보류,-1,0,False,False,,50.0,0.0,15789.0,15789.0,0.0,14.21,14.21,28.0,431.0,223.0,348.0,재고 이동,재고 이동,77.665,일치,77.665,50.787,29.864,22.516
샐러드069,마포점,역삼점,281.0,재배치 추천,19455.0,프로모션 순비용이 재배치 비용보다 높습니다.,20.030265825314792,17.725988700564972,18,0,55.8,검토 가능,19455.0,281.0,286,False,Greedy 선택 후보보다 우선순위가 낮음,8.62,3082,293,1,신선식품,250,281,259.0,60.0,250,798238.0,A,0.6610542014354238,1,100.0,33.9,10.61,NORMAL,81.2,False,50.0,MEDIUM,유통기한 임박 | 신선/냉장 고위험 카테고리,7.4,33.3,0.0,SAFE,"재고 여유 — 현재고(293), 재주문점(33)",0.0,170.8,19.8,184226.0,67.2,OVER,과잉 발주 위험 — 현재(286개) > EOQ(171개). 발주 주기 20일 권장,67.2,60.1,8.59,12.14,5.03,STABLE,34.1,3.4,WMA,3.4,36.3,10.0,3.77,10.0,7.5,5.0,POOR,낮은 매칭 · 핵심(A)상품,0.994,49.9,STABLE,6.8,LOW,76.6,HIGH,33.3,67.8,53.7,0.3,30.0,1090045.0,100.0,0.385,0.385,88.5,True,39.6,35,27.1,320,100.0,0.999,4.9,60.9,50.0,DISCOUNT,62.0,2,99.8,71.2,25.7,turnover,60.2,검토 필요,117,HEURISTIC 29% | ABC 14% | TURNOVER 14% | DISPOSAL_RISK 14% | SAFETY_STOCK 8% | EOQ 7% | DEMAND_FORECAST 7% | MATCH 5%,"['⏰ 유통기한 임박 (84%)', '❄️ 냉장·냉동 과잉 (78%)', '💸 배송비 상승 (91%)', '⚡ 복합 스트레스 (60%)']","{'재고위험': '25.1%', '판매가능성': '13.2%', '점포이동적합': '14.0%', '비용절감': '18.3%', '폐기회피이익': '13.2%', '실행가능성': '12.8%', '이력보정': '3.3%'}",True,True,False,True,False,True,62.5,34.4,52.8,55.8,72.0,58.4,66.7,54.9,0.0,55.3,검토,보류,⏸️,230,HIGH,신뢰도 높음 ●,#2e7d32,,,55.3,검토,보류,-1,-1,False,False,,50.0,19455.0,22548.0,19455.0,19.95,21.72,19.95,40.0,938.0,281.0,889.0,재고 이동,재고 이동,86.208,일치,86.208,56.423,30.865,13.866
커피019,신촌2점,잠실점,280.0,재배치 추천,19455.0,프로모션 순비용이 재배치 비용보다 높습니다.,20.030265825314792,17.65536723163842,18,0,55.7,검토 가능,19455.0,280.0,287,False,Greedy 선택 후보보다 우선순위가 낮음,1.52,1307,299,9,음료,300,280,46.0,11.0,300,60122.0,B,0.8993652640154297,2,60.0,195.0,1.85,DEAD,0.0,True,47.1,MEDIUM,소진일수 195일 초과,1.3,5.9,0.0,SAFE,"재고 여유 — 현재고(299), 재주문점(6)",0.0,153.6,101.1,36128.0,93.8,OVER,과잉 발주 위험 — 현재(298개) > EOQ(154개). 발주 주기 101일 권장,93.8,10.9,1.56,2.18,0.93,STABLE,192.0,0.0,WMA,0.0,32.1,10.0,3.6,6.0,7.5,5.0,POOR,낮은 매칭,1.034,50.8,STABLE,35.0,LOW,48.6,MEDIUM,39.5,44.7,96.3,0.3,30.0,503697.0,100.0,0.385,0.385,88.5,False,16.5,420,31.8,225,100.0,0.999,4.9,78.2,50.0,DISCOUNT,61.9,2,99.8,71.1,45.1,disposal_risk,37.0,후순위,434,HEURISTIC 29% | ABC 14% | TURNOVER 14% | DISPOSAL_RISK 14% | SAFETY_STOCK 8% | EOQ 7% | DEMAND_FORECAST 7% | MATCH 5%,"['⏰ 유통기한 임박 (84%)', '❄️ 냉장·냉동 과잉 (78%)', '💸 배송비 상승 (91%)', '⚡ 복합 스트레스 (60%)']","{'재고위험': '25.1%', '판매가능성': '13.2%', '점포이동적합': '14.0%', '비용절감': '18.3%', '폐기회피이익': '13.2%', '실행가능성': '12.8%', '이력보정': '3.3%'}",True,True,False,True,False,True,33.7,32.9,53.6,59.7,72.0,79.1,54.0,50.9,0.0,19.2,검토,보류,⏸️,424,HIGH,신뢰도 높음 ●,#2e7d32,,,19.2,검토,보류,-1,0,False,False,,50.0,19455.0,21936.0,19455.0,19.95,21.04,19.95,40.0,696.0,280.0,621.0,재고 이동,재고 이동,79.177,일치,79.177,57.516,32.811,9.73
아이스라떼077,용산점,문래점,118.0,재배치 추천,9537.0,프로모션 순비용이 재배치 비용보다 높습니다.,31.357679239356994,6.214689265536723,18,0,55.6,검토 가능,9537.0,118.0,288,False,Greedy 선택 후보보다 우선순위가 낮음,4.22,1060,238,10,유제품,250,179,127.0,30.0,250,134620.0,C,0.9791840344790028,3,20.0,56.2,6.4,NORMAL,68.8,False,34.8,LOW,신선/냉장 고위험 카테고리,3.6,16.3,0.0,SAFE,"재고 여유 — 현재고(238), 재주문점(16)",0.0,203.8,48.3,75594.0,15.0,OPTIMAL,"적정 발주 — EOQ(204개), 권장 발주 주기 48일",15.0,29.8,4.26,6.0,2.52,STABLE,55.9,0.5,WMA,0.5,25.5,10.0,0.02,3.0,7.5,5.0,POOR,낮은 매칭,1.016,50.4,STABLE,11.0,LOW,45.1,MEDIUM,29.1,47.9,90.2,0.3,30.0,170059.0,100.0,0.385,0.385,88.5,True,15.3,446,19.6,481,100.0,0.999,4.9,76.7,50.0,DISCOUNT,61.7,2,99.8,71.1,47.9,turnover,31.2,후순위,471,HEURISTIC 29% | ABC 14% | TURNOVER 14% | DISPOSAL_RISK 14% | SAFETY_STOCK 8% | EOQ 7% | DEMAND_FORECAST 7% | MATCH 5%,"['⏰ 유통기한 임박 (84%)', '❄️ 냉장·냉동 과잉 (78%)', '💸 배송비 상승 (91%)', '⚡ 복합 스트레스 (60%)']","{'재고위험': '25.1%', '판매가능성': '13.2%', '점포이동적합': '14.0%', '비용절감': '18.3%', '폐기회피이익': '13.2%', '실행가능성': '12.8%', '이력보정': '3.3%'}",True,True,False,True,False,True,40.4,33.1,48.1,47.8,72.0,76.1,53.3,49.3,0.0,11.2,검토,보류,⏸️,467,HIGH,신뢰도 높음 ●,#2e7d32,,,11.2,검토,보류,-1,-1,False,False,,50.0,9537.0,25671.0,9537.0,8.93,25.19,8.93,18.0,223.0,179.0,118.0,재고 이동,재고 이동,56.894,일치,56.894,43.377,30.906,29.171
차음료024,신촌2점,잠실2점,286.0,재배치 추천,19932.0,프로모션 순비용이 재배치 비용보다 높습니다.,19.485480969648517,18.07909604519774,18,0,55.6,검토 가능,19932.0,286.0,289,False,Greedy 선택 후보보다 우선순위가 낮음,4.25,2550,291,0,음료,250,286,128.0,30.0,250,326400.0,A,0.3697636250984765,1,100.0,68.2,5.28,SLOW,62.1,True,59.1,MEDIUM,유통기한 임박 | 소진일수 68일 초과,3.6,16.4,0.0,SAFE,"재고 여유 — 현재고(291), 재주문점(16)",0.0,183.8,43.2,84382.0,56.4,OVER,과잉 발주 위험 — 현재(287개) > EOQ(184개). 발주 주기 43일 권장,56.4,29.9,4.27,6.02,2.52,STABLE,68.1,0.0,WMA,0.0,36.1,10.0,3.6,10.0,7.5,5.0,POOR,낮은 매칭 · 핵심(A)상품,1.008,50.2,STABLE,13.3,LOW,78.3,HIGH,40.8,30.0,87.4,0.3,30.0,926728.0,100.0,0.385,0.385,88.5,False,19.5,334,32.0,222,100.0,0.999,4.9,76.0,50.0,DISCOUNT,61.6,2,99.8,71.1,28.1,disposal_risk,55.6,검토 필요,195,HEURISTIC 29% | ABC 14% | TURNOVER 14% | DISPOSAL_RISK 14% | SAFETY_STOCK 8% | EOQ 7% | DEMAND_FORECAST 7% | MATCH 5%,"['⏰ 유통기한 임박 (84%)', '❄️ 냉장·냉동 과잉 (78%)', '💸 배송비 상승 (91%)', '⚡ 복합 스트레스 (60%)']","{'재고위험': '25.1%', '판매가능성': '13.2%', '점포이동적합': '14.0%', '비용절감': '18.3%', '폐기회피이익': '13.2%', '실행가능성': '12.8%', '이력보정': '3.3%'}",True,True,False,True,False,True,61.6,32.8,55.2,54.0,72.0,68.3,55.6,55.7,0.0,67.1,권장,보류,⏸️,167,HIGH,신뢰도 높음 ●,#2e7d32,,,67.1,권장,보류,-1,-1,False,False,,50.0,19932.0,22296.0,19932.0,20.48,21.439999999999998,20.48,41.0,412.0,286.0,383.0,재고 이동,재고 이동,78.538,일치,78.538,53.373,33.482,19.859
에너지드링크055,강남점,노원점,334.0,재배치 추천,22902.0,프로모션 순비용이 재배치 비용보다 높습니다.,16.09342432116038,21.468926553672315,18,0,55.6,검토 가능,22902.0,334.0,290,False,Greedy 선택 후보보다 우선순위가 낮음,3.07,793,394,14,음료,400,334,92.0,21.0,400,72956.0,C,0.9669989959576407,3,20.0,128.5,2.8,DEAD,28.6,True,30.0,LOW,소진일수 128일 초과,2.6,11.8,0.0,SAFE,"재고 여유 — 현재고(394), 재주문점(12)",0.0,280.2,91.3,39993.0,39.7,OPTIMAL,"적정 발주 — EOQ(280개), 권장 발주 주기 91일",39.7,21.2,3.03,4.29,1.76,STABLE,130.1,0.0,WMA,0.0,25.5,10.0,0.0,3.0,7.5,5.0,POOR,낮은 매칭,0.977,49.4,STABLE,25.5,LOW,43.3,MEDIUM,37.9,35.1,98.9,0.3,30.0,428532.0,100.0,0.385,0.385,88.5,False,13.2,478,21.3,473,100.0,0.999,4.9,78.8,50.0,DISCOUNT,61.5,2,99.8,71.1,61.6,disposal_risk,24.8,후순위,492,HEURISTIC 29% | ABC 14% | TURNOVER 14% | DISPOSAL_RISK 14% | SAFETY_STOCK 8% | EOQ 7% | DEMAND_FORECAST 7% | MATCH 5%,"['⏰ 유통기한 임박 (84%)', '❄️ 냉장·냉동 과잉 (78%)', '💸 배송비 상승 (91%)', '⚡ 복합 스트레스 (60%)']","{'재고위험': '25.1%', '판매가능성': '13.2%', '점포이동적합': '14.0%', '비용절감': '18.3%', '폐기회피이익': '13.2%', '실행가능성': '12.8%', '이력보정': '3.3%'}",True,True,False,True,False,True,27.6,32.5,48.6,51.5,72.0,77.6,52.2,47.0,0.0,7.1,검토,보류,⏸️,489,HIGH,신뢰도 높음 ●,#2e7d32,,,7.1,검토,보류,0,-1,False,False,,50.0,22902.0,32484.0,22902.0,23.78,32.76,23.78,48.0,617.0,334.0,462.0,재고 이동,재고 이동,68.343,일치,68.343,50.75,32.468,13.074
핫바051,종로점,성수점,116.0,재배치 추천,9456.0,프로모션 순비용이 재배치 비용보다 높습니다.,31.450189875224854,6.073446327683616,18,0,55.5,검토 가능,9456.0,116.0,291,False,Greedy 선택 후보보다 우선순위가 낮음,4.95,1280,240,2,간편식,250,227,148.0,35.0,250,189440.0,B,0.8570508570106676,2,60.0,48.6,7.4,NORMAL,73.0,False,52.3,MEDIUM,유통기한 임박,4.2,19.0,0.0,SAFE,"재고 여유 — 현재고(240), 재주문점(19)",0.0,253.3,51.2,71329.0,5.5,OPTIMAL,"적정 발주 — EOQ(253개), 권장 발주 주기 51일",5.5,34.9,4.99,7.03,2.94,STABLE,48.1,1.6,WMA,1.6,32.2,10.0,3.68,6.0,7.5,5.0,POOR,낮은 매칭,1.01,50.3,STABLE,9.4,LOW,73.1,HIGH,42.0,46.2,96.7,0.3,30.0,197720.0,100.0,0.385,0.385,88.5,False,24.9,121,27.6,298,100.0,0.999,4.9,78.3,50.0,DISCOUNT,61.3,2,99.8,71.1,42.2,turnover,45.0,모니터링,354,HEURISTIC 29% | ABC 14% | TURNOVER 14% | DISPOSAL_RISK 14% | SAFETY_STOCK 8% | EOQ 7% | DEMAND_FORECAST 7% | MATCH 5%,"['⏰ 유통기한 임박 (84%)', '❄️ 냉장·냉동 과잉 (78%)', '💸 배송비 상승 (91%)', '⚡ 복합 스트레스 (60%)']","{'재고위험': '25.1%', '판매가능성': '13.2%', '점포이동적합': '14.0%', '비용절감': '18.3%', '폐기회피이익': '13.2%', '실행가능성': '12.8%', '이력보정': '3.3%'}",True,True,False,True,False,True,55.4,33.6,52.8,46.4,72.0,79.9,58.6,54.0,0.0,46.7,검토,보류,⏸️,276,HIGH,신뢰도 높음 ●,#2e7d32,,,46.7,검토,보류,0,-1,False,False,,50.0,9456.0,19848.0,9456.0,8.84,18.72,8.84,18.0,171.0,227.0,116.0,재고 이동,재고 이동,64.677,일치,64.677,43.754,29.532,29.955
마카롱075,상암점,명동점,155.0,재배치 추천,11913.0,프로모션 순비용이 재배치 비용보다 높습니다.,28.644033920566482,8.82768361581921,18,0,55.5,검토 가능,11913.0,155.0,292,False,Greedy 선택 후보보다 우선순위가 낮음,4.33,3054,173,3,디저트,500,155,130.0,30.0,500,397020.0,A,0.0854475137823289,1,100.0,39.9,9.02,NORMAL,77.8,False,43.0,MEDIUM,유통기한 임박,3.7,16.7,0.0,SAFE,"재고 여유 — 현재고(173), 재주문점(17)",0.0,143.9,33.2,109849.0,17.7,OPTIMAL,"적정 발주 — EOQ(144개), 권장 발주 주기 33일",17.7,30.1,4.3,6.09,2.51,STABLE,40.2,2.6,WMA,2.6,36.2,10.0,3.73,10.0,7.5,5.0,POOR,낮은 매칭 · 핵심(A)상품,0.99,49.7,STABLE,8.0,LOW,69.6,MEDIUM,27.1,32.8,100.0,0.3,30.0,633631.0,100.0,0.385,0.385,88.5,False,31.6,65,24.5,427,100.0,0.999,4.9,79.0,50.0,DISCOUNT,61.2,2,99.8,71.1,26.4,turnover,53.7,모니터링,220,HEURISTIC 29% | ABC 14% | TURNOVER 14% | DISPOSAL_RISK 14% | SAFETY_STOCK 8% | EOQ 7% | DEMAND_FORECAST 7% | MATCH 5%,"['⏰ 유통기한 임박 (84%)', '❄️ 냉장·냉동 과잉 (78%)', '💸 배송비 상승 (91%)', '⚡ 복합 스트레스 (60%)']","{'재고위험': '25.1%', '판매가능성': '13.2%', '점포이동적합': '14.0%', '비용절감': '18.3%', '폐기회피이익': '13.2%', '실행가능성': '12.8%', '이력보정': '3.3%'}",True,True,False,True,False,True,58.5,33.9,54.1,48.2,72.0,77.6,62.3,55.0,0.0,57.7,검토,보류,⏸️,217,HIGH,신뢰도 높음 ●,#2e7d32,,,57.7,검토,보류,-1,-1,False,False,,50.0,11913.0,30585.0,11913.0,11.57,30.650000000000002,11.57,23.0,615.0,155.0,584.0,재고 이동,재고 이동,73.932,일치,73.932,46.376,27.115,23.879
딸기우유014,역삼점,홍대점,224.0,재배치 추천,16143.0,프로모션 순비용이 재배치 비용보다 높습니다.,23.812922936356106,13.700564971751412,18,0,55.5,검토 가능,16143.0,224.0,293,False,Greedy 선택 후보보다 우선순위가 낮음,2.76,2852,254,4,유제품,400,239,83.0,19.0,400,236716.0,A,0.560656640638992,1,100.0,91.8,3.92,DEAD,49.0,True,68.0,HIGH,유통기한 임박 | 소진일수 92일 초과 | 신선/냉장 고위험 카테고리,2.4,10.7,0.0,SAFE,"재고 여유 — 현재고(254), 재주문점(11)",0.0,100.5,36.4,100279.0,100.0,OVER,과잉 발주 위험 — 현재(252개) > EOQ(100개). 발주 주기 36일 권장,100.0,19.1,2.73,3.87,1.59,STABLE,93.1,0.0,WMA,0.0,40.9,10.0,8.4,10.0,7.5,5.0,FAIR,보통 매칭 · 폐기위험 높음 · 핵심(A)상품,0.983,49.6,STABLE,18.3,LOW,66.1,MEDIUM,37.7,50.8,83.4,0.3,30.0,840075.0,100.0,0.385,0.385,88.5,True,21.8,222,37.7,149,100.0,0.999,4.9,74.8,50.0,DISCOUNT,61.1,2,99.8,71.1,28.1,disposal_risk,59.8,검토 필요,124,HEURISTIC 29% | ABC 14% | TURNOVER 14% | DISPOSAL_RISK 14% | SAFETY_STOCK 8% | EOQ 7% | DEMAND_FORECAST 7% | MATCH 5%,"['⏰ 유통기한 임박 (84%)', '❄️ 냉장·냉동 과잉 (78%)', '💸 배송비 상승 (91%)', '⚡ 복합 스트레스 (60%)']","{'재고위험': '25.1%', '판매가능성': '13.2%', '점포이동적합': '14.0%', '비용절감': '18.3%', '폐기회피이익': '13.2%', '실행가능성': '12.8%', '이력보정': '3.3%'}",True,True,False,True,False,True,62.1,32.6,58.4,60.5,72.0,72.5,56.9,58.0,0.0,87.7,최적,할인 판매,🏷️,56,HIGH,신뢰도 높음 ●,#2e7d32,,,87.7,최적,할인 판매,-1,0,False,False,,50.0,16143.0,20487.0,16143.0,16.27,19.43,16.27,33.0,278.0,239.0,224.0,재고 이동,재고 이동,79.137,일치,79.137,54.846,34.946,22.911
핫바036,성수점,마포점,272.0,재배치 추천,19104.0,프로모션 순비용이 재배치 비용보다 높습니다.,20.431145247408846,17.09039548022599,18,0,55.5,검토 가능,19104.0,272.0,294,False,Greedy 선택 후보보다 우선순위가 낮음,2.43,3002,275,0,간편식,150,272,73.0,17.0,150,219146.0,B,0.8445847697943089,2,60.0,113.0,3.19,DEAD,37.2,True,75.0,HIGH,유통기한 임박 | 소진일수 113일 초과,2.1,9.4,0.0,SAFE,"재고 여유 — 현재고(275), 재주문점(9)",0.0,115.9,47.7,76536.0,100.0,OVER,과잉 발주 위험 — 현재(273개) > EOQ(116개). 발주 주기 48일 권장,100.0,17.0,2.43,3.43,1.43,STABLE,113.2,0.0,WMA,0.0,36.9,10.0,8.4,6.0,7.5,5.0,POOR,낮은 매칭 · 폐기위험 높음,0.999,50.0,STABLE,22.0,LOW,78.3,HIGH,36.8,23.3,78.8,0.3,30.0,1001549.0,100.0,0.385,0.385,88.5,False,23.2,165,40.7,77,100.0,0.999,4.9,73.4,50.0,DISCOUNT,60.9,2,99.8,71.1,42.0,disposal_risk,51.1,모니터링,259,HEURISTIC 29% | ABC 14% | TURNOVER 14% | DISPOSAL_RISK 14% | SAFETY_STOCK 8% | EOQ 7% | DEMAND_FORECAST 7% | MATCH 5%,"['⏰ 유통기한 임박 (84%)', '❄️ 냉장·냉동 과잉 (78%)', '💸 배송비 상승 (91%)', '⚡ 복합 스트레스 (60%)']","{'재고위험': '25.1%', '판매가능성': '13.2%', '점포이동적합': '14.0%', '비용절감': '18.3%', '폐기회피이익': '13.2%', '실행가능성': '12.8%', '이력보정': '3.3%'}",True,True,False,True,False,True,56.1,32.7,57.1,60.5,72.0,60.3,57.7,54.7,0.0,53.8,검토,할인 판매,🏷️,238,HIGH,신뢰도 높음 ●,#2e7d32,,,53.8,검토,할인 판매,-1,-1,False,False,,50.0,19104.0,20802.0,19104.0,19.56,19.78,19.56,39.0,486.0,272.0,393.0,재고 이동,재고 이동,79.78,일치,79.78,59.359,37.173,18.406
샌드위치058,목동점,성수점,332.0,재배치 추천,22803.0,프로모션 순비용이 재배치 비용보다 높습니다.,16.206492876109987,21.32768361581921,18,0,55.5,검토 가능,22803.0,332.0,295,False,Greedy 선택 후보보다 우선순위가 낮음,6.79,717,341,1,신선식품,500,332,204.0,48.0,500,146268.0,C,0.9523365925254981,3,20.0,50.1,7.18,NORMAL,72.2,False,58.1,MEDIUM,유통기한 임박 | 신선/냉장 고위험 카테고리,5.8,26.2,0.0,SAFE,"재고 여유 — 현재고(341), 재주문점(26)",0.0,314.3,46.3,78863.0,6.6,OPTIMAL,"적정 발주 — EOQ(314개), 권장 발주 주기 46일",6.6,47.8,6.83,9.63,4.03,STABLE,49.9,1.3,WMA,1.3,29.2,10.0,3.66,3.0,7.5,5.0,POOR,낮은 매칭,1.01,50.2,STABLE,9.8,LOW,76.6,HIGH,29.1,46.2,96.7,0.3,30.0,428850.0,100.0,0.385,0.385,88.5,True,24.1,139,29.4,267,100.0,0.999,4.9,78.3,50.0,DISCOUNT,60.8,1,100.0,71.1,42.6,disposal_risk,38.0,후순위,429,HEURISTIC 29% | ABC 14% | TURNOVER 14% | DISPOSAL_RISK 14% | SAFETY_STOCK 8% | EOQ 7% | DEMAND_FORECAST 7% | MATCH 5%,"['⏰ 유통기한 임박 (84%)', '❄️ 냉장·냉동 과잉 (78%)', '💸 배송비 상승 (91%)', '⚡ 복합 스트레스 (60%)']","{'재고위험': '25.1%', '판매가능성': '13.2%', '점포이동적합': '14.0%', '비용절감': '18.3%', '폐기회피이익': '13.2%', '실행가능성': '12.8%', '이력보정': '3.3%'}",True,True,False,True,False,True,51.8,33.4,51.9,46.5,72.0,79.9,58.3,53.0,0.0,36.3,검토,보류,⏸️,332,HIGH,신뢰도 높음 ●,#2e7d32,,,36.3,검토,보류,-1,-1,False,False,,50.0,22803.0,25869.0,22803.0,23.67,25.41,23.67,47.0,907.0,332.0,814.0,재고 이동,재고 이동,76.262,일치,76.262,52.806,33.597,12.289
라면071,목동점,성수점,331.0,재배치 추천,22803.0,프로모션 순비용이 재배치 비용보다 높습니다.,16.206492876109987,21.257062146892654,18,0,55.5,검토 가능,22803.0,331.0,296,False,Greedy 선택 후보보다 우선순위가 낮음,0.66,664,334,4,간편식,150,331,20.0,5.0,150,13280.0,C,0.9938134999524716,3,20.0,501.0,0.72,DEAD,0.0,True,65.0,HIGH,유통기한 임박 | 소진일수 501일 초과,0.6,2.6,0.0,SAFE,"재고 여유 — 현재고(334), 재주문점(3)",0.0,128.4,194.5,18759.0,100.0,OVER,과잉 발주 위험 — 현재(333개) > EOQ(128개). 발주 주기 194일 권장,100.0,4.8,0.69,0.96,0.41,STABLE,487.1,0.0,WMA,0.0,33.9,10.0,8.4,3.0,7.5,5.0,POOR,낮은 매칭 · 폐기위험 높음,1.082,52.1,STABLE,35.0,LOW,66.1,MEDIUM,42.0,46.2,96.7,0.3,30.0,290588.0,100.0,0.385,0.385,88.5,False,20.8,277,39.3,106,100.0,0.999,4.9,78.3,50.0,DISCOUNT,60.7,2,99.8,71.1,45.2,disposal_risk,34.5,후순위,453,HEURISTIC 29% | ABC 14% | TURNOVER 14% | DISPOSAL_RISK 14% | SAFETY_STOCK 8% | EOQ 7% | DEMAND_FORECAST 7% | MATCH 5%,"['⏰ 유통기한 임박 (84%)', '❄️ 냉장·냉동 과잉 (78%)', '💸 배송비 상승 (91%)', '⚡ 복합 스트레스 (60%)']","{'재고위험': '25.1%', '판매가능성': '13.2%', '점포이동적합': '14.0%', '비용절감': '18.3%', '폐기회피이익': '13.2%', '실행가능성': '12.8%', '이력보정': '3.3%'}",True,True,False,True,False,True,35.8,33.3,55.9,60.5,72.0,79.9,56.4,52.1,0.0,28.3,검토,할인 판매,🏷️,375,HIGH,신뢰도 높음 ●,#2e7d32,,,28.3,검토,할인 판매,-1,-1,False,False,,50.0,22803.0,25869.0,22803.0,23.67,25.41,23.67,47.0,483.0,331.0,448.0,재고 이동,재고 이동,76.401,일치,76.401,62.067,37.68,12.684
마카롱008,사당점,문래점,184.0,재배치 추천,13731.0,프로모션 순비용이 재배치 비용보다 높습니다.,26.56768409331011,10.875706214689265,18,0,55.4,검토 가능,13731.0,184.0,297,False,Greedy 선택 후보보다 우선순위가 낮음,3.76,1335,251,5,디저트,250,225,113.0,26.0,250,150855.0,C,0.9603518970403913,3,20.0,66.6,5.4,SLOW,63.0,True,48.3,MEDIUM,유통기한 임박 | 소진일수 67일 초과,3.2,14.5,0.0,SAFE,"재고 여유 — 현재고(251), 재주문점(14)",0.0,202.8,53.9,67679.0,22.2,OPTIMAL,"적정 발주 — EOQ(203개), 권장 발주 주기 54일",22.2,26.1,3.73,5.28,2.18,STABLE,67.3,0.0,WMA,0.0,29.1,10.0,3.6,3.0,7.5,5.0,POOR,낮은 매칭,0.988,49.7,STABLE,13.3,LOW,62.6,MEDIUM,32.8,47.9,90.2,0.3,30.0,327037.0,100.0,0.385,0.385,88.5,False,16.8,413,26.2,367,100.0,0.999,4.9,76.7,50.0,DISCOUNT,60.5,2,99.8,71.1,48.6,disposal_risk,34.2,후순위,454,HEURISTIC 29% | ABC 14% | TURNOVER 14% | DISPOSAL_RISK 14% | SAFETY_STOCK 8% | EOQ 7% | DEMAND_FORECAST 7% | MATCH 5%,"['⏰ 유통기한 임박 (84%)', '❄️ 냉장·냉동 과잉 (78%)', '💸 배송비 상승 (91%)', '⚡ 복합 스트레스 (60%)']","{'재고위험': '25.1%', '판매가능성': '13.2%', '점포이동적합': '14.0%', '비용절감': '18.3%', '폐기회피이익': '13.2%', '실행가능성': '12.8%', '이력보정': '3.3%'}",True,True,False,True,False,True,45.0,32.6,51.0,48.8,72.0,76.1,54.2,51.0,0.0,19.4,검토,보류,⏸️,423,HIGH,신뢰도 높음 ●,#2e7d32,,,19.4,검토,보류,-1,-1,False,False,,50.0,13731.0,26715.0,13731.0,13.59,26.35,13.59,27.0,200.0,225.0,184.0,재고 이동,재고 이동,61.256,일치,61.256,47.673,33.565,26.329
에너지드링크033,여의도2점,왕십리점,204.0,재배치 추천,15045.0,프로모션 순비용이 재배치 비용보다 높습니다.,25.066956000342632,12.288135593220339,18,0,55.4,검토 가능,15045.0,204.0,298,False,Greedy 선택 후보보다 우선순위가 낮음,6.45,1298,351,3,음료,300,324,194.0,45.0,300,251812.0,B,0.8320359109103723,2,60.0,54.3,6.63,NORMAL,69.8,False,50.1,MEDIUM,유통기한 임박,5.5,24.8,0.0,SAFE,"재고 여유 — 현재고(351), 재주문점(25)",0.0,317.4,49.2,74165.0,8.9,OPTIMAL,"적정 발주 — EOQ(317개), 권장 발주 주기 49일",8.9,45.1,6.44,9.1,3.78,STABLE,54.5,0.7,WMA,0.7,32.1,10.0,3.64,6.0,7.5,5.0,POOR,낮은 매칭,0.997,49.9,STABLE,10.7,LOW,69.6,MEDIUM,45.9,23.6,84.2,0.3,30.0,363905.0,100.0,0.385,0.385,88.5,False,19.3,341,27.0,324,100.0,0.999,4.9,75.1,50.0,DISCOUNT,60.4,2,99.8,71.1,43.3,turnover,43.5,모니터링,378,HEURISTIC 29% | ABC 14% | TURNOVER 14% | DISPOSAL_RISK 14% | SAFETY_STOCK 8% | EOQ 7% | DEMAND_FORECAST 7% | MATCH 5%,"['⏰ 유통기한 임박 (84%)', '❄️ 냉장·냉동 과잉 (78%)', '💸 배송비 상승 (91%)', '⚡ 복합 스트레스 (60%)']","{'재고위험': '25.1%', '판매가능성': '13.2%', '점포이동적합': '14.0%', '비용절감': '18.3%', '폐기회피이익': '13.2%', '실행가능성': '12.8%', '이력보정': '3.3%'}",True,True,False,True,False,True,53.6,33.0,52.4,46.8,72.0,64.0,55.5,51.4,0.0,22.0,검토,보류,⏸️,409,HIGH,신뢰도 높음 ●,#2e7d32,,,22.0,검토,보류,-1,0,False,False,,50.0,15045.0,23079.0,15045.0,15.05,22.31,15.05,30.0,297.0,324.0,204.0,재고 이동,재고 이동,67.889,일치,67.889,45.867,30.952,24.373
샌드위치023,압구정점,마포점,237.0,재배치 추천,17016.0,프로모션 순비용이 재배치 비용보다 높습니다.,22.815863860891415,14.61864406779661,18,0,55.4,검토 가능,17016.0,237.0,299,False,Greedy 선택 후보보다 우선순위가 낮음,3.76,1198,310,14,신선식품,150,237,113.0,26.0,150,135374.0,B,0.9181734074460505,2,60.0,82.3,4.37,SLOW,54.3,True,36.2,LOW,소진일수 82일 초과 | 신선/냉장 고위험 카테고리,3.2,14.5,0.0,SAFE,"재고 여유 — 현재고(310), 재주문점(14)",0.0,180.9,48.1,75858.0,69.6,OVER,과잉 발주 위험 — 현재(307개) > EOQ(181개). 발주 주기 48일 권장,69.6,26.1,3.73,5.28,2.18,STABLE,83.1,0.0,WMA,0.0,28.5,10.0,0.0,6.0,7.5,5.0,POOR,낮은 매칭,0.988,49.7,STABLE,16.3,LOW,43.3,MEDIUM,41.7,23.3,78.8,0.3,30.0,359245.0,100.0,0.385,0.385,88.5,True,14.3,463,22.0,466,100.0,0.999,4.9,73.4,50.0,DISCOUNT,60.3,2,99.8,71.1,49.1,turnover,40.6,모니터링,407,HEURISTIC 29% | ABC 14% | TURNOVER 14% | DISPOSAL_RISK 14% | SAFETY_STOCK 8% | EOQ 7% | DEMAND_FORECAST 7% | MATCH 5%,"['⏰ 유통기한 임박 (84%)', '❄️ 냉장·냉동 과잉 (78%)', '💸 배송비 상승 (91%)', '⚡ 복합 스트레스 (60%)']","{'재고위험': '25.1%', '판매가능성': '13.2%', '점포이동적합': '14.0%', '비용절감': '18.3%', '폐기회피이익': '13.2%', '실행가능성': '12.8%', '이력보정': '3.3%'}",True,True,False,True,False,True,43.2,32.6,49.6,55.9,72.0,60.3,52.8,49.6,0.0,11.9,검토,보류,⏸️,463,HIGH,신뢰도 높음 ●,#2e7d32,,,11.9,검토,보류,-1,-1,False,False,,50.0,17016.0,19191.0,17016.0,17.24,17.990000000000002,17.24,34.0,426.0,237.0,286.0,재고 이동,재고 이동,70.933,일치,70.933,48.87,31.403,20.708
푸딩062,동대문점,종로점,291.0,재배치 추천,20496.0,프로모션 순비용이 재배치 비용보다 높습니다.,18.841332838420467,18.43220338983051,18,0,55.3,검토 가능,20496.0,291.0,300,False,Greedy 선택 후보보다 우선순위가 낮음,8.36,3460,326,3,디저트,500,291,251.0,59.0,500,868460.0,A,0.12426892869344128,1,100.0,39.0,9.24,NORMAL,78.3,False,42.5,MEDIUM,유통기한 임박,7.2,32.3,0.0,SAFE,"재고 여유 — 현재고(326), 재주문점(32)",0.0,187.8,22.5,162464.0,69.8,OVER,과잉 발주 위험 — 현재(319개) > EOQ(188개). 발주 주기 22일 권장,69.8,58.8,8.4,11.85,4.95,STABLE,38.8,2.8,WMA,2.8,36.2,10.0,3.74,10.0,7.5,5.0,POOR,낮은 매칭 · 핵심(A)상품,1.008,50.2,STABLE,7.6,LOW,69.6,MEDIUM,34.9,50.3,87.0,0.3,30.0,1333236.0,100.0,0.385,0.385,88.5,False,33.3,60,24.2,430,100.0,0.999,4.9,75.9,50.0,DISCOUNT,60.1,2,99.8,71.1,26.4,turnover,57.4,검토 필요,167,HEURISTIC 29% | ABC 14% | TURNOVER 14% | DISPOSAL_RISK 14% | SAFETY_STOCK 8% | EOQ 7% | DEMAND_FORECAST 7% | MATCH 5%,"['⏰ 유통기한 임박 (84%)', '❄️ 냉장·냉동 과잉 (78%)', '💸 배송비 상승 (91%)', '⚡ 복합 스트레스 (60%)']","{'재고위험': '25.1%', '판매가능성': '13.2%', '점포이동적합': '14.0%', '비용절감': '18.3%', '폐기회피이익': '13.2%', '실행가능성': '12.8%', '이력보정': '3.3%'}",True,True,False,True,False,True,58.4,34.2,53.7,55.9,72.0,74.8,63.2,56.0,0.0,70.0,권장,보류,⏸️,151,HIGH,신뢰도 높음 ●,#2e7d32,,,70.0,권장,보류,-1,0,False,False,,50.0,0.0,20496.0,20496.0,0.0,19.439999999999998,19.439999999999998,39.0,505.0,291.0,319.0,재고 이동,재고 이동,77.391,일치,77.391,50.806,30.407,20.348
냉동만두047,홍대점,압구정점,84.0,프로모션 추천,9470.0,프로모션 순비용이 재배치 비용보다 낮습니다.,31.434200382605717,3.8135593220338984,12,8,55.2,검토 가능,9470.0,84.0,301,False,Greedy 선택 후보보다 우선순위가 낮음,0.87,657,304,14,냉동식품,250,287,26.0,6.0,250,17082.0,C,1.0,3,20.0,350.8,1.03,DEAD,0.0,True,36.0,LOW,소진일수 351일 초과 | 신선/냉장 고위험 카테고리,0.7,3.3,0.0,SAFE,"재고 여유 — 현재고(304), 재주문점(3)",0.0,126.9,145.9,25018.0,100.0,OVER,과잉 발주 위험 — 현재(303개) > EOQ(127개). 발주 주기 146일 권장,100.0,6.0,0.86,1.22,0.5,STABLE,354.7,0.0,WMA,0.0,25.5,10.0,0.0,3.0,7.5,5.0,POOR,낮은 매칭,0.985,49.6,STABLE,35.4,LOW,43.3,MEDIUM,33.2,35.6,98.7,0.3,30.0,77756.0,100.0,0.385,0.385,88.5,True,14.3,463,26.1,372,100.0,0.999,4.9,78.7,50.0,HOLD,50.0,2,99.8,71.0,57.4,disposal_risk,25.5,후순위,490,HEURISTIC 29% | ABC 14% | TURNOVER 14% | DISPOSAL_RISK 14% | SAFETY_STOCK 8% | EOQ 7% | DEMAND_FORECAST 7% | MATCH 5%,"['⏰ 유통기한 임박 (84%)', '❄️ 냉장·냉동 과잉 (78%)', '💸 배송비 상승 (91%)', '⚡ 복합 스트레스 (60%)']","{'재고위험': '25.1%', '판매가능성': '13.2%', '점포이동적합': '14.0%', '비용절감': '18.3%', '폐기회피이익': '13.2%', '실행가능성': '12.8%', '이력보정': '3.3%'}",True,True,False,True,False,True,22.7,32.6,49.6,60.4,72.0,77.7,52.8,47.5,0.0,7.6,검토,보류,⏸️,486,HIGH,신뢰도 높음 ●,#2e7d32,,,7.6,검토,보류,0,-1,False,False,,50.0,14037.0,17130.0,14037.0,13.93,15.700000000000001,13.93,28.0,232.0,287.0,84.0,할인,재고 이동,59.863,다름,59.863,52.598,33.058,23.943
에너지드링크033,역삼점,명동점,143.0,재배치 추천,11409.0,프로모션 순비용이 재배치 비용보다 높습니다.,29.21965565485538,7.980225988700565,18,0,55.2,검토 가능,11409.0,143.0,302,False,Greedy 선택 후보보다 우선순위가 낮음,5.5,1298,272,0,음료,300,265,165.0,38.0,300,214170.0,B,0.8320359109103723,2,60.0,49.5,7.28,NORMAL,72.5,False,49.7,MEDIUM,유통기한 임박,4.7,21.2,0.0,SAFE,"재고 여유 — 현재고(272), 재주문점(21)",0.0,293.1,53.3,68486.0,7.0,OPTIMAL,"적정 발주 — EOQ(293개), 권장 발주 주기 53일",7.0,38.2,5.46,7.73,3.19,STABLE,49.8,1.4,WMA,1.4,32.2,10.0,3.67,6.0,7.5,5.0,POOR,낮은 매칭,0.987,49.7,STABLE,9.9,LOW,78.3,HIGH,41.7,32.8,100.0,0.3,30.0,254228.0,100.0,0.385,0.385,88.5,False,23.2,165,26.7,343,100.0,0.999,4.9,79.0,50.0,HOLD,50.0,2,99.8,71.0,42.7,turnover,44.1,모니터링,369,HEURISTIC 29% | ABC 14% | TURNOVER 14% | DISPOSAL_RISK 14% | SAFETY_STOCK 8% | EOQ 7% | DEMAND_FORECAST 7% | MATCH 5%,"['⏰ 유통기한 임박 (84%)', '❄️ 냉장·냉동 과잉 (78%)', '💸 배송비 상승 (91%)', '⚡ 복합 스트레스 (60%)']","{'재고위험': '25.1%', '판매가능성': '13.2%', '점포이동적합': '14.0%', '비용절감': '18.3%', '폐기회피이익': '13.2%', '실행가능성': '12.8%', '이력보정': '3.3%'}",True,True,False,True,False,True,54.1,33.3,52.7,46.4,72.0,77.6,57.7,53.3,0.0,40.4,검토,보류,⏸️,310,HIGH,신뢰도 높음 ●,#2e7d32,,,40.4,검토,보류,-1,-1,False,False,,50.0,11409.0,24321.0,11409.0,11.01,23.69,11.01,22.0,297.0,265.0,143.0,재고 이동,재고 이동,64.952,일치,64.952,44.103,30.071,28.221
라면080,구로점,왕십리점,290.0,재배치 추천,20472.0,프로모션 순비용이 재배치 비용보다 높습니다.,18.868743397196127,18.361581920903955,18,0,55.2,검토 가능,20472.0,290.0,303,False,Greedy 선택 후보보다 우선순위가 낮음,2.1,1204,301,4,간편식,500,290,63.0,15.0,500,75852.0,B,0.8896110979107996,2,60.0,143.3,2.51,DEAD,20.4,True,65.0,HIGH,유통기한 임박 | 소진일수 143일 초과,1.8,8.1,0.0,SAFE,"재고 여유 — 현재고(301), 재주문점(8)",0.0,170.1,81.0,45059.0,75.9,OVER,과잉 발주 위험 — 현재(299개) > EOQ(170개). 발주 주기 81일 권장,75.9,14.9,2.13,2.99,1.26,STABLE,141.4,0.0,WMA,0.0,36.9,10.0,8.4,6.0,7.5,5.0,POOR,낮은 매칭 · 폐기위험 높음,1.02,50.5,STABLE,27.9,LOW,66.1,MEDIUM,37.0,23.6,84.2,0.3,30.0,543520.0,100.0,0.385,0.385,88.5,False,21.0,264,38.1,138,100.0,0.999,4.9,75.1,50.0,HOLD,50.0,2,99.8,71.0,44.7,disposal_risk,44.1,모니터링,370,HEURISTIC 29% | ABC 14% | TURNOVER 14% | DISPOSAL_RISK 14% | SAFETY_STOCK 8% | EOQ 7% | DEMAND_FORECAST 7% | MATCH 5%,"['⏰ 유통기한 임박 (84%)', '❄️ 냉장·냉동 과잉 (78%)', '💸 배송비 상승 (91%)', '⚡ 복합 스트레스 (60%)']","{'재고위험': '25.1%', '판매가능성': '13.2%', '점포이동적합': '14.0%', '비용절감': '18.3%', '폐기회피이익': '13.2%', '실행가능성': '12.8%', '이력보정': '3.3%'}",True,True,False,True,False,True,47.2,32.8,56.7,56.7,72.0,64.0,56.5,52.2,0.0,30.7,검토,할인 판매,🏷️,362,HIGH,신뢰도 높음 ●,#2e7d32,,,30.7,검토,할인 판매,-1,0,False,False,,50.0,20472.0,26625.0,20472.0,21.08,26.25,21.08,42.0,815.0,290.0,753.0,재고 이동,재고 이동,81.941,일치,81.941,58.964,34.624,10.341
아이스크림022,성수점,잠실점,77.0,재배치 추천,7377.0,프로모션 순비용이 재배치 비용보다 높습니다.,33.82462952916655,3.3192090395480225,18,0,55.1,검토 가능,7377.0,77.0,304,False,Greedy 선택 후보보다 우선순위가 낮음,10.38,2805,342,0,디저트,150,328,311.0,73.0,150,872355.0,A,0.4462118320005072,1,100.0,33.0,10.91,NORMAL,81.7,False,41.5,MEDIUM,유통기한 임박,8.9,40.0,0.0,SAFE,"재고 여유 — 현재고(342), 재주문점(40)",0.0,232.4,22.4,162998.0,43.3,OPTIMAL,"적정 발주 — EOQ(232개), 권장 발주 주기 22일",43.3,72.9,10.41,14.7,6.13,STABLE,32.8,3.6,WMA,3.6,36.3,10.0,3.78,10.0,7.5,5.0,POOR,낮은 매칭 · 핵심(A)상품,1.005,50.1,STABLE,6.4,LOW,78.3,HIGH,23.4,44.7,96.3,0.3,30.0,263355.0,100.0,0.385,0.385,88.5,False,40.6,33,23.6,440,100.0,0.999,4.9,78.2,50.0,HOLD,50.0,2,99.8,71.0,25.6,turnover,56.3,검토 필요,180,HEURISTIC 29% | ABC 14% | TURNOVER 14% | DISPOSAL_RISK 14% | SAFETY_STOCK 8% | EOQ 7% | DEMAND_FORECAST 7% | MATCH 5%,"['⏰ 유통기한 임박 (84%)', '❄️ 냉장·냉동 과잉 (78%)', '💸 배송비 상승 (91%)', '⚡ 복합 스트레스 (60%)']","{'재고위험': '25.1%', '판매가능성': '13.2%', '점포이동적합': '14.0%', '비용절감': '18.3%', '폐기회피이익': '13.2%', '실행가능성': '12.8%', '이력보정': '3.3%'}",True,True,False,True,False,True,58.8,34.5,53.9,51.8,72.0,79.1,67.2,56.0,0.0,69.9,권장,보류,⏸️,152,HIGH,신뢰도 높음 ●,#2e7d32,,,69.9,권장,보류,-1,0,False,False,,50.0,7377.0,17778.0,7377.0,6.53,16.42,6.53,13.0,130.0,328.0,77.0,재고 이동,재고 이동,71.974,일치,71.974,44.178,26.108,29.713
죽010,명동점,건대점,129.0,재배치 추천,10743.0,프로모션 순비용이 재배치 비용보다 높습니다.,29.980298660879996,6.991525423728813,18,0,55.0,검토 가능,10743.0,129.0,305,False,Greedy 선택 후보보다 우선순위가 낮음,8.48,3304,281,1,간편식,500,270,254.0,59.0,500,839216.0,A,0.04394056460257161,1,100.0,33.2,10.85,NORMAL,81.6,False,44.6,MEDIUM,유통기한 임박,7.3,32.7,0.0,SAFE,"재고 여유 — 현재고(281), 재주문점(33)",0.0,206.4,24.3,149995.0,32.6,OPTIMAL,"적정 발주 — EOQ(206개), 권장 발주 주기 24일",32.6,59.1,8.44,11.94,4.94,STABLE,33.3,3.6,WMA,3.6,36.3,10.0,3.78,10.0,7.5,5.0,POOR,낮은 매칭 · 핵심(A)상품,0.994,49.8,STABLE,6.6,LOW,76.6,HIGH,24.2,43.6,76.3,0.3,30.0,565216.0,100.0,0.385,0.385,88.5,False,40.9,29,24.9,414,100.0,0.999,4.9,72.5,50.0,HOLD,50.0,1,100.0,71.0,25.7,turnover,56.1,검토 필요,186,HEURISTIC 29% | ABC 14% | TURNOVER 14% | DISPOSAL_RISK 14% | SAFETY_STOCK 8% | EOQ 7% | DEMAND_FORECAST 7% | MATCH 5%,"['⏰ 유통기한 임박 (84%)', '❄️ 냉장·냉동 과잉 (78%)', '💸 배송비 상승 (91%)', '⚡ 복합 스트레스 (60%)']","{'재고위험': '25.1%', '판매가능성': '13.2%', '점포이동적합': '14.0%', '비용절감': '18.3%', '폐기회피이익': '13.2%', '실행가능성': '12.8%', '이력보정': '3.3%'}",True,True,False,True,False,True,60.2,34.4,53.6,50.1,72.0,65.4,67.5,54.3,0.0,49.9,검토,보류,⏸️,259,HIGH,신뢰도 높음 ●,#2e7d32,,,49.9,검토,보류,-1,0,False,False,,50.0,10743.0,20631.0,10743.0,10.27,19.59,10.27,21.0,259.0,270.0,129.0,재고 이동,재고 이동,70.644,일치,70.644,44.244,27.526,29.608
마카롱063,상암점,성수점,276.0,재배치 추천,19788.0,프로모션 순비용이 재배치 비용보다 높습니다.,19.649944322302485,17.372881355932204,18,0,55.0,검토 가능,19788.0,276.0,306,False,Greedy 선택 후보보다 우선순위가 낮음,1.75,1766,280,2,디저트,400,276,52.0,12.0,400,91832.0,B,0.8685943603940853,2,60.0,161.5,2.23,DEAD,10.3,True,68.0,HIGH,유통기한 임박 | 소진일수 162일 초과,1.5,6.8,0.0,SAFE,"재고 여유 — 현재고(280), 재주문점(7)",0.0,120.3,68.7,53104.0,100.0,OVER,과잉 발주 위험 — 현재(278개) > EOQ(120개). 발주 주기 69일 권장,100.0,12.1,1.73,2.45,1.01,STABLE,162.0,0.0,WMA,0.0,36.9,10.0,8.4,6.0,7.5,5.0,POOR,낮은 매칭 · 폐기위험 높음,0.98,49.5,STABLE,31.6,LOW,73.1,HIGH,40.3,46.2,96.7,0.3,30.0,675511.0,100.0,0.385,0.385,88.5,False,21.7,225,40.2,89,100.0,0.999,4.9,78.3,50.0,HOLD,50.0,2,99.8,71.0,41.4,disposal_risk,44.6,모니터링,359,HEURISTIC 29% | ABC 14% | TURNOVER 14% | DISPOSAL_RISK 14% | SAFETY_STOCK 8% | EOQ 7% | DEMAND_FORECAST 7% | MATCH 5%,"['⏰ 유통기한 임박 (84%)', '❄️ 냉장·냉동 과잉 (78%)', '💸 배송비 상승 (91%)', '⚡ 복합 스트레스 (60%)']","{'재고위험': '25.1%', '판매가능성': '13.2%', '점포이동적합': '14.0%', '비용절감': '18.3%', '폐기회피이익': '13.2%', '실행가능성': '12.8%', '이력보정': '3.3%'}",True,True,False,True,False,True,45.9,32.6,57.5,60.2,72.0,79.9,56.8,54.7,0.0,53.3,검토,할인 판매,🏷️,241,HIGH,신뢰도 높음 ●,#2e7d32,,,53.3,검토,할인 판매,-1,-1,False,True,11600.0,53.0,19788.0,21432.0,19788.0,20.32,20.48,20.32,41.0,621.0,276.0,540.0,재고 이동,재고 이동,80.202,일치,80.202,60.249,35.816,13.517
푸딩025,신림점,여의도2점,323.0,재배치 추천,22836.0,프로모션 순비용이 재배치 비용보다 높습니다.,16.16880335779345,20.692090395480225,18,0,54.9,후순위,22836.0,323.0,307,False,Greedy 선택 후보보다 우선순위가 낮음,3.0,3574,365,10,디저트,400,323,90.0,21.0,400,321660.0,A,0.6230026374441194,1,100.0,121.7,2.96,DEAD,32.4,True,43.7,MEDIUM,소진일수 122일 초과,2.6,11.6,0.0,SAFE,"재고 여유 — 현재고(365), 재주문점(12)",0.0,110.7,36.9,98913.0,100.0,OVER,과잉 발주 위험 — 현재(362개) > EOQ(111개). 발주 주기 37일 권장,100.0,21.0,3.0,4.24,1.76,STABLE,121.7,0.0,WMA,0.0,36.1,10.0,3.6,10.0,7.5,5.0,POOR,낮은 매칭 · 핵심(A)상품,1.0,50.0,STABLE,23.7,LOW,45.1,MEDIUM,42.1,8.2,88.3,0.3,30.0,1491646.0,100.0,0.385,0.385,88.5,False,16.3,427,28.4,287,100.0,0.999,4.9,76.2,50.0,HOLD,50.0,2,99.8,71.0,31.3,disposal_risk,49.7,모니터링,285,HEURISTIC 29% | ABC 14% | TURNOVER 14% | DISPOSAL_RISK 14% | SAFETY_STOCK 8% | EOQ 7% | DEMAND_FORECAST 7% | MATCH 5%,"['⏰ 유통기한 임박 (84%)', '❄️ 냉장·냉동 과잉 (78%)', '💸 배송비 상승 (91%)', '⚡ 복합 스트레스 (60%)']","{'재고위험': '25.1%', '판매가능성': '13.2%', '점포이동적합': '14.0%', '비용절감': '18.3%', '폐기회피이익': '13.2%', '실행가능성': '12.8%', '이력보정': '3.3%'}",True,True,False,True,False,True,46.8,32.7,54.5,60.2,72.0,61.6,53.9,52.1,0.0,29.2,검토,보류,⏸️,370,HIGH,신뢰도 높음 ●,#2e7d32,,,29.2,검토,보류,-1,-1,False,False,,50.0,0.0,22836.0,22836.0,0.0,22.04,22.04,44.0,413.0,323.0,329.0,재고 이동,재고 이동,78.988,일치,78.988,54.664,32.171,14.157
냉동피자064,역삼점,청량리점,140.0,재배치 추천,11544.0,프로모션 순비용이 재배치 비용보다 높습니다.,29.06547126174228,7.768361581920905,18,0,54.8,후순위,11544.0,140.0,308,False,Greedy 선택 후보보다 우선순위가 낮음,5.38,3068,237,13,냉동식품,250,140,161.0,38.0,250,493948.0,A,0.5171757338216079,1,100.0,44.2,8.15,NORMAL,75.4,False,16.5,LOW,신선/냉장 고위험 카테고리,4.6,20.7,0.0,SAFE,"재고 여유 — 현재고(237), 재주문점(21)",0.0,146.1,27.2,134439.0,59.1,OVER,과잉 발주 위험 — 현재(232개) > EOQ(146개). 발주 주기 27일 권장,59.1,37.9,5.41,7.63,3.2,STABLE,43.8,2.2,WMA,2.2,32.6,10.0,0.11,10.0,7.5,5.0,POOR,낮은 매칭 · 핵심(A)상품,1.009,50.2,STABLE,8.6,LOW,43.3,MEDIUM,32.8,49.2,72.1,0.3,30.0,538880.0,100.0,0.385,0.385,88.5,True,25.8,107,13.2,495,100.0,0.999,4.9,70.9,50.0,HOLD,50.0,2,99.8,71.0,23.8,turnover,48.4,모니터링,313,HEURISTIC 29% | ABC 14% | TURNOVER 14% | DISPOSAL_RISK 14% | SAFETY_STOCK 8% | EOQ 7% | DEMAND_FORECAST 7% | MATCH 5%,"['⏰ 유통기한 임박 (84%)', '❄️ 냉장·냉동 과잉 (78%)', '💸 배송비 상승 (91%)', '⚡ 복합 스트레스 (60%)']","{'재고위험': '25.1%', '판매가능성': '13.2%', '점포이동적합': '14.0%', '비용절감': '18.3%', '폐기회피이익': '13.2%', '실행가능성': '12.8%', '이력보정': '3.3%'}",True,True,False,True,False,True,45.9,33.9,49.4,54.0,72.0,64.5,59.1,50.6,0.0,17.7,검토,보류,⏸️,432,HIGH,신뢰도 높음 ●,#2e7d32,,,17.7,검토,보류,-1,-1,False,False,,50.0,11544.0,20703.0,11544.0,11.16,19.67,11.16,22.0,638.0,140.0,598.0,재고 이동,재고 이동,74.216,일치,74.216,45.177,23.553,22.505
푸딩025,마포점,강남2점,265.0,재배치 추천,19284.0,프로모션 순비용이 재배치 비용보다 높습니다.,20.225566056591383,16.596045197740114,18,0,54.8,후순위,19284.0,265.0,309,False,Greedy 선택 후보보다 우선순위가 낮음,1.91,3574,372,2,디저트,400,367,57.0,13.0,400,203718.0,A,0.6230026374441194,1,100.0,195.8,1.84,DEAD,0.0,True,68.0,HIGH,유통기한 임박 | 소진일수 196일 초과,1.6,7.3,0.0,SAFE,"재고 여유 — 현재고(372), 재주문점(7)",0.0,88.3,46.2,78924.0,100.0,OVER,과잉 발주 위험 — 현재(370개) > EOQ(88개). 발주 주기 46일 권장,100.0,13.1,1.87,2.66,1.08,STABLE,198.8,0.0,WMA,0.0,40.9,10.0,8.4,10.0,7.5,5.0,FAIR,보통 매칭 · 폐기위험 높음 · 핵심(A)상품,0.972,49.3,STABLE,35.7,LOW,73.1,HIGH,20.5,18.9,77.1,0.3,30.0,1223248.0,100.0,0.385,0.385,88.5,False,21.9,219,42.0,49,100.0,0.999,4.9,72.8,50.0,HOLD,50.0,2,99.8,71.0,21.0,disposal_risk,51.1,모니터링,258,HEURISTIC 29% | ABC 14% | TURNOVER 14% | DISPOSAL_RISK 14% | SAFETY_STOCK 8% | EOQ 7% | DEMAND_FORECAST 7% | MATCH 5%,"['⏰ 유통기한 임박 (84%)', '❄️ 냉장·냉동 과잉 (78%)', '💸 배송비 상승 (91%)', '⚡ 복합 스트레스 (60%)']","{'재고위험': '25.1%', '판매가능성': '13.2%', '점포이동적합': '14.0%', '비용절감': '18.3%', '폐기회피이익': '13.2%', '실행가능성': '12.8%', '이력보정': '3.3%'}",True,True,False,True,False,True,49.2,32.5,59.1,60.1,72.0,57.7,57.0,52.8,0.0,35.0,검토,할인 판매,🏷️,339,HIGH,신뢰도 높음 ●,#2e7d32,,,35.0,검토,할인 판매,-1,-1,False,False,,50.0,19284.0,22926.0,19284.0,19.76,22.14,19.76,40.0,413.0,367.0,265.0,재고 이동,재고 이동,79.98,일치,79.98,58.856,35.296,15.778
아이스라떼021,잠실점,압구정점,99.0,재배치 추천,9096.0,프로모션 순비용이 재배치 비용보다 높습니다.,31.861348256859777,4.872881355932203,18,0,54.7,후순위,9096.0,99.0,310,False,Greedy 선택 후보보다 우선순위가 낮음,1.06,3411,318,4,유제품,300,313,32.0,7.0,300,109152.0,A,0.3955185919274352,1,100.0,298.1,1.21,DEAD,0.0,True,68.0,HIGH,유통기한 임박 | 소진일수 298일 초과 | 신선/냉장 고위험 카테고리,0.9,4.1,0.0,SAFE,"재고 여유 — 현재고(318), 재주문점(4)",0.0,56.9,53.7,67963.0,100.0,OVER,과잉 발주 위험 — 현재(317개) > EOQ(57개). 발주 주기 54일 권장,100.0,7.2,1.03,1.47,0.59,STABLE,309.2,0.0,WMA,0.0,40.9,10.0,8.4,10.0,7.5,5.0,FAIR,보통 매칭 · 폐기위험 높음 · 핵심(A)상품,0.943,48.6,STABLE,36.4,LOW,66.1,MEDIUM,31.4,35.6,98.7,0.3,30.0,425831.0,100.0,0.385,0.385,88.5,True,22.0,211,42.2,46,100.0,0.999,4.9,78.7,50.0,HOLD,50.0,2,99.8,70.9,21.0,disposal_risk,51.1,모니터링,257,HEURISTIC 29% | ABC 14% | TURNOVER 14% | DISPOSAL_RISK 14% | SAFETY_STOCK 8% | EOQ 7% | DEMAND_FORECAST 7% | MATCH 5%,"['⏰ 유통기한 임박 (84%)', '❄️ 냉장·냉동 과잉 (78%)', '💸 배송비 상승 (91%)', '⚡ 복합 스트레스 (60%)']","{'재고위험': '25.1%', '판매가능성': '13.2%', '점포이동적합': '14.0%', '비용절감': '18.3%', '폐기회피이익': '13.2%', '실행가능성': '12.8%', '이력보정': '3.3%'}",True,True,False,True,False,True,49.2,32.3,59.7,60.1,72.0,77.7,57.0,55.5,0.0,64.5,검토,할인 판매,🏷️,181,HIGH,신뢰도 높음 ●,#2e7d32,,,64.5,검토,할인 판매,0,-1,False,False,,50.0,9096.0,25590.0,9096.0,8.44,25.1,8.44,17.0,275.0,313.0,99.0,재고 이동,재고 이동,73.354,일치,73.354,56.31,33.745,23.384
핫바036,성수점,압구정점,272.0,재배치 추천,19839.0,프로모션 순비용이 재배치 비용보다 높습니다.,19.591696884904206,17.09039548022599,18,0,54.7,후순위,19839.0,272.0,311,False,Greedy 선택 후보보다 우선순위가 낮음,2.43,3002,275,0,간편식,150,272,73.0,17.0,150,219146.0,B,0.8445847697943089,2,60.0,113.0,3.19,DEAD,37.2,True,75.0,HIGH,유통기한 임박 | 소진일수 113일 초과,2.1,9.4,0.0,SAFE,"재고 여유 — 현재고(275), 재주문점(9)",0.0,115.9,47.7,76536.0,100.0,OVER,과잉 발주 위험 — 현재(273개) > EOQ(116개). 발주 주기 48일 권장,100.0,17.0,2.43,3.43,1.43,STABLE,113.2,0.0,WMA,0.0,36.9,10.0,8.4,6.0,7.5,5.0,POOR,낮은 매칭 · 폐기위험 높음,0.999,50.0,STABLE,22.0,LOW,78.3,HIGH,23.9,35.6,98.7,0.3,30.0,1000814.0,100.0,0.385,0.385,88.5,False,23.3,161,40.6,81,100.0,0.999,4.9,78.7,50.0,HOLD,50.0,2,99.8,70.9,42.1,disposal_risk,50.5,모니터링,270,HEURISTIC 29% | ABC 14% | TURNOVER 14% | DISPOSAL_RISK 14% | SAFETY_STOCK 8% | EOQ 7% | DEMAND_FORECAST 7% | MATCH 5%,"['⏰ 유통기한 임박 (84%)', '❄️ 냉장·냉동 과잉 (78%)', '💸 배송비 상승 (91%)', '⚡ 복합 스트레스 (60%)']","{'재고위험': '25.1%', '판매가능성': '13.2%', '점포이동적합': '14.0%', '비용절감': '18.3%', '폐기회피이익': '13.2%', '실행가능성': '12.8%', '이력보정': '3.3%'}",True,True,False,True,False,True,56.1,32.7,57.6,60.1,72.0,77.7,57.7,57.0,0.0,80.5,최적,할인 판매,🏷️,95,HIGH,신뢰도 높음 ●,#2e7d32,,,80.5,최적,할인 판매,-1,-1,False,False,,50.0,0.0,19839.0,19839.0,0.0,18.71,18.71,37.0,486.0,272.0,455.0,재고 이동,재고 이동,80.854,일치,80.854,58.255,35.437,15.953
커피013,마포점,노원점,301.0,재배치 추천,21588.0,프로모션 순비용이 재배치 비용보다 높습니다.,17.59415241412786,19.138418079096045,18,0,54.7,후순위,21588.0,301.0,312,False,Greedy 선택 후보보다 우선순위가 낮음,6.53,1543,337,4,음료,500,301,196.0,46.0,500,302428.0,B,0.9087869865371656,2,60.0,51.6,6.98,NORMAL,71.3,False,40.8,MEDIUM,유통기한 임박,5.6,25.2,0.0,SAFE,"재고 여유 — 현재고(337), 재주문점(25)",0.0,292.9,44.9,81362.0,13.1,OPTIMAL,"적정 발주 — EOQ(293개), 권장 발주 주기 45일",13.1,45.9,6.56,9.25,3.86,STABLE,51.4,1.1,WMA,1.1,32.2,10.0,3.66,6.0,7.5,5.0,POOR,낮은 매칭,1.006,50.2,STABLE,10.0,LOW,66.1,MEDIUM,37.9,35.1,98.9,0.3,30.0,686244.0,100.0,0.385,0.385,88.5,False,19.8,324,23.1,448,100.0,0.999,4.9,78.8,50.0,HOLD,50.0,2,99.8,70.9,43.9,turnover,41.7,모니터링,399,HEURISTIC 29% | ABC 14% | TURNOVER 14% | DISPOSAL_RISK 14% | SAFETY_STOCK 8% | EOQ 7% | DEMAND_FORECAST 7% | MATCH 5%,"['⏰ 유통기한 임박 (84%)', '❄️ 냉장·냉동 과잉 (78%)', '💸 배송비 상승 (91%)', '⚡ 복합 스트레스 (60%)']","{'재고위험': '25.1%', '판매가능성': '13.2%', '점포이동적합': '14.0%', '비용절감': '18.3%', '폐기회피이익': '13.2%', '실행가능성': '12.8%', '이력보정': '3.3%'}",True,True,False,True,False,True,49.8,33.3,52.0,47.1,72.0,77.6,55.8,52.3,0.0,30.9,검토,보류,⏸️,361,HIGH,신뢰도 높음 ●,#2e7d32,,,30.9,검토,보류,-1,-1,False,False,,50.0,21588.0,42006.0,21588.0,22.32,43.34,22.32,45.0,926.0,301.0,867.0,재고 이동,재고 이동,74.444,일치,74.444,50.919,32.044,12.577
냉동피자020,이태원점,홍대점,120.0,재배치 추천,10545.0,프로모션 순비용이 재배치 비용보다 높습니다.,30.2064357707792,6.3559322033898304,18,0,54.6,후순위,10545.0,120.0,313,False,Greedy 선택 후보보다 우선순위가 낮음,5.0,1572,355,6,냉동식품,400,313,150.0,35.0,400,235800.0,B,0.8194229269640343,2,60.0,71.0,5.07,SLOW,60.6,True,56.5,MEDIUM,유통기한 임박 | 소진일수 71일 초과 | 신선/냉장 고위험 카테고리,4.3,19.3,0.0,SAFE,"재고 여유 — 현재고(355), 재주문점(19)",0.0,196.7,39.3,92772.0,78.3,OVER,과잉 발주 위험 — 현재(351개) > EOQ(197개). 발주 주기 39일 권장,78.3,35.0,5.0,7.06,2.94,STABLE,71.0,0.0,WMA,0.0,32.1,10.0,3.6,6.0,7.5,5.0,POOR,낮은 매칭,1.0,50.0,STABLE,13.8,LOW,59.1,MEDIUM,34.4,50.8,83.4,0.3,30.0,263823.0,100.0,0.385,0.385,88.5,True,18.9,358,30.2,250,100.0,0.999,4.9,74.8,50.0,HOLD,50.0,2,99.8,70.9,45.0,disposal_risk,47.2,모니터링,327,HEURISTIC 29% | ABC 14% | TURNOVER 14% | DISPOSAL_RISK 14% | SAFETY_STOCK 8% | EOQ 7% | DEMAND_FORECAST 7% | MATCH 5%,"['⏰ 유통기한 임박 (84%)', '❄️ 냉장·냉동 과잉 (78%)', '💸 배송비 상승 (91%)', '⚡ 복합 스트레스 (60%)']","{'재고위험': '25.1%', '판매가능성': '13.2%', '점포이동적합': '14.0%', '비용절감': '18.3%', '폐기회피이익': '13.2%', '실행가능성': '12.8%', '이력보정': '3.3%'}",True,True,False,True,False,True,54.0,32.7,53.0,56.8,72.0,72.5,55.3,54.5,0.0,52.5,검토,보류,⏸️,245,HIGH,신뢰도 높음 ●,#2e7d32,,,52.5,검토,보류,-1,0,False,False,,50.0,10545.0,15042.0,10545.0,10.05,13.379999999999999,10.05,20.0,236.0,313.0,120.0,재고 이동,재고 이동,70.789,일치,70.789,50.046,32.038,26.513
냉동피자064,역삼점,동대문점,140.0,재배치 추천,11850.0,프로모션 순비용이 재배치 비용보다 높습니다.,28.715986637352596,7.768361581920905,18,0,54.5,후순위,11850.0,140.0,314,False,Greedy 선택 후보보다 우선순위가 낮음,5.38,3068,237,13,냉동식품,250,140,161.0,38.0,250,493948.0,A,0.5171757338216079,1,100.0,44.2,8.15,NORMAL,75.4,False,16.5,LOW,신선/냉장 고위험 카테고리,4.6,20.7,0.0,SAFE,"재고 여유 — 현재고(237), 재주문점(21)",0.0,146.1,27.2,134439.0,59.1,OVER,과잉 발주 위험 — 현재(232개) > EOQ(146개). 발주 주기 27일 권장,59.1,37.9,5.41,7.63,3.2,STABLE,43.8,2.2,WMA,2.2,32.6,10.0,0.11,10.0,7.5,5.0,POOR,낮은 매칭 · 핵심(A)상품,1.009,50.2,STABLE,8.6,LOW,43.3,MEDIUM,27.0,35.2,73.7,0.3,30.0,538574.0,100.0,0.385,0.385,88.5,True,25.9,104,13.2,495,100.0,0.999,4.9,71.5,50.0,HOLD,50.0,2,99.8,70.9,23.8,turnover,48.1,모니터링,316,HEURISTIC 29% | ABC 14% | TURNOVER 14% | DISPOSAL_RISK 14% | SAFETY_STOCK 8% | EOQ 7% | DEMAND_FORECAST 7% | MATCH 5%,"['⏰ 유통기한 임박 (84%)', '❄️ 냉장·냉동 과잉 (78%)', '💸 배송비 상승 (91%)', '⚡ 복합 스트레스 (60%)']","{'재고위험': '25.1%', '판매가능성': '13.2%', '점포이동적합': '14.0%', '비용절감': '18.3%', '폐기회피이익': '13.2%', '실행가능성': '12.8%', '이력보정': '3.3%'}",True,True,False,True,False,True,45.9,33.9,49.5,53.8,72.0,60.9,59.2,50.1,0.0,15.1,검토,보류,⏸️,446,HIGH,신뢰도 높음 ●,#2e7d32,,,15.1,검토,보류,-1,-1,False,False,,50.0,11850.0,23259.0,11850.0,11.5,22.51,11.5,23.0,638.0,140.0,599.0,재고 이동,재고 이동,73.619,일치,73.619,44.933,23.838,22.603
푸딩059,신촌점,청량리점,172.0,재배치 추천,13803.0,프로모션 순비용이 재배치 비용보다 높습니다.,26.485452416983122,10.028248587570623,18,0,54.5,후순위,13803.0,172.0,315,False,Greedy 선택 후보보다 우선순위가 낮음,7.08,2758,357,7,디저트,250,288,212.0,50.0,250,584696.0,A,0.6794441020955618,1,100.0,50.5,7.13,NORMAL,71.9,False,40.3,MEDIUM,유통기한 임박,6.1,27.3,0.0,SAFE,"재고 여유 — 현재고(357), 재주문점(27)",0.0,193.6,27.3,133484.0,81.2,OVER,과잉 발주 위험 — 현재(351개) > EOQ(194개). 발주 주기 27일 권장,81.2,49.8,7.11,10.03,4.19,STABLE,50.2,1.3,WMA,1.3,36.2,10.0,3.66,10.0,7.5,5.0,POOR,낮은 매칭 · 핵심(A)상품,1.009,50.2,STABLE,9.8,LOW,55.6,MEDIUM,38.1,49.2,72.1,0.3,30.0,598448.0,100.0,0.385,0.385,88.5,False,21.2,252,23.7,439,100.0,0.999,4.9,70.9,50.0,HOLD,50.0,2,99.8,70.9,27.6,turnover,54.8,모니터링,204,HEURISTIC 29% | ABC 14% | TURNOVER 14% | DISPOSAL_RISK 14% | SAFETY_STOCK 8% | EOQ 7% | DEMAND_FORECAST 7% | MATCH 5%,"['⏰ 유통기한 임박 (84%)', '❄️ 냉장·냉동 과잉 (78%)', '💸 배송비 상승 (91%)', '⚡ 복합 스트레스 (60%)']","{'재고위험': '25.1%', '판매가능성': '13.2%', '점포이동적합': '14.0%', '비용절감': '18.3%', '폐기회피이익': '13.2%', '실행가능성': '12.8%', '이력보정': '3.3%'}",True,True,False,True,False,True,55.7,33.4,53.1,57.2,72.0,64.5,56.6,54.1,0.0,48.2,검토,보류,⏸️,268,HIGH,신뢰도 높음 ●,#2e7d32,,,48.2,검토,보류,0,-1,False,False,,50.0,13803.0,25923.0,13803.0,13.67,25.47,13.67,27.0,304.0,288.0,172.0,재고 이동,재고 이동,73.544,일치,73.544,47.761,29.775,26.05
요거트006,상암점,압구정점,235.0,재배치 추천,17736.0,프로모션 순비용이 재배치 비용보다 높습니다.,21.993547097621562,14.477401129943503,18,0,54.5,후순위,17736.0,235.0,316,False,Greedy 선택 후보보다 우선순위가 낮음,1.1,1419,236,0,유제품,500,235,33.0,8.0,500,46827.0,A,0.7940108140096701,1,100.0,214.5,1.68,DEAD,0.0,True,78.0,HIGH,유통기한 임박 | 소진일수 214일 초과 | 신선/냉장 고위험 카테고리,0.9,4.2,0.0,SAFE,"재고 여유 — 현재고(236), 재주문점(4)",0.0,89.9,81.7,44655.0,100.0,OVER,과잉 발주 위험 — 현재(235개) > EOQ(90개). 발주 주기 82일 권장,100.0,7.9,1.13,1.58,0.67,STABLE,209.1,0.0,WMA,0.0,40.9,10.0,8.4,10.0,7.5,5.0,FAIR,보통 매칭 · 폐기위험 높음 · 핵심(A)상품,1.039,51.0,STABLE,35.0,LOW,78.3,HIGH,31.4,35.6,98.7,0.3,30.0,499922.0,100.0,0.385,0.385,88.5,True,24.2,135,45.9,8,100.0,0.999,4.9,78.7,50.0,HOLD,50.0,1,100.0,70.9,18.2,disposal_risk,53.2,모니터링,232,HEURISTIC 29% | ABC 14% | TURNOVER 14% | DISPOSAL_RISK 14% | SAFETY_STOCK 8% | EOQ 7% | DEMAND_FORECAST 7% | MATCH 5%,"['⏰ 유통기한 임박 (84%)', '❄️ 냉장·냉동 과잉 (78%)', '💸 배송비 상승 (91%)', '⚡ 복합 스트레스 (60%)']","{'재고위험': '25.1%', '판매가능성': '13.2%', '점포이동적합': '14.0%', '비용절감': '18.3%', '폐기회피이익': '13.2%', '실행가능성': '12.8%', '이력보정': '3.3%'}",True,True,False,True,False,True,53.6,33.0,60.5,60.0,72.0,77.7,58.3,56.7,0.0,77.9,권장,할인 판매,🏷️,109,HIGH,신뢰도 높음 ●,#2e7d32,,,77.9,권장,할인 판매,-1,-1,False,False,,50.0,17736.0,19821.0,17736.0,18.04,18.69,18.04,36.0,521.0,235.0,419.0,재고 이동,재고 이동,80.965,일치,80.965,60.241,35.84,16.575
냉동만두047,건대점,왕십리점,98.0,프로모션 추천,11048.0,프로모션 순비용이 재배치 비용보다 낮습니다.,29.63195614310596,4.80225988700565,12,8,54.4,후순위,11048.0,98.0,317,False,Greedy 선택 후보보다 우선순위가 낮음,1.59,657,178,36,냉동식품,250,98,48.0,11.0,250,31536.0,C,1.0,3,20.0,111.2,3.24,DEAD,38.2,True,36.0,LOW,소진일수 111일 초과 | 신선/냉장 고위험 카테고리,1.4,6.2,0.0,SAFE,"재고 여유 — 현재고(178), 재주문점(6)",0.0,171.6,107.9,33821.0,2.9,OPTIMAL,"적정 발주 — EOQ(172개), 권장 발주 주기 108일",2.9,11.1,1.59,2.24,0.93,STABLE,112.3,0.0,WMA,0.0,25.5,10.0,0.0,3.0,7.5,5.0,POOR,낮은 매칭,0.988,49.7,STABLE,22.1,LOW,43.3,MEDIUM,26.4,23.6,84.2,0.3,30.0,90715.0,100.0,0.385,0.385,88.5,True,14.6,458,22.7,456,100.0,0.999,4.9,75.1,50.0,HOLD,50.0,2,99.8,70.9,59.7,disposal_risk,24.2,후순위,493,HEURISTIC 29% | ABC 14% | TURNOVER 14% | DISPOSAL_RISK 14% | SAFETY_STOCK 8% | EOQ 7% | DEMAND_FORECAST 7% | MATCH 5%,"['⏰ 유통기한 임박 (84%)', '❄️ 냉장·냉동 과잉 (78%)', '💸 배송비 상승 (91%)', '⚡ 복합 스트레스 (60%)']","{'재고위험': '25.1%', '판매가능성': '13.2%', '점포이동적합': '14.0%', '비용절감': '18.3%', '폐기회피이익': '13.2%', '실행가능성': '12.8%', '이력보정': '3.3%'}",True,True,False,True,False,True,32.9,32.6,48.5,45.4,72.0,64.0,52.9,45.4,0.0,5.2,검토,보류,⏸️,499,HIGH,신뢰도 높음 ●,#2e7d32,,,5.2,검토,보류,0,0,True,False,,50.0,0.0,18885.0,18885.0,0.0,17.65,17.65,36.0,232.0,98.0,167.0,할인,재고 이동,51.798,다름,51.798,43.439,29.973,26.853
냉동만두047,건대점,마포점,98.0,프로모션 추천,11048.0,프로모션 순비용이 재배치 비용보다 낮습니다.,29.63195614310596,4.80225988700565,12,8,54.4,후순위,11048.0,98.0,318,False,Greedy 선택 후보보다 우선순위가 낮음,1.59,657,178,36,냉동식품,250,98,48.0,11.0,250,31536.0,C,1.0,3,20.0,111.2,3.24,DEAD,38.2,True,36.0,LOW,소진일수 111일 초과 | 신선/냉장 고위험 카테고리,1.4,6.2,0.0,SAFE,"재고 여유 — 현재고(178), 재주문점(6)",0.0,171.6,107.9,33821.0,2.9,OPTIMAL,"적정 발주 — EOQ(172개), 권장 발주 주기 108일",2.9,11.1,1.59,2.24,0.93,STABLE,112.3,0.0,WMA,0.0,25.5,10.0,0.0,3.0,7.5,5.0,POOR,낮은 매칭,0.988,49.7,STABLE,22.1,LOW,43.3,MEDIUM,22.0,23.3,78.8,0.3,30.0,90715.0,100.0,0.385,0.385,88.5,True,14.6,458,22.7,456,100.0,0.999,4.9,73.4,50.0,HOLD,50.0,2,99.8,70.9,59.7,disposal_risk,24.2,후순위,494,HEURISTIC 29% | ABC 14% | TURNOVER 14% | DISPOSAL_RISK 14% | SAFETY_STOCK 8% | EOQ 7% | DEMAND_FORECAST 7% | MATCH 5%,"['⏰ 유통기한 임박 (84%)', '❄️ 냉장·냉동 과잉 (78%)', '💸 배송비 상승 (91%)', '⚡ 복합 스트레스 (60%)']","{'재고위험': '25.1%', '판매가능성': '13.2%', '점포이동적합': '14.0%', '비용절감': '18.3%', '폐기회피이익': '13.2%', '실행가능성': '12.8%', '이력보정': '3.3%'}",True,True,False,True,False,True,32.9,32.6,48.4,45.4,72.0,60.3,52.9,44.9,0.0,5.0,검토,보류,⏸️,500,HIGH,신뢰도 높음 ●,#2e7d32,,,5.0,검토,보류,0,-1,False,False,,50.0,20463.0,22053.0,20463.0,21.07,21.17,21.07,42.0,232.0,98.0,141.0,할인,재고 이동,50.772,다름,50.772,44.987,31.493,27.656
죽003,홍대2점,노원점,288.0,재배치 추천,21084.0,프로모션 순비용이 재배치 비용보다 높습니다.,18.169774148416757,18.220338983050848,18,0,54.4,후순위,21084.0,288.0,319,False,Greedy 선택 후보보다 우선순위가 낮음,2.23,1867,306,6,간편식,150,288,67.0,16.0,150,125089.0,A,0.7812158286916832,1,100.0,137.0,2.63,DEAD,23.9,True,65.0,HIGH,유통기한 임박 | 소진일수 137일 초과,1.9,8.6,0.0,SAFE,"재고 여유 — 현재고(306), 재주문점(9)",0.0,140.8,63.1,57821.0,100.0,OVER,과잉 발주 위험 — 현재(304개) > EOQ(141개). 발주 주기 63일 권장,100.0,15.8,2.26,3.18,1.34,STABLE,135.6,0.0,WMA,0.0,40.9,10.0,8.4,10.0,7.5,5.0,FAIR,보통 매칭 · 폐기위험 높음 · 핵심(A)상품,1.025,50.6,STABLE,26.7,LOW,59.1,MEDIUM,29.4,35.1,98.9,0.3,30.0,667351.0,100.0,0.385,0.385,88.5,False,21.4,239,38.6,119,100.0,0.999,4.9,78.8,50.0,HOLD,50.0,2,99.8,70.9,27.5,disposal_risk,54.1,모니터링,210,HEURISTIC 29% | ABC 14% | TURNOVER 14% | DISPOSAL_RISK 14% | SAFETY_STOCK 8% | EOQ 7% | DEMAND_FORECAST 7% | MATCH 5%,"['⏰ 유통기한 임박 (84%)', '❄️ 냉장·냉동 과잉 (78%)', '💸 배송비 상승 (91%)', '⚡ 복합 스트레스 (60%)']","{'재고위험': '25.1%', '판매가능성': '13.2%', '점포이동적합': '14.0%', '비용절감': '18.3%', '폐기회피이익': '13.2%', '실행가능성': '12.8%', '이력보정': '3.3%'}",True,True,False,True,False,True,54.1,32.9,59.0,59.9,72.0,77.6,56.7,56.6,0.0,76.8,권장,할인 판매,🏷️,115,HIGH,신뢰도 높음 ●,#2e7d32,,,76.8,권장,할인 판매,-1,-1,False,False,,50.0,21084.0,38847.0,21084.0,21.76,39.83,21.76,44.0,862.0,288.0,756.0,재고 이동,재고 이동,84.958,일치,84.958,59.583,35.36,10.913
냉동만두047,동대문점,압구정점,74.0,재배치 추천,7890.0,프로모션 순비용이 재배치 비용보다 높습니다.,33.23872883533678,3.1073446327683616,18,0,54.3,후순위,7890.0,74.0,320,False,Greedy 선택 후보보다 우선순위가 낮음,4.28,657,115,7,냉동식품,250,74,128.0,30.0,250,84096.0,C,1.0,3,20.0,27.0,13.36,FAST,85.0,False,36.0,LOW,유통기한 임박 | 신선/냉장 고위험 카테고리,3.7,16.5,0.0,SAFE,"재고 여유 — 현재고(115), 재주문점(16)",0.0,281.5,65.8,55490.0,48.4,UNDER,과소 발주 위험 — 현재(111개) < EOQ(282개). 발주량 증가 검토,48.4,30.0,4.29,6.05,2.52,STABLE,26.8,6.5,WMA,6.5,25.8,10.0,0.32,3.0,7.5,5.0,POOR,낮은 매칭,1.001,50.0,STABLE,5.2,LOW,55.6,MEDIUM,33.2,35.6,98.7,0.3,30.0,68952.0,100.0,0.385,0.385,88.5,True,66.4,8,19.2,484,100.0,0.999,4.9,78.7,50.0,HOLD,50.0,2,99.8,70.9,41.3,turnover,40.2,모니터링,409,HEURISTIC 29% | ABC 14% | TURNOVER 14% | DISPOSAL_RISK 14% | SAFETY_STOCK 8% | EOQ 7% | DEMAND_FORECAST 7% | MATCH 5%,"['⏰ 유통기한 임박 (84%)', '❄️ 냉장·냉동 과잉 (78%)', '💸 배송비 상승 (91%)', '⚡ 복합 스트레스 (60%)']","{'재고위험': '25.1%', '판매가능성': '13.2%', '점포이동적합': '14.0%', '비용절감': '18.3%', '폐기회피이익': '13.2%', '실행가능성': '12.8%', '이력보정': '3.3%'}",True,True,False,True,False,True,45.2,36.0,48.3,52.1,72.0,77.7,81.4,51.9,0.0,25.7,검토,보류,⏸️,389,HIGH,신뢰도 높음 ●,#2e7d32,,,25.7,검토,보류,-1,-1,False,False,,50.0,7890.0,24159.0,7890.0,7.1,23.51,7.1,14.0,232.0,74.0,84.0,재고 이동,재고 이동,57.125,일치,57.125,43.729,31.128,31.811
아이스크림022,역삼점,잠실점,77.0,재배치 추천,8151.0,프로모션 순비용이 재배치 비용보다 높습니다.,32.94063900865146,3.3192090395480225,18,0,54.3,후순위,8151.0,77.0,321,False,Greedy 선택 후보보다 우선순위가 낮음,6.69,2805,353,1,디저트,150,344,201.0,47.0,150,563805.0,A,0.4462118320005072,1,100.0,52.7,6.83,NORMAL,70.7,False,49.3,MEDIUM,유통기한 임박,5.7,25.8,0.0,SAFE,"재고 여유 — 현재고(353), 재주문점(26)",0.0,186.6,27.9,130857.0,86.1,OVER,과잉 발주 위험 — 현재(347개) > EOQ(187개). 발주 주기 28일 권장,86.1,46.9,6.7,9.46,3.94,STABLE,52.7,1.0,WMA,1.0,36.2,10.0,3.65,10.0,7.5,5.0,POOR,낮은 매칭 · 핵심(A)상품,1.004,50.1,STABLE,10.3,LOW,76.6,HIGH,23.4,44.7,96.3,0.3,30.0,262581.0,100.0,0.385,0.385,88.5,False,21.1,255,27.4,306,100.0,0.999,4.9,78.2,50.0,HOLD,50.0,2,99.8,70.9,27.8,turnover,56.7,검토 필요,173,HEURISTIC 29% | ABC 14% | TURNOVER 14% | DISPOSAL_RISK 14% | SAFETY_STOCK 8% | EOQ 7% | DEMAND_FORECAST 7% | MATCH 5%,"['⏰ 유통기한 임박 (84%)', '❄️ 냉장·냉동 과잉 (78%)', '💸 배송비 상승 (91%)', '⚡ 복합 스트레스 (60%)']","{'재고위험': '25.1%', '판매가능성': '13.2%', '점포이동적합': '14.0%', '비용절감': '18.3%', '폐기회피이익': '13.2%', '실행가능성': '12.8%', '이력보정': '3.3%'}",True,True,False,True,False,True,59.4,33.2,54.6,57.8,72.0,79.1,56.5,57.2,0.0,82.5,최적,보류,⏸️,84,HIGH,신뢰도 높음 ●,#2e7d32,,,82.5,최적,보류,-1,0,False,False,,50.0,8151.0,28947.0,8151.0,7.39,28.83,7.39,15.0,130.0,344.0,77.0,재고 이동,재고 이동,73.38,일치,73.38,47.062,29.106,29.193
도시락016,건대점,신촌점,205.0,재배치 추천,16044.0,프로모션 순비용이 재배치 비용보다 높습니다.,23.925991491305712,12.358757062146893,18,0,54.3,후순위,16044.0,205.0,322,False,Greedy 선택 후보보다 우선순위가 낮음,2.62,2297,360,0,신선식품,150,357,79.0,18.0,150,181463.0,B,0.9362765472469301,2,60.0,136.7,2.63,DEAD,24.1,True,80.0,CRITICAL,유통기한 임박 | 소진일수 137일 초과 | 신선/냉장 고위험 카테고리,2.2,10.1,0.0,SAFE,"재고 여유 — 현재고(360), 재주문점(10)",0.0,109.1,41.6,87682.0,100.0,OVER,과잉 발주 위험 — 현재(358개) > EOQ(109개). 발주 주기 42일 권장,100.0,18.1,2.59,3.67,1.5,STABLE,139.2,0.0,WMA,0.0,40.5,10.0,12.0,6.0,7.5,5.0,FAIR,보통 매칭 · 폐기위험 높음,0.981,49.5,STABLE,27.2,LOW,78.3,HIGH,23.2,28.1,86.3,0.3,30.0,579768.0,100.0,0.385,0.385,88.5,True,24.7,126,44.6,20,100.0,0.999,4.9,75.7,50.0,HOLD,50.0,2,99.8,70.9,38.9,disposal_risk,50.1,모니터링,279,HEURISTIC 29% | ABC 14% | TURNOVER 14% | DISPOSAL_RISK 14% | SAFETY_STOCK 8% | EOQ 7% | DEMAND_FORECAST 7% | MATCH 5%,"['⏰ 유통기한 임박 (84%)', '❄️ 냉장·냉동 과잉 (78%)', '💸 배송비 상승 (91%)', '⚡ 복합 스트레스 (60%)']","{'재고위험': '25.1%', '판매가능성': '13.2%', '점포이동적합': '14.0%', '비용절감': '18.3%', '폐기회피이익': '13.2%', '실행가능성': '12.8%', '이력보정': '3.3%'}",True,True,False,True,False,True,55.0,32.6,59.7,59.9,72.0,66.9,58.5,55.5,0.0,65.4,권장,할인 판매,🏷️,176,HIGH,신뢰도 높음 ●,#2e7d32,,,65.4,권장,할인 판매,0,0,True,False,,50.0,16044.0,18426.0,16044.0,16.16,17.14,16.16,32.0,284.0,357.0,205.0,재고 이동,재고 이동,76.121,일치,76.121,59.459,37.192,21.102
라면080,구로점,성수점,290.0,재배치 추천,21300.0,프로모션 순비용이 재배치 비용보다 높습니다.,17.923079119435798,18.361581920903955,18,0,54.3,후순위,21300.0,290.0,323,False,Greedy 선택 후보보다 우선순위가 낮음,2.1,1204,301,4,간편식,500,290,63.0,15.0,500,75852.0,B,0.8896110979107996,2,60.0,143.3,2.51,DEAD,20.4,True,65.0,HIGH,유통기한 임박 | 소진일수 143일 초과,1.8,8.1,0.0,SAFE,"재고 여유 — 현재고(301), 재주문점(8)",0.0,170.1,81.0,45059.0,75.9,OVER,과잉 발주 위험 — 현재(299개) > EOQ(170개). 발주 주기 81일 권장,75.9,14.9,2.13,2.99,1.26,STABLE,141.4,0.0,WMA,0.0,36.9,10.0,8.4,6.0,7.5,5.0,POOR,낮은 매칭 · 폐기위험 높음,1.02,50.5,STABLE,27.9,LOW,66.1,MEDIUM,42.0,46.2,96.7,0.3,30.0,542692.0,100.0,0.385,0.385,88.5,False,21.1,255,38.1,138,100.0,0.999,4.9,78.3,50.0,HOLD,50.0,2,99.8,70.9,44.9,disposal_risk,43.4,모니터링,381,HEURISTIC 29% | ABC 14% | TURNOVER 14% | DISPOSAL_RISK 14% | SAFETY_STOCK 8% | EOQ 7% | DEMAND_FORECAST 7% | MATCH 5%,"['⏰ 유통기한 임박 (84%)', '❄️ 냉장·냉동 과잉 (78%)', '💸 배송비 상승 (91%)', '⚡ 복합 스트레스 (60%)']","{'재고위험': '25.1%', '판매가능성': '13.2%', '점포이동적합': '14.0%', '비용절감': '18.3%', '폐기회피이익': '13.2%', '실행가능성': '12.8%', '이력보정': '3.3%'}",True,True,False,True,False,True,47.2,32.8,57.1,56.2,72.0,79.9,56.5,54.2,0.0,49.5,검토,할인 판매,🏷️,261,HIGH,신뢰도 높음 ●,#2e7d32,,,49.5,검토,할인 판매,-1,-1,False,False,,50.0,21300.0,25257.0,21300.0,22.0,24.73,22.0,44.0,815.0,290.0,735.0,재고 이동,재고 이동,80.971,일치,80.971,58.443,34.601,10.829
샌드위치058,잠실2점,합정점,321.0,재배치 추천,23199.0,프로모션 순비용이 재배치 비용보다 높습니다.,15.754218656311567,20.55084745762712,18,0,54.3,후순위,23199.0,321.0,324,False,Greedy 선택 후보보다 우선순위가 낮음,5.53,717,328,1,신선식품,500,321,166.0,39.0,500,119022.0,C,0.9523365925254981,3,20.0,59.3,6.07,NORMAL,67.1,False,62.6,HIGH,유통기한 임박 | 신선/냉장 고위험 카테고리,4.7,21.3,0.0,SAFE,"재고 여유 — 현재고(328), 재주문점(21)",0.0,283.6,51.3,71171.0,14.0,OPTIMAL,"적정 발주 — EOQ(284개), 권장 발주 주기 51일",14.0,38.9,5.56,7.84,3.28,STABLE,59.0,0.1,WMA,0.1,33.9,10.0,8.4,3.0,7.5,5.0,POOR,낮은 매칭 · 폐기위험 높음,1.007,50.2,STABLE,11.5,LOW,76.6,HIGH,37.0,41.4,83.6,0.3,30.0,413489.0,100.0,0.385,0.385,88.5,True,20.7,286,32.4,217,100.0,0.999,4.9,74.9,50.0,HOLD,50.0,2,99.8,70.9,43.3,disposal_risk,38.1,후순위,428,HEURISTIC 29% | ABC 14% | TURNOVER 14% | DISPOSAL_RISK 14% | SAFETY_STOCK 8% | EOQ 7% | DEMAND_FORECAST 7% | MATCH 5%,"['⏰ 유통기한 임박 (84%)', '❄️ 냉장·냉동 과잉 (78%)', '💸 배송비 상승 (91%)', '⚡ 복합 스트레스 (60%)']","{'재고위험': '25.1%', '판매가능성': '13.2%', '점포이동적합': '14.0%', '비용절감': '18.3%', '폐기회피이익': '13.2%', '실행가능성': '12.8%', '이력보정': '3.3%'}",True,True,False,True,False,True,52.4,32.8,54.2,47.0,72.0,69.5,56.3,52.1,0.0,29.0,검토,할인 판매,🏷️,371,HIGH,신뢰도 높음 ●,#2e7d32,,,29.0,검토,할인 판매,-1,-1,False,False,,50.0,23199.0,25896.0,23199.0,24.11,25.439999999999998,24.11,48.0,907.0,321.0,799.0,재고 이동,재고 이동,75.831,일치,75.831,53.1,34.063,12.974
케이크079,상암점,여의도점,97.0,재배치 추천,9456.0,프로모션 순비용이 재배치 비용보다 높습니다.,31.450189875224854,4.731638418079096,18,0,54.2,후순위,9456.0,97.0,325,False,Greedy 선택 후보보다 우선순위가 낮음,7.28,3402,312,3,디저트,500,282,218.0,51.0,500,741636.0,A,0.1612979350343813,1,100.0,42.9,8.38,NORMAL,76.2,False,44.5,MEDIUM,유통기한 임박,6.2,28.0,0.0,SAFE,"재고 여유 — 현재고(312), 재주문점(28)",0.0,176.8,24.3,150331.0,73.0,OVER,과잉 발주 위험 — 현재(306개) > EOQ(177개). 발주 주기 24일 권장,73.0,51.0,7.29,10.29,4.28,STABLE,42.8,2.3,WMA,2.3,36.2,10.0,3.72,10.0,7.5,5.0,POOR,낮은 매칭 · 핵심(A)상품,1.001,50.0,STABLE,8.3,LOW,69.6,MEDIUM,26.2,51.3,66.5,0.3,30.0,435037.0,100.0,0.385,0.385,88.5,False,29.5,75,25.1,406,100.0,0.999,4.9,68.5,50.0,HOLD,50.0,2,99.8,70.8,26.9,turnover,56.5,검토 필요,176,HEURISTIC 29% | ABC 14% | TURNOVER 14% | DISPOSAL_RISK 14% | SAFETY_STOCK 8% | EOQ 7% | DEMAND_FORECAST 7% | MATCH 5%,"['⏰ 유통기한 임박 (84%)', '❄️ 냉장·냉동 과잉 (78%)', '💸 배송비 상승 (91%)', '⚡ 복합 스트레스 (60%)']","{'재고위험': '25.1%', '판매가능성': '13.2%', '점포이동적합': '14.0%', '비용절감': '18.3%', '폐기회피이익': '13.2%', '실행가능성': '12.8%', '이력보정': '3.3%'}",True,True,False,True,False,True,58.7,33.8,53.2,55.8,72.0,61.4,61.1,54.3,0.0,50.3,검토,보류,⏸️,257,HIGH,신뢰도 높음 ●,#2e7d32,,,50.3,검토,보류,-1,0,False,False,,50.0,9456.0,20361.0,9456.0,8.84,19.29,8.84,18.0,115.0,282.0,97.0,재고 이동,재고 이동,72.429,일치,72.429,45.853,28.138,29.471
냉동피자064,노원점,동대문점,163.0,재배치 추천,13614.0,프로모션 순비용이 재배치 비용보다 높습니다.,26.701310567341462,9.392655367231638,18,0,54.1,후순위,13614.0,163.0,326,False,Greedy 선택 후보보다 우선순위가 낮음,7.61,3068,173,1,냉동식품,250,163,228.0,53.0,250,699504.0,A,0.5171757338216079,1,100.0,22.8,15.82,FAST,87.3,False,44.0,MEDIUM,유통기한 임박 | 신선/냉장 고위험 카테고리,6.5,29.3,0.0,SAFE,"재고 여유 — 현재고(173), 재주문점(29)",0.0,173.7,22.8,159892.0,3.3,OPTIMAL,"적정 발주 — EOQ(174개), 권장 발주 주기 23일",3.3,53.1,7.59,10.72,4.45,STABLE,22.8,8.4,WMA,8.4,36.5,10.0,4.02,10.0,7.5,5.0,POOR,낮은 매칭 · 핵심(A)상품,0.995,49.9,STABLE,4.5,LOW,76.6,HIGH,27.0,35.2,73.7,0.3,30.0,627237.0,100.0,0.385,0.385,88.5,True,82.5,4,24.6,425,100.0,0.999,4.9,71.5,50.0,HOLD,50.0,2,99.8,70.8,25.6,turnover,57.9,검토 필요,153,HEURISTIC 29% | ABC 14% | TURNOVER 14% | DISPOSAL_RISK 14% | SAFETY_STOCK 8% | EOQ 7% | DEMAND_FORECAST 7% | MATCH 5%,"['⏰ 유통기한 임박 (84%)', '❄️ 냉장·냉동 과잉 (78%)', '💸 배송비 상승 (91%)', '⚡ 복합 스트레스 (60%)']","{'재고위험': '25.1%', '판매가능성': '13.2%', '점포이동적합': '14.0%', '비용절감': '18.3%', '폐기회피이익': '13.2%', '실행가능성': '12.8%', '이력보정': '3.3%'}",True,True,False,True,False,True,61.4,36.9,53.5,45.2,72.0,60.9,90.3,53.4,0.0,41.0,검토,보류,⏸️,307,HIGH,신뢰도 높음 ●,#2e7d32,,,41.0,검토,보류,-1,-1,False,False,,50.0,13614.0,32358.0,13614.0,13.46,32.62,13.46,27.0,638.0,163.0,599.0,재고 이동,재고 이동,72.176,일치,72.176,45.084,27.228,24.773
차음료041,명동점,구로점,203.0,재배치 추천,16080.0,프로모션 순비용이 재배치 비용보다 높습니다.,23.88487565314222,12.217514124293785,18,0,54.1,후순위,16080.0,203.0,327,False,Greedy 선택 후보보다 우선순위가 낮음,3.59,1367,341,6,음료,300,311,108.0,25.0,300,147636.0,B,0.9273282340169376,2,60.0,94.7,3.8,DEAD,47.4,True,60.0,HIGH,유통기한 임박 | 소진일수 95일 초과,3.1,13.9,0.0,SAFE,"재고 여유 — 현재고(341), 재주문점(14)",0.0,230.8,64.3,56782.0,46.4,OPTIMAL,"적정 발주 — EOQ(231개), 권장 발주 주기 64일",46.4,25.1,3.59,5.07,2.1,STABLE,95.1,0.0,WMA,0.0,36.9,10.0,8.4,6.0,7.5,5.0,POOR,낮은 매칭 · 폐기위험 높음,0.995,49.9,STABLE,18.6,LOW,59.1,MEDIUM,26.9,48.2,86.4,0.3,30.0,377821.0,100.0,0.385,0.385,88.5,False,20.1,311,33.7,203,100.0,0.999,4.9,75.7,50.0,HOLD,50.0,2,99.8,70.8,47.1,disposal_risk,44.4,모니터링,363,HEURISTIC 29% | ABC 14% | TURNOVER 14% | DISPOSAL_RISK 14% | SAFETY_STOCK 8% | EOQ 7% | DEMAND_FORECAST 7% | MATCH 5%,"['⏰ 유통기한 임박 (84%)', '❄️ 냉장·냉동 과잉 (78%)', '💸 배송비 상승 (91%)', '⚡ 복합 스트레스 (60%)']","{'재고위험': '25.1%', '판매가능성': '13.2%', '점포이동적합': '14.0%', '비용절감': '18.3%', '폐기회피이익': '13.2%', '실행가능성': '12.8%', '이력보정': '3.3%'}",True,True,False,True,False,True,52.1,32.7,55.9,51.7,72.0,73.7,56.0,53.7,0.0,43.4,검토,할인 판매,🏷️,294,HIGH,신뢰도 높음 ●,#2e7d32,,,43.4,검토,할인 판매,-1,-1,False,False,,50.0,16080.0,28371.0,16080.0,16.2,28.19,16.2,32.0,349.0,311.0,203.0,재고 이동,재고 이동,68.356,일치,68.356,51.195,34.425,23.472
우유048,동대문점,구로점,249.0,재배치 추천,18933.0,프로모션 순비용이 재배치 비용보다 높습니다.,20.626445478685437,15.466101694915254,18,0,54.1,후순위,18933.0,249.0,328,False,Greedy 선택 후보보다 우선순위가 낮음,2.71,2924,264,4,유제품,150,249,81.0,19.0,150,236844.0,A,0.5389976019852944,1,100.0,97.8,3.68,DEAD,45.7,True,68.0,HIGH,유통기한 임박 | 소진일수 98일 초과 | 신선/냉장 고위험 카테고리,2.3,10.4,0.0,SAFE,"재고 여유 — 현재고(264), 재주문점(10)",0.0,98.3,36.3,100613.0,100.0,OVER,과잉 발주 위험 — 현재(262개) > EOQ(98개). 발주 주기 36일 권장,100.0,19.0,2.71,3.83,1.6,STABLE,97.3,0.0,WMA,0.0,40.9,10.0,8.4,10.0,7.5,5.0,FAIR,보통 매칭 · 폐기위험 높음 · 핵심(A)상품,1.002,50.0,STABLE,18.9,LOW,66.1,MEDIUM,32.9,48.2,86.4,0.3,30.0,892108.0,100.0,0.385,0.385,88.5,True,22.1,208,37.8,145,100.0,0.999,4.9,75.7,50.0,HOLD,50.0,2,99.8,70.8,28.4,disposal_risk,58.1,검토 필요,151,HEURISTIC 29% | ABC 14% | TURNOVER 14% | DISPOSAL_RISK 14% | SAFETY_STOCK 8% | EOQ 7% | DEMAND_FORECAST 7% | MATCH 5%,"['⏰ 유통기한 임박 (84%)', '❄️ 냉장·냉동 과잉 (78%)', '💸 배송비 상승 (91%)', '⚡ 복합 스트레스 (60%)']","{'재고위험': '25.1%', '판매가능성': '13.2%', '점포이동적합': '14.0%', '비용절감': '18.3%', '폐기회피이익': '13.2%', '실행가능성': '12.8%', '이력보정': '3.3%'}",True,True,False,True,False,True,61.2,32.7,58.5,59.8,72.0,73.7,57.1,57.8,0.0,86.3,최적,할인 판매,🏷️,64,HIGH,신뢰도 높음 ●,#2e7d32,,,86.3,최적,할인 판매,-1,-1,False,False,,50.0,18933.0,29235.0,18933.0,19.37,29.15,19.37,39.0,511.0,249.0,358.0,재고 이동,재고 이동,79.197,일치,79.197,55.748,35.903,20.375
푸딩062,동대문점,왕십리점,291.0,재배치 추천,21558.0,프로모션 순비용이 재배치 비용보다 높습니다.,17.628415612597436,18.43220338983051,18,0,54.1,후순위,21558.0,291.0,329,False,Greedy 선택 후보보다 우선순위가 낮음,8.36,3460,326,3,디저트,500,291,251.0,59.0,500,868460.0,A,0.12426892869344128,1,100.0,39.0,9.24,NORMAL,78.3,False,42.5,MEDIUM,유통기한 임박,7.2,32.3,0.0,SAFE,"재고 여유 — 현재고(326), 재주문점(32)",0.0,187.8,22.5,162464.0,69.8,OVER,과잉 발주 위험 — 현재(319개) > EOQ(188개). 발주 주기 22일 권장,69.8,58.8,8.4,11.85,4.95,STABLE,38.8,2.8,WMA,2.8,36.2,10.0,3.74,10.0,7.5,5.0,POOR,낮은 매칭 · 핵심(A)상품,1.008,50.2,STABLE,7.6,LOW,69.6,MEDIUM,34.1,23.6,84.2,0.3,30.0,1332174.0,100.0,0.385,0.385,88.5,False,33.5,59,24.1,433,100.0,0.999,4.9,75.1,50.0,HOLD,50.0,2,99.8,70.8,26.5,turnover,56.4,검토 필요,178,HEURISTIC 29% | ABC 14% | TURNOVER 14% | DISPOSAL_RISK 14% | SAFETY_STOCK 8% | EOQ 7% | DEMAND_FORECAST 7% | MATCH 5%,"['⏰ 유통기한 임박 (84%)', '❄️ 냉장·냉동 과잉 (78%)', '💸 배송비 상승 (91%)', '⚡ 복합 스트레스 (60%)']","{'재고위험': '25.1%', '판매가능성': '13.2%', '점포이동적합': '14.0%', '비용절감': '18.3%', '폐기회피이익': '13.2%', '실행가능성': '12.8%', '이력보정': '3.3%'}",True,True,False,True,False,True,58.4,34.2,53.6,55.2,72.0,64.0,63.3,54.5,0.0,52.7,검토,보류,⏸️,244,HIGH,신뢰도 높음 ●,#2e7d32,,,52.7,검토,보류,-1,0,False,False,,50.0,0.0,21558.0,21558.0,0.0,20.619999999999997,20.619999999999997,42.0,505.0,291.0,430.0,재고 이동,재고 이동,77.692,일치,77.692,51.048,30.252,18.86
라면071,구로점,건대점,313.0,재배치 추천,22920.0,프로모션 순비용이 재배치 비용보다 높습니다.,16.072866402078635,19.98587570621469,18,0,54.1,후순위,22920.0,313.0,330,False,Greedy 선택 후보보다 우선순위가 낮음,7.28,664,343,3,간편식,150,313,218.0,51.0,150,144752.0,C,0.9938134999524716,3,20.0,47.2,7.63,NORMAL,73.8,False,51.6,MEDIUM,유통기한 임박,6.2,28.0,0.0,SAFE,"재고 여유 — 현재고(343), 재주문점(28)",0.0,426.5,58.6,62303.0,16.8,OPTIMAL,"적정 발주 — EOQ(426개), 권장 발주 주기 59일",16.8,51.0,7.29,10.29,4.28,STABLE,47.1,1.7,WMA,1.7,29.2,10.0,3.68,3.0,7.5,5.0,POOR,낮은 매칭,1.001,50.0,STABLE,9.2,LOW,69.6,MEDIUM,24.2,43.6,76.3,0.3,30.0,273428.0,100.0,0.385,0.385,88.5,False,25.7,109,26.7,343,100.0,0.999,4.9,72.5,50.0,HOLD,50.0,1,100.0,70.8,44.0,turnover,36.7,후순위,439,HEURISTIC 29% | ABC 14% | TURNOVER 14% | DISPOSAL_RISK 14% | SAFETY_STOCK 8% | EOQ 7% | DEMAND_FORECAST 7% | MATCH 5%,"['⏰ 유통기한 임박 (84%)', '❄️ 냉장·냉동 과잉 (78%)', '💸 배송비 상승 (91%)', '⚡ 복합 스트레스 (60%)']","{'재고위험': '25.1%', '판매가능성': '13.2%', '점포이동적합': '14.0%', '비용절감': '18.3%', '폐기회피이익': '13.2%', '실행가능성': '12.8%', '이력보정': '3.3%'}",True,True,False,True,False,True,49.3,33.6,50.7,47.3,72.0,65.4,59.1,50.5,0.0,17.3,검토,보류,⏸️,434,HIGH,신뢰도 높음 ●,#2e7d32,,,17.3,검토,보류,-1,0,False,False,,50.0,22920.0,26562.0,22920.0,23.8,26.18,23.8,48.0,483.0,313.0,405.0,재고 이동,재고 이동,67.959,일치,67.959,49.04,34.251,19.895
샌드위치058,목동점,합정점,332.0,재배치 추천,24204.0,프로모션 순비용이 재배치 비용보다 높습니다.,14.606401507580733,21.32768361581921,18,0,53.9,후순위,24204.0,332.0,331,False,Greedy 선택 후보보다 우선순위가 낮음,6.79,717,341,1,신선식품,500,332,204.0,48.0,500,146268.0,C,0.9523365925254981,3,20.0,50.1,7.18,NORMAL,72.2,False,58.1,MEDIUM,유통기한 임박 | 신선/냉장 고위험 카테고리,5.8,26.2,0.0,SAFE,"재고 여유 — 현재고(341), 재주문점(26)",0.0,314.3,46.3,78863.0,6.6,OPTIMAL,"적정 발주 — EOQ(314개), 권장 발주 주기 46일",6.6,47.8,6.83,9.63,4.03,STABLE,49.9,1.3,WMA,1.3,29.2,10.0,3.66,3.0,7.5,5.0,POOR,낮은 매칭,1.01,50.2,STABLE,9.8,LOW,76.6,HIGH,37.0,41.4,83.6,0.3,30.0,427449.0,100.0,0.385,0.385,88.5,True,24.4,131,29.4,267,100.0,0.999,4.9,74.9,50.0,HOLD,50.0,1,100.0,70.8,43.0,disposal_risk,36.7,후순위,440,HEURISTIC 29% | ABC 14% | TURNOVER 14% | DISPOSAL_RISK 14% | SAFETY_STOCK 8% | EOQ 7% | DEMAND_FORECAST 7% | MATCH 5%,"['⏰ 유통기한 임박 (84%)', '❄️ 냉장·냉동 과잉 (78%)', '💸 배송비 상승 (91%)', '⚡ 복합 스트레스 (60%)']","{'재고위험': '25.1%', '판매가능성': '13.2%', '점포이동적합': '14.0%', '비용절감': '18.3%', '폐기회피이익': '13.2%', '실행가능성': '12.8%', '이력보정': '3.3%'}",True,True,False,True,False,True,51.8,33.4,51.5,45.6,72.0,69.5,58.4,51.4,0.0,21.6,검토,보류,⏸️,411,HIGH,신뢰도 높음 ●,#2e7d32,,,21.6,검토,보류,-1,-1,False,False,,50.0,0.0,24204.0,24204.0,0.0,23.560000000000002,23.560000000000002,47.0,907.0,332.0,799.0,재고 이동,재고 이동,74.754,일치,74.754,51.744,32.281,11.308
아이스크림022,역삼점,성수점,52.0,재배치 추천,6972.0,프로모션 순비용이 재배치 비용보다 높습니다.,34.28718270850584,1.5536723163841808,18,0,53.8,후순위,6972.0,52.0,332,False,Greedy 선택 후보보다 우선순위가 낮음,6.69,2805,353,1,디저트,150,344,201.0,47.0,150,563805.0,A,0.4462118320005072,1,100.0,52.7,6.83,NORMAL,70.7,False,49.3,MEDIUM,유통기한 임박,5.7,25.8,0.0,SAFE,"재고 여유 — 현재고(353), 재주문점(26)",0.0,186.6,27.9,130857.0,86.1,OVER,과잉 발주 위험 — 현재(347개) > EOQ(187개). 발주 주기 28일 권장,86.1,46.9,6.7,9.46,3.94,STABLE,52.7,1.0,WMA,1.0,36.2,10.0,3.65,10.0,7.5,5.0,POOR,낮은 매칭 · 핵심(A)상품,1.004,50.1,STABLE,10.3,LOW,76.6,HIGH,40.3,46.2,96.7,0.3,30.0,175860.0,100.0,0.385,0.385,88.5,False,21.3,246,27.3,311,100.0,0.999,4.9,78.3,50.0,HOLD,50.0,2,99.8,70.8,27.8,turnover,56.3,검토 필요,179,HEURISTIC 29% | ABC 14% | TURNOVER 14% | DISPOSAL_RISK 14% | SAFETY_STOCK 8% | EOQ 7% | DEMAND_FORECAST 7% | MATCH 5%,"['⏰ 유통기한 임박 (84%)', '❄️ 냉장·냉동 과잉 (78%)', '💸 배송비 상승 (91%)', '⚡ 복합 스트레스 (60%)']","{'재고위험': '25.1%', '판매가능성': '13.2%', '점포이동적합': '14.0%', '비용절감': '18.3%', '폐기회피이익': '13.2%', '실행가능성': '12.8%', '이력보정': '3.3%'}",True,True,False,True,False,True,59.4,33.2,54.6,57.5,72.0,79.9,56.6,57.2,0.0,82.9,최적,보류,⏸️,82,HIGH,신뢰도 높음 ●,#2e7d32,,,82.9,최적,보류,-1,-1,False,False,,50.0,6972.0,23196.0,6972.0,6.08,22.439999999999998,6.08,12.0,130.0,344.0,52.0,재고 이동,재고 이동,73.44,일치,73.44,46.633,28.29,29.651
샌드위치023,압구정점,구로점,237.0,재배치 추천,18483.0,프로모션 순비용이 재배치 비용보다 높습니다.,21.140393455729093,14.61864406779661,18,0,53.8,후순위,18483.0,237.0,333,False,Greedy 선택 후보보다 우선순위가 낮음,3.76,1198,310,14,신선식품,150,237,113.0,26.0,150,135374.0,B,0.9181734074460505,2,60.0,82.3,4.37,SLOW,54.3,True,36.2,LOW,소진일수 82일 초과 | 신선/냉장 고위험 카테고리,3.2,14.5,0.0,SAFE,"재고 여유 — 현재고(310), 재주문점(14)",0.0,180.9,48.1,75858.0,69.6,OVER,과잉 발주 위험 — 현재(307개) > EOQ(181개). 발주 주기 48일 권장,69.6,26.1,3.73,5.28,2.18,STABLE,83.1,0.0,WMA,0.0,28.5,10.0,0.0,6.0,7.5,5.0,POOR,낮은 매칭,0.988,49.7,STABLE,16.3,LOW,43.3,MEDIUM,29.8,48.2,86.4,0.3,30.0,357778.0,100.0,0.385,0.385,88.5,True,14.9,452,21.9,467,100.0,0.999,4.9,75.7,50.0,HOLD,50.0,2,99.8,70.8,49.5,turnover,39.3,후순위,418,HEURISTIC 29% | ABC 14% | TURNOVER 14% | DISPOSAL_RISK 14% | SAFETY_STOCK 8% | EOQ 7% | DEMAND_FORECAST 7% | MATCH 5%,"['⏰ 유통기한 임박 (84%)', '❄️ 냉장·냉동 과잉 (78%)', '💸 배송비 상승 (91%)', '⚡ 복합 스트레스 (60%)']","{'재고위험': '25.1%', '판매가능성': '13.2%', '점포이동적합': '14.0%', '비용절감': '18.3%', '폐기회피이익': '13.2%', '실행가능성': '12.8%', '이력보정': '3.3%'}",True,True,False,True,False,True,43.2,32.6,49.8,55.0,72.0,73.7,53.1,51.2,0.0,20.7,검토,보류,⏸️,416,HIGH,신뢰도 높음 ●,#2e7d32,,,20.7,검토,보류,-1,-1,False,False,,50.0,18483.0,24636.0,18483.0,18.87,24.04,18.87,38.0,426.0,237.0,358.0,재고 이동,재고 이동,69.784,일치,69.784,48.463,31.898,20.009
도시락016,건대점,신촌2점,187.0,재배치 추천,15441.0,프로모션 순비용이 재배치 비용보다 높습니다.,24.614681780544213,11.087570621468927,18,0,53.7,후순위,15441.0,187.0,334,False,Greedy 선택 후보보다 우선순위가 낮음,2.62,2297,360,0,신선식품,150,357,79.0,18.0,150,181463.0,B,0.9362765472469301,2,60.0,136.7,2.63,DEAD,24.1,True,80.0,CRITICAL,유통기한 임박 | 소진일수 137일 초과 | 신선/냉장 고위험 카테고리,2.2,10.1,0.0,SAFE,"재고 여유 — 현재고(360), 재주문점(10)",0.0,109.1,41.6,87682.0,100.0,OVER,과잉 발주 위험 — 현재(358개) > EOQ(109개). 발주 주기 42일 권장,100.0,18.1,2.59,3.67,1.5,STABLE,139.2,0.0,WMA,0.0,40.5,10.0,12.0,6.0,7.5,5.0,FAIR,보통 매칭 · 폐기위험 높음,0.981,49.5,STABLE,27.2,LOW,78.3,HIGH,36.4,0.0,58.5,0.3,30.0,528056.0,100.0,0.385,0.385,88.5,True,24.8,124,44.6,20,100.0,0.999,4.9,64.1,50.0,HOLD,50.0,2,99.8,70.7,39.0,disposal_risk,49.6,모니터링,289,HEURISTIC 29% | ABC 14% | TURNOVER 14% | DISPOSAL_RISK 14% | SAFETY_STOCK 8% | EOQ 7% | DEMAND_FORECAST 7% | MATCH 5%,"['⏰ 유통기한 임박 (84%)', '❄️ 냉장·냉동 과잉 (78%)', '💸 배송비 상승 (91%)', '⚡ 복합 스트레스 (60%)']","{'재고위험': '25.1%', '판매가능성': '13.2%', '점포이동적합': '14.0%', '비용절감': '18.3%', '폐기회피이익': '13.2%', '실행가능성': '12.8%', '이력보정': '3.3%'}",True,True,False,True,False,True,55.0,32.6,58.6,59.5,72.0,39.0,58.6,51.7,0.0,24.2,검토,할인 판매,🏷️,397,HIGH,신뢰도 높음 ●,#2e7d32,,,24.2,검토,할인 판매,0,-1,False,False,,50.0,15441.0,17436.0,15441.0,15.49,16.04,15.49,31.0,284.0,357.0,187.0,재고 이동,재고 이동,75.013,일치,75.013,58.949,36.993,21.892
라면071,목동점,건대점,331.0,재배치 추천,24360.0,프로모션 순비용이 재배치 비용보다 높습니다.,14.428232875538932,21.257062146892654,18,0,53.7,후순위,24360.0,331.0,335,False,Greedy 선택 후보보다 우선순위가 낮음,0.66,664,334,4,간편식,150,331,20.0,5.0,150,13280.0,C,0.9938134999524716,3,20.0,501.0,0.72,DEAD,0.0,True,65.0,HIGH,유통기한 임박 | 소진일수 501일 초과,0.6,2.6,0.0,SAFE,"재고 여유 — 현재고(334), 재주문점(3)",0.0,128.4,194.5,18759.0,100.0,OVER,과잉 발주 위험 — 현재(333개) > EOQ(128개). 발주 주기 194일 권장,100.0,4.8,0.69,0.96,0.41,STABLE,487.1,0.0,WMA,0.0,33.9,10.0,8.4,3.0,7.5,5.0,POOR,낮은 매칭 · 폐기위험 높음,1.082,52.1,STABLE,35.0,LOW,66.1,MEDIUM,24.2,43.6,76.3,0.3,30.0,289031.0,100.0,0.385,0.385,88.5,False,21.1,255,39.2,109,100.0,0.999,4.9,72.5,50.0,HOLD,50.0,2,99.8,70.7,45.8,disposal_risk,33.1,후순위,459,HEURISTIC 29% | ABC 14% | TURNOVER 14% | DISPOSAL_RISK 14% | SAFETY_STOCK 8% | EOQ 7% | DEMAND_FORECAST 7% | MATCH 5%,"['⏰ 유통기한 임박 (84%)', '❄️ 냉장·냉동 과잉 (78%)', '💸 배송비 상승 (91%)', '⚡ 복합 스트레스 (60%)']","{'재고위험': '25.1%', '판매가능성': '13.2%', '점포이동적합': '14.0%', '비용절감': '18.3%', '폐기회피이익': '13.2%', '실행가능성': '12.8%', '이력보정': '3.3%'}",True,True,False,True,False,True,35.8,33.3,55.3,59.5,72.0,65.4,56.5,49.9,0.0,14.3,검토,할인 판매,🏷️,450,HIGH,신뢰도 높음 ●,#2e7d32,,,14.3,검토,할인 판매,-1,0,False,False,,50.0,24360.0,27120.0,24360.0,25.4,26.8,25.4,51.0,483.0,331.0,405.0,재고 이동,재고 이동,73.904,일치,73.904,61.147,37.997,13.983
요거트043,구로점,성수점,281.0,재배치 추천,21300.0,프로모션 순비용이 재배치 비용보다 높습니다.,17.923079119435798,17.725988700564972,18,0,53.6,후순위,21300.0,281.0,336,False,Greedy 선택 후보보다 우선순위가 낮음,4.62,1231,403,19,유제품,250,281,139.0,32.0,250,171109.0,C,0.9733301968712368,3,20.0,87.0,4.14,SLOW,51.7,True,44.7,MEDIUM,소진일수 87일 초과 | 신선/냉장 고위험 카테고리,4.0,17.9,0.0,SAFE,"재고 여유 — 현재고(403), 재주문점(18)",0.0,197.8,42.8,85237.0,100.0,OVER,과잉 발주 위험 — 현재(399개) > EOQ(198개). 발주 주기 43일 권장,100.0,32.1,4.59,6.49,2.68,STABLE,87.9,0.0,WMA,0.0,29.1,10.0,3.6,3.0,7.5,5.0,POOR,낮은 매칭,0.989,49.7,STABLE,17.2,LOW,43.3,MEDIUM,31.1,46.2,96.7,0.3,30.0,464043.0,100.0,0.385,0.385,88.5,True,16.6,417,25.7,390,100.0,0.999,4.9,78.3,50.0,HOLD,50.0,2,99.8,70.7,54.3,disposal_risk,35.7,후순위,448,HEURISTIC 29% | ABC 14% | TURNOVER 14% | DISPOSAL_RISK 14% | SAFETY_STOCK 8% | EOQ 7% | DEMAND_FORECAST 7% | MATCH 5%,"['⏰ 유통기한 임박 (84%)', '❄️ 냉장·냉동 과잉 (78%)', '💸 배송비 상승 (91%)', '⚡ 복합 스트레스 (60%)']","{'재고위험': '25.1%', '판매가능성': '13.2%', '점포이동적합': '14.0%', '비용절감': '18.3%', '폐기회피이익': '13.2%', '실행가능성': '12.8%', '이력보정': '3.3%'}",True,True,False,True,False,True,40.3,32.6,51.1,59.5,72.0,79.9,54.0,52.2,0.0,30.5,검토,보류,⏸️,363,HIGH,신뢰도 높음 ●,#2e7d32,,,30.5,검토,보류,-1,-1,False,False,,50.0,21300.0,25257.0,21300.0,22.0,24.73,22.0,44.0,580.0,281.0,511.0,재고 이동,재고 이동,73.243,일치,73.243,54.186,34.714,16.298
에너지드링크012,목동점,여의도2점,65.0,재배치 추천,8097.0,프로모션 순비용이 재배치 비용보다 높습니다.,33.0023127658967,2.4717514124293785,18,0,53.5,후순위,8097.0,65.0,337,False,Greedy 선택 후보보다 우선순위가 낮음,1.96,1966,294,0,음료,150,292,59.0,14.0,150,115994.0,A,0.6967554031566018,1,100.0,149.5,2.41,DEAD,16.9,True,70.0,HIGH,유통기한 임박 | 소진일수 150일 초과,1.7,7.6,0.0,SAFE,"재고 여유 — 현재고(294), 재주문점(8)",0.0,142.2,72.6,50316.0,100.0,OVER,과잉 발주 위험 — 현재(292개) > EOQ(142개). 발주 주기 73일 권장,100.0,13.9,1.99,2.79,1.18,STABLE,148.1,0.0,WMA,0.0,40.9,10.0,8.4,10.0,7.5,5.0,FAIR,보통 매칭 · 폐기위험 높음 · 핵심(A)상품,1.02,50.5,STABLE,29.2,LOW,78.3,HIGH,38.7,8.2,88.3,0.3,30.0,155001.0,100.0,0.385,0.385,88.5,False,22.6,192,41.2,58,100.0,0.999,4.9,76.2,50.0,HOLD,50.0,2,99.8,70.7,25.1,disposal_risk,53.4,모니터링,225,HEURISTIC 29% | ABC 14% | TURNOVER 14% | DISPOSAL_RISK 14% | SAFETY_STOCK 8% | EOQ 7% | DEMAND_FORECAST 7% | MATCH 5%,"['⏰ 유통기한 임박 (84%)', '❄️ 냉장·냉동 과잉 (78%)', '💸 배송비 상승 (91%)', '⚡ 복합 스트레스 (60%)']","{'재고위험': '25.1%', '판매가능성': '13.2%', '점포이동적합': '14.0%', '비용절감': '18.3%', '폐기회피이익': '13.2%', '실행가능성': '12.8%', '이력보정': '3.3%'}",True,True,False,True,False,True,54.5,32.8,59.3,59.4,72.0,61.6,57.3,54.6,0.0,53.1,검토,할인 판매,🏷️,242,HIGH,신뢰도 높음 ●,#2e7d32,,,53.1,검토,할인 판매,-1,-1,False,False,,50.0,8097.0,24753.0,8097.0,7.33,24.17,7.33,15.0,130.0,292.0,65.0,재고 이동,재고 이동,71.887,일치,71.887,54.371,33.401,26.856
마카롱008,사당점,혜화점,185.0,재배치 추천,15576.0,프로모션 순비용이 재배치 비용보다 높습니다.,24.460497387431115,10.94632768361582,18,0,53.4,후순위,15576.0,185.0,338,False,Greedy 선택 후보보다 우선순위가 낮음,3.76,1335,251,5,디저트,250,225,113.0,26.0,250,150855.0,C,0.9603518970403913,3,20.0,66.6,5.4,SLOW,63.0,True,48.3,MEDIUM,유통기한 임박 | 소진일수 67일 초과,3.2,14.5,0.0,SAFE,"재고 여유 — 현재고(251), 재주문점(14)",0.0,202.8,53.9,67679.0,22.2,OPTIMAL,"적정 발주 — EOQ(203개), 권장 발주 주기 54일",22.2,26.1,3.73,5.28,2.18,STABLE,67.3,0.0,WMA,0.0,29.1,10.0,3.6,3.0,7.5,5.0,POOR,낮은 매칭,0.988,49.7,STABLE,13.3,LOW,62.6,MEDIUM,41.1,17.2,71.5,0.3,30.0,327044.0,100.0,0.385,0.385,88.5,False,17.4,400,26.1,372,100.0,0.999,4.9,70.7,50.0,HOLD,50.0,2,99.8,70.7,49.2,disposal_risk,32.7,후순위,460,HEURISTIC 29% | ABC 14% | TURNOVER 14% | DISPOSAL_RISK 14% | SAFETY_STOCK 8% | EOQ 7% | DEMAND_FORECAST 7% | MATCH 5%,"['⏰ 유통기한 임박 (84%)', '❄️ 냉장·냉동 과잉 (78%)', '💸 배송비 상승 (91%)', '⚡ 복합 스트레스 (60%)']","{'재고위험': '25.1%', '판매가능성': '13.2%', '점포이동적합': '14.0%', '비용절감': '18.3%', '폐기회피이익': '13.2%', '실행가능성': '12.8%', '이력보정': '3.3%'}",True,True,False,True,False,True,45.0,32.6,50.4,47.7,72.0,53.4,54.5,47.8,0.0,8.4,검토,보류,⏸️,482,HIGH,신뢰도 높음 ●,#2e7d32,,,8.4,검토,보류,-1,-1,False,False,,50.0,15576.0,25131.0,15576.0,15.64,24.59,15.64,31.0,200.0,225.0,185.0,재고 이동,재고 이동,59.706,일치,59.706,46.766,33.478,26.723
핫바036,청량리점,마포점,214.0,재배치 추천,17367.0,프로모션 순비용이 재배치 비용보다 높습니다.,22.41498443879736,12.994350282485875,18,0,53.4,후순위,17367.0,214.0,339,False,Greedy 선택 후보보다 우선순위가 낮음,2.68,3002,217,0,간편식,150,214,80.0,19.0,150,240160.0,B,0.8445847697943089,2,60.0,81.4,4.42,SLOW,54.8,True,70.7,HIGH,유통기한 임박 | 소진일수 81일 초과,2.3,10.3,0.0,SAFE,"재고 여유 — 현재고(217), 재주문점(10)",0.0,121.7,45.4,80377.0,76.4,OVER,과잉 발주 위험 — 현재(215개) > EOQ(122개). 발주 주기 45일 권장,76.4,18.9,2.7,3.81,1.59,STABLE,80.4,0.0,WMA,0.0,36.9,10.0,8.4,6.0,7.5,5.0,POOR,낮은 매칭 · 폐기위험 높음,1.013,50.3,STABLE,15.7,LOW,78.3,HIGH,36.8,23.3,78.8,0.3,30.0,785647.0,100.0,0.385,0.385,88.5,False,22.6,192,37.3,158,100.0,0.999,4.9,73.4,50.0,HOLD,50.0,2,99.8,70.7,42.6,disposal_risk,49.7,모니터링,286,HEURISTIC 29% | ABC 14% | TURNOVER 14% | DISPOSAL_RISK 14% | SAFETY_STOCK 8% | EOQ 7% | DEMAND_FORECAST 7% | MATCH 5%,"['⏰ 유통기한 임박 (84%)', '❄️ 냉장·냉동 과잉 (78%)', '💸 배송비 상승 (91%)', '⚡ 복합 스트레스 (60%)']","{'재고위험': '25.1%', '판매가능성': '13.2%', '점포이동적합': '14.0%', '비용절감': '18.3%', '폐기회피이익': '13.2%', '실행가능성': '12.8%', '이력보정': '3.3%'}",True,True,False,True,False,True,58.8,32.8,56.4,55.8,72.0,60.3,57.3,54.5,0.0,52.0,검토,할인 판매,🏷️,248,HIGH,신뢰도 높음 ●,#2e7d32,,,52.0,검토,할인 판매,-1,-1,False,False,,50.0,17367.0,30936.0,17367.0,17.63,31.04,17.63,35.0,486.0,214.0,393.0,재고 이동,재고 이동,72.823,일치,72.823,54.779,36.571,22.93
도시락074,합정점,노원점,295.0,재배치 추천,22362.0,프로모션 순비용이 재배치 비용보다 높습니다.,16.71016189361277,18.714689265536723,18,0,53.4,후순위,22362.0,295.0,340,False,Greedy 선택 후보보다 우선순위가 낮음,7.04,3140,304,0,신선식품,250,295,211.0,49.0,250,662540.0,A,0.4700351316340167,1,100.0,43.2,8.33,NORMAL,76.0,False,56.6,MEDIUM,유통기한 임박 | 신선/냉장 고위험 카테고리,6.0,27.1,0.0,SAFE,"재고 여유 — 현재고(304), 재주문점(27)",0.0,152.9,21.7,168047.0,94.9,OVER,과잉 발주 위험 — 현재(298개) > EOQ(153개). 발주 주기 22일 권장,94.9,49.1,7.01,9.92,4.11,STABLE,43.3,2.2,WMA,2.2,36.2,10.0,3.71,10.0,7.5,5.0,POOR,낮은 매칭 · 핵심(A)상품,0.994,49.9,STABLE,8.5,LOW,78.3,HIGH,32.2,35.1,98.9,0.3,30.0,1162948.0,100.0,0.385,0.385,88.5,True,30.7,67,29.9,256,100.0,0.999,4.9,78.8,50.0,HOLD,50.0,2,99.8,70.7,26.5,disposal_risk,60.1,검토 필요,119,HEURISTIC 29% | ABC 14% | TURNOVER 14% | DISPOSAL_RISK 14% | SAFETY_STOCK 8% | EOQ 7% | DEMAND_FORECAST 7% | MATCH 5%,"['⏰ 유통기한 임박 (84%)', '❄️ 냉장·냉동 과잉 (78%)', '💸 배송비 상승 (91%)', '⚡ 복합 스트레스 (60%)']","{'재고위험': '25.1%', '판매가능성': '13.2%', '점포이동적합': '14.0%', '비용절감': '18.3%', '폐기회피이익': '13.2%', '실행가능성': '12.8%', '이력보정': '3.3%'}",True,True,False,True,False,True,64.1,33.8,55.2,58.6,72.0,77.6,61.8,58.5,0.0,91.3,최적,보류,⏸️,37,HIGH,신뢰도 높음 ●,#2e7d32,,,91.3,최적,보류,-1,-1,False,False,,50.0,22362.0,39522.0,22362.0,23.18,40.58,23.18,46.0,885.0,295.0,778.0,재고 이동,재고 이동,83.653,일치,83.653,57.046,34.969,14.825
아이스크림044,신촌2점,여의도2점,32.0,재배치 추천,6234.0,프로모션 순비용이 재배치 비용보다 높습니다.,35.13005739085744,0.14124293785310735,18,0,53.3,후순위,6234.0,32.0,341,False,Greedy 선택 후보보다 우선순위가 낮음,4.69,2390,282,2,디저트,250,269,141.0,33.0,250,336990.0,A,0.7413131806038247,1,100.0,60.0,6.0,NORMAL,66.7,False,53.0,MEDIUM,유통기한 임박,4.0,18.1,0.0,SAFE,"재고 여유 — 현재고(282), 재주문점(18)",0.0,169.3,36.1,101135.0,64.2,OVER,과잉 발주 위험 — 현재(278개) > EOQ(169개). 발주 주기 36일 권장,64.2,32.9,4.7,6.63,2.77,STABLE,60.0,0.0,WMA,0.0,36.1,10.0,3.6,10.0,7.5,5.0,POOR,낮은 매칭 · 핵심(A)상품,1.005,50.1,STABLE,11.7,LOW,73.1,HIGH,42.1,8.2,88.3,0.3,30.0,93542.0,100.0,0.385,0.385,88.5,False,18.7,366,29.0,274,100.0,0.999,4.9,76.2,50.0,HOLD,50.0,2,99.8,70.7,28.1,disposal_risk,53.7,모니터링,218,HEURISTIC 29% | ABC 14% | TURNOVER 14% | DISPOSAL_RISK 14% | SAFETY_STOCK 8% | EOQ 7% | DEMAND_FORECAST 7% | MATCH 5%,"['⏰ 유통기한 임박 (84%)', '❄️ 냉장·냉동 과잉 (78%)', '💸 배송비 상승 (91%)', '⚡ 복합 스트레스 (60%)']","{'재고위험': '25.1%', '판매가능성': '13.2%', '점포이동적합': '14.0%', '비용절감': '18.3%', '폐기회피이익': '13.2%', '실행가능성': '12.8%', '이력보정': '3.3%'}",True,True,False,True,False,True,60.0,32.7,54.7,53.9,72.0,61.6,55.2,54.3,0.0,51.0,검토,보류,⏸️,253,HIGH,신뢰도 높음 ●,#2e7d32,,,51.0,검토,보류,-1,-1,False,False,,50.0,6234.0,15069.0,6234.0,5.26,13.41,5.26,11.0,87.0,269.0,32.0,재고 이동,재고 이동,71.285,일치,71.285,44.966,27.523,31.108
차음료041,명동점,여의도2점,31.0,프로모션 추천,7897.0,프로모션 순비용이 재배치 비용보다 낮습니다.,33.23073408902721,0.07062146892655367,12,8,53.3,후순위,7897.0,31.0,342,False,Greedy 선택 후보보다 우선순위가 낮음,3.59,1367,341,6,음료,300,311,108.0,25.0,300,147636.0,B,0.9273282340169376,2,60.0,94.7,3.8,DEAD,47.4,True,60.0,HIGH,유통기한 임박 | 소진일수 95일 초과,3.1,13.9,0.0,SAFE,"재고 여유 — 현재고(341), 재주문점(14)",0.0,230.8,64.3,56782.0,46.4,OPTIMAL,"적정 발주 — EOQ(231개), 권장 발주 주기 64일",46.4,25.1,3.59,5.07,2.1,STABLE,95.1,0.0,WMA,0.0,36.9,10.0,8.4,6.0,7.5,5.0,POOR,낮은 매칭 · 폐기위험 높음,0.995,49.9,STABLE,18.6,LOW,59.1,MEDIUM,38.7,8.2,88.3,0.3,30.0,52255.0,100.0,0.385,0.385,88.5,False,20.3,301,33.7,203,100.0,0.999,4.9,76.2,50.0,HOLD,50.0,2,99.8,70.7,47.3,disposal_risk,43.8,모니터링,372,HEURISTIC 29% | ABC 14% | TURNOVER 14% | DISPOSAL_RISK 14% | SAFETY_STOCK 8% | EOQ 7% | DEMAND_FORECAST 7% | MATCH 5%,"['⏰ 유통기한 임박 (84%)', '❄️ 냉장·냉동 과잉 (78%)', '💸 배송비 상승 (91%)', '⚡ 복합 스트레스 (60%)']","{'재고위험': '25.1%', '판매가능성': '13.2%', '점포이동적합': '14.0%', '비용절감': '18.3%', '폐기회피이익': '13.2%', '실행가능성': '12.8%', '이력보정': '3.3%'}",True,True,False,True,False,True,52.1,32.7,56.0,51.3,72.0,61.6,56.1,52.0,0.0,28.1,검토,할인 판매,🏷️,376,HIGH,신뢰도 높음 ●,#2e7d32,,,28.1,검토,할인 판매,-1,-1,False,False,,50.0,10230.0,24825.0,10230.0,9.7,24.25,9.7,19.0,349.0,311.0,31.0,할인,재고 이동,60.78,다름,60.78,47.959,32.706,31.414
차음료041,왕십리점,여의도2점,31.0,프로모션 추천,7897.0,프로모션 순비용이 재배치 비용보다 낮습니다.,33.23073408902721,0.07062146892655367,12,8,53.3,후순위,7897.0,31.0,343,False,Greedy 선택 후보보다 우선순위가 낮음,3.39,1367,336,1,음료,300,332,102.0,24.0,300,139434.0,B,0.9273282340169376,2,60.0,98.8,3.64,DEAD,45.1,True,68.0,HIGH,유통기한 임박 | 소진일수 99일 초과,2.9,13.1,0.0,SAFE,"재고 여유 — 현재고(336), 재주문점(13)",0.0,224.2,66.1,55178.0,48.6,OPTIMAL,"적정 발주 — EOQ(224개), 권장 발주 주기 66일",48.6,23.9,3.41,4.81,2.02,STABLE,98.4,0.0,WMA,0.0,36.9,10.0,8.4,6.0,7.5,5.0,POOR,낮은 매칭 · 폐기위험 높음,1.011,50.3,STABLE,19.3,LOW,76.6,HIGH,38.7,8.2,88.3,0.3,30.0,52255.0,100.0,0.385,0.385,88.5,False,22.0,211,37.1,161,100.0,0.999,4.9,76.2,50.0,HOLD,50.0,2,99.8,70.7,44.9,disposal_risk,45.4,모니터링,349,HEURISTIC 29% | ABC 14% | TURNOVER 14% | DISPOSAL_RISK 14% | SAFETY_STOCK 8% | EOQ 7% | DEMAND_FORECAST 7% | MATCH 5%,"['⏰ 유통기한 임박 (84%)', '❄️ 냉장·냉동 과잉 (78%)', '💸 배송비 상승 (91%)', '⚡ 복합 스트레스 (60%)']","{'재고위험': '25.1%', '판매가능성': '13.2%', '점포이동적합': '14.0%', '비용절감': '18.3%', '폐기회피이익': '13.2%', '실행가능성': '12.8%', '이력보정': '3.3%'}",True,True,False,True,False,True,55.1,32.8,56.6,51.6,72.0,61.6,57.0,53.0,0.0,36.7,검토,할인 판매,🏷️,330,HIGH,신뢰도 높음 ●,#2e7d32,,,36.7,검토,할인 판매,0,-1,False,False,,50.0,15045.0,23079.0,15045.0,15.05,22.31,15.05,30.0,349.0,332.0,31.0,할인,재고 이동,60.099,다름,60.099,50.208,35.032,32.003
차음료041,잠실점,여의도2점,31.0,프로모션 추천,7897.0,프로모션 순비용이 재배치 비용보다 낮습니다.,33.23073408902721,0.07062146892655367,12,8,53.3,후순위,7897.0,31.0,344,False,Greedy 선택 후보보다 우선순위가 낮음,3.21,1367,388,5,음료,300,366,96.0,22.0,300,131232.0,B,0.9273282340169376,2,60.0,121.2,2.97,DEAD,32.7,True,60.0,HIGH,유통기한 임박 | 소진일수 121일 초과,2.8,12.4,0.0,SAFE,"재고 여유 — 현재고(388), 재주문점(12)",0.0,218.2,68.0,53693.0,76.5,OVER,과잉 발주 위험 — 현재(385개) > EOQ(218개). 발주 주기 68일 권장,76.5,22.2,3.17,4.5,1.85,STABLE,122.3,0.0,WMA,0.0,36.9,10.0,8.4,6.0,7.5,5.0,POOR,낮은 매칭 · 폐기위험 높음,0.979,49.5,STABLE,24.0,LOW,62.6,MEDIUM,38.7,8.2,88.3,0.3,30.0,52255.0,100.0,0.385,0.385,88.5,False,20.3,301,35.0,180,100.0,0.999,4.9,76.2,50.0,HOLD,50.0,2,99.8,70.7,48.1,disposal_risk,43.5,모니터링,379,HEURISTIC 29% | ABC 14% | TURNOVER 14% | DISPOSAL_RISK 14% | SAFETY_STOCK 8% | EOQ 7% | DEMAND_FORECAST 7% | MATCH 5%,"['⏰ 유통기한 임박 (84%)', '❄️ 냉장·냉동 과잉 (78%)', '💸 배송비 상승 (91%)', '⚡ 복합 스트레스 (60%)']","{'재고위험': '25.1%', '판매가능성': '13.2%', '점포이동적합': '14.0%', '비용절감': '18.3%', '폐기회피이익': '13.2%', '실행가능성': '12.8%', '이력보정': '3.3%'}",True,True,False,True,False,True,48.2,32.6,56.2,55.8,72.0,61.6,56.1,51.9,0.0,26.1,검토,할인 판매,🏷️,387,HIGH,신뢰도 높음 ●,#2e7d32,,,26.1,검토,할인 판매,0,-1,False,False,,50.0,20904.0,23277.0,20904.0,21.56,22.53,21.56,43.0,349.0,366.0,31.0,할인,재고 이동,59.835,다름,59.835,51.656,35.512,30.914
김밥017,홍대점,종로점,85.0,재배치 추천,9537.0,프로모션 순비용이 재배치 비용보다 높습니다.,31.357679239356994,3.8841807909604524,18,0,53.2,후순위,9537.0,85.0,345,False,Greedy 선택 후보보다 우선순위가 낮음,5.25,3260,259,4,신선식품,400,230,158.0,37.0,400,515080.0,A,0.49367488330734166,1,100.0,49.2,7.32,NORMAL,72.7,False,49.6,MEDIUM,유통기한 임박 | 신선/냉장 고위험 카테고리,4.5,20.2,0.0,SAFE,"재고 여유 — 현재고(259), 재주문점(20)",0.0,129.6,24.7,147866.0,96.4,OVER,과잉 발주 위험 — 현재(254개) > EOQ(130개). 발주 주기 25일 권장,96.4,36.9,5.27,7.44,3.11,STABLE,49.1,1.4,WMA,1.4,36.2,10.0,3.67,10.0,7.5,5.0,POOR,낮은 매칭 · 핵심(A)상품,1.007,50.2,STABLE,9.6,LOW,66.1,MEDIUM,23.5,50.3,87.0,0.3,30.0,356983.0,100.0,0.385,0.385,88.5,True,23.8,146,27.3,311,100.0,0.999,4.9,75.9,50.0,HOLD,50.0,1,100.0,70.6,27.5,turnover,57.3,검토 필요,168,HEURISTIC 29% | ABC 14% | TURNOVER 14% | DISPOSAL_RISK 14% | SAFETY_STOCK 8% | EOQ 7% | DEMAND_FORECAST 7% | MATCH 5%,"['⏰ 유통기한 임박 (84%)', '❄️ 냉장·냉동 과잉 (78%)', '💸 배송비 상승 (91%)', '⚡ 복합 스트레스 (60%)']","{'재고위험': '25.1%', '판매가능성': '13.2%', '점포이동적합': '14.0%', '비용절감': '18.3%', '폐기회피이익': '13.2%', '실행가능성': '12.8%', '이력보정': '3.3%'}",True,True,False,True,False,True,60.1,33.5,54.3,58.7,72.0,74.8,58.1,57.0,0.0,80.7,최적,보류,⏸️,94,HIGH,신뢰도 높음 ●,#2e7d32,,,80.7,최적,보류,0,0,True,False,,50.0,9537.0,26958.0,9537.0,8.93,26.62,8.93,18.0,87.0,230.0,85.0,재고 이동,재고 이동,71.999,일치,71.999,46.619,30.096,30.502
냉동만두047,홍대점,왕십리점,167.0,재배치 추천,14604.0,프로모션 순비용이 재배치 비용보다 높습니다.,25.570625017845416,9.675141242937853,18,0,53.2,후순위,14604.0,167.0,346,False,Greedy 선택 후보보다 우선순위가 낮음,0.87,657,304,14,냉동식품,250,287,26.0,6.0,250,17082.0,C,1.0,3,20.0,350.8,1.03,DEAD,0.0,True,36.0,LOW,소진일수 351일 초과 | 신선/냉장 고위험 카테고리,0.7,3.3,0.0,SAFE,"재고 여유 — 현재고(304), 재주문점(3)",0.0,126.9,145.9,25018.0,100.0,OVER,과잉 발주 위험 — 현재(303개) > EOQ(127개). 발주 주기 146일 권장,100.0,6.0,0.86,1.22,0.5,STABLE,354.7,0.0,WMA,0.0,25.5,10.0,0.0,3.0,7.5,5.0,POOR,낮은 매칭,0.985,49.6,STABLE,35.4,LOW,43.3,MEDIUM,26.4,23.6,84.2,0.3,30.0,158809.0,100.0,0.385,0.385,88.5,True,15.1,447,26.0,375,100.0,0.999,4.9,75.1,50.0,HOLD,50.0,2,99.8,70.6,58.5,disposal_risk,23.9,후순위,496,HEURISTIC 29% | ABC 14% | TURNOVER 14% | DISPOSAL_RISK 14% | SAFETY_STOCK 8% | EOQ 7% | DEMAND_FORECAST 7% | MATCH 5%,"['⏰ 유통기한 임박 (84%)', '❄️ 냉장·냉동 과잉 (78%)', '💸 배송비 상승 (91%)', '⚡ 복합 스트레스 (60%)']","{'재고위험': '25.1%', '판매가능성': '13.2%', '점포이동적합': '14.0%', '비용절감': '18.3%', '폐기회피이익': '13.2%', '실행가능성': '12.8%', '이력보정': '3.3%'}",True,True,False,True,False,True,22.7,32.6,49.2,59.3,72.0,64.0,53.2,45.5,0.0,5.4,검토,보류,⏸️,498,HIGH,신뢰도 높음 ●,#2e7d32,,,5.4,검토,보류,0,0,True,False,,50.0,14604.0,24690.0,14604.0,14.56,24.1,14.56,29.0,232.0,287.0,167.0,재고 이동,재고 이동,62.671,일치,62.671,53.232,33.385,20.142
라면080,혜화점,왕십리점,286.0,재배치 추천,21999.0,프로모션 순비용이 재배치 비용보다 높습니다.,17.124746595094653,18.07909604519774,18,0,53.2,후순위,21999.0,286.0,347,False,Greedy 선택 후보보다 우선순위가 낮음,6.57,1204,295,0,간편식,500,286,197.0,46.0,500,237188.0,B,0.8896110979107996,2,60.0,44.9,8.01,NORMAL,75.1,False,52.5,MEDIUM,유통기한 임박,5.6,25.3,0.0,SAFE,"재고 여유 — 현재고(295), 재주문점(25)",0.0,300.9,45.8,79699.0,3.1,OPTIMAL,"적정 발주 — EOQ(301개), 권장 발주 주기 46일",3.1,46.0,6.57,9.28,3.86,STABLE,44.9,2.0,WMA,2.0,32.2,10.0,3.7,6.0,7.5,5.0,POOR,낮은 매칭,1.0,50.0,STABLE,8.7,LOW,78.3,HIGH,37.0,23.6,84.2,0.3,30.0,534214.0,100.0,0.385,0.385,88.5,False,28.4,82,27.5,301,100.0,0.999,4.9,75.1,50.0,HOLD,50.0,1,100.0,70.6,41.9,turnover,43.8,모니터링,373,HEURISTIC 29% | ABC 14% | TURNOVER 14% | DISPOSAL_RISK 14% | SAFETY_STOCK 8% | EOQ 7% | DEMAND_FORECAST 7% | MATCH 5%,"['⏰ 유통기한 임박 (84%)', '❄️ 냉장·냉동 과잉 (78%)', '💸 배송비 상승 (91%)', '⚡ 복합 스트레스 (60%)']","{'재고위험': '25.1%', '판매가능성': '13.2%', '점포이동적합': '14.0%', '비용절감': '18.3%', '폐기회피이익': '13.2%', '실행가능성': '12.8%', '이력보정': '3.3%'}",True,True,False,True,False,True,56.0,33.7,52.5,44.7,72.0,64.0,60.6,51.8,0.0,24.4,검토,보류,⏸️,396,HIGH,신뢰도 높음 ●,#2e7d32,,,24.4,검토,보류,-1,0,False,False,,50.0,0.0,21999.0,21999.0,0.0,21.11,21.11,42.0,815.0,286.0,753.0,재고 이동,재고 이동,74.153,일치,74.153,50.042,30.223,14.437
냉동피자020,강남2점,잠실점,80.0,재배치 추천,9384.0,프로모션 순비용이 재배치 비용보다 높습니다.,31.53242155155184,3.531073446327684,18,0,53.1,후순위,9384.0,80.0,348,False,Greedy 선택 후보보다 우선순위가 낮음,1.11,1572,112,21,냉동식품,400,80,33.0,8.0,400,51876.0,B,0.8194229269640343,2,60.0,101.8,3.54,DEAD,43.4,True,42.8,MEDIUM,소진일수 102일 초과 | 신선/냉장 고위험 카테고리,1.0,4.3,0.0,SAFE,"재고 여유 — 현재고(112), 재주문점(4)",0.0,92.7,83.5,43711.0,19.7,OPTIMAL,"적정 발주 — EOQ(93개), 권장 발주 주기 84일",19.7,7.9,1.13,1.59,0.67,STABLE,99.2,0.0,WMA,0.0,32.1,10.0,3.6,6.0,7.5,5.0,POOR,낮은 매칭,1.03,50.7,STABLE,19.6,LOW,43.3,MEDIUM,30.3,44.7,96.3,0.3,30.0,173528.0,100.0,0.385,0.385,88.5,True,16.5,420,26.1,372,100.0,0.999,4.9,78.2,50.0,HOLD,50.0,2,99.8,70.6,51.6,disposal_risk,35.9,후순위,446,HEURISTIC 29% | ABC 14% | TURNOVER 14% | DISPOSAL_RISK 14% | SAFETY_STOCK 8% | EOQ 7% | DEMAND_FORECAST 7% | MATCH 5%,"['⏰ 유통기한 임박 (84%)', '❄️ 냉장·냉동 과잉 (78%)', '💸 배송비 상승 (91%)', '⚡ 복합 스트레스 (60%)']","{'재고위험': '25.1%', '판매가능성': '13.2%', '점포이동적합': '14.0%', '비용절감': '18.3%', '폐기회피이익': '13.2%', '실행가능성': '12.8%', '이력보정': '3.3%'}",True,True,False,True,False,True,43.2,32.9,52.5,47.2,72.0,79.1,54.0,50.9,0.0,18.6,검토,보류,⏸️,427,HIGH,신뢰도 높음 ●,#2e7d32,,,18.6,검토,보류,-1,0,False,False,,50.0,9384.0,29325.0,9384.0,8.76,29.25,8.76,18.0,236.0,80.0,122.0,재고 이동,재고 이동,56.605,일치,56.605,43.538,30.502,30.952
컵밥007,용산점,노원점,278.0,재배치 추천,21624.0,프로모션 순비용이 재배치 비용보다 높습니다.,17.553036575964367,17.51412429378531,18,0,53.1,후순위,21624.0,278.0,349,False,Greedy 선택 후보보다 우선순위가 낮음,1.4,3334,279,0,간편식,300,278,42.0,10.0,300,140028.0,A,0.23037995959756308,1,100.0,199.3,1.81,DEAD,0.0,True,75.0,HIGH,유통기한 임박 | 소진일수 199일 초과,1.2,5.4,0.0,SAFE,"재고 여유 — 현재고(279), 재주문점(5)",0.0,83.5,59.6,61222.0,100.0,OVER,과잉 발주 위험 — 현재(278개) > EOQ(84개). 발주 주기 60일 권장,100.0,9.9,1.41,1.99,0.84,STABLE,197.3,0.0,WMA,0.0,40.9,10.0,8.4,10.0,7.5,5.0,FAIR,보통 매칭 · 폐기위험 높음 · 핵심(A)상품,1.02,50.5,STABLE,35.0,LOW,78.3,HIGH,29.4,35.1,98.9,0.3,30.0,1173998.0,100.0,0.385,0.385,88.5,False,23.8,146,44.6,20,100.0,0.999,4.9,78.8,50.0,HOLD,50.0,2,99.8,70.6,19.3,disposal_risk,51.4,모니터링,251,HEURISTIC 29% | ABC 14% | TURNOVER 14% | DISPOSAL_RISK 14% | SAFETY_STOCK 8% | EOQ 7% | DEMAND_FORECAST 7% | MATCH 5%,"['⏰ 유통기한 임박 (84%)', '❄️ 냉장·냉동 과잉 (78%)', '💸 배송비 상승 (91%)', '⚡ 복합 스트레스 (60%)']","{'재고위험': '25.1%', '판매가능성': '13.2%', '점포이동적합': '14.0%', '비용절감': '18.3%', '폐기회피이익': '13.2%', '실행가능성': '12.8%', '이력보정': '3.3%'}",True,True,False,True,False,True,52.2,32.8,60.2,59.2,72.0,77.6,58.0,56.2,0.0,72.3,권장,할인 판매,🏷️,139,HIGH,신뢰도 높음 ●,#2e7d32,,,72.3,권장,할인 판매,-1,-1,False,False,,50.0,21624.0,28758.0,21624.0,22.36,28.619999999999997,22.36,45.0,561.0,278.0,416.0,재고 이동,재고 이동,79.818,일치,79.818,59.914,36.624,15.703
커피038,잠실2점,마포점,334.0,재배치 추천,25071.0,프로모션 순비용이 재배치 비용보다 높습니다.,13.616195071809953,21.468926553672315,18,0,53.1,후순위,25071.0,334.0,350,False,Greedy 선택 후보보다 우선순위가 낮음,8.45,2507,357,2,음료,300,334,253.0,59.0,300,634271.0,A,0.5815062590510993,1,100.0,42.3,8.5,NORMAL,76.5,False,44.2,MEDIUM,유통기한 임박,7.2,32.6,0.0,SAFE,"재고 여유 — 현재고(357), 재주문점(33)",0.0,261.4,30.9,117975.0,33.8,OPTIMAL,"적정 발주 — EOQ(261개), 권장 발주 주기 31일",33.8,59.1,8.44,11.93,4.96,STABLE,42.3,2.4,WMA,2.4,36.2,10.0,3.72,10.0,7.5,5.0,POOR,낮은 매칭 · 핵심(A)상품,0.997,49.9,STABLE,8.3,LOW,73.1,HIGH,38.8,23.3,78.8,0.3,30.0,1079935.0,100.0,0.385,0.385,88.5,False,30.5,70,24.9,414,100.0,0.999,4.9,73.4,50.0,HOLD,50.0,2,99.8,70.6,27.0,turnover,52.9,모니터링,234,HEURISTIC 29% | ABC 14% | TURNOVER 14% | DISPOSAL_RISK 14% | SAFETY_STOCK 8% | EOQ 7% | DEMAND_FORECAST 7% | MATCH 5%,"['⏰ 유통기한 임박 (84%)', '❄️ 냉장·냉동 과잉 (78%)', '💸 배송비 상승 (91%)', '⚡ 복합 스트레스 (60%)']","{'재고위험': '25.1%', '판매가능성': '13.2%', '점포이동적합': '14.0%', '비용절감': '18.3%', '폐기회피이익': '13.2%', '실행가능성': '12.8%', '이력보정': '3.3%'}",True,True,False,True,False,True,58.7,33.9,53.6,49.3,72.0,60.3,61.7,53.0,0.0,37.1,검토,보류,⏸️,328,HIGH,신뢰도 높음 ●,#2e7d32,,,37.1,검토,보류,-1,-1,False,False,,50.0,25071.0,26913.0,25071.0,26.19,26.57,26.19,52.0,750.0,334.0,618.0,재고 이동,재고 이동,77.312,일치,77.312,51.648,31.676,16.051
라면080,여의도점,왕십리점,166.0,재배치 추천,14757.0,프로모션 순비용이 재배치 비용보다 높습니다.,25.39588270565057,9.6045197740113,18,0,53.0,후순위,14757.0,166.0,351,False,Greedy 선택 후보보다 우선순위가 낮음,3.8,1204,176,2,간편식,500,166,114.0,27.0,500,137256.0,B,0.8896110979107996,2,60.0,46.3,7.77,NORMAL,74.3,False,51.2,MEDIUM,유통기한 임박,3.3,14.7,0.0,SAFE,"재고 여유 — 현재고(176), 재주문점(15)",0.0,228.8,60.2,60613.0,19.6,OPTIMAL,"적정 발주 — EOQ(229개), 권장 발주 주기 60일",19.6,26.8,3.83,5.4,2.26,STABLE,46.0,1.9,WMA,1.9,32.2,10.0,3.7,6.0,7.5,5.0,POOR,낮은 매칭,1.015,50.4,STABLE,9.0,LOW,73.1,HIGH,37.0,23.6,84.2,0.3,30.0,308080.0,100.0,0.385,0.385,88.5,False,27.4,93,27.0,324,100.0,0.999,4.9,75.1,50.0,HOLD,50.0,2,99.8,70.6,42.4,turnover,44.3,모니터링,366,HEURISTIC 29% | ABC 14% | TURNOVER 14% | DISPOSAL_RISK 14% | SAFETY_STOCK 8% | EOQ 7% | DEMAND_FORECAST 7% | MATCH 5%,"['⏰ 유통기한 임박 (84%)', '❄️ 냉장·냉동 과잉 (78%)', '💸 배송비 상승 (91%)', '⚡ 복합 스트레스 (60%)']","{'재고위험': '25.1%', '판매가능성': '13.2%', '점포이동적합': '14.0%', '비용절감': '18.3%', '폐기회피이익': '13.2%', '실행가능성': '12.8%', '이력보정': '3.3%'}",True,True,False,True,False,True,55.2,33.8,52.4,47.1,72.0,64.0,60.0,52.0,0.0,27.4,검토,보류,⏸️,380,HIGH,신뢰도 높음 ●,#2e7d32,,,27.4,검토,보류,0,0,True,False,,50.0,14757.0,22431.0,14757.0,14.73,21.59,14.73,29.0,815.0,166.0,753.0,재고 이동,재고 이동,72.339,일치,72.339,47.961,29.378,20.127
핫바051,사당점,압구정점,36.0,프로모션 추천,8544.0,프로모션 순비용이 재배치 비용보다 낮습니다.,32.4917911087,0.423728813559322,12,8,52.9,후순위,8544.0,36.0,352,False,Greedy 선택 후보보다 우선순위가 낮음,3.95,1280,324,3,간편식,250,308,118.0,28.0,250,151040.0,B,0.8570508570106676,2,60.0,82.4,4.37,SLOW,54.2,True,69.2,HIGH,유통기한 임박 | 소진일수 82일 초과,3.4,15.3,0.0,SAFE,"재고 여유 — 현재고(324), 재주문점(15)",0.0,226.3,57.3,63718.0,41.7,OPTIMAL,"적정 발주 — EOQ(226개), 권장 발주 주기 57일",41.7,27.9,3.99,5.62,2.36,STABLE,81.3,0.0,WMA,0.0,36.9,10.0,8.4,6.0,7.5,5.0,POOR,낮은 매칭 · 폐기위험 높음,1.013,50.3,STABLE,15.9,LOW,69.6,MEDIUM,23.9,35.6,98.7,0.3,30.0,55752.0,100.0,0.385,0.385,88.5,False,22.4,201,36.7,167,100.0,0.999,4.9,78.7,50.0,HOLD,50.0,2,99.8,70.6,43.3,disposal_risk,46.4,모니터링,335,HEURISTIC 29% | ABC 14% | TURNOVER 14% | DISPOSAL_RISK 14% | SAFETY_STOCK 8% | EOQ 7% | DEMAND_FORECAST 7% | MATCH 5%,"['⏰ 유통기한 임박 (84%)', '❄️ 냉장·냉동 과잉 (78%)', '💸 배송비 상승 (91%)', '⚡ 복합 스트레스 (60%)']","{'재고위험': '25.1%', '판매가능성': '13.2%', '점포이동적합': '14.0%', '비용절감': '18.3%', '폐기회피이익': '13.2%', '실행가능성': '12.8%', '이력보정': '3.3%'}",True,True,False,True,False,True,58.0,32.8,56.8,50.4,72.0,77.7,57.2,55.5,0.0,65.8,권장,할인 판매,🏷️,174,HIGH,신뢰도 높음 ●,#2e7d32,,,65.8,권장,할인 판매,-1,-1,False,True,8160.0,66.9,10851.0,23250.0,10851.0,10.39,22.5,10.39,21.0,171.0,308.0,36.0,할인,재고 이동,61.199,다름,61.199,48.849,34.007,32.347
핫바051,여의도점,압구정점,36.0,프로모션 추천,8544.0,프로모션 순비용이 재배치 비용보다 낮습니다.,32.4917911087,0.423728813559322,12,8,52.9,후순위,8544.0,36.0,353,False,Greedy 선택 후보보다 우선순위가 낮음,5.98,1280,348,2,간편식,250,332,179.0,42.0,250,229120.0,B,0.8570508570106676,2,60.0,58.3,6.17,NORMAL,67.6,False,57.2,MEDIUM,유통기한 임박,5.1,23.0,0.0,SAFE,"재고 여유 — 현재고(348), 재주문점(23)",0.0,278.4,46.6,78400.0,23.2,OPTIMAL,"적정 발주 — EOQ(278개), 권장 발주 주기 47일",23.2,41.9,5.99,8.45,3.52,STABLE,58.1,0.2,WMA,0.2,32.1,10.0,3.61,6.0,7.5,5.0,POOR,낮은 매칭,1.003,50.1,STABLE,11.3,LOW,73.1,HIGH,23.9,35.6,98.7,0.3,30.0,55752.0,100.0,0.385,0.385,88.5,False,19.9,321,29.8,260,100.0,0.999,4.9,78.7,50.0,HOLD,50.0,2,99.8,70.6,43.1,disposal_risk,43.4,모니터링,380,HEURISTIC 29% | ABC 14% | TURNOVER 14% | DISPOSAL_RISK 14% | SAFETY_STOCK 8% | EOQ 7% | DEMAND_FORECAST 7% | MATCH 5%,"['⏰ 유통기한 임박 (84%)', '❄️ 냉장·냉동 과잉 (78%)', '💸 배송비 상승 (91%)', '⚡ 복합 스트레스 (60%)']","{'재고위험': '25.1%', '판매가능성': '13.2%', '점포이동적합': '14.0%', '비용절감': '18.3%', '폐기회피이익': '13.2%', '실행가능성': '12.8%', '이력보정': '3.3%'}",True,True,False,True,False,True,56.2,32.8,53.3,47.6,72.0,77.7,55.9,54.1,0.0,48.1,검토,보류,⏸️,269,HIGH,신뢰도 높음 ●,#2e7d32,,,48.1,검토,보류,0,-1,False,False,,50.0,13164.0,18768.0,13164.0,12.96,17.520000000000003,12.96,26.0,171.0,332.0,36.0,할인,재고 이동,60.162,다름,60.162,44.348,30.975,32.929
케이크078,여의도2점,잠실점,264.0,재배치 추천,20904.0,프로모션 순비용이 재배치 비용보다 높습니다.,18.375353339234216,16.52542372881356,18,0,52.9,후순위,20904.0,264.0,354,False,Greedy 선택 후보보다 우선순위가 낮음,6.43,2650,282,2,디저트,300,264,193.0,45.0,300,511450.0,A,0.64225766471405,1,100.0,43.8,8.21,NORMAL,75.7,False,44.9,MEDIUM,유통기한 임박,5.5,24.8,0.0,SAFE,"재고 여유 — 현재고(282), 재주문점(25)",0.0,188.2,29.3,124694.0,46.9,OPTIMAL,"적정 발주 — EOQ(188개), 권장 발주 주기 29일",46.9,45.0,6.43,9.08,3.78,STABLE,43.9,2.2,WMA,2.2,36.2,10.0,3.71,10.0,7.5,5.0,POOR,낮은 매칭 · 핵심(A)상품,1.0,50.0,STABLE,8.5,LOW,73.1,HIGH,23.4,44.7,96.3,0.3,30.0,897816.0,100.0,0.385,0.385,88.5,False,29.0,77,25.2,401,100.0,0.999,4.9,78.2,50.0,HOLD,50.0,2,99.8,70.6,27.1,turnover,53.5,모니터링,222,HEURISTIC 29% | ABC 14% | TURNOVER 14% | DISPOSAL_RISK 14% | SAFETY_STOCK 8% | EOQ 7% | DEMAND_FORECAST 7% | MATCH 5%,"['⏰ 유통기한 임박 (84%)', '❄️ 냉장·냉동 과잉 (78%)', '💸 배송비 상승 (91%)', '⚡ 복합 스트레스 (60%)']","{'재고위험': '25.1%', '판매가능성': '13.2%', '점포이동적합': '14.0%', '비용절감': '18.3%', '폐기회피이익': '13.2%', '실행가능성': '12.8%', '이력보정': '3.3%'}",True,True,False,True,False,True,58.8,33.8,54.2,51.1,72.0,79.1,60.9,55.8,0.0,69.1,권장,보류,⏸️,156,HIGH,신뢰도 높음 ●,#2e7d32,,,69.1,권장,보류,-1,0,False,False,,50.0,20904.0,23277.0,20904.0,21.56,22.53,21.56,43.0,351.0,264.0,289.0,재고 이동,재고 이동,72.206,일치,72.206,47.969,31.399,23.531
요거트006,여의도점,노원점,318.0,재배치 추천,24261.0,프로모션 순비용이 재배치 비용보다 높습니다.,14.541301430488536,20.33898305084746,18,0,52.9,후순위,24261.0,318.0,355,False,Greedy 선택 후보보다 우선순위가 낮음,3.52,1419,332,3,유제품,500,318,106.0,25.0,500,150414.0,A,0.7940108140096701,1,100.0,94.0,3.83,DEAD,47.8,True,76.0,HIGH,유통기한 임박 | 소진일수 94일 초과 | 신선/냉장 고위험 카테고리,3.0,13.6,0.0,SAFE,"재고 여유 — 현재고(332), 재주문점(14)",0.0,160.8,45.7,79881.0,100.0,OVER,과잉 발주 위험 — 현재(329개) > EOQ(161개). 발주 주기 46일 권장,100.0,24.9,3.56,5.01,2.11,STABLE,93.3,0.0,WMA,0.0,40.9,10.0,8.4,10.0,7.5,5.0,FAIR,보통 매칭 · 폐기위험 높음 · 핵심(A)상품,1.015,50.4,STABLE,18.3,LOW,69.6,MEDIUM,24.1,35.1,98.9,0.3,30.0,676229.0,100.0,0.385,0.385,88.5,True,24.1,139,40.8,73,100.0,0.999,4.9,78.8,50.0,HOLD,50.0,2,99.8,70.6,26.4,disposal_risk,59.4,검토 필요,131,HEURISTIC 29% | ABC 14% | TURNOVER 14% | DISPOSAL_RISK 14% | SAFETY_STOCK 8% | EOQ 7% | DEMAND_FORECAST 7% | MATCH 5%,"['⏰ 유통기한 임박 (84%)', '❄️ 냉장·냉동 과잉 (78%)', '💸 배송비 상승 (91%)', '⚡ 복합 스트레스 (60%)']","{'재고위험': '25.1%', '판매가능성': '13.2%', '점포이동적합': '14.0%', '비용절감': '18.3%', '폐기회피이익': '13.2%', '실행가능성': '12.8%', '이력보정': '3.3%'}",True,True,False,True,False,True,65.4,32.8,59.4,59.1,72.0,77.6,58.2,59.4,0.0,95.6,최적,할인 판매,🏷️,14,HIGH,신뢰도 높음 ●,#2e7d32,,,95.6,최적,할인 판매,0,-1,False,False,,50.0,24261.0,36345.0,24261.0,25.29,37.05,25.29,51.0,521.0,318.0,435.0,재고 이동,재고 이동,81.995,일치,81.995,57.924,37.79,17.891
에너지드링크012,상암점,여의도2점,65.0,재배치 추천,8727.0,프로모션 순비용이 재배치 비용보다 높습니다.,32.282785598035574,2.4717514124293785,18,0,52.8,후순위,8727.0,65.0,356,False,Greedy 선택 후보보다 우선순위가 낮음,6.12,1966,305,0,음료,150,297,184.0,43.0,150,361744.0,A,0.6967554031566018,1,100.0,49.7,7.24,NORMAL,72.4,False,49.9,MEDIUM,유통기한 임박,5.2,23.6,0.0,SAFE,"재고 여유 — 현재고(305), 재주문점(24)",0.0,251.2,41.0,88910.0,19.3,OPTIMAL,"적정 발주 — EOQ(251개), 권장 발주 주기 41일",19.3,42.9,6.13,8.65,3.6,STABLE,49.8,1.4,WMA,1.4,36.2,10.0,3.67,10.0,7.5,5.0,POOR,낮은 매칭 · 핵심(A)상품,1.004,50.1,STABLE,9.7,LOW,78.3,HIGH,38.7,8.2,88.3,0.3,30.0,154371.0,100.0,0.385,0.385,88.5,False,24.0,143,27.4,306,100.0,0.999,4.9,76.2,50.0,HOLD,50.0,2,99.8,70.6,27.6,turnover,51.5,모니터링,250,HEURISTIC 29% | ABC 14% | TURNOVER 14% | DISPOSAL_RISK 14% | SAFETY_STOCK 8% | EOQ 7% | DEMAND_FORECAST 7% | MATCH 5%,"['⏰ 유통기한 임박 (84%)', '❄️ 냉장·냉동 과잉 (78%)', '💸 배송비 상승 (91%)', '⚡ 복합 스트레스 (60%)']","{'재고위험': '25.1%', '판매가능성': '13.2%', '점포이동적합': '14.0%', '비용절감': '18.3%', '폐기회피이익': '13.2%', '실행가능성': '12.8%', '이력보정': '3.3%'}",True,True,False,True,False,True,60.1,33.4,54.4,46.9,72.0,61.6,58.1,53.1,0.0,38.4,검토,보류,⏸️,321,HIGH,신뢰도 높음 ●,#2e7d32,,,38.4,검토,보류,-1,-1,False,False,,50.0,8727.0,20316.0,8727.0,8.03,19.240000000000002,8.03,16.0,130.0,297.0,65.0,재고 이동,재고 이동,67.743,일치,67.743,42.226,26.773,30.905
딸기우유054,신촌점,선릉점,164.0,재배치 추천,14829.0,프로모션 순비용이 재배치 비용보다 높습니다.,25.313651029323587,9.463276836158192,18,0,52.8,후순위,14829.0,164.0,357,False,Greedy 선택 후보보다 우선순위가 낮음,3.1,1828,172,2,유제품,300,164,93.0,22.0,300,170004.0,B,0.9443179613862073,2,60.0,55.5,6.49,NORMAL,69.2,False,58.7,MEDIUM,유통기한 임박 | 신선/냉장 고위험 카테고리,2.7,12.0,0.0,SAFE,"재고 여유 — 현재고(172), 재주문점(12)",0.0,133.0,42.9,85084.0,27.3,OPTIMAL,"적정 발주 — EOQ(133개), 권장 발주 주기 43일",27.3,21.9,3.13,4.41,1.85,STABLE,55.0,0.7,WMA,0.7,32.1,10.0,3.64,6.0,7.5,5.0,POOR,낮은 매칭,1.014,50.3,STABLE,10.8,LOW,73.1,HIGH,30.6,48.8,83.3,0.3,30.0,394121.0,100.0,0.385,0.385,88.5,True,21.9,219,30.3,248,100.0,0.999,4.9,74.8,50.0,HOLD,50.0,1,100.0,70.6,42.5,disposal_risk,44.6,모니터링,358,HEURISTIC 29% | ABC 14% | TURNOVER 14% | DISPOSAL_RISK 14% | SAFETY_STOCK 8% | EOQ 7% | DEMAND_FORECAST 7% | MATCH 5%,"['⏰ 유통기한 임박 (84%)', '❄️ 냉장·냉동 과잉 (78%)', '💸 배송비 상승 (91%)', '⚡ 복합 스트레스 (60%)']","{'재고위험': '25.1%', '판매가능성': '13.2%', '점포이동적합': '14.0%', '비용절감': '18.3%', '폐기회피이익': '13.2%', '실행가능성': '12.8%', '이력보정': '3.3%'}",True,True,False,True,False,True,57.3,33.1,53.0,48.1,72.0,71.8,57.0,53.7,0.0,44.3,검토,보류,⏸️,289,HIGH,신뢰도 높음 ●,#2e7d32,,,44.3,검토,보류,0,-1,False,False,,50.0,14829.0,18912.0,14829.0,14.81,17.68,14.81,30.0,738.0,164.0,681.0,재고 이동,재고 이동,72.569,일치,72.569,48.89,30.582,20.906
냉동치킨030,홍대2점,상암점,223.0,재배치 추천,18480.0,프로모션 순비용이 재배치 비용보다 높습니다.,21.14381977557605,13.62994350282486,18,0,52.8,후순위,18480.0,223.0,358,False,Greedy 선택 후보보다 우선순위가 낮음,4.15,2145,234,2,냉동식품,300,223,125.0,29.0,300,268125.0,A,0.7549271720942319,1,100.0,56.2,6.41,NORMAL,68.8,False,57.1,MEDIUM,유통기한 임박 | 신선/냉장 고위험 카테고리,3.6,16.0,0.0,SAFE,"재고 여유 — 현재고(234), 재주문점(16)",0.0,153.4,37.0,98729.0,50.2,OVER,과잉 발주 위험 — 현재(230개) > EOQ(153개). 발주 주기 37일 권장,50.2,29.0,4.14,5.85,2.43,STABLE,56.5,0.5,WMA,0.5,36.1,10.0,3.62,10.0,7.5,5.0,POOR,낮은 매칭 · 핵심(A)상품,0.998,50.0,STABLE,11.0,LOW,73.1,HIGH,30.2,35.6,64.6,0.3,30.0,622422.0,100.0,0.385,0.385,88.5,True,21.0,264,30.5,244,100.0,0.999,4.9,67.5,50.0,HOLD,50.0,2,99.8,70.6,27.5,disposal_risk,54.0,모니터링,214,HEURISTIC 29% | ABC 14% | TURNOVER 14% | DISPOSAL_RISK 14% | SAFETY_STOCK 8% | EOQ 7% | DEMAND_FORECAST 7% | MATCH 5%,"['⏰ 유통기한 임박 (84%)', '❄️ 냉장·냉동 과잉 (78%)', '💸 배송비 상승 (91%)', '⚡ 복합 스트레스 (60%)']","{'재고위험': '25.1%', '판매가능성': '13.2%', '점포이동적합': '14.0%', '비용절감': '18.3%', '폐기회피이익': '13.2%', '실행가능성': '12.8%', '이력보정': '3.3%'}",True,True,False,True,False,True,62.4,33.0,54.1,51.6,72.0,54.9,56.5,53.6,0.0,42.5,검토,보류,⏸️,299,HIGH,신뢰도 높음 ●,#2e7d32,,,42.5,검토,보류,-1,-1,False,False,,50.0,0.0,18480.0,18480.0,0.0,17.2,17.2,34.0,431.0,223.0,257.0,재고 이동,재고 이동,73.119,일치,73.119,48.424,30.622,24.258
에너지드링크012,상암점,신촌점,41.0,재배치 추천,7260.0,프로모션 순비용이 재배치 비용보다 높습니다.,33.958256003197896,0.7768361581920904,18,0,52.7,후순위,7260.0,41.0,359,False,Greedy 선택 후보보다 우선순위가 낮음,6.12,1966,305,0,음료,150,297,184.0,43.0,150,361744.0,A,0.6967554031566018,1,100.0,49.7,7.24,NORMAL,72.4,False,49.9,MEDIUM,유통기한 임박,5.2,23.6,0.0,SAFE,"재고 여유 — 현재고(305), 재주문점(24)",0.0,251.2,41.0,88910.0,19.3,OPTIMAL,"적정 발주 — EOQ(251개), 권장 발주 주기 41일",19.3,42.9,6.13,8.65,3.6,STABLE,49.8,1.4,WMA,1.4,36.2,10.0,3.67,10.0,7.5,5.0,POOR,낮은 매칭 · 핵심(A)상품,1.004,50.1,STABLE,9.7,LOW,78.3,HIGH,43.2,28.1,86.3,0.3,30.0,95617.0,100.0,0.385,0.385,88.5,False,24.0,143,27.4,306,100.0,0.999,4.9,75.7,50.0,HOLD,50.0,2,99.8,70.5,27.6,turnover,51.4,모니터링,253,HEURISTIC 29% | ABC 14% | TURNOVER 14% | DISPOSAL_RISK 14% | SAFETY_STOCK 8% | EOQ 7% | DEMAND_FORECAST 7% | MATCH 5%,"['⏰ 유통기한 임박 (84%)', '❄️ 냉장·냉동 과잉 (78%)', '💸 배송비 상승 (91%)', '⚡ 복합 스트레스 (60%)']","{'재고위험': '25.1%', '판매가능성': '13.2%', '점포이동적합': '14.0%', '비용절감': '18.3%', '폐기회피이익': '13.2%', '실행가능성': '12.8%', '이력보정': '3.3%'}",True,True,False,True,False,True,60.1,33.4,54.3,46.9,72.0,66.9,58.1,53.8,0.0,44.9,검토,보류,⏸️,286,HIGH,신뢰도 높음 ●,#2e7d32,,,44.9,검토,보류,-1,0,False,False,,50.0,7260.0,17157.0,7260.0,6.4,15.73,6.4,13.0,130.0,297.0,41.0,재고 이동,재고 이동,67.829,일치,67.829,41.877,26.155,31.391
과일컵070,선릉점,명동점,107.0,재배치 추천,11337.0,프로모션 순비용이 재배치 비용보다 높습니다.,29.301887331182364,5.437853107344632,18,0,52.7,후순위,11337.0,107.0,360,False,Greedy 선택 후보보다 우선순위가 낮음,5.69,2879,197,2,신선식품,400,182,171.0,40.0,400,492309.0,A,0.31603006918284465,1,100.0,34.6,10.42,NORMAL,80.8,False,50.3,MEDIUM,유통기한 임박 | 신선/냉장 고위험 카테고리,4.9,22.0,0.0,SAFE,"재고 여유 — 현재고(197), 재주문점(22)",0.0,143.6,25.2,144663.0,33.8,OPTIMAL,"적정 발주 — EOQ(144개), 권장 발주 주기 25일",33.8,39.9,5.7,8.05,3.35,STABLE,34.6,3.4,WMA,3.4,36.3,10.0,3.77,10.0,7.5,5.0,POOR,낮은 매칭 · 핵심(A)상품,1.004,50.1,STABLE,6.7,LOW,73.1,HIGH,24.2,32.8,100.0,0.3,30.0,401127.0,100.0,0.385,0.385,88.5,True,40.1,34,27.0,324,100.0,0.999,4.9,79.0,50.0,HOLD,50.0,2,99.8,70.5,26.0,turnover,55.5,검토 필요,197,HEURISTIC 29% | ABC 14% | TURNOVER 14% | DISPOSAL_RISK 14% | SAFETY_STOCK 8% | EOQ 7% | DEMAND_FORECAST 7% | MATCH 5%,"['⏰ 유통기한 임박 (84%)', '❄️ 냉장·냉동 과잉 (78%)', '💸 배송비 상승 (91%)', '⚡ 복합 스트레스 (60%)']","{'재고위험': '25.1%', '판매가능성': '13.2%', '점포이동적합': '14.0%', '비용절감': '18.3%', '폐기회피이익': '13.2%', '실행가능성': '12.8%', '이력보정': '3.3%'}",True,True,False,True,False,True,62.5,34.4,54.6,49.1,72.0,77.6,67.0,56.4,0.0,74.7,권장,보류,⏸️,126,HIGH,신뢰도 높음 ●,#2e7d32,,,74.7,권장,보류,-1,-1,False,False,,50.0,11337.0,23412.0,11337.0,10.93,22.68,10.93,22.0,143.0,182.0,107.0,재고 이동,재고 이동,67.504,일치,67.504,42.835,28.829,31.845
에너지드링크033,역삼점,신촌점,156.0,재배치 추천,14460.0,프로모션 순비용이 재배치 비용보다 높습니다.,25.735088370499387,8.898305084745763,18,0,52.6,후순위,14460.0,156.0,361,False,Greedy 선택 후보보다 우선순위가 낮음,5.5,1298,272,0,음료,300,265,165.0,38.0,300,214170.0,B,0.8320359109103723,2,60.0,49.5,7.28,NORMAL,72.5,False,49.7,MEDIUM,유통기한 임박,4.7,21.2,0.0,SAFE,"재고 여유 — 현재고(272), 재주문점(21)",0.0,293.1,53.3,68486.0,7.0,OPTIMAL,"적정 발주 — EOQ(293개), 권장 발주 주기 53일",7.0,38.2,5.46,7.73,3.19,STABLE,49.8,1.4,WMA,1.4,32.2,10.0,3.67,6.0,7.5,5.0,POOR,낮은 매칭,0.987,49.7,STABLE,9.9,LOW,78.3,HIGH,43.2,28.1,86.3,0.3,30.0,275326.0,100.0,0.385,0.385,88.5,False,23.8,146,26.6,348,100.0,0.999,4.9,75.7,50.0,HOLD,50.0,2,99.8,70.5,43.2,turnover,42.1,모니터링,393,HEURISTIC 29% | ABC 14% | TURNOVER 14% | DISPOSAL_RISK 14% | SAFETY_STOCK 8% | EOQ 7% | DEMAND_FORECAST 7% | MATCH 5%,"['⏰ 유통기한 임박 (84%)', '❄️ 냉장·냉동 과잉 (78%)', '💸 배송비 상승 (91%)', '⚡ 복합 스트레스 (60%)']","{'재고위험': '25.1%', '판매가능성': '13.2%', '점포이동적합': '14.0%', '비용절감': '18.3%', '폐기회피이익': '13.2%', '실행가능성': '12.8%', '이력보정': '3.3%'}",True,True,False,True,False,True,54.1,33.3,52.4,45.0,72.0,66.9,58.0,51.7,0.0,23.3,검토,보류,⏸️,402,HIGH,신뢰도 높음 ●,#2e7d32,,,23.3,검토,보류,-1,0,False,False,,50.0,14460.0,18921.0,14460.0,14.4,17.689999999999998,14.4,29.0,297.0,265.0,156.0,재고 이동,재고 이동,63.376,일치,63.376,43.146,30.139,27.939
라면080,구로점,건대점,290.0,재배치 추천,22920.0,프로모션 순비용이 재배치 비용보다 높습니다.,16.072866402078635,18.361581920903955,18,0,52.4,후순위,22920.0,290.0,362,False,Greedy 선택 후보보다 우선순위가 낮음,2.1,1204,301,4,간편식,500,290,63.0,15.0,500,75852.0,B,0.8896110979107996,2,60.0,143.3,2.51,DEAD,20.4,True,65.0,HIGH,유통기한 임박 | 소진일수 143일 초과,1.8,8.1,0.0,SAFE,"재고 여유 — 현재고(301), 재주문점(8)",0.0,170.1,81.0,45059.0,75.9,OVER,과잉 발주 위험 — 현재(299개) > EOQ(170개). 발주 주기 81일 권장,75.9,14.9,2.13,2.99,1.26,STABLE,141.4,0.0,WMA,0.0,36.9,10.0,8.4,6.0,7.5,5.0,POOR,낮은 매칭 · 폐기위험 높음,1.02,50.5,STABLE,27.9,LOW,66.1,MEDIUM,24.2,43.6,76.3,0.3,30.0,541072.0,100.0,0.385,0.385,88.5,False,21.6,228,38.0,143,100.0,0.999,4.9,72.5,50.0,HOLD,50.0,2,99.8,70.5,45.4,disposal_risk,41.9,모니터링,397,HEURISTIC 29% | ABC 14% | TURNOVER 14% | DISPOSAL_RISK 14% | SAFETY_STOCK 8% | EOQ 7% | DEMAND_FORECAST 7% | MATCH 5%,"['⏰ 유통기한 임박 (84%)', '❄️ 냉장·냉동 과잉 (78%)', '💸 배송비 상승 (91%)', '⚡ 복합 스트레스 (60%)']","{'재고위험': '25.1%', '판매가능성': '13.2%', '점포이동적합': '14.0%', '비용절감': '18.3%', '폐기회피이익': '13.2%', '실행가능성': '12.8%', '이력보정': '3.3%'}",True,True,False,True,False,True,47.2,32.8,56.5,55.2,72.0,65.4,56.8,52.1,0.0,28.7,검토,할인 판매,🏷️,373,HIGH,신뢰도 높음 ●,#2e7d32,,,28.7,검토,할인 판매,-1,0,False,False,,50.0,22920.0,26562.0,22920.0,23.8,26.18,23.8,48.0,815.0,290.0,741.0,재고 이동,재고 이동,79.21,일치,79.21,57.701,34.74,11.3
냉동피자020,이태원점,잠실점,122.0,재배치 추천,12651.0,프로모션 순비용이 재배치 비용보다 높습니다.,27.801159238214886,6.497175141242938,18,0,52.3,후순위,12651.0,122.0,363,False,Greedy 선택 후보보다 우선순위가 낮음,5.0,1572,355,6,냉동식품,400,313,150.0,35.0,400,235800.0,B,0.8194229269640343,2,60.0,71.0,5.07,SLOW,60.6,True,56.5,MEDIUM,유통기한 임박 | 소진일수 71일 초과 | 신선/냉장 고위험 카테고리,4.3,19.3,0.0,SAFE,"재고 여유 — 현재고(355), 재주문점(19)",0.0,196.7,39.3,92772.0,78.3,OVER,과잉 발주 위험 — 현재(351개) > EOQ(197개). 발주 주기 39일 권장,78.3,35.0,5.0,7.06,2.94,STABLE,71.0,0.0,WMA,0.0,32.1,10.0,3.6,6.0,7.5,5.0,POOR,낮은 매칭,1.0,50.0,STABLE,13.8,LOW,59.1,MEDIUM,30.3,44.7,96.3,0.3,30.0,266290.0,100.0,0.385,0.385,88.5,True,19.5,334,30.1,252,100.0,0.999,4.9,78.2,50.0,HOLD,50.0,2,99.8,70.5,45.5,disposal_risk,45.4,모니터링,350,HEURISTIC 29% | ABC 14% | TURNOVER 14% | DISPOSAL_RISK 14% | SAFETY_STOCK 8% | EOQ 7% | DEMAND_FORECAST 7% | MATCH 5%,"['⏰ 유통기한 임박 (84%)', '❄️ 냉장·냉동 과잉 (78%)', '💸 배송비 상승 (91%)', '⚡ 복합 스트레스 (60%)']","{'재고위험': '25.1%', '판매가능성': '13.2%', '점포이동적합': '14.0%', '비용절감': '18.3%', '폐기회피이익': '13.2%', '실행가능성': '12.8%', '이력보정': '3.3%'}",True,True,False,True,False,True,54.0,32.7,53.3,55.5,72.0,79.1,55.6,55.2,0.0,59.4,검토,보류,⏸️,208,HIGH,신뢰도 높음 ●,#2e7d32,,,59.4,검토,보류,-1,0,False,False,,50.0,12651.0,23502.0,12651.0,12.39,22.78,12.39,25.0,236.0,313.0,122.0,재고 이동,재고 이동,67.01,일치,67.01,49.718,33.606,27.199
죽003,역삼점,노원점,284.0,재배치 추천,22668.0,프로모션 순비용이 재배치 비용보다 높습니다.,16.360677269223082,17.937853107344633,18,0,52.3,후순위,22668.0,284.0,364,False,Greedy 선택 후보보다 우선순위가 낮음,5.01,1867,312,4,간편식,150,284,150.0,35.0,150,280050.0,A,0.7812158286916832,1,100.0,62.4,5.77,SLOW,65.3,True,51.2,MEDIUM,유통기한 임박,4.3,19.3,0.0,SAFE,"재고 여유 — 현재고(312), 재주문점(19)",0.0,211.0,42.1,86666.0,45.8,OPTIMAL,"적정 발주 — EOQ(211개), 권장 발주 주기 42일",45.8,35.0,5.0,7.07,2.93,STABLE,62.4,0.0,WMA,0.0,36.1,10.0,3.6,10.0,7.5,5.0,POOR,낮은 매칭 · 핵심(A)상품,0.998,50.0,STABLE,12.2,LOW,66.1,MEDIUM,29.4,35.1,98.9,0.3,30.0,656206.0,100.0,0.385,0.385,88.5,False,18.6,369,28.4,287,100.0,0.999,4.9,78.8,50.0,HOLD,50.0,2,99.8,70.5,28.6,disposal_risk,51.0,모니터링,260,HEURISTIC 29% | ABC 14% | TURNOVER 14% | DISPOSAL_RISK 14% | SAFETY_STOCK 8% | EOQ 7% | DEMAND_FORECAST 7% | MATCH 5%,"['⏰ 유통기한 임박 (84%)', '❄️ 냉장·냉동 과잉 (78%)', '💸 배송비 상승 (91%)', '⚡ 복합 스트레스 (60%)']","{'재고위험': '25.1%', '판매가능성': '13.2%', '점포이동적합': '14.0%', '비용절감': '18.3%', '폐기회피이익': '13.2%', '실행가능성': '12.8%', '이력보정': '3.3%'}",True,True,False,True,False,True,58.8,32.7,54.8,50.6,72.0,77.6,55.1,55.5,0.0,65.2,권장,보류,⏸️,177,HIGH,신뢰도 높음 ●,#2e7d32,,,65.2,권장,보류,-1,-1,False,False,,50.0,22668.0,30531.0,22668.0,23.52,30.59,23.52,47.0,862.0,284.0,756.0,재고 이동,재고 이동,78.562,일치,78.562,52.82,31.871,15.182
김밥017,왕십리점,선릉점,47.0,재배치 추천,8070.0,프로모션 순비용이 재배치 비용보다 높습니다.,33.03314964451931,1.2005649717514124,18,0,52.2,후순위,8070.0,47.0,365,False,Greedy 선택 후보보다 우선순위가 낮음,7.42,3260,269,4,신선식품,400,228,223.0,52.0,400,726980.0,A,0.49367488330734166,1,100.0,36.2,9.95,NORMAL,79.9,False,43.1,MEDIUM,유통기한 임박 | 신선/냉장 고위험 카테고리,6.4,28.7,0.0,SAFE,"재고 여유 — 현재고(269), 재주문점(29)",0.0,154.1,20.8,175789.0,70.4,OVER,과잉 발주 위험 — 현재(263개) > EOQ(154개). 발주 주기 21일 권장,70.4,52.0,7.43,10.49,4.37,STABLE,36.2,3.2,WMA,3.2,36.3,10.0,3.76,10.0,7.5,5.0,POOR,낮은 매칭 · 핵심(A)상품,1.001,50.0,STABLE,7.0,LOW,66.1,MEDIUM,36.5,48.8,83.3,0.3,30.0,194594.0,100.0,0.385,0.385,88.5,True,37.5,46,24.2,430,100.0,0.999,4.9,74.8,50.0,HOLD,50.0,2,99.8,70.4,26.3,turnover,55.7,검토 필요,192,HEURISTIC 29% | ABC 14% | TURNOVER 14% | DISPOSAL_RISK 14% | SAFETY_STOCK 8% | EOQ 7% | DEMAND_FORECAST 7% | MATCH 5%,"['⏰ 유통기한 임박 (84%)', '❄️ 냉장·냉동 과잉 (78%)', '💸 배송비 상승 (91%)', '⚡ 복합 스트레스 (60%)']","{'재고위험': '25.1%', '판매가능성': '13.2%', '점포이동적합': '14.0%', '비용절감': '18.3%', '폐기회피이익': '13.2%', '실행가능성': '12.8%', '이력보정': '3.3%'}",True,True,False,True,False,True,59.1,34.3,53.7,54.3,72.0,71.8,65.5,55.5,0.0,65.6,권장,보류,⏸️,175,HIGH,신뢰도 높음 ●,#2e7d32,,,65.6,권장,보류,0,-1,False,False,,50.0,8070.0,18093.0,8070.0,7.3,16.77,7.3,15.0,87.0,228.0,47.0,재고 이동,재고 이동,69.554,일치,69.554,43.366,27.52,31.724
아이스라떼021,잠실점,명동점,163.0,재배치 추천,15243.0,프로모션 순비용이 재배치 비용보다 높습니다.,24.840818890443423,9.392655367231638,18,0,52.2,후순위,15243.0,163.0,366,False,Greedy 선택 후보보다 우선순위가 낮음,1.06,3411,318,4,유제품,300,313,32.0,7.0,300,109152.0,A,0.3955185919274352,1,100.0,298.1,1.21,DEAD,0.0,True,68.0,HIGH,유통기한 임박 | 소진일수 298일 초과 | 신선/냉장 고위험 카테고리,0.9,4.1,0.0,SAFE,"재고 여유 — 현재고(318), 재주문점(4)",0.0,56.9,53.7,67963.0,100.0,OVER,과잉 발주 위험 — 현재(317개) > EOQ(57개). 발주 주기 54일 권장,100.0,7.2,1.03,1.47,0.59,STABLE,309.2,0.0,WMA,0.0,40.9,10.0,8.4,10.0,7.5,5.0,FAIR,보통 매칭 · 폐기위험 높음 · 핵심(A)상품,0.943,48.6,STABLE,36.4,LOW,66.1,MEDIUM,29.0,32.8,100.0,0.3,30.0,700849.0,100.0,0.385,0.385,88.5,True,22.5,197,42.1,47,100.0,0.999,4.9,79.0,50.0,HOLD,50.0,2,99.8,70.4,21.3,disposal_risk,49.1,모니터링,299,HEURISTIC 29% | ABC 14% | TURNOVER 14% | DISPOSAL_RISK 14% | SAFETY_STOCK 8% | EOQ 7% | DEMAND_FORECAST 7% | MATCH 5%,"['⏰ 유통기한 임박 (84%)', '❄️ 냉장·냉동 과잉 (78%)', '💸 배송비 상승 (91%)', '⚡ 복합 스트레스 (60%)']","{'재고위험': '25.1%', '판매가능성': '13.2%', '점포이동적합': '14.0%', '비용절감': '18.3%', '폐기회피이익': '13.2%', '실행가능성': '12.8%', '이력보정': '3.3%'}",True,True,False,True,False,True,49.2,32.3,59.7,58.7,72.0,77.6,57.3,55.2,0.0,60.5,검토,할인 판매,🏷️,202,HIGH,신뢰도 높음 ●,#2e7d32,,,60.5,검토,할인 판매,0,-1,False,False,,50.0,15243.0,20892.0,15243.0,15.27,19.880000000000003,15.27,31.0,275.0,313.0,163.0,재고 이동,재고 이동,73.29,일치,73.29,56.189,34.597,21.08
차음료041,왕십리점,건대점,221.0,재배치 추천,18885.0,프로모션 순비용이 재배치 비용보다 높습니다.,20.68126659623676,13.48870056497175,18,0,52.2,후순위,18885.0,221.0,367,False,Greedy 선택 후보보다 우선순위가 낮음,3.39,1367,336,1,음료,300,332,102.0,24.0,300,139434.0,B,0.9273282340169376,2,60.0,98.8,3.64,DEAD,45.1,True,68.0,HIGH,유통기한 임박 | 소진일수 99일 초과,2.9,13.1,0.0,SAFE,"재고 여유 — 현재고(336), 재주문점(13)",0.0,224.2,66.1,55178.0,48.6,OPTIMAL,"적정 발주 — EOQ(224개), 권장 발주 주기 66일",48.6,23.9,3.41,4.81,2.02,STABLE,98.4,0.0,WMA,0.0,36.9,10.0,8.4,6.0,7.5,5.0,POOR,낮은 매칭 · 폐기위험 높음,1.011,50.3,STABLE,19.3,LOW,76.6,HIGH,33.1,43.6,76.3,0.3,30.0,409943.0,100.0,0.385,0.385,88.5,False,22.3,204,37.0,163,100.0,0.999,4.9,72.5,50.0,HOLD,50.0,2,99.8,70.4,45.1,disposal_risk,44.5,모니터링,361,HEURISTIC 29% | ABC 14% | TURNOVER 14% | DISPOSAL_RISK 14% | SAFETY_STOCK 8% | EOQ 7% | DEMAND_FORECAST 7% | MATCH 5%,"['⏰ 유통기한 임박 (84%)', '❄️ 냉장·냉동 과잉 (78%)', '💸 배송비 상승 (91%)', '⚡ 복합 스트레스 (60%)']","{'재고위험': '25.1%', '판매가능성': '13.2%', '점포이동적합': '14.0%', '비용절감': '18.3%', '폐기회피이익': '13.2%', '실행가능성': '12.8%', '이력보정': '3.3%'}",True,True,False,True,False,True,55.1,32.8,56.3,51.0,72.0,65.4,57.2,53.3,0.0,39.5,검토,할인 판매,🏷️,315,HIGH,신뢰도 높음 ●,#2e7d32,,,39.5,검토,할인 판매,0,0,True,False,,50.0,0.0,18885.0,18885.0,0.0,17.65,17.65,36.0,349.0,332.0,221.0,재고 이동,재고 이동,70.273,일치,70.273,51.106,33.406,21.346
냉동치킨030,노원점,홍대점,265.0,재배치 추천,21570.0,프로모션 순비용이 재배치 비용보다 높습니다.,17.614710333209604,16.596045197740114,18,0,52.2,후순위,21570.0,265.0,368,False,Greedy 선택 후보보다 우선순위가 낮음,0.65,2145,295,33,냉동식품,300,265,20.0,5.0,300,42900.0,A,0.7549271720942319,1,100.0,442.5,0.81,DEAD,0.0,True,36.0,LOW,소진일수 442일 초과 | 신선/냉장 고위험 카테고리,0.6,2.6,0.0,SAFE,"재고 여유 — 현재고(295), 재주문점(3)",0.0,60.7,93.4,39073.0,100.0,OVER,과잉 발주 위험 — 현재(294개) > EOQ(61개). 발주 주기 93일 권장,100.0,4.8,0.69,0.95,0.42,STABLE,430.2,0.0,WMA,0.0,32.5,10.0,0.0,10.0,7.5,5.0,POOR,낮은 매칭 · 핵심(A)상품,1.099,52.5,STABLE,35.0,LOW,43.3,MEDIUM,34.4,50.8,83.4,0.3,30.0,740040.0,100.0,0.385,0.385,88.5,True,15.6,437,27.3,311,100.0,0.999,4.9,74.8,50.0,HOLD,50.0,2,99.8,70.4,26.4,disposal_risk,39.6,후순위,416,HEURISTIC 29% | ABC 14% | TURNOVER 14% | DISPOSAL_RISK 14% | SAFETY_STOCK 8% | EOQ 7% | DEMAND_FORECAST 7% | MATCH 5%,"['⏰ 유통기한 임박 (84%)', '❄️ 냉장·냉동 과잉 (78%)', '💸 배송비 상승 (91%)', '⚡ 복합 스트레스 (60%)']","{'재고위험': '25.1%', '판매가능성': '13.2%', '점포이동적합': '14.0%', '비용절감': '18.3%', '폐기회피이익': '13.2%', '실행가능성': '12.8%', '이력보정': '3.3%'}",True,True,False,True,False,True,34.7,33.4,52.6,58.7,72.0,72.5,53.5,50.1,0.0,14.5,검토,보류,⏸️,449,HIGH,신뢰도 높음 ●,#2e7d32,,,14.5,검토,보류,-1,0,False,False,,50.0,21570.0,38604.0,21570.0,22.3,39.56,22.3,45.0,431.0,265.0,348.0,재고 이동,재고 이동,71.984,일치,71.984,52.527,32.83,15.497
에너지드링크055,강남2점,노원점,301.0,재배치 추천,23829.0,프로모션 순비용이 재배치 비용보다 높습니다.,15.034691488450447,19.138418079096045,18,0,52.2,후순위,23829.0,301.0,369,False,Greedy 선택 후보보다 우선순위가 낮음,1.68,793,362,26,음료,400,301,50.0,12.0,400,39650.0,C,0.9669989959576407,3,20.0,217.2,1.66,DEAD,0.0,True,33.0,LOW,소진일수 217일 초과,1.4,6.4,0.0,SAFE,"재고 여유 — 현재고(362), 재주문점(6)",0.0,207.3,123.4,29585.0,74.0,OVER,과잉 발주 위험 — 현재(361개) > EOQ(207개). 발주 주기 123일 권장,74.0,11.9,1.7,2.39,1.01,STABLE,212.9,0.0,WMA,0.0,25.5,10.0,0.0,3.0,7.5,5.0,POOR,낮은 매칭,1.02,50.5,STABLE,35.0,LOW,43.3,MEDIUM,37.9,35.1,98.9,0.3,30.0,383003.0,100.0,0.385,0.385,88.5,False,15.0,449,24.7,420,100.0,0.999,4.9,78.8,50.0,HOLD,50.0,2,99.8,70.4,59.8,disposal_risk,20.6,후순위,499,HEURISTIC 29% | ABC 14% | TURNOVER 14% | DISPOSAL_RISK 14% | SAFETY_STOCK 8% | EOQ 7% | DEMAND_FORECAST 7% | MATCH 5%,"['⏰ 유통기한 임박 (84%)', '❄️ 냉장·냉동 과잉 (78%)', '💸 배송비 상승 (91%)', '⚡ 복합 스트레스 (60%)']","{'재고위험': '25.1%', '판매가능성': '13.2%', '점포이동적합': '14.0%', '비용절감': '18.3%', '폐기회피이익': '13.2%', '실행가능성': '12.8%', '이력보정': '3.3%'}",True,True,False,True,False,True,21.4,32.8,49.3,54.8,72.0,77.6,53.2,46.1,0.0,6.1,검토,보류,⏸️,494,HIGH,신뢰도 높음 ●,#2e7d32,,,6.1,검토,보류,-1,-1,False,False,,50.0,23829.0,31755.0,23829.0,24.81,31.95,24.81,50.0,617.0,301.0,462.0,재고 이동,재고 이동,66.328,일치,66.328,53.267,33.391,12.91
커피019,신림점,잠실점,245.0,재배치 추천,20436.0,프로모션 순비용이 재배치 비용보다 높습니다.,18.90985923535962,15.18361581920904,18,0,52.1,후순위,20436.0,245.0,370,False,Greedy 선택 후보보다 우선순위가 낮음,2.49,1307,258,4,음료,300,245,75.0,17.0,300,98025.0,B,0.8993652640154297,2,60.0,103.2,3.49,DEAD,42.7,True,60.0,HIGH,유통기한 임박 | 소진일수 103일 초과,2.1,9.6,0.0,SAFE,"재고 여유 — 현재고(258), 재주문점(10)",0.0,196.5,78.9,46240.0,30.2,OPTIMAL,"적정 발주 — EOQ(196개), 권장 발주 주기 79일",30.2,17.2,2.46,3.48,1.43,STABLE,105.0,0.0,WMA,0.0,36.9,10.0,8.4,6.0,7.5,5.0,POOR,낮은 매칭 · 폐기위험 높음,0.975,49.4,STABLE,20.8,LOW,66.1,MEDIUM,39.5,44.7,96.3,0.3,30.0,437322.0,100.0,0.385,0.385,88.5,False,20.5,293,34.2,191,100.0,0.999,4.9,78.2,50.0,HOLD,50.0,2,99.8,70.4,48.0,disposal_risk,40.9,모니터링,405,HEURISTIC 29% | ABC 14% | TURNOVER 14% | DISPOSAL_RISK 14% | SAFETY_STOCK 8% | EOQ 7% | DEMAND_FORECAST 7% | MATCH 5%,"['⏰ 유통기한 임박 (84%)', '❄️ 냉장·냉동 과잉 (78%)', '💸 배송비 상승 (91%)', '⚡ 복합 스트레스 (60%)']","{'재고위험': '25.1%', '판매가능성': '13.2%', '점포이동적합': '14.0%', '비용절감': '18.3%', '폐기회피이익': '13.2%', '실행가능성': '12.8%', '이력보정': '3.3%'}",True,True,False,True,False,True,50.9,32.5,56.3,48.2,72.0,79.1,56.2,53.4,0.0,41.3,검토,할인 판매,🏷️,305,HIGH,신뢰도 높음 ●,#2e7d32,,,41.3,검토,할인 판매,-1,0,False,False,,50.0,20436.0,21999.0,20436.0,21.04,21.11,21.04,42.0,696.0,245.0,621.0,재고 이동,재고 이동,72.537,일치,72.537,51.257,32.701,16.604
우유048,홍대점,노원점,263.0,재배치 추천,21570.0,프로모션 순비용이 재배치 비용보다 높습니다.,17.614710333209604,16.454802259887007,18,0,52.1,후순위,21570.0,263.0,371,False,Greedy 선택 후보보다 우선순위가 낮음,3.21,2924,321,13,유제품,150,263,96.0,22.0,150,280704.0,A,0.5389976019852944,1,100.0,100.3,3.59,DEAD,44.3,True,41.4,MEDIUM,소진일수 100일 초과 | 신선/냉장 고위험 카테고리,2.8,12.4,0.0,SAFE,"재고 여유 — 현재고(321), 재주문점(12)",0.0,107.0,33.3,109502.0,100.0,OVER,과잉 발주 위험 — 현재(318개) > EOQ(107개). 발주 주기 33일 권장,100.0,22.2,3.17,4.5,1.85,STABLE,101.2,0.0,WMA,0.0,36.1,10.0,3.6,10.0,7.5,5.0,POOR,낮은 매칭 · 핵심(A)상품,0.979,49.5,STABLE,20.0,LOW,43.3,MEDIUM,24.1,35.1,98.9,0.3,30.0,940694.0,100.0,0.385,0.385,88.5,True,16.8,413,26.4,362,100.0,0.999,4.9,78.8,50.0,HOLD,50.0,2,99.8,70.4,31.8,disposal_risk,49.0,모니터링,301,HEURISTIC 29% | ABC 14% | TURNOVER 14% | DISPOSAL_RISK 14% | SAFETY_STOCK 8% | EOQ 7% | DEMAND_FORECAST 7% | MATCH 5%,"['⏰ 유통기한 임박 (84%)', '❄️ 냉장·냉동 과잉 (78%)', '💸 배송비 상승 (91%)', '⚡ 복합 스트레스 (60%)']","{'재고위험': '25.1%', '판매가능성': '13.2%', '점포이동적합': '14.0%', '비용절감': '18.3%', '폐기회피이익': '13.2%', '실행가능성': '12.8%', '이력보정': '3.3%'}",True,True,False,True,False,True,48.9,32.6,54.4,58.7,72.0,77.6,54.2,54.4,0.0,51.6,검토,보류,⏸️,250,HIGH,신뢰도 높음 ●,#2e7d32,,,51.6,검토,보류,0,-1,False,False,,50.0,21570.0,38604.0,21570.0,22.3,39.56,22.3,45.0,511.0,263.0,483.0,재고 이동,재고 이동,75.401,일치,75.401,52.19,33.359,17.244
커피013,역삼점,노원점,281.0,재배치 추천,22668.0,프로모션 순비용이 재배치 비용보다 높습니다.,16.360677269223082,17.725988700564972,18,0,52.1,후순위,22668.0,281.0,372,False,Greedy 선택 후보보다 우선순위가 낮음,1.09,1543,290,6,음료,500,281,33.0,8.0,500,50919.0,B,0.9087869865371656,2,60.0,263.6,1.37,DEAD,0.0,True,60.0,HIGH,유통기한 임박 | 소진일수 264일 초과,0.9,4.2,0.0,SAFE,"재고 여유 — 현재고(290), 재주문점(4)",0.0,119.7,109.8,33241.0,100.0,OVER,과잉 발주 위험 — 현재(289개) > EOQ(120개). 발주 주기 110일 권장,100.0,7.9,1.13,1.58,0.68,STABLE,257.0,0.0,WMA,0.0,36.9,10.0,8.4,6.0,7.5,5.0,POOR,낮은 매칭 · 폐기위험 높음,1.048,51.2,STABLE,35.0,LOW,59.1,MEDIUM,37.9,35.1,98.9,0.3,30.0,638132.0,100.0,0.385,0.385,88.5,False,20.5,293,37.7,149,100.0,0.999,4.9,78.8,50.0,HOLD,50.0,2,99.8,70.4,42.1,disposal_risk,38.8,후순위,421,HEURISTIC 29% | ABC 14% | TURNOVER 14% | DISPOSAL_RISK 14% | SAFETY_STOCK 8% | EOQ 7% | DEMAND_FORECAST 7% | MATCH 5%,"['⏰ 유통기한 임박 (84%)', '❄️ 냉장·냉동 과잉 (78%)', '💸 배송비 상승 (91%)', '⚡ 복합 스트레스 (60%)']","{'재고위험': '25.1%', '판매가능성': '13.2%', '점포이동적합': '14.0%', '비용절감': '18.3%', '폐기회피이익': '13.2%', '실행가능성': '12.8%', '이력보정': '3.3%'}",True,True,False,True,False,True,39.5,33.1,57.0,58.7,72.0,77.6,56.2,52.5,0.0,32.6,검토,할인 판매,🏷️,352,HIGH,신뢰도 높음 ●,#2e7d32,,,32.6,검토,할인 판매,-1,-1,False,False,,50.0,22668.0,30531.0,22668.0,23.52,30.59,23.52,47.0,926.0,281.0,867.0,재고 이동,재고 이동,80.91,일치,80.91,59.996,34.506,7.703
마카롱008,압구정점,문래점,184.0,재배치 추천,16863.0,프로모션 순비용이 재배치 비용보다 높습니다.,22.99060617308626,10.875706214689265,18,0,51.9,후순위,16863.0,184.0,373,False,Greedy 선택 후보보다 우선순위가 낮음,3.75,1335,310,3,디저트,250,295,112.0,26.0,250,149520.0,C,0.9603518970403913,3,20.0,83.0,4.34,SLOW,53.9,True,64.5,HIGH,유통기한 임박 | 소진일수 83일 초과,3.2,14.4,0.0,SAFE,"재고 여유 — 현재고(310), 재주문점(14)",0.0,202.5,54.0,67588.0,51.5,OVER,과잉 발주 위험 — 현재(307개) > EOQ(202개). 발주 주기 54일 권장,51.5,26.1,3.73,5.28,2.18,STABLE,83.1,0.0,WMA,0.0,33.9,10.0,8.4,3.0,7.5,5.0,POOR,낮은 매칭 · 폐기위험 높음,0.99,49.8,STABLE,16.3,LOW,69.6,MEDIUM,32.8,47.9,90.2,0.3,30.0,323905.0,100.0,0.385,0.385,88.5,False,21.4,239,34.2,191,100.0,0.999,4.9,76.7,50.0,HOLD,50.0,2,99.8,70.4,47.5,disposal_risk,37.1,후순위,432,HEURISTIC 29% | ABC 14% | TURNOVER 14% | DISPOSAL_RISK 14% | SAFETY_STOCK 8% | EOQ 7% | DEMAND_FORECAST 7% | MATCH 5%,"['⏰ 유통기한 임박 (84%)', '❄️ 냉장·냉동 과잉 (78%)', '💸 배송비 상승 (91%)', '⚡ 복합 스트레스 (60%)']","{'재고위험': '25.1%', '판매가능성': '13.2%', '점포이동적합': '14.0%', '비용절감': '18.3%', '폐기회피이익': '13.2%', '실행가능성': '12.8%', '이력보정': '3.3%'}",True,True,False,True,False,True,49.8,32.6,54.8,51.3,72.0,76.1,56.7,53.2,0.0,38.5,검토,할인 판매,🏷️,320,HIGH,신뢰도 높음 ●,#2e7d32,,,38.5,검토,할인 판매,-1,-1,False,False,,50.0,16863.0,21693.0,16863.0,17.07,20.770000000000003,17.07,34.0,200.0,295.0,184.0,재고 이동,재고 이동,63.596,일치,63.596,51.527,35.691,25.905
도시락016,잠실점,노원점,264.0,재배치 추천,21795.0,프로모션 순비용이 재배치 비용보다 높습니다.,17.357736344687776,16.52542372881356,18,0,51.9,후순위,21795.0,264.0,374,False,Greedy 선택 후보보다 우선순위가 낮음,2.27,2297,267,0,신선식품,150,264,68.0,16.0,150,156196.0,B,0.9362765472469301,2,60.0,117.8,3.06,DEAD,34.6,True,80.0,CRITICAL,유통기한 임박 | 소진일수 118일 초과 | 신선/냉장 고위험 카테고리,1.9,8.7,0.0,SAFE,"재고 여유 — 현재고(267), 재주문점(9)",0.0,101.5,44.7,81616.0,100.0,OVER,과잉 발주 위험 — 현재(265개) > EOQ(102개). 발주 주기 45일 권장,100.0,16.0,2.29,3.22,1.35,STABLE,116.8,0.0,WMA,0.0,40.5,10.0,12.0,6.0,7.5,5.0,FAIR,보통 매칭 · 폐기위험 높음,1.007,50.2,STABLE,22.9,LOW,78.3,HIGH,32.2,35.1,98.9,0.3,30.0,745495.0,100.0,0.385,0.385,88.5,True,25.1,117,43.4,35,100.0,0.999,4.9,78.8,50.0,HOLD,50.0,2,99.8,70.4,40.3,disposal_risk,49.9,모니터링,281,HEURISTIC 29% | ABC 14% | TURNOVER 14% | DISPOSAL_RISK 14% | SAFETY_STOCK 8% | EOQ 7% | DEMAND_FORECAST 7% | MATCH 5%,"['⏰ 유통기한 임박 (84%)', '❄️ 냉장·냉동 과잉 (78%)', '💸 배송비 상승 (91%)', '⚡ 복합 스트레스 (60%)']","{'재고위험': '25.1%', '판매가능성': '13.2%', '점포이동적합': '14.0%', '비용절감': '18.3%', '폐기회피이익': '13.2%', '실행가능성': '12.8%', '이력보정': '3.3%'}",True,True,False,True,False,True,57.7,32.8,59.8,58.5,72.0,77.6,58.7,57.4,0.0,84.4,최적,할인 판매,🏷️,74,HIGH,신뢰도 높음 ●,#2e7d32,,,84.4,최적,할인 판매,0,-1,False,False,,50.0,21795.0,33060.0,21795.0,22.55,33.4,22.55,45.0,284.0,264.0,268.0,재고 이동,재고 이동,73.247,일치,73.247,58.604,39.316,22.635
우유048,여의도2점,노원점,301.0,재배치 추천,24090.0,프로모션 순비용이 재배치 비용보다 높습니다.,14.736601661765125,19.138418079096045,18,0,51.9,후순위,24090.0,301.0,375,False,Greedy 선택 후보보다 우선순위가 낮음,5.48,2924,308,0,유제품,150,301,164.0,38.0,150,479536.0,A,0.5389976019852944,1,100.0,56.3,6.39,NORMAL,68.7,False,61.2,HIGH,유통기한 임박 | 신선/냉장 고위험 카테고리,4.7,21.1,0.0,SAFE,"재고 여유 — 현재고(308), 재주문점(21)",0.0,139.8,25.5,143074.0,100.0,OVER,과잉 발주 위험 — 현재(303개) > EOQ(140개). 발주 주기 26일 권장,100.0,38.1,5.44,7.7,3.18,STABLE,56.6,0.5,WMA,0.5,40.9,10.0,8.42,10.0,7.5,5.0,FAIR,보통 매칭 · 폐기위험 높음 · 핵심(A)상품,0.991,49.8,STABLE,11.2,LOW,78.3,HIGH,24.1,35.1,98.9,0.3,30.0,1077209.0,100.0,0.385,0.385,88.5,True,22.4,201,33.1,209,100.0,0.999,4.9,78.8,50.0,HOLD,50.0,2,99.8,70.4,27.4,disposal_risk,59.1,검토 필요,134,HEURISTIC 29% | ABC 14% | TURNOVER 14% | DISPOSAL_RISK 14% | SAFETY_STOCK 8% | EOQ 7% | DEMAND_FORECAST 7% | MATCH 5%,"['⏰ 유통기한 임박 (84%)', '❄️ 냉장·냉동 과잉 (78%)', '💸 배송비 상승 (91%)', '⚡ 복합 스트레스 (60%)']","{'재고위험': '25.1%', '판매가능성': '13.2%', '점포이동적합': '14.0%', '비용절감': '18.3%', '폐기회피이익': '13.2%', '실행가능성': '12.8%', '이력보정': '3.3%'}",True,True,False,True,False,True,64.3,32.9,57.9,58.5,72.0,77.6,57.2,58.8,0.0,93.2,최적,할인 판매,🏷️,27,HIGH,신뢰도 높음 ●,#2e7d32,,,93.2,최적,할인 판매,-1,-1,False,False,,50.0,24090.0,36993.0,24090.0,25.1,37.769999999999996,25.1,50.0,511.0,301.0,483.0,재고 이동,재고 이동,79.53,일치,79.53,55.032,36.23,18.758
냉동피자020,혜화점,홍대점,86.0,재배치 추천,10824.0,프로모션 순비용이 재배치 비용보다 높습니다.,29.887788025012135,3.954802259887006,18,0,51.8,후순위,10824.0,86.0,376,False,Greedy 선택 후보보다 우선순위가 낮음,6.16,1572,180,11,냉동식품,400,86,185.0,43.0,400,290820.0,B,0.8194229269640343,2,60.0,29.2,12.33,FAST,83.8,False,16.3,LOW,신선/냉장 고위험 카테고리,5.3,23.8,0.0,SAFE,"재고 여유 — 현재고(180), 재주문점(24)",0.0,218.3,35.4,102973.0,16.0,OPTIMAL,"적정 발주 — EOQ(218개), 권장 발주 주기 35일",16.0,43.0,6.14,8.68,3.6,STABLE,29.3,5.3,WMA,5.3,28.8,10.0,0.26,6.0,7.5,5.0,POOR,낮은 매칭,0.997,49.9,STABLE,5.8,LOW,43.3,MEDIUM,34.4,50.8,83.4,0.3,30.0,185806.0,100.0,0.385,0.385,88.5,True,53.7,19,11.8,498,100.0,0.999,4.9,74.8,50.0,HOLD,50.0,2,99.8,70.4,37.9,turnover,38.4,후순위,425,HEURISTIC 29% | ABC 14% | TURNOVER 14% | DISPOSAL_RISK 14% | SAFETY_STOCK 8% | EOQ 7% | DEMAND_FORECAST 7% | MATCH 5%,"['⏰ 유통기한 임박 (84%)', '❄️ 냉장·냉동 과잉 (78%)', '💸 배송비 상승 (91%)', '⚡ 복합 스트레스 (60%)']","{'재고위험': '25.1%', '판매가능성': '13.2%', '점포이동적합': '14.0%', '비용절감': '18.3%', '폐기회피이익': '13.2%', '실행가능성': '12.8%', '이력보정': '3.3%'}",True,True,False,True,False,True,42.1,35.3,47.8,45.9,72.0,72.5,74.4,49.1,0.0,10.6,검토,보류,⏸️,470,HIGH,신뢰도 높음 ●,#2e7d32,,,10.6,검토,보류,-1,0,False,False,,50.0,10824.0,27741.0,10824.0,10.36,27.490000000000002,10.36,21.0,236.0,86.0,120.0,재고 이동,재고 이동,56.779,일치,56.779,35.531,25.526,31.299
핫바027,여의도점,역삼점,140.0,재배치 추천,14172.0,프로모션 순비용이 재배치 비용보다 높습니다.,26.064015075807326,7.768361581920905,18,0,51.8,후순위,14172.0,140.0,377,False,Greedy 선택 후보보다 우선순위가 낮음,4.11,2509,145,0,간편식,250,140,123.0,29.0,250,308607.0,A,0.26107531382798244,1,100.0,35.4,10.18,NORMAL,80.3,False,47.7,MEDIUM,유통기한 임박,3.5,15.8,0.0,SAFE,"재고 여유 — 현재고(145), 재주문점(16)",0.0,164.9,40.1,90997.0,11.4,OPTIMAL,"적정 발주 — EOQ(165개), 권장 발주 주기 40일",11.4,28.9,4.13,5.82,2.43,STABLE,35.1,3.3,WMA,3.3,36.3,10.0,3.76,10.0,7.5,5.0,POOR,낮은 매칭 · 핵심(A)상품,1.008,50.2,STABLE,6.9,LOW,78.3,HIGH,37.3,67.8,53.7,0.3,30.0,442340.0,100.0,0.385,0.385,88.5,False,39.0,40,26.0,375,100.0,0.999,4.9,60.9,50.0,HOLD,50.0,1,100.0,70.4,26.2,turnover,52.4,모니터링,239,HEURISTIC 29% | ABC 14% | TURNOVER 14% | DISPOSAL_RISK 14% | SAFETY_STOCK 8% | EOQ 7% | DEMAND_FORECAST 7% | MATCH 5%,"['⏰ 유통기한 임박 (84%)', '❄️ 냉장·냉동 과잉 (78%)', '💸 배송비 상승 (91%)', '⚡ 복합 스트레스 (60%)']","{'재고위험': '25.1%', '판매가능성': '13.2%', '점포이동적합': '14.0%', '비용절감': '18.3%', '폐기회피이익': '13.2%', '실행가능성': '12.8%', '이력보정': '3.3%'}",True,True,False,True,False,True,61.2,34.4,52.6,45.2,72.0,58.4,66.4,52.6,0.0,33.0,검토,보류,⏸️,350,HIGH,신뢰도 높음 ●,#2e7d32,,,33.0,검토,보류,0,-1,False,False,,50.0,14172.0,22125.0,14172.0,14.08,21.25,14.08,28.0,891.0,140.0,561.0,재고 이동,재고 이동,70.779,일치,70.779,44.459,27.003,25.7
냉동피자064,역삼점,여의도점,140.0,재배치 추천,14172.0,프로모션 순비용이 재배치 비용보다 높습니다.,26.064015075807326,7.768361581920905,18,0,51.8,후순위,14172.0,140.0,378,False,Greedy 선택 후보보다 우선순위가 낮음,5.38,3068,237,13,냉동식품,250,140,161.0,38.0,250,493948.0,A,0.5171757338216079,1,100.0,44.2,8.15,NORMAL,75.4,False,16.5,LOW,신선/냉장 고위험 카테고리,4.6,20.7,0.0,SAFE,"재고 여유 — 현재고(237), 재주문점(21)",0.0,146.1,27.2,134439.0,59.1,OVER,과잉 발주 위험 — 현재(232개) > EOQ(146개). 발주 주기 27일 권장,59.1,37.9,5.41,7.63,3.2,STABLE,43.8,2.2,WMA,2.2,32.6,10.0,0.11,10.0,7.5,5.0,POOR,낮은 매칭 · 핵심(A)상품,1.009,50.2,STABLE,8.6,LOW,43.3,MEDIUM,27.8,51.3,66.5,0.3,30.0,536252.0,100.0,0.385,0.385,88.5,True,26.5,100,13.1,497,100.0,0.999,4.9,68.5,50.0,HOLD,50.0,2,99.8,70.4,24.2,turnover,46.0,모니터링,338,HEURISTIC 29% | ABC 14% | TURNOVER 14% | DISPOSAL_RISK 14% | SAFETY_STOCK 8% | EOQ 7% | DEMAND_FORECAST 7% | MATCH 5%,"['⏰ 유통기한 임박 (84%)', '❄️ 냉장·냉동 과잉 (78%)', '💸 배송비 상승 (91%)', '⚡ 복합 스트레스 (60%)']","{'재고위험': '25.1%', '판매가능성': '13.2%', '점포이동적합': '14.0%', '비용절감': '18.3%', '폐기회피이익': '13.2%', '실행가능성': '12.8%', '이력보정': '3.3%'}",True,True,False,True,False,True,45.9,33.9,49.1,52.4,72.0,61.4,59.5,49.9,0.0,13.8,검토,보류,⏸️,453,HIGH,신뢰도 높음 ●,#2e7d32,,,13.8,검토,보류,-1,0,False,False,,50.0,14172.0,22125.0,14172.0,14.08,21.25,14.08,28.0,638.0,140.0,559.0,재고 이동,재고 이동,70.593,일치,70.593,43.347,24.193,23.568
도시락074,용산점,노원점,260.0,재배치 추천,21624.0,프로모션 순비용이 재배치 비용보다 높습니다.,17.553036575964367,16.242937853107346,18,0,51.8,후순위,21624.0,260.0,379,False,Greedy 선택 후보보다 우선순위가 낮음,0.91,3140,261,0,신선식품,250,260,27.0,6.0,250,84780.0,A,0.4700351316340167,1,100.0,290.0,1.24,DEAD,0.0,True,80.0,CRITICAL,유통기한 임박 | 소진일수 290일 초과 | 신선/냉장 고위험 카테고리,0.8,3.5,0.0,SAFE,"재고 여유 — 현재고(261), 재주문점(4)",0.0,55.0,60.4,60418.0,100.0,OVER,과잉 발주 위험 — 현재(260개) > EOQ(55개). 발주 주기 60일 권장,100.0,6.1,0.87,1.25,0.5,STABLE,299.5,0.0,WMA,0.0,44.5,10.0,12.0,10.0,7.5,5.0,FAIR,보통 매칭 · 폐기위험 높음 · 핵심(A)상품,0.942,48.5,STABLE,36.4,LOW,78.3,HIGH,32.2,35.1,98.9,0.3,30.0,1023056.0,100.0,0.385,0.385,88.5,True,25.3,115,47.6,3,100.0,0.999,4.9,78.8,50.0,HOLD,50.0,1,100.0,70.4,17.7,disposal_risk,52.5,모니터링,237,HEURISTIC 29% | ABC 14% | TURNOVER 14% | DISPOSAL_RISK 14% | SAFETY_STOCK 8% | EOQ 7% | DEMAND_FORECAST 7% | MATCH 5%,"['⏰ 유통기한 임박 (84%)', '❄️ 냉장·냉동 과잉 (78%)', '💸 배송비 상승 (91%)', '⚡ 복합 스트레스 (60%)']","{'재고위험': '25.1%', '판매가능성': '13.2%', '점포이동적합': '14.0%', '비용절감': '18.3%', '폐기회피이익': '13.2%', '실행가능성': '12.8%', '이력보정': '3.3%'}",True,True,False,True,False,True,54.6,32.2,62.4,58.5,72.0,77.6,58.9,56.9,0.0,79.5,권장,할인 판매,🏷️,100,HIGH,신뢰도 높음 ●,#2e7d32,,,79.5,권장,할인 판매,-1,-1,False,False,,50.0,21624.0,28758.0,21624.0,22.36,28.619999999999997,22.36,45.0,885.0,260.0,778.0,재고 이동,재고 이동,84.463,일치,84.463,61.596,35.833,10.853
라면080,여의도점,성수점,166.0,재배치 추천,15873.0,프로모션 순비용이 재배치 비용보다 높습니다.,24.1212917225823,9.6045197740113,18,0,51.7,후순위,15873.0,166.0,380,False,Greedy 선택 후보보다 우선순위가 낮음,3.8,1204,176,2,간편식,500,166,114.0,27.0,500,137256.0,B,0.8896110979107996,2,60.0,46.3,7.77,NORMAL,74.3,False,51.2,MEDIUM,유통기한 임박,3.3,14.7,0.0,SAFE,"재고 여유 — 현재고(176), 재주문점(15)",0.0,228.8,60.2,60613.0,19.6,OPTIMAL,"적정 발주 — EOQ(229개), 권장 발주 주기 60일",19.6,26.8,3.83,5.4,2.26,STABLE,46.0,1.9,WMA,1.9,32.2,10.0,3.7,6.0,7.5,5.0,POOR,낮은 매칭,1.015,50.4,STABLE,9.0,LOW,73.1,HIGH,42.0,46.2,96.7,0.3,30.0,306964.0,100.0,0.385,0.385,88.5,False,27.7,92,26.9,333,100.0,0.999,4.9,78.3,50.0,HOLD,50.0,1,100.0,70.3,42.6,turnover,43.3,모니터링,383,HEURISTIC 29% | ABC 14% | TURNOVER 14% | DISPOSAL_RISK 14% | SAFETY_STOCK 8% | EOQ 7% | DEMAND_FORECAST 7% | MATCH 5%,"['⏰ 유통기한 임박 (84%)', '❄️ 냉장·냉동 과잉 (78%)', '💸 배송비 상승 (91%)', '⚡ 복합 스트레스 (60%)']","{'재고위험': '25.1%', '판매가능성': '13.2%', '점포이동적합': '14.0%', '비용절감': '18.3%', '폐기회피이익': '13.2%', '실행가능성': '12.8%', '이력보정': '3.3%'}",True,True,False,True,False,True,55.2,33.8,52.7,46.4,72.0,79.9,60.2,54.0,0.0,46.4,검토,보류,⏸️,278,HIGH,신뢰도 높음 ●,#2e7d32,,,46.4,검토,보류,0,-1,False,False,,50.0,15873.0,20379.0,15873.0,15.97,19.310000000000002,15.97,32.0,815.0,166.0,735.0,재고 이동,재고 이동,70.982,일치,70.982,47.228,29.441,20.567
푸딩059,신촌점,선릉점,146.0,재배치 추천,14829.0,프로모션 순비용이 재배치 비용보다 높습니다.,25.313651029323587,8.192090395480225,18,0,51.5,후순위,14829.0,146.0,381,False,Greedy 선택 후보보다 우선순위가 낮음,7.08,2758,357,7,디저트,250,288,212.0,50.0,250,584696.0,A,0.6794441020955618,1,100.0,50.5,7.13,NORMAL,71.9,False,40.3,MEDIUM,유통기한 임박,6.1,27.3,0.0,SAFE,"재고 여유 — 현재고(357), 재주문점(27)",0.0,193.6,27.3,133484.0,81.2,OVER,과잉 발주 위험 — 현재(351개) > EOQ(194개). 발주 주기 27일 권장,81.2,49.8,7.11,10.03,4.19,STABLE,50.2,1.3,WMA,1.3,36.2,10.0,3.66,10.0,7.5,5.0,POOR,낮은 매칭 · 핵심(A)상품,1.009,50.2,STABLE,9.8,LOW,55.6,MEDIUM,38.6,48.8,83.3,0.3,30.0,504873.0,100.0,0.385,0.385,88.5,False,22.1,208,23.5,441,100.0,0.999,4.9,74.8,50.0,HOLD,50.0,2,99.8,70.3,27.9,turnover,52.5,모니터링,238,HEURISTIC 29% | ABC 14% | TURNOVER 14% | DISPOSAL_RISK 14% | SAFETY_STOCK 8% | EOQ 7% | DEMAND_FORECAST 7% | MATCH 5%,"['⏰ 유통기한 임박 (84%)', '❄️ 냉장·냉동 과잉 (78%)', '💸 배송비 상승 (91%)', '⚡ 복합 스트레스 (60%)']","{'재고위험': '25.1%', '판매가능성': '13.2%', '점포이동적합': '14.0%', '비용절감': '18.3%', '폐기회피이익': '13.2%', '실행가능성': '12.8%', '이력보정': '3.3%'}",True,True,False,True,False,True,55.7,33.4,53.5,55.5,72.0,71.8,57.1,54.8,0.0,54.2,검토,보류,⏸️,236,HIGH,신뢰도 높음 ●,#2e7d32,,,54.2,검토,보류,0,-1,False,False,,50.0,14829.0,18912.0,14829.0,14.81,17.68,14.81,30.0,304.0,288.0,146.0,재고 이동,재고 이동,70.794,일치,70.794,45.806,28.968,27.451
차음료039,강남2점,노원점,291.0,재배치 추천,23829.0,프로모션 순비용이 재배치 비용보다 높습니다.,15.034691488450447,18.43220338983051,18,0,51.5,후순위,23829.0,291.0,382,False,Greedy 선택 후보보다 우선순위가 낮음,6.7,1058,300,0,음료,400,291,201.0,47.0,400,212658.0,A,0.7122615727681944,1,100.0,44.8,8.04,NORMAL,75.1,False,47.4,MEDIUM,유통기한 임박,5.7,25.8,0.0,SAFE,"재고 여유 — 현재고(300), 재주문점(26)",0.0,358.3,53.5,68244.0,14.3,OPTIMAL,"적정 발주 — EOQ(358개), 권장 발주 주기 54일",14.3,47.0,6.71,9.48,3.95,STABLE,44.7,2.0,WMA,2.0,36.2,10.0,3.7,10.0,7.5,5.0,POOR,낮은 매칭 · 핵심(A)상품,1.002,50.1,STABLE,8.7,LOW,78.3,HIGH,37.9,35.1,98.9,0.3,30.0,462025.0,100.0,0.385,0.385,88.5,False,28.1,87,26.2,367,100.0,0.999,4.9,78.8,50.0,HOLD,50.0,2,99.8,70.3,27.3,turnover,50.4,모니터링,271,HEURISTIC 29% | ABC 14% | TURNOVER 14% | DISPOSAL_RISK 14% | SAFETY_STOCK 8% | EOQ 7% | DEMAND_FORECAST 7% | MATCH 5%,"['⏰ 유통기한 임박 (84%)', '❄️ 냉장·냉동 과잉 (78%)', '💸 배송비 상승 (91%)', '⚡ 복합 스트레스 (60%)']","{'재고위험': '25.1%', '판매가능성': '13.2%', '점포이동적합': '14.0%', '비용절감': '18.3%', '폐기회피이익': '13.2%', '실행가능성': '12.8%', '이력보정': '3.3%'}",True,True,False,True,False,True,59.7,33.7,54.4,45.5,72.0,77.6,60.4,54.9,0.0,55.5,검토,보류,⏸️,229,HIGH,신뢰도 높음 ●,#2e7d32,,,55.5,검토,보류,-1,-1,False,False,,50.0,23829.0,31755.0,23829.0,24.81,31.95,24.81,50.0,706.0,291.0,522.0,재고 이동,재고 이동,72.073,일치,72.073,48.176,31.355,19.782
푸딩059,여의도2점,청량리점,172.0,재배치 추천,16512.0,프로모션 순비용이 재배치 비용보다 높습니다.,23.391485595180306,10.028248587570623,18,0,51.4,후순위,16512.0,172.0,383,False,Greedy 선택 후보보다 우선순위가 낮음,1.95,2758,253,14,디저트,250,215,58.0,14.0,250,159964.0,A,0.6794441020955618,1,100.0,130.9,2.75,DEAD,27.3,True,30.0,LOW,소진일수 131일 초과,1.7,7.6,0.0,SAFE,"재고 여유 — 현재고(253), 재주문점(8)",0.0,101.6,52.1,70054.0,100.0,OVER,과잉 발주 위험 — 현재(251개) > EOQ(102개). 발주 주기 52일 권장,100.0,13.9,1.99,2.79,1.18,STABLE,127.4,0.0,WMA,0.0,32.5,10.0,0.0,10.0,7.5,5.0,POOR,낮은 매칭 · 핵심(A)상품,1.026,50.6,STABLE,25.2,LOW,43.3,MEDIUM,38.1,49.2,72.1,0.3,30.0,595739.0,100.0,0.385,0.385,88.5,False,15.1,447,22.4,460,100.0,0.999,4.9,70.9,50.0,HOLD,50.0,2,99.8,70.3,31.5,disposal_risk,42.1,모니터링,394,HEURISTIC 29% | ABC 14% | TURNOVER 14% | DISPOSAL_RISK 14% | SAFETY_STOCK 8% | EOQ 7% | DEMAND_FORECAST 7% | MATCH 5%,"['⏰ 유통기한 임박 (84%)', '❄️ 냉장·냉동 과잉 (78%)', '💸 배송비 상승 (91%)', '⚡ 복합 스트레스 (60%)']","{'재고위험': '25.1%', '판매가능성': '13.2%', '점포이동적합': '14.0%', '비용절감': '18.3%', '폐기회피이익': '13.2%', '실행가능성': '12.8%', '이력보정': '3.3%'}",True,True,False,True,False,True,39.2,32.9,51.2,58.3,72.0,64.5,53.2,49.8,0.0,13.4,검토,보류,⏸️,455,HIGH,신뢰도 높음 ●,#2e7d32,,,13.4,검토,보류,-1,-1,False,False,,50.0,16512.0,25923.0,16512.0,16.68,25.47,16.68,33.0,304.0,215.0,172.0,재고 이동,재고 이동,68.848,일치,68.848,46.698,29.449,22.849
냉동치킨030,노원점,상암점,257.0,재배치 추천,21804.0,프로모션 순비용이 재배치 비용보다 높습니다.,17.347457385146903,16.031073446327685,18,0,51.4,후순위,21804.0,257.0,384,False,Greedy 선택 후보보다 우선순위가 낮음,0.65,2145,295,33,냉동식품,300,265,20.0,5.0,300,42900.0,A,0.7549271720942319,1,100.0,442.5,0.81,DEAD,0.0,True,36.0,LOW,소진일수 442일 초과 | 신선/냉장 고위험 카테고리,0.6,2.6,0.0,SAFE,"재고 여유 — 현재고(295), 재주문점(3)",0.0,60.7,93.4,39073.0,100.0,OVER,과잉 발주 위험 — 현재(294개) > EOQ(61개). 발주 주기 93일 권장,100.0,4.8,0.69,0.95,0.42,STABLE,430.2,0.0,WMA,0.0,32.5,10.0,0.0,10.0,7.5,5.0,POOR,낮은 매칭 · 핵심(A)상품,1.099,52.5,STABLE,35.0,LOW,43.3,MEDIUM,30.2,35.6,64.6,0.3,30.0,716814.0,100.0,0.385,0.385,88.5,True,15.9,433,27.2,319,100.0,0.999,4.9,67.5,50.0,HOLD,50.0,2,99.8,70.3,26.6,disposal_risk,38.9,후순위,420,HEURISTIC 29% | ABC 14% | TURNOVER 14% | DISPOSAL_RISK 14% | SAFETY_STOCK 8% | EOQ 7% | DEMAND_FORECAST 7% | MATCH 5%,"['⏰ 유통기한 임박 (84%)', '❄️ 냉장·냉동 과잉 (78%)', '💸 배송비 상승 (91%)', '⚡ 복합 스트레스 (60%)']","{'재고위험': '25.1%', '판매가능성': '13.2%', '점포이동적합': '14.0%', '비용절감': '18.3%', '폐기회피이익': '13.2%', '실행가능성': '12.8%', '이력보정': '3.3%'}",True,True,False,True,False,True,34.7,33.4,51.8,58.3,72.0,54.9,53.7,47.6,0.0,8.2,검토,보류,⏸️,483,HIGH,신뢰도 높음 ●,#2e7d32,,,8.2,검토,보류,-1,-1,False,False,,50.0,21804.0,42753.0,21804.0,22.56,44.17,22.56,45.0,431.0,265.0,257.0,재고 이동,재고 이동,69.179,일치,69.179,51.858,33.429,17.637
푸딩025,교대점,강남2점,265.0,재배치 추천,22251.0,프로모션 순비용이 재배치 비용보다 높습니다.,16.836935727950205,16.596045197740114,18,0,51.4,후순위,22251.0,265.0,385,False,Greedy 선택 후보보다 우선순위가 낮음,3.89,3574,339,8,디저트,400,296,117.0,27.0,400,418158.0,A,0.6230026374441194,1,100.0,86.9,4.14,SLOW,51.7,True,49.0,MEDIUM,소진일수 87일 초과,3.3,15.0,0.0,SAFE,"재고 여유 — 현재고(339), 재주문점(15)",0.0,126.1,32.4,112634.0,100.0,OVER,과잉 발주 위험 — 현재(336개) > EOQ(126개). 발주 주기 32일 권장,100.0,27.1,3.87,5.48,2.27,STABLE,87.6,0.0,WMA,0.0,36.1,10.0,3.6,10.0,7.5,5.0,POOR,낮은 매칭 · 핵심(A)상품,0.992,49.8,STABLE,17.1,LOW,52.1,MEDIUM,20.5,18.9,77.1,0.3,30.0,1220281.0,100.0,0.385,0.385,88.5,False,18.4,374,28.7,279,100.0,0.999,4.9,72.8,50.0,HOLD,50.0,2,99.8,70.3,30.9,disposal_risk,51.4,모니터링,252,HEURISTIC 29% | ABC 14% | TURNOVER 14% | DISPOSAL_RISK 14% | SAFETY_STOCK 8% | EOQ 7% | DEMAND_FORECAST 7% | MATCH 5%,"['⏰ 유통기한 임박 (84%)', '❄️ 냉장·냉동 과잉 (78%)', '💸 배송비 상승 (91%)', '⚡ 복합 스트레스 (60%)']","{'재고위험': '25.1%', '판매가능성': '13.2%', '점포이동적합': '14.0%', '비용절감': '18.3%', '폐기회피이익': '13.2%', '실행가능성': '12.8%', '이력보정': '3.3%'}",True,True,False,True,False,True,54.3,32.6,54.3,58.3,72.0,57.7,55.0,53.1,0.0,37.8,검토,보류,⏸️,324,HIGH,신뢰도 높음 ●,#2e7d32,,,37.8,검토,보류,-1,-1,False,False,,50.0,0.0,22251.0,22251.0,0.0,21.39,21.39,43.0,413.0,296.0,265.0,재고 이동,재고 이동,75.064,일치,75.064,51.396,32.14,19.478
아이스라떼045,교대점,강남점,276.0,재배치 추천,22980.0,프로모션 순비용이 재배치 비용보다 높습니다.,16.00434000513948,17.372881355932204,18,0,51.4,후순위,22980.0,276.0,386,False,Greedy 선택 후보보다 우선순위가 낮음,6.65,3303,341,7,유제품,300,276,200.0,47.0,300,660600.0,A,0.196863839439598,1,100.0,51.2,7.04,NORMAL,71.6,False,48.6,MEDIUM,유통기한 임박 | 신선/냉장 고위험 카테고리,5.7,25.6,0.0,SAFE,"재고 여유 — 현재고(341), 재주문점(26)",0.0,144.9,21.8,167512.0,100.0,OVER,과잉 발주 위험 — 현재(335개) > EOQ(145개). 발주 주기 22일 권장,100.0,46.8,6.69,9.43,3.94,STABLE,51.0,1.2,WMA,1.2,36.2,10.0,3.66,10.0,7.5,5.0,POOR,낮은 매칭 · 핵심(A)상품,1.01,50.2,STABLE,10.0,LOW,55.6,MEDIUM,26.9,13.2,79.6,0.3,30.0,1153774.0,100.0,0.385,0.385,88.5,True,22.9,177,26.9,333,100.0,0.999,4.9,73.6,50.0,HOLD,50.0,2,99.8,70.3,27.9,turnover,55.6,검토 필요,193,HEURISTIC 29% | ABC 14% | TURNOVER 14% | DISPOSAL_RISK 14% | SAFETY_STOCK 8% | EOQ 7% | DEMAND_FORECAST 7% | MATCH 5%,"['⏰ 유통기한 임박 (84%)', '❄️ 냉장·냉동 과잉 (78%)', '💸 배송비 상승 (91%)', '⚡ 복합 스트레스 (60%)']","{'재고위험': '25.1%', '판매가능성': '13.2%', '점포이동적합': '14.0%', '비용절감': '18.3%', '폐기회피이익': '13.2%', '실행가능성': '12.8%', '이력보정': '3.3%'}",True,True,False,True,False,True,59.4,33.4,54.0,58.3,72.0,57.5,57.5,54.4,0.0,51.8,검토,보류,⏸️,249,HIGH,신뢰도 높음 ●,#2e7d32,,,51.8,검토,보류,-1,0,False,False,,50.0,0.0,22980.0,22980.0,0.0,22.200000000000003,22.200000000000003,44.0,875.0,276.0,752.0,재고 이동,재고 이동,82.305,일치,82.305,54.816,30.915,14.043
핫바051,종로점,압구정점,36.0,재배치 추천,8178.0,프로모션 순비용이 재배치 비용보다 높습니다.,32.90980213002884,0.423728813559322,18,0,51.3,후순위,8178.0,36.0,387,False,Greedy 선택 후보보다 우선순위가 낮음,4.95,1280,240,2,간편식,250,227,148.0,35.0,250,189440.0,B,0.8570508570106676,2,60.0,48.6,7.4,NORMAL,73.0,False,52.3,MEDIUM,유통기한 임박,4.2,19.0,0.0,SAFE,"재고 여유 — 현재고(240), 재주문점(19)",0.0,253.3,51.2,71329.0,5.5,OPTIMAL,"적정 발주 — EOQ(253개), 권장 발주 주기 51일",5.5,34.9,4.99,7.03,2.94,STABLE,48.1,1.6,WMA,1.6,32.2,10.0,3.68,6.0,7.5,5.0,POOR,낮은 매칭,1.01,50.3,STABLE,9.4,LOW,73.1,HIGH,23.9,35.6,98.7,0.3,30.0,56118.0,100.0,0.385,0.385,88.5,False,25.9,104,27.4,306,100.0,0.999,4.9,78.7,50.0,HOLD,50.0,1,100.0,70.3,42.9,turnover,41.8,모니터링,398,HEURISTIC 29% | ABC 14% | TURNOVER 14% | DISPOSAL_RISK 14% | SAFETY_STOCK 8% | EOQ 7% | DEMAND_FORECAST 7% | MATCH 5%,"['⏰ 유통기한 임박 (84%)', '❄️ 냉장·냉동 과잉 (78%)', '💸 배송비 상승 (91%)', '⚡ 복합 스트레스 (60%)']","{'재고위험': '25.1%', '판매가능성': '13.2%', '점포이동적합': '14.0%', '비용절감': '18.3%', '폐기회피이익': '13.2%', '실행가능성': '12.8%', '이력보정': '3.3%'}",True,True,False,True,False,True,55.4,33.6,52.8,44.0,72.0,77.7,59.2,53.3,0.0,39.7,검토,보류,⏸️,314,HIGH,신뢰도 높음 ●,#2e7d32,,,39.7,검토,보류,0,-1,False,False,,50.0,8178.0,23115.0,8178.0,7.42,22.35,7.42,15.0,171.0,227.0,36.0,재고 이동,재고 이동,58.422,일치,58.422,41.518,28.953,32.939
케이크079,문래점,마포점,36.0,재배치 추천,8295.0,프로모션 순비용이 재배치 비용보다 높습니다.,32.776175655997484,0.423728813559322,18,0,51.2,후순위,8295.0,36.0,388,False,Greedy 선택 후보보다 우선순위가 낮음,4.9,3402,250,0,디저트,500,244,147.0,34.0,500,500094.0,A,0.1612979350343813,1,100.0,51.0,7.06,NORMAL,71.7,False,50.5,MEDIUM,유통기한 임박,4.2,18.9,0.0,SAFE,"재고 여유 — 현재고(250), 재주문점(19)",0.0,145.0,29.6,123334.0,69.5,OVER,과잉 발주 위험 — 현재(246개) > EOQ(145개). 발주 주기 30일 권장,69.5,34.1,4.87,6.89,2.85,STABLE,51.3,1.2,WMA,1.2,36.2,10.0,3.66,10.0,7.5,5.0,POOR,낮은 매칭 · 핵심(A)상품,0.991,49.8,STABLE,10.1,LOW,78.3,HIGH,38.7,23.3,78.8,0.3,30.0,156671.0,100.0,0.385,0.385,88.5,False,23.3,161,27.6,298,100.0,0.999,4.9,73.4,50.0,HOLD,50.0,2,99.8,70.2,27.8,turnover,53.7,모니터링,219,HEURISTIC 29% | ABC 14% | TURNOVER 14% | DISPOSAL_RISK 14% | SAFETY_STOCK 8% | EOQ 7% | DEMAND_FORECAST 7% | MATCH 5%,"['⏰ 유통기한 임박 (84%)', '❄️ 냉장·냉동 과잉 (78%)', '💸 배송비 상승 (91%)', '⚡ 복합 스트레스 (60%)']","{'재고위험': '25.1%', '판매가능성': '13.2%', '점포이동적합': '14.0%', '비용절감': '18.3%', '폐기회피이익': '13.2%', '실행가능성': '12.8%', '이력보정': '3.3%'}",True,True,False,True,False,True,60.2,33.2,54.2,53.6,72.0,60.3,57.7,54.2,0.0,49.2,검토,보류,⏸️,263,HIGH,신뢰도 높음 ●,#2e7d32,,,49.2,검토,보류,-1,-1,False,False,,50.0,8295.0,22656.0,8295.0,7.55,21.84,7.55,15.0,115.0,244.0,36.0,재고 이동,재고 이동,68.52,일치,68.52,43.662,28.551,31.953
핫바027,여의도점,왕십리점,140.0,재배치 추천,14757.0,프로모션 순비용이 재배치 비용보다 높습니다.,25.39588270565057,7.768361581920905,18,0,51.2,후순위,14757.0,140.0,389,False,Greedy 선택 후보보다 우선순위가 낮음,4.11,2509,145,0,간편식,250,140,123.0,29.0,250,308607.0,A,0.26107531382798244,1,100.0,35.4,10.18,NORMAL,80.3,False,47.7,MEDIUM,유통기한 임박,3.5,15.8,0.0,SAFE,"재고 여유 — 현재고(145), 재주문점(16)",0.0,164.9,40.1,90997.0,11.4,OPTIMAL,"적정 발주 — EOQ(165개), 권장 발주 주기 40일",11.4,28.9,4.13,5.82,2.43,STABLE,35.1,3.3,WMA,3.3,36.3,10.0,3.76,10.0,7.5,5.0,POOR,낮은 매칭 · 핵심(A)상품,1.008,50.2,STABLE,6.9,LOW,78.3,HIGH,37.0,23.6,84.2,0.3,30.0,441755.0,100.0,0.385,0.385,88.5,False,39.1,39,26.0,375,100.0,0.999,4.9,75.1,50.0,HOLD,50.0,2,99.8,70.2,26.3,turnover,51.9,모니터링,244,HEURISTIC 29% | ABC 14% | TURNOVER 14% | DISPOSAL_RISK 14% | SAFETY_STOCK 8% | EOQ 7% | DEMAND_FORECAST 7% | MATCH 5%,"['⏰ 유통기한 임박 (84%)', '❄️ 냉장·냉동 과잉 (78%)', '💸 배송비 상승 (91%)', '⚡ 복합 스트레스 (60%)']","{'재고위험': '25.1%', '판매가능성': '13.2%', '점포이동적합': '14.0%', '비용절감': '18.3%', '폐기회피이익': '13.2%', '실행가능성': '12.8%', '이력보정': '3.3%'}",True,True,False,True,False,True,61.2,34.4,54.0,44.9,72.0,64.0,66.4,53.4,0.0,41.2,검토,보류,⏸️,306,HIGH,신뢰도 높음 ●,#2e7d32,,,41.2,검토,보류,0,0,True,False,,50.0,14757.0,22431.0,14757.0,14.73,21.59,14.73,29.0,891.0,140.0,877.0,재고 이동,재고 이동,74.831,일치,74.831,46.736,26.081,21.081
마카롱008,압구정점,상암점,189.0,재배치 추천,17736.0,프로모션 순비용이 재배치 비용보다 높습니다.,21.993547097621562,11.228813559322035,18,0,51.2,후순위,17736.0,189.0,390,False,Greedy 선택 후보보다 우선순위가 낮음,3.75,1335,310,3,디저트,250,295,112.0,26.0,250,149520.0,C,0.9603518970403913,3,20.0,83.0,4.34,SLOW,53.9,True,64.5,HIGH,유통기한 임박 | 소진일수 83일 초과,3.2,14.4,0.0,SAFE,"재고 여유 — 현재고(310), 재주문점(14)",0.0,202.5,54.0,67588.0,51.5,OVER,과잉 발주 위험 — 현재(307개) > EOQ(202개). 발주 주기 54일 권장,51.5,26.1,3.73,5.28,2.18,STABLE,83.1,0.0,WMA,0.0,33.9,10.0,8.4,3.0,7.5,5.0,POOR,낮은 매칭 · 폐기위험 높음,0.99,49.8,STABLE,16.3,LOW,69.6,MEDIUM,38.7,35.6,64.6,0.3,30.0,332292.0,100.0,0.385,0.385,88.5,False,21.6,228,34.2,191,100.0,0.999,4.9,67.5,50.0,HOLD,50.0,2,99.8,70.2,47.7,disposal_risk,36.5,후순위,441,HEURISTIC 29% | ABC 14% | TURNOVER 14% | DISPOSAL_RISK 14% | SAFETY_STOCK 8% | EOQ 7% | DEMAND_FORECAST 7% | MATCH 5%,"['⏰ 유통기한 임박 (84%)', '❄️ 냉장·냉동 과잉 (78%)', '💸 배송비 상승 (91%)', '⚡ 복합 스트레스 (60%)']","{'재고위험': '25.1%', '판매가능성': '13.2%', '점포이동적합': '14.0%', '비용절감': '18.3%', '폐기회피이익': '13.2%', '실행가능성': '12.8%', '이력보정': '3.3%'}",True,True,False,True,False,True,49.8,32.6,53.8,50.9,72.0,54.9,56.8,50.2,0.0,15.6,검토,할인 판매,🏷️,443,HIGH,신뢰도 높음 ●,#2e7d32,,,15.6,검토,할인 판매,-1,-1,False,False,,50.0,17736.0,19821.0,17736.0,18.04,18.69,18.04,36.0,200.0,295.0,189.0,재고 이동,재고 이동,63.408,일치,63.408,51.236,35.574,25.777
아이스크림044,잠실2점,선릉점,30.0,재배치 추천,8016.0,프로모션 순비용이 재배치 비용보다 높습니다.,33.09482340176456,0.0,18,0,51.1,후순위,8016.0,30.0,391,False,Greedy 선택 후보보다 우선순위가 낮음,3.33,2390,340,0,디저트,250,336,100.0,23.0,250,239000.0,A,0.7413131806038247,1,100.0,102.0,3.53,DEAD,43.3,True,70.0,HIGH,유통기한 임박 | 소진일수 102일 초과,2.9,12.9,0.0,SAFE,"재고 여유 — 현재고(340), 재주문점(13)",0.0,142.6,42.8,85219.0,100.0,OVER,과잉 발주 위험 — 현재(337개) > EOQ(143개). 발주 주기 43일 권장,100.0,23.1,3.3,4.67,1.93,STABLE,103.0,0.0,WMA,0.0,40.9,10.0,8.4,10.0,7.5,5.0,FAIR,보통 매칭 · 폐기위험 높음 · 핵심(A)상품,0.987,49.7,STABLE,20.2,LOW,78.3,HIGH,38.6,48.8,83.3,0.3,30.0,85524.0,100.0,0.385,0.385,88.5,False,23.1,172,38.8,116,100.0,0.999,4.9,74.8,50.0,HOLD,50.0,2,99.8,70.2,28.2,disposal_risk,55.9,검토 필요,191,HEURISTIC 29% | ABC 14% | TURNOVER 14% | DISPOSAL_RISK 14% | SAFETY_STOCK 8% | EOQ 7% | DEMAND_FORECAST 7% | MATCH 5%,"['⏰ 유통기한 임박 (84%)', '❄️ 냉장·냉동 과잉 (78%)', '💸 배송비 상승 (91%)', '⚡ 복합 스트레스 (60%)']","{'재고위험': '25.1%', '판매가능성': '13.2%', '점포이동적합': '14.0%', '비용절감': '18.3%', '폐기회피이익': '13.2%', '실행가능성': '12.8%', '이력보정': '3.3%'}",True,True,False,True,False,True,61.5,32.6,58.6,58.1,72.0,71.8,57.6,57.3,0.0,84.0,최적,할인 판매,🏷️,76,HIGH,신뢰도 높음 ●,#2e7d32,,,84.0,최적,할인 판매,-1,-1,False,False,,50.0,8016.0,29298.0,8016.0,7.24,29.22,7.24,14.0,87.0,336.0,30.0,재고 이동,재고 이동,70.019,일치,70.019,51.432,32.982,30.352
아이스라떼077,청량리점,잠실2점,91.0,재배치 추천,11760.0,프로모션 순비용이 재배치 비용보다 높습니다.,28.818776232761326,4.307909604519774,18,0,51.1,후순위,11760.0,91.0,392,False,Greedy 선택 후보보다 우선순위가 낮음,3.29,1060,266,12,유제품,250,211,99.0,23.0,250,104940.0,C,0.9791840344790028,3,20.0,80.6,4.47,SLOW,55.2,True,40.2,MEDIUM,소진일수 81일 초과 | 신선/냉장 고위험 카테고리,2.8,12.7,0.0,SAFE,"재고 여유 — 현재고(266), 재주문점(13)",0.0,179.9,54.7,66747.0,46.3,OPTIMAL,"적정 발주 — EOQ(180개), 권장 발주 주기 55일",46.3,23.0,3.29,4.64,1.93,STABLE,81.0,0.0,WMA,0.0,29.1,10.0,3.6,3.0,7.5,5.0,POOR,낮은 매칭,0.999,50.0,STABLE,15.7,LOW,43.3,MEDIUM,28.3,30.0,87.4,0.3,30.0,126742.0,100.0,0.385,0.385,88.5,True,16.6,417,23.4,442,100.0,0.999,4.9,76.0,50.0,HOLD,50.0,2,99.8,70.2,54.9,disposal_risk,29.5,후순위,481,HEURISTIC 29% | ABC 14% | TURNOVER 14% | DISPOSAL_RISK 14% | SAFETY_STOCK 8% | EOQ 7% | DEMAND_FORECAST 7% | MATCH 5%,"['⏰ 유통기한 임박 (84%)', '❄️ 냉장·냉동 과잉 (78%)', '💸 배송비 상승 (91%)', '⚡ 복합 스트레스 (60%)']","{'재고위험': '25.1%', '판매가능성': '13.2%', '점포이동적합': '14.0%', '비용절감': '18.3%', '폐기회피이익': '13.2%', '실행가능성': '12.8%', '이력보정': '3.3%'}",True,True,False,True,False,True,39.2,32.7,50.4,50.1,72.0,68.3,54.0,48.7,0.0,9.7,검토,보류,⏸️,475,HIGH,신뢰도 높음 ●,#2e7d32,,,9.7,검토,보류,-1,-1,False,False,,50.0,11760.0,22800.0,11760.0,11.4,22.0,11.4,23.0,223.0,211.0,91.0,재고 이동,재고 이동,55.142,일치,55.142,45.197,32.154,29.15
핫바051,사당점,성수점,116.0,재배치 추천,13362.0,프로모션 순비용이 재배치 비용보다 높습니다.,26.98912143448591,6.073446327683616,18,0,51.1,후순위,13362.0,116.0,393,False,Greedy 선택 후보보다 우선순위가 낮음,3.95,1280,324,3,간편식,250,308,118.0,28.0,250,151040.0,B,0.8570508570106676,2,60.0,82.4,4.37,SLOW,54.2,True,69.2,HIGH,유통기한 임박 | 소진일수 82일 초과,3.4,15.3,0.0,SAFE,"재고 여유 — 현재고(324), 재주문점(15)",0.0,226.3,57.3,63718.0,41.7,OPTIMAL,"적정 발주 — EOQ(226개), 권장 발주 주기 57일",41.7,27.9,3.99,5.62,2.36,STABLE,81.3,0.0,WMA,0.0,36.9,10.0,8.4,6.0,7.5,5.0,POOR,낮은 매칭 · 폐기위험 높음,1.013,50.3,STABLE,15.9,LOW,69.6,MEDIUM,42.0,46.2,96.7,0.3,30.0,193814.0,100.0,0.385,0.385,88.5,False,22.8,184,36.6,171,100.0,0.999,4.9,78.3,50.0,HOLD,50.0,2,99.8,70.2,43.6,disposal_risk,45.0,모니터링,356,HEURISTIC 29% | ABC 14% | TURNOVER 14% | DISPOSAL_RISK 14% | SAFETY_STOCK 8% | EOQ 7% | DEMAND_FORECAST 7% | MATCH 5%,"['⏰ 유통기한 임박 (84%)', '❄️ 냉장·냉동 과잉 (78%)', '💸 배송비 상승 (91%)', '⚡ 복합 스트레스 (60%)']","{'재고위험': '25.1%', '판매가능성': '13.2%', '점포이동적합': '14.0%', '비용절감': '18.3%', '폐기회피이익': '13.2%', '실행가능성': '12.8%', '이력보정': '3.3%'}",True,True,False,True,False,True,58.0,32.8,56.8,49.4,72.0,79.9,57.4,55.6,0.0,66.5,권장,할인 판매,🏷️,170,HIGH,신뢰도 높음 ●,#2e7d32,,,66.5,권장,할인 판매,-1,-1,False,False,,50.0,13362.0,24861.0,13362.0,13.18,24.29,13.18,26.0,171.0,308.0,116.0,재고 이동,재고 이동,63.686,일치,63.686,49.618,34.581,28.544
라면071,방배점,강남2점,290.0,재배치 추천,24060.0,프로모션 순비용이 재배치 비용보다 높습니다.,14.770864860234703,18.361581920903955,18,0,51.1,후순위,24060.0,290.0,394,False,Greedy 선택 후보보다 우선순위가 낮음,2.81,664,297,2,간편식,150,290,84.0,20.0,150,55776.0,C,0.9938134999524716,3,20.0,106.1,3.39,DEAD,41.1,True,73.0,HIGH,유통기한 임박 | 소진일수 106일 초과,2.4,10.8,0.0,SAFE,"재고 여유 — 현재고(297), 재주문점(11)",0.0,265.0,94.3,38707.0,11.2,OPTIMAL,"적정 발주 — EOQ(265개), 권장 발주 주기 94일",11.2,19.9,2.84,4.0,1.68,STABLE,104.5,0.0,WMA,0.0,33.9,10.0,8.4,3.0,7.5,5.0,POOR,낮은 매칭 · 폐기위험 높음,1.017,50.4,STABLE,20.6,LOW,73.1,HIGH,27.7,18.9,77.1,0.3,30.0,250512.0,100.0,0.385,0.385,88.5,False,23.5,156,38.7,117,100.0,0.999,4.9,72.8,50.0,HOLD,50.0,2,99.8,70.2,46.3,disposal_risk,33.4,후순위,458,HEURISTIC 29% | ABC 14% | TURNOVER 14% | DISPOSAL_RISK 14% | SAFETY_STOCK 8% | EOQ 7% | DEMAND_FORECAST 7% | MATCH 5%,"['⏰ 유통기한 임박 (84%)', '❄️ 냉장·냉동 과잉 (78%)', '💸 배송비 상승 (91%)', '⚡ 복합 스트레스 (60%)']","{'재고위험': '25.1%', '판매가능성': '13.2%', '점포이동적합': '14.0%', '비용절감': '18.3%', '폐기회피이익': '13.2%', '실행가능성': '12.8%', '이력보정': '3.3%'}",True,True,False,True,False,True,50.2,32.8,55.3,44.8,72.0,57.7,57.8,49.8,0.0,13.2,검토,할인 판매,🏷️,456,HIGH,신뢰도 높음 ●,#2e7d32,,,13.2,검토,할인 판매,-1,-1,False,False,,50.0,0.0,24060.0,24060.0,0.0,23.4,23.4,47.0,483.0,290.0,321.0,재고 이동,재고 이동,65.125,일치,65.125,51.236,34.872,20.081
치즈001,홍대2점,성수점,163.0,재배치 추천,16341.0,프로모션 순비용이 재배치 비용보다 높습니다.,23.586785826456904,9.392655367231638,18,0,51.0,후순위,16341.0,163.0,395,False,Greedy 선택 후보보다 우선순위가 낮음,2.99,1331,175,3,유제품,300,163,90.0,21.0,300,119790.0,C,0.9970954629585115,3,20.0,58.3,6.17,NORMAL,67.6,False,60.2,HIGH,유통기한 임박 | 신선/냉장 고위험 카테고리,2.6,11.6,0.0,SAFE,"재고 여유 — 현재고(175), 재주문점(12)",0.0,153.1,51.2,71303.0,12.6,OPTIMAL,"적정 발주 — EOQ(153개), 권장 발주 주기 51일",12.6,21.0,3.0,4.23,1.77,STABLE,58.3,0.2,WMA,0.2,33.9,10.0,8.41,3.0,7.5,5.0,POOR,낮은 매칭 · 폐기위험 높음,1.003,50.1,STABLE,11.4,LOW,69.6,MEDIUM,31.1,46.2,96.7,0.3,30.0,292903.0,100.0,0.385,0.385,88.5,True,21.1,255,31.3,232,100.0,0.999,4.9,78.3,50.0,HOLD,50.0,2,99.8,70.2,44.7,disposal_risk,35.0,후순위,450,HEURISTIC 29% | ABC 14% | TURNOVER 14% | DISPOSAL_RISK 14% | SAFETY_STOCK 8% | EOQ 7% | DEMAND_FORECAST 7% | MATCH 5%,"['⏰ 유통기한 임박 (84%)', '❄️ 냉장·냉동 과잉 (78%)', '💸 배송비 상승 (91%)', '⚡ 복합 스트레스 (60%)']","{'재고위험': '25.1%', '판매가능성': '13.2%', '점포이동적합': '14.0%', '비용절감': '18.3%', '폐기회피이익': '13.2%', '실행가능성': '12.8%', '이력보정': '3.3%'}",True,True,False,True,False,True,51.5,32.8,54.3,44.9,72.0,79.9,56.5,52.9,0.0,35.6,검토,할인 판매,🏷️,336,HIGH,신뢰도 높음 ●,#2e7d32,,,35.6,검토,할인 판매,-1,-1,False,False,,50.0,16341.0,18498.0,16341.0,16.49,17.22,16.49,33.0,847.0,163.0,760.0,재고 이동,재고 이동,66.936,일치,66.936,48.785,32.123,19.916
커피040,상암점,압구정점,186.0,재배치 추천,17736.0,프로모션 순비용이 재배치 비용보다 높습니다.,21.993547097621562,11.016949152542372,18,0,51.0,후순위,17736.0,186.0,396,False,Greedy 선택 후보보다 우선순위가 낮음,2.61,3554,319,2,음료,400,312,78.0,18.0,400,277212.0,A,0.2885581921080359,1,100.0,122.7,2.93,DEAD,31.8,True,68.0,HIGH,유통기한 임박 | 소진일수 123일 초과,2.2,10.0,0.0,SAFE,"재고 여유 — 현재고(319), 재주문점(10)",0.0,122.0,46.7,78066.0,100.0,OVER,과잉 발주 위험 — 현재(317개) > EOQ(122개). 발주 주기 47일 권장,100.0,18.1,2.59,3.66,1.51,STABLE,123.4,0.0,WMA,0.0,40.9,10.0,8.4,10.0,7.5,5.0,FAIR,보통 매칭 · 폐기위험 높음 · 핵심(A)상품,0.985,49.6,STABLE,24.1,LOW,73.1,HIGH,34.7,35.6,98.7,0.3,30.0,849917.0,100.0,0.385,0.385,88.5,False,22.7,186,39.0,112,100.0,0.999,4.9,78.7,50.0,HOLD,50.0,2,99.8,70.2,28.1,disposal_risk,53.4,모니터링,226,HEURISTIC 29% | ABC 14% | TURNOVER 14% | DISPOSAL_RISK 14% | SAFETY_STOCK 8% | EOQ 7% | DEMAND_FORECAST 7% | MATCH 5%,"['⏰ 유통기한 임박 (84%)', '❄️ 냉장·냉동 과잉 (78%)', '💸 배송비 상승 (91%)', '⚡ 복합 스트레스 (60%)']","{'재고위험': '25.1%', '판매가능성': '13.2%', '점포이동적합': '14.0%', '비용절감': '18.3%', '폐기회피이익': '13.2%', '실행가능성': '12.8%', '이력보정': '3.3%'}",True,True,False,True,False,True,57.6,32.6,59.1,58.0,72.0,77.7,57.4,57.1,0.0,81.8,최적,할인 판매,🏷️,88,HIGH,신뢰도 높음 ●,#2e7d32,,,81.8,최적,할인 판매,-1,-1,False,False,,50.0,17736.0,19821.0,17736.0,18.04,18.69,18.04,36.0,583.0,312.0,186.0,재고 이동,재고 이동,74.16,일치,74.16,53.982,34.783,22.758
요거트006,상암점,마포점,235.0,재배치 추천,20784.0,프로모션 순비용이 재배치 비용보다 높습니다.,18.512406133112528,14.477401129943503,18,0,51.0,후순위,20784.0,235.0,397,False,Greedy 선택 후보보다 우선순위가 낮음,1.1,1419,236,0,유제품,500,235,33.0,8.0,500,46827.0,A,0.7940108140096701,1,100.0,214.5,1.68,DEAD,0.0,True,78.0,HIGH,유통기한 임박 | 소진일수 214일 초과 | 신선/냉장 고위험 카테고리,0.9,4.2,0.0,SAFE,"재고 여유 — 현재고(236), 재주문점(4)",0.0,89.9,81.7,44655.0,100.0,OVER,과잉 발주 위험 — 현재(235개) > EOQ(90개). 발주 주기 82일 권장,100.0,7.9,1.13,1.58,0.67,STABLE,209.1,0.0,WMA,0.0,40.9,10.0,8.4,10.0,7.5,5.0,FAIR,보통 매칭 · 폐기위험 높음 · 핵심(A)상품,1.039,51.0,STABLE,35.0,LOW,78.3,HIGH,36.7,23.3,78.8,0.3,30.0,496874.0,100.0,0.385,0.385,88.5,True,24.8,124,45.7,10,100.0,0.999,4.9,73.4,50.0,HOLD,50.0,2,99.8,70.2,18.5,disposal_risk,50.5,모니터링,268,HEURISTIC 29% | ABC 14% | TURNOVER 14% | DISPOSAL_RISK 14% | SAFETY_STOCK 8% | EOQ 7% | DEMAND_FORECAST 7% | MATCH 5%,"['⏰ 유통기한 임박 (84%)', '❄️ 냉장·냉동 과잉 (78%)', '💸 배송비 상승 (91%)', '⚡ 복합 스트레스 (60%)']","{'재고위험': '25.1%', '판매가능성': '13.2%', '점포이동적합': '14.0%', '비용절감': '18.3%', '폐기회피이익': '13.2%', '실행가능성': '12.8%', '이력보정': '3.3%'}",True,True,False,True,False,True,53.6,33.0,59.9,58.0,72.0,60.3,58.6,54.1,0.0,48.4,검토,할인 판매,🏷️,267,HIGH,신뢰도 높음 ●,#2e7d32,,,48.4,검토,할인 판매,-1,-1,False,False,,50.0,0.0,20784.0,20784.0,0.0,19.759999999999998,19.759999999999998,39.0,521.0,235.0,481.0,재고 이동,재고 이동,79.48,일치,79.48,58.002,34.251,14.836
케이크079,상암점,여의도2점,37.0,재배치 추천,8727.0,프로모션 순비용이 재배치 비용보다 높습니다.,32.282785598035574,0.49435028248587576,18,0,50.8,후순위,8727.0,37.0,398,False,Greedy 선택 후보보다 우선순위가 낮음,7.28,3402,312,3,디저트,500,282,218.0,51.0,500,741636.0,A,0.1612979350343813,1,100.0,42.9,8.38,NORMAL,76.2,False,44.5,MEDIUM,유통기한 임박,6.2,28.0,0.0,SAFE,"재고 여유 — 현재고(312), 재주문점(28)",0.0,176.8,24.3,150331.0,73.0,OVER,과잉 발주 위험 — 현재(306개) > EOQ(177개). 발주 주기 24일 권장,73.0,51.0,7.29,10.29,4.28,STABLE,42.8,2.3,WMA,2.3,36.2,10.0,3.72,10.0,7.5,5.0,POOR,낮은 매칭 · 핵심(A)상품,1.001,50.0,STABLE,8.3,LOW,69.6,MEDIUM,42.1,8.2,88.3,0.3,30.0,160822.0,100.0,0.385,0.385,88.5,False,30.2,72,24.9,414,100.0,0.999,4.9,76.2,50.0,HOLD,50.0,2,99.8,70.2,27.2,turnover,53.8,모니터링,216,HEURISTIC 29% | ABC 14% | TURNOVER 14% | DISPOSAL_RISK 14% | SAFETY_STOCK 8% | EOQ 7% | DEMAND_FORECAST 7% | MATCH 5%,"['⏰ 유통기한 임박 (84%)', '❄️ 냉장·냉동 과잉 (78%)', '💸 배송비 상승 (91%)', '⚡ 복합 스트레스 (60%)']","{'재고위험': '25.1%', '판매가능성': '13.2%', '점포이동적합': '14.0%', '비용절감': '18.3%', '폐기회피이익': '13.2%', '실행가능성': '12.8%', '이력보정': '3.3%'}",True,True,False,True,False,True,58.7,33.8,53.9,53.9,72.0,61.6,61.5,54.0,0.0,47.3,검토,보류,⏸️,273,HIGH,신뢰도 높음 ●,#2e7d32,,,47.3,검토,보류,-1,-1,False,False,,50.0,8727.0,20316.0,8727.0,8.03,19.240000000000002,8.03,16.0,115.0,282.0,37.0,재고 이동,재고 이동,68.81,일치,68.81,43.187,27.668,31.333
도시락050,잠실점,종로점,144.0,재배치 추천,15288.0,프로모션 순비용이 재배치 비용보다 높습니다.,24.789424092739058,8.050847457627118,18,0,50.8,후순위,15288.0,144.0,399,False,Greedy 선택 후보보다 우선순위가 낮음,4.3,2437,150,1,신선식품,500,144,129.0,30.0,500,314373.0,A,0.7269288129371255,1,100.0,34.9,10.32,NORMAL,80.6,False,50.4,MEDIUM,유통기한 임박 | 신선/냉장 고위험 카테고리,3.7,16.6,0.0,SAFE,"재고 여유 — 현재고(150), 재주문점(17)",0.0,135.6,31.5,115702.0,7.9,OPTIMAL,"적정 발주 — EOQ(136개), 권장 발주 주기 32일",7.9,30.0,4.29,6.06,2.51,STABLE,35.0,3.3,WMA,3.3,36.3,10.0,3.76,10.0,7.5,5.0,POOR,낮은 매칭 · 핵심(A)상품,0.997,49.9,STABLE,6.9,LOW,76.6,HIGH,23.5,50.3,87.0,0.3,30.0,477826.0,100.0,0.385,0.385,88.5,True,39.5,36,27.0,324,100.0,0.999,4.9,75.9,50.0,HOLD,50.0,2,99.8,70.2,26.1,turnover,52.0,모니터링,243,HEURISTIC 29% | ABC 14% | TURNOVER 14% | DISPOSAL_RISK 14% | SAFETY_STOCK 8% | EOQ 7% | DEMAND_FORECAST 7% | MATCH 5%,"['⏰ 유통기한 임박 (84%)', '❄️ 냉장·냉동 과잉 (78%)', '💸 배송비 상승 (91%)', '⚡ 복합 스트레스 (60%)']","{'재고위험': '25.1%', '판매가능성': '13.2%', '점포이동적합': '14.0%', '비용절감': '18.3%', '폐기회피이익': '13.2%', '실행가능성': '12.8%', '이력보정': '3.3%'}",True,True,False,True,False,True,62.6,34.3,54.3,44.1,72.0,74.8,66.6,55.0,0.0,57.4,검토,보류,⏸️,219,HIGH,신뢰도 높음 ●,#2e7d32,,,57.4,검토,보류,0,0,True,False,,50.0,15288.0,21414.0,15288.0,15.32,20.46,15.32,31.0,703.0,144.0,625.0,재고 이동,재고 이동,70.956,일치,70.956,44.779,27.202,24.886
푸딩059,여의도2점,선릉점,146.0,재배치 추천,15405.0,프로모션 순비용이 재배치 비용보다 높습니다.,24.655797618707705,8.192090395480225,18,0,50.8,후순위,15405.0,146.0,400,False,Greedy 선택 후보보다 우선순위가 낮음,1.95,2758,253,14,디저트,250,215,58.0,14.0,250,159964.0,A,0.6794441020955618,1,100.0,130.9,2.75,DEAD,27.3,True,30.0,LOW,소진일수 131일 초과,1.7,7.6,0.0,SAFE,"재고 여유 — 현재고(253), 재주문점(8)",0.0,101.6,52.1,70054.0,100.0,OVER,과잉 발주 위험 — 현재(251개) > EOQ(102개). 발주 주기 52일 권장,100.0,13.9,1.99,2.79,1.18,STABLE,127.4,0.0,WMA,0.0,32.5,10.0,0.0,10.0,7.5,5.0,POOR,낮은 매칭 · 핵심(A)상품,1.026,50.6,STABLE,25.2,LOW,43.3,MEDIUM,38.6,48.8,83.3,0.3,30.0,504297.0,100.0,0.385,0.385,88.5,False,15.4,442,22.3,463,100.0,0.999,4.9,74.8,50.0,HOLD,50.0,2,99.8,70.2,31.6,disposal_risk,41.6,모니터링,400,HEURISTIC 29% | ABC 14% | TURNOVER 14% | DISPOSAL_RISK 14% | SAFETY_STOCK 8% | EOQ 7% | DEMAND_FORECAST 7% | MATCH 5%,"['⏰ 유통기한 임박 (84%)', '❄️ 냉장·냉동 과잉 (78%)', '💸 배송비 상승 (91%)', '⚡ 복합 스트레스 (60%)']","{'재고위험': '25.1%', '판매가능성': '13.2%', '점포이동적합': '14.0%', '비용절감': '18.3%', '폐기회피이익': '13.2%', '실행가능성': '12.8%', '이력보정': '3.3%'}",True,True,False,True,False,True,39.2,32.9,51.6,57.9,72.0,71.8,53.4,50.8,0.0,18.0,검토,보류,⏸️,430,HIGH,신뢰도 높음 ●,#2e7d32,,,18.0,검토,보류,-1,-1,False,False,,50.0,15405.0,22071.0,15405.0,15.45,21.189999999999998,15.45,31.0,304.0,215.0,146.0,재고 이동,재고 이동,68.138,일치,68.138,45.835,28.595,23.928
푸딩062,마포점,건대점,225.0,재배치 추천,20463.0,프로모션 순비용이 재배치 비용보다 높습니다.,18.879022356737,13.771186440677965,18,0,50.7,후순위,20463.0,225.0,401,False,Greedy 선택 후보보다 우선순위가 낮음,3.37,3460,293,7,디저트,500,260,101.0,24.0,500,349460.0,A,0.12426892869344128,1,100.0,87.0,4.14,SLOW,51.7,True,58.5,MEDIUM,유통기한 임박 | 소진일수 87일 초과,2.9,13.0,0.0,SAFE,"재고 여유 — 현재고(293), 재주문점(13)",0.0,119.2,35.4,103150.0,100.0,OVER,과잉 발주 위험 — 현재(290개) > EOQ(119개). 발주 주기 35일 권장,100.0,23.8,3.4,4.79,2.01,STABLE,86.2,0.0,WMA,0.0,36.1,10.0,3.6,10.0,7.5,5.0,POOR,낮은 매칭 · 핵심(A)상품,1.017,50.4,STABLE,16.9,LOW,55.6,MEDIUM,33.5,43.6,76.3,0.3,30.0,1026237.0,100.0,0.385,0.385,88.5,False,20.5,293,32.4,217,100.0,0.999,4.9,72.5,50.0,HOLD,50.0,2,99.8,70.1,29.9,disposal_risk,53.1,모니터링,233,HEURISTIC 29% | ABC 14% | TURNOVER 14% | DISPOSAL_RISK 14% | SAFETY_STOCK 8% | EOQ 7% | DEMAND_FORECAST 7% | MATCH 5%,"['⏰ 유통기한 임박 (84%)', '❄️ 냉장·냉동 과잉 (78%)', '💸 배송비 상승 (91%)', '⚡ 복합 스트레스 (60%)']","{'재고위험': '25.1%', '판매가능성': '13.2%', '점포이동적합': '14.0%', '비용절감': '18.3%', '폐기회피이익': '13.2%', '실행가능성': '12.8%', '이력보정': '3.3%'}",True,True,False,True,False,True,58.5,32.8,55.0,57.9,72.0,65.4,56.2,55.2,0.0,61.1,검토,보류,⏸️,199,HIGH,신뢰도 높음 ●,#2e7d32,,,61.1,검토,보류,-1,0,False,False,,50.0,20463.0,22053.0,20463.0,21.07,21.17,21.07,42.0,505.0,260.0,225.0,재고 이동,재고 이동,73.777,일치,73.777,51.274,34.3,23.235
도시락074,잠원점,노원점,259.0,재배치 추천,22587.0,프로모션 순비용이 재배치 비용보다 높습니다.,16.45318790509094,16.17231638418079,18,0,50.6,후순위,22587.0,259.0,402,False,Greedy 선택 후보보다 우선순위가 낮음,0.73,3140,260,1,신선식품,250,259,22.0,5.0,250,69080.0,A,0.4700351316340167,1,100.0,354.5,1.02,DEAD,0.0,True,78.0,HIGH,유통기한 임박 | 소진일수 354일 초과 | 신선/냉장 고위험 카테고리,0.6,2.8,0.0,SAFE,"재고 여유 — 현재고(260), 재주문점(3)",0.0,49.2,67.4,54114.0,100.0,OVER,과잉 발주 위험 — 현재(259개) > EOQ(49개). 발주 주기 67일 권장,100.0,5.0,0.71,1.02,0.41,STABLE,364.0,0.0,WMA,0.0,40.9,10.0,8.4,10.0,7.5,5.0,FAIR,보통 매칭 · 폐기위험 높음 · 핵심(A)상품,0.978,49.5,STABLE,35.6,LOW,76.6,HIGH,32.2,35.1,98.9,0.3,30.0,1018075.0,100.0,0.385,0.385,88.5,True,24.9,121,45.8,9,100.0,0.999,4.9,78.8,50.0,HOLD,50.0,2,99.8,70.1,18.6,disposal_risk,50.2,모니터링,276,HEURISTIC 29% | ABC 14% | TURNOVER 14% | DISPOSAL_RISK 14% | SAFETY_STOCK 8% | EOQ 7% | DEMAND_FORECAST 7% | MATCH 5%,"['⏰ 유통기한 임박 (84%)', '❄️ 냉장·냉동 과잉 (78%)', '💸 배송비 상승 (91%)', '⚡ 복합 스트레스 (60%)']","{'재고위험': '25.1%', '판매가능성': '13.2%', '점포이동적합': '14.0%', '비용절감': '18.3%', '폐기회피이익': '13.2%', '실행가능성': '12.8%', '이력보정': '3.3%'}",True,True,False,True,False,True,53.7,32.6,60.4,57.8,72.0,77.6,58.6,56.3,0.0,73.8,권장,할인 판매,🏷️,131,HIGH,신뢰도 높음 ●,#2e7d32,,,73.8,권장,할인 판매,-1,-1,False,False,,50.0,22587.0,33825.0,22587.0,23.43,34.25,23.43,47.0,885.0,259.0,778.0,재고 이동,재고 이동,82.572,일치,82.572,60.889,36.034,11.334
김밥017,사당점,선릉점,47.0,재배치 추천,9546.0,프로모션 순비용이 재배치 비용보다 높습니다.,31.34740027981612,1.2005649717514124,18,0,50.5,후순위,9546.0,47.0,403,False,Greedy 선택 후보보다 우선순위가 낮음,3.87,3260,286,4,신선식품,400,265,116.0,27.0,400,378160.0,A,0.49367488330734166,1,100.0,74.0,4.87,SLOW,58.9,True,62.0,HIGH,유통기한 임박 | 소진일수 74일 초과 | 신선/냉장 고위험 카테고리,3.3,14.9,0.0,SAFE,"재고 여유 — 현재고(286), 재주문점(15)",0.0,111.3,28.8,126954.0,100.0,OVER,과잉 발주 위험 — 현재(283개) > EOQ(111개). 발주 주기 29일 권장,100.0,27.0,3.86,5.45,2.26,STABLE,74.1,0.0,WMA,0.0,40.9,10.0,8.4,10.0,7.5,5.0,FAIR,보통 매칭 · 폐기위험 높음 · 핵심(A)상품,0.997,49.9,STABLE,14.4,LOW,66.1,MEDIUM,36.5,48.8,83.3,0.3,30.0,193118.0,100.0,0.385,0.385,88.5,True,21.6,228,34.1,196,100.0,0.999,4.9,74.8,50.0,HOLD,50.0,2,99.8,70.1,28.8,disposal_risk,56.2,검토 필요,185,HEURISTIC 29% | ABC 14% | TURNOVER 14% | DISPOSAL_RISK 14% | SAFETY_STOCK 8% | EOQ 7% | DEMAND_FORECAST 7% | MATCH 5%,"['⏰ 유통기한 임박 (84%)', '❄️ 냉장·냉동 과잉 (78%)', '💸 배송비 상승 (91%)', '⚡ 복합 스트레스 (60%)']","{'재고위험': '25.1%', '판매가능성': '13.2%', '점포이동적합': '14.0%', '비용절감': '18.3%', '폐기회피이익': '13.2%', '실행가능성': '12.8%', '이력보정': '3.3%'}",True,True,False,True,False,True,62.0,32.7,57.7,57.8,72.0,71.8,56.8,57.3,0.0,83.3,최적,할인 판매,🏷️,80,HIGH,신뢰도 높음 ●,#2e7d32,,,83.3,최적,할인 판매,-1,-1,False,False,,50.0,9546.0,23187.0,9546.0,8.94,22.43,8.94,18.0,87.0,265.0,47.0,재고 이동,재고 이동,69.826,일치,69.826,48.391,31.536,31.364
요거트006,잠실2점,노원점,239.0,재배치 추천,21453.0,프로모션 순비용이 재배치 비용보다 높습니다.,17.748336807240957,14.75988700564972,18,0,50.5,후순위,21453.0,239.0,404,False,Greedy 선택 후보보다 우선순위가 낮음,9.09,1419,251,1,유제품,500,239,273.0,64.0,500,387387.0,A,0.7940108140096701,1,100.0,27.6,13.05,FAST,84.7,False,46.0,MEDIUM,유통기한 임박 | 신선/냉장 고위험 카테고리,7.8,35.1,0.0,SAFE,"재고 여유 — 현재고(251), 재주문점(35)",0.0,258.5,28.4,128367.0,4.7,OPTIMAL,"적정 발주 — EOQ(258개), 권장 발주 주기 28일",4.7,63.9,9.13,12.88,5.38,STABLE,27.5,6.2,WMA,6.2,36.4,10.0,3.91,10.0,7.5,5.0,POOR,낮은 매칭 · 핵심(A)상품,1.006,50.1,STABLE,5.4,LOW,76.6,HIGH,24.1,35.1,98.9,0.3,30.0,505016.0,100.0,0.385,0.385,88.5,True,66.1,13,25.2,401,100.0,0.999,4.9,78.8,50.0,HOLD,50.0,1,100.0,70.1,25.9,turnover,53.5,모니터링,223,HEURISTIC 29% | ABC 14% | TURNOVER 14% | DISPOSAL_RISK 14% | SAFETY_STOCK 8% | EOQ 7% | DEMAND_FORECAST 7% | MATCH 5%,"['⏰ 유통기한 임박 (84%)', '❄️ 냉장·냉동 과잉 (78%)', '💸 배송비 상승 (91%)', '⚡ 복합 스트레스 (60%)']","{'재고위험': '25.1%', '판매가능성': '13.2%', '점포이동적합': '14.0%', '비용절감': '18.3%', '폐기회피이익': '13.2%', '실행가능성': '12.8%', '이력보정': '3.3%'}",True,True,False,True,False,True,61.6,35.8,54.3,43.5,72.0,77.6,81.4,55.2,0.0,61.3,검토,보류,⏸️,198,HIGH,신뢰도 높음 ●,#2e7d32,,,61.3,검토,보류,-1,-1,False,False,,50.0,21453.0,33870.0,21453.0,22.17,34.3,22.17,44.0,521.0,239.0,435.0,재고 이동,재고 이동,68.235,일치,68.235,44.673,30.15,24.362
도시락074,용산점,신촌점,260.0,재배치 추천,22755.0,프로모션 순비용이 재배치 비용보다 높습니다.,16.261313993661307,16.242937853107346,18,0,50.5,후순위,22755.0,260.0,405,False,Greedy 선택 후보보다 우선순위가 낮음,0.91,3140,261,0,신선식품,250,260,27.0,6.0,250,84780.0,A,0.4700351316340167,1,100.0,290.0,1.24,DEAD,0.0,True,80.0,CRITICAL,유통기한 임박 | 소진일수 290일 초과 | 신선/냉장 고위험 카테고리,0.8,3.5,0.0,SAFE,"재고 여유 — 현재고(261), 재주문점(4)",0.0,55.0,60.4,60418.0,100.0,OVER,과잉 발주 위험 — 현재(260개) > EOQ(55개). 발주 주기 60일 권장,100.0,6.1,0.87,1.25,0.5,STABLE,299.5,0.0,WMA,0.0,44.5,10.0,12.0,10.0,7.5,5.0,FAIR,보통 매칭 · 폐기위험 높음 · 핵심(A)상품,0.942,48.5,STABLE,36.4,LOW,78.3,HIGH,23.2,28.1,86.3,0.3,30.0,1021925.0,100.0,0.385,0.385,88.5,True,25.5,111,47.5,4,100.0,0.999,4.9,75.7,50.0,HOLD,50.0,1,100.0,70.1,17.8,disposal_risk,51.5,모니터링,249,HEURISTIC 29% | ABC 14% | TURNOVER 14% | DISPOSAL_RISK 14% | SAFETY_STOCK 8% | EOQ 7% | DEMAND_FORECAST 7% | MATCH 5%,"['⏰ 유통기한 임박 (84%)', '❄️ 냉장·냉동 과잉 (78%)', '💸 배송비 상승 (91%)', '⚡ 복합 스트레스 (60%)']","{'재고위험': '25.1%', '판매가능성': '13.2%', '점포이동적합': '14.0%', '비용절감': '18.3%', '폐기회피이익': '13.2%', '실행가능성': '12.8%', '이력보정': '3.3%'}",True,True,False,True,False,True,54.6,32.2,62.1,57.8,72.0,66.9,59.0,55.4,0.0,63.0,검토,할인 판매,🏷️,189,HIGH,신뢰도 높음 ●,#2e7d32,,,63.0,검토,할인 판매,-1,0,False,False,,50.0,0.0,22755.0,22755.0,0.0,21.95,21.95,44.0,885.0,260.0,795.0,재고 이동,재고 이동,84.844,일치,84.844,60.001,33.744,8.869
커피013,여의도2점,노원점,280.0,재배치 추천,24090.0,프로모션 순비용이 재배치 비용보다 높습니다.,14.736601661765125,17.65536723163842,18,0,50.4,후순위,24090.0,280.0,406,False,Greedy 선택 후보보다 우선순위가 낮음,1.29,1543,287,4,음료,500,280,39.0,9.0,500,60177.0,B,0.9087869865371656,2,60.0,220.8,1.63,DEAD,0.0,True,60.0,HIGH,유통기한 임박 | 소진일수 221일 초과,1.1,5.0,0.0,SAFE,"재고 여유 — 현재고(287), 재주문점(5)",0.0,130.2,100.9,36163.0,100.0,OVER,과잉 발주 위험 — 현재(286개) > EOQ(130개). 발주 주기 101일 권장,100.0,9.0,1.29,1.82,0.75,STABLE,223.2,0.0,WMA,0.0,36.9,10.0,8.4,6.0,7.5,5.0,POOR,낮은 매칭 · 폐기위험 높음,0.997,49.9,STABLE,35.1,LOW,66.1,MEDIUM,37.9,35.1,98.9,0.3,30.0,634358.0,100.0,0.385,0.385,88.5,False,21.0,264,37.7,149,100.0,0.999,4.9,78.8,50.0,HOLD,50.0,2,99.8,70.1,42.5,disposal_risk,37.5,후순위,431,HEURISTIC 29% | ABC 14% | TURNOVER 14% | DISPOSAL_RISK 14% | SAFETY_STOCK 8% | EOQ 7% | DEMAND_FORECAST 7% | MATCH 5%,"['⏰ 유통기한 임박 (84%)', '❄️ 냉장·냉동 과잉 (78%)', '💸 배송비 상승 (91%)', '⚡ 복합 스트레스 (60%)']","{'재고위험': '25.1%', '판매가능성': '13.2%', '점포이동적합': '14.0%', '비용절감': '18.3%', '폐기회피이익': '13.2%', '실행가능성': '12.8%', '이력보정': '3.3%'}",True,True,False,True,False,True,39.5,32.7,57.0,57.7,72.0,77.6,56.5,52.3,0.0,31.1,검토,할인 판매,🏷️,360,HIGH,신뢰도 높음 ●,#2e7d32,,,31.1,검토,할인 판매,-1,-1,False,False,,50.0,24090.0,36993.0,24090.0,25.1,37.769999999999996,25.1,50.0,926.0,280.0,867.0,재고 이동,재고 이동,78.618,일치,78.618,59.467,35.088,8.535
케이크042,잠실점,강남2점,41.0,재배치 추천,9384.0,프로모션 순비용이 재배치 비용보다 높습니다.,31.53242155155184,0.7768361581920904,18,0,50.3,후순위,9384.0,41.0,407,False,Greedy 선택 후보보다 우선순위가 낮음,1.17,2745,178,2,디저트,300,175,35.0,8.0,300,96075.0,A,0.6023527040386168,1,100.0,152.6,2.36,DEAD,15.2,True,68.0,HIGH,유통기한 임박 | 소진일수 153일 초과,1.0,4.5,0.0,SAFE,"재고 여유 — 현재고(178), 재주문점(4)",0.0,78.9,67.4,54135.0,100.0,OVER,과잉 발주 위험 — 현재(177개) > EOQ(79개). 발주 주기 67일 권장,100.0,8.1,1.16,1.64,0.67,STABLE,153.8,0.0,WMA,0.0,40.9,10.0,8.4,10.0,7.5,5.0,FAIR,보통 매칭 · 폐기위험 높음 · 핵심(A)상품,0.977,49.4,STABLE,30.2,LOW,73.1,HIGH,20.5,18.9,77.1,0.3,30.0,137970.0,100.0,0.385,0.385,88.5,False,22.9,177,40.4,88,100.0,0.999,4.9,72.8,50.0,HOLD,50.0,2,99.8,70.1,25.6,disposal_risk,50.2,모니터링,275,HEURISTIC 29% | ABC 14% | TURNOVER 14% | DISPOSAL_RISK 14% | SAFETY_STOCK 8% | EOQ 7% | DEMAND_FORECAST 7% | MATCH 5%,"['⏰ 유통기한 임박 (84%)', '❄️ 냉장·냉동 과잉 (78%)', '💸 배송비 상승 (91%)', '⚡ 복합 스트레스 (60%)']","{'재고위험': '25.1%', '판매가능성': '13.2%', '점포이동적합': '14.0%', '비용절감': '18.3%', '폐기회피이익': '13.2%', '실행가능성': '12.8%', '이력보정': '3.3%'}",True,True,False,True,False,True,53.2,32.5,58.8,57.7,72.0,57.7,57.5,53.4,0.0,40.8,검토,할인 판매,🏷️,308,HIGH,신뢰도 높음 ●,#2e7d32,,,40.8,검토,할인 판매,0,-1,False,False,,50.0,9384.0,29325.0,9384.0,8.76,29.25,8.76,18.0,122.0,175.0,41.0,재고 이동,재고 이동,64.808,일치,64.808,52.388,34.477,30.318
냉동피자020,강남2점,명동점,80.0,재배치 추천,11877.0,프로모션 순비용이 재배치 비용보다 높습니다.,28.685149758729978,3.531073446327684,18,0,50.2,후순위,11877.0,80.0,408,False,Greedy 선택 후보보다 우선순위가 낮음,1.11,1572,112,21,냉동식품,400,80,33.0,8.0,400,51876.0,B,0.8194229269640343,2,60.0,101.8,3.54,DEAD,43.4,True,42.8,MEDIUM,소진일수 102일 초과 | 신선/냉장 고위험 카테고리,1.0,4.3,0.0,SAFE,"재고 여유 — 현재고(112), 재주문점(4)",0.0,92.7,83.5,43711.0,19.7,OPTIMAL,"적정 발주 — EOQ(93개), 권장 발주 주기 84일",19.7,7.9,1.13,1.59,0.67,STABLE,99.2,0.0,WMA,0.0,32.1,10.0,3.6,6.0,7.5,5.0,POOR,낮은 매칭,1.03,50.7,STABLE,19.6,LOW,43.3,MEDIUM,32.3,32.8,100.0,0.3,30.0,171035.0,100.0,0.385,0.385,88.5,True,17.4,400,26.0,375,100.0,0.999,4.9,79.0,50.0,HOLD,50.0,2,99.8,70.0,52.3,disposal_risk,33.6,후순위,457,HEURISTIC 29% | ABC 14% | TURNOVER 14% | DISPOSAL_RISK 14% | SAFETY_STOCK 8% | EOQ 7% | DEMAND_FORECAST 7% | MATCH 5%,"['⏰ 유통기한 임박 (84%)', '❄️ 냉장·냉동 과잉 (78%)', '💸 배송비 상승 (91%)', '⚡ 복합 스트레스 (60%)']","{'재고위험': '25.1%', '판매가능성': '13.2%', '점포이동적합': '14.0%', '비용절감': '18.3%', '폐기회피이익': '13.2%', '실행가능성': '12.8%', '이력보정': '3.3%'}",True,True,False,True,False,True,43.2,32.9,52.5,45.6,72.0,77.6,54.5,50.4,0.0,16.6,검토,보류,⏸️,438,HIGH,신뢰도 높음 ●,#2e7d32,,,16.6,검토,보류,-1,-1,False,False,,50.0,11877.0,24654.0,11877.0,11.53,24.06,11.53,23.0,236.0,80.0,199.0,재고 이동,재고 이동,55.82,일치,55.82,42.543,29.977,30.014
딸기우유054,합정점,선릉점,172.0,재배치 추천,17547.0,프로모션 순비용이 재배치 비용보다 높습니다.,22.209405247979902,10.028248587570623,18,0,50.2,후순위,17547.0,172.0,409,False,Greedy 선택 후보보다 우선순위가 낮음,1.22,1828,195,14,유제품,300,172,37.0,9.0,300,67636.0,B,0.9443179613862073,2,60.0,158.1,2.28,DEAD,12.2,True,38.0,LOW,소진일수 158일 초과 | 신선/냉장 고위험 카테고리,1.0,4.7,0.0,SAFE,"재고 여유 — 현재고(195), 재주문점(5)",0.0,83.4,68.4,53376.0,100.0,OVER,과잉 발주 위험 — 현재(194개) > EOQ(83개). 발주 주기 68일 권장,100.0,8.8,1.26,1.76,0.75,STABLE,155.1,0.0,WMA,0.0,28.5,10.0,0.0,6.0,7.5,5.0,POOR,낮은 매칭,1.054,51.3,STABLE,31.1,LOW,43.3,MEDIUM,30.6,48.8,83.3,0.3,30.0,411352.0,100.0,0.385,0.385,88.5,True,16.5,420,26.2,367,100.0,0.999,4.9,74.8,50.0,HOLD,50.0,2,99.8,70.0,52.2,disposal_risk,32.1,후순위,467,HEURISTIC 29% | ABC 14% | TURNOVER 14% | DISPOSAL_RISK 14% | SAFETY_STOCK 8% | EOQ 7% | DEMAND_FORECAST 7% | MATCH 5%,"['⏰ 유통기한 임박 (84%)', '❄️ 냉장·냉동 과잉 (78%)', '💸 배송비 상승 (91%)', '⚡ 복합 스트레스 (60%)']","{'재고위험': '25.1%', '판매가능성': '13.2%', '점포이동적합': '14.0%', '비용절감': '18.3%', '폐기회피이익': '13.2%', '실행가능성': '12.8%', '이력보정': '3.3%'}",True,True,False,True,False,True,32.9,33.1,50.5,57.6,72.0,71.8,54.0,49.0,0.0,10.4,검토,보류,⏸️,471,HIGH,신뢰도 높음 ●,#2e7d32,,,10.4,검토,보류,-1,-1,False,False,,50.0,17547.0,21522.0,17547.0,17.83,20.58,17.83,36.0,738.0,172.0,681.0,재고 이동,재고 이동,71.177,일치,71.177,52.124,30.937,14.352
마카롱008,사당점,상암점,189.0,재배치 추천,18627.0,프로모션 순비용이 재배치 비용보다 높습니다.,20.97593010307512,11.228813559322035,18,0,50.2,후순위,18627.0,189.0,410,False,Greedy 선택 후보보다 우선순위가 낮음,3.76,1335,251,5,디저트,250,225,113.0,26.0,250,150855.0,C,0.9603518970403913,3,20.0,66.6,5.4,SLOW,63.0,True,48.3,MEDIUM,유통기한 임박 | 소진일수 67일 초과,3.2,14.5,0.0,SAFE,"재고 여유 — 현재고(251), 재주문점(14)",0.0,202.8,53.9,67679.0,22.2,OPTIMAL,"적정 발주 — EOQ(203개), 권장 발주 주기 54일",22.2,26.1,3.73,5.28,2.18,STABLE,67.3,0.0,WMA,0.0,29.1,10.0,3.6,3.0,7.5,5.0,POOR,낮은 매칭,0.988,49.7,STABLE,13.3,LOW,62.6,MEDIUM,38.7,35.6,64.6,0.3,30.0,331401.0,100.0,0.385,0.385,88.5,False,18.4,374,26.0,375,100.0,0.999,4.9,67.5,50.0,HOLD,50.0,2,99.8,70.0,50.1,disposal_risk,30.2,후순위,477,HEURISTIC 29% | ABC 14% | TURNOVER 14% | DISPOSAL_RISK 14% | SAFETY_STOCK 8% | EOQ 7% | DEMAND_FORECAST 7% | MATCH 5%,"['⏰ 유통기한 임박 (84%)', '❄️ 냉장·냉동 과잉 (78%)', '💸 배송비 상승 (91%)', '⚡ 복합 스트레스 (60%)']","{'재고위험': '25.1%', '판매가능성': '13.2%', '점포이동적합': '14.0%', '비용절감': '18.3%', '폐기회피이익': '13.2%', '실행가능성': '12.8%', '이력보정': '3.3%'}",True,True,False,True,False,True,45.0,32.6,50.0,45.9,72.0,54.9,55.0,47.6,0.0,8.0,검토,보류,⏸️,484,HIGH,신뢰도 높음 ●,#2e7d32,,,8.0,검토,보류,-1,-1,False,False,,50.0,18627.0,24843.0,18627.0,19.03,24.27,19.03,38.0,200.0,225.0,189.0,재고 이동,재고 이동,57.029,일치,57.029,45.426,33.559,27.398
냉동피자020,이태원점,명동점,199.0,재배치 추천,19209.0,프로모션 순비용이 재배치 비용보다 높습니다.,20.311224052765326,11.935028248587571,18,0,50.2,후순위,19209.0,199.0,411,False,Greedy 선택 후보보다 우선순위가 낮음,5.0,1572,355,6,냉동식품,400,313,150.0,35.0,400,235800.0,B,0.8194229269640343,2,60.0,71.0,5.07,SLOW,60.6,True,56.5,MEDIUM,유통기한 임박 | 소진일수 71일 초과 | 신선/냉장 고위험 카테고리,4.3,19.3,0.0,SAFE,"재고 여유 — 현재고(355), 재주문점(19)",0.0,196.7,39.3,92772.0,78.3,OVER,과잉 발주 위험 — 현재(351개) > EOQ(197개). 발주 주기 39일 권장,78.3,35.0,5.0,7.06,2.94,STABLE,71.0,0.0,WMA,0.0,32.1,10.0,3.6,6.0,7.5,5.0,POOR,낮은 매칭,1.0,50.0,STABLE,13.8,LOW,59.1,MEDIUM,32.3,32.8,100.0,0.3,30.0,435785.0,100.0,0.385,0.385,88.5,True,20.1,311,30.0,254,100.0,0.999,4.9,79.0,50.0,HOLD,50.0,2,99.8,70.0,45.8,disposal_risk,43.8,모니터링,375,HEURISTIC 29% | ABC 14% | TURNOVER 14% | DISPOSAL_RISK 14% | SAFETY_STOCK 8% | EOQ 7% | DEMAND_FORECAST 7% | MATCH 5%,"['⏰ 유통기한 임박 (84%)', '❄️ 냉장·냉동 과잉 (78%)', '💸 배송비 상승 (91%)', '⚡ 복합 스트레스 (60%)']","{'재고위험': '25.1%', '판매가능성': '13.2%', '점포이동적합': '14.0%', '비용절감': '18.3%', '폐기회피이익': '13.2%', '실행가능성': '12.8%', '이력보정': '3.3%'}",True,True,False,True,False,True,54.0,32.7,53.3,54.4,72.0,77.6,56.0,54.8,0.0,54.0,검토,보류,⏸️,237,HIGH,신뢰도 높음 ●,#2e7d32,,,54.0,검토,보류,-1,-1,False,False,,50.0,0.0,19209.0,19209.0,0.0,18.009999999999998,18.009999999999998,36.0,236.0,313.0,199.0,재고 이동,재고 이동,68.918,일치,68.918,48.791,32.71,22.964
케이크079,동대문점,여의도점,97.0,재배치 추천,13020.0,프로모션 순비용이 재배치 비용보다 높습니다.,27.379721897039087,4.731638418079096,18,0,50.1,후순위,13020.0,97.0,412,False,Greedy 선택 후보보다 우선순위가 낮음,8.47,3402,178,1,디저트,500,167,254.0,59.0,500,864108.0,A,0.1612979350343813,1,100.0,21.0,17.12,FAST,88.3,False,38.0,LOW,유통기한 임박,7.3,32.7,0.0,SAFE,"재고 여유 — 현재고(178), 재주문점(33)",0.0,190.7,22.5,162153.0,8.4,OPTIMAL,"적정 발주 — EOQ(191개), 권장 발주 주기 22일",8.4,59.1,8.44,11.94,4.95,STABLE,21.1,9.2,WMA,9.2,33.0,10.0,0.46,10.0,7.5,5.0,POOR,낮은 매칭 · 핵심(A)상품,0.995,49.9,STABLE,4.2,LOW,76.6,HIGH,26.2,51.3,66.5,0.3,30.0,431473.0,100.0,0.385,0.385,88.5,False,83.7,3,21.3,473,100.0,0.999,4.9,68.5,50.0,HOLD,50.0,2,99.8,70.0,25.1,turnover,53.6,모니터링,221,HEURISTIC 29% | ABC 14% | TURNOVER 14% | DISPOSAL_RISK 14% | SAFETY_STOCK 8% | EOQ 7% | DEMAND_FORECAST 7% | MATCH 5%,"['⏰ 유통기한 임박 (84%)', '❄️ 냉장·냉동 과잉 (78%)', '💸 배송비 상승 (91%)', '⚡ 복합 스트레스 (60%)']","{'재고위험': '25.1%', '판매가능성': '13.2%', '점포이동적합': '14.0%', '비용절감': '18.3%', '폐기회피이익': '13.2%', '실행가능성': '12.8%', '이력보정': '3.3%'}",True,True,False,True,False,True,59.0,37.3,51.0,43.8,72.0,61.4,90.9,52.3,0.0,31.3,검토,보류,⏸️,359,HIGH,신뢰도 높음 ●,#2e7d32,,,31.3,검토,보류,-1,0,False,False,,50.0,13020.0,25041.0,13020.0,12.8,24.490000000000002,12.8,26.0,115.0,167.0,97.0,재고 이동,재고 이동,62.288,일치,62.288,38.454,26.923,32.71
핫바027,여의도점,성수점,140.0,재배치 추천,15873.0,프로모션 순비용이 재배치 비용보다 높습니다.,24.1212917225823,7.768361581920905,18,0,49.9,후순위,15873.0,140.0,413,False,Greedy 선택 후보보다 우선순위가 낮음,4.11,2509,145,0,간편식,250,140,123.0,29.0,250,308607.0,A,0.26107531382798244,1,100.0,35.4,10.18,NORMAL,80.3,False,47.7,MEDIUM,유통기한 임박,3.5,15.8,0.0,SAFE,"재고 여유 — 현재고(145), 재주문점(16)",0.0,164.9,40.1,90997.0,11.4,OPTIMAL,"적정 발주 — EOQ(165개), 권장 발주 주기 40일",11.4,28.9,4.13,5.82,2.43,STABLE,35.1,3.3,WMA,3.3,36.3,10.0,3.76,10.0,7.5,5.0,POOR,낮은 매칭 · 핵심(A)상품,1.008,50.2,STABLE,6.9,LOW,78.3,HIGH,42.0,46.2,96.7,0.3,30.0,440639.0,100.0,0.385,0.385,88.5,False,39.3,38,25.9,384,100.0,0.999,4.9,78.3,50.0,HOLD,50.0,1,100.0,70.0,26.3,turnover,50.9,모니터링,262,HEURISTIC 29% | ABC 14% | TURNOVER 14% | DISPOSAL_RISK 14% | SAFETY_STOCK 8% | EOQ 7% | DEMAND_FORECAST 7% | MATCH 5%,"['⏰ 유통기한 임박 (84%)', '❄️ 냉장·냉동 과잉 (78%)', '💸 배송비 상승 (91%)', '⚡ 복합 스트레스 (60%)']","{'재고위험': '25.1%', '판매가능성': '13.2%', '점포이동적합': '14.0%', '비용절감': '18.3%', '폐기회피이익': '13.2%', '실행가능성': '12.8%', '이력보정': '3.3%'}",True,True,False,True,False,True,61.2,34.4,54.3,44.2,72.0,79.9,66.6,55.4,0.0,63.1,검토,보류,⏸️,188,HIGH,신뢰도 높음 ●,#2e7d32,,,63.1,검토,보류,0,-1,False,False,,50.0,15873.0,20379.0,15873.0,15.97,19.310000000000002,15.97,32.0,891.0,140.0,875.0,재고 이동,재고 이동,73.734,일치,73.734,46.153,26.075,21.275
라면080,여의도점,건대점,166.0,재배치 추천,17466.0,프로모션 순비용이 재배치 비용보다 높습니다.,22.301915883847755,9.6045197740113,18,0,49.9,후순위,17466.0,166.0,414,False,Greedy 선택 후보보다 우선순위가 낮음,3.8,1204,176,2,간편식,500,166,114.0,27.0,500,137256.0,B,0.8896110979107996,2,60.0,46.3,7.77,NORMAL,74.3,False,51.2,MEDIUM,유통기한 임박,3.3,14.7,0.0,SAFE,"재고 여유 — 현재고(176), 재주문점(15)",0.0,228.8,60.2,60613.0,19.6,OPTIMAL,"적정 발주 — EOQ(229개), 권장 발주 주기 60일",19.6,26.8,3.83,5.4,2.26,STABLE,46.0,1.9,WMA,1.9,32.2,10.0,3.7,6.0,7.5,5.0,POOR,낮은 매칭,1.015,50.4,STABLE,9.0,LOW,73.1,HIGH,24.2,43.6,76.3,0.3,30.0,305371.0,100.0,0.385,0.385,88.5,False,28.1,87,26.9,333,100.0,0.999,4.9,72.5,50.0,HOLD,50.0,1,100.0,70.0,42.9,turnover,41.9,모니터링,396,HEURISTIC 29% | ABC 14% | TURNOVER 14% | DISPOSAL_RISK 14% | SAFETY_STOCK 8% | EOQ 7% | DEMAND_FORECAST 7% | MATCH 5%,"['⏰ 유통기한 임박 (84%)', '❄️ 냉장·냉동 과잉 (78%)', '💸 배송비 상승 (91%)', '⚡ 복합 스트레스 (60%)']","{'재고위험': '25.1%', '판매가능성': '13.2%', '점포이동적합': '14.0%', '비용절감': '18.3%', '폐기회피이익': '13.2%', '실행가능성': '12.8%', '이력보정': '3.3%'}",True,True,False,True,False,True,55.2,33.8,52.1,45.4,72.0,65.4,60.5,51.8,0.0,25.3,검토,보류,⏸️,391,HIGH,신뢰도 높음 ●,#2e7d32,,,25.3,검토,보류,0,0,True,False,,50.0,17466.0,21630.0,17466.0,17.74,20.700000000000003,17.74,35.0,815.0,166.0,741.0,재고 이동,재고 이동,69.269,일치,69.269,46.383,29.738,20.754
마카롱008,목동점,혜화점,174.0,재배치 추천,17979.0,프로모션 순비용이 재배치 비용보다 높습니다.,21.716015190017988,10.16949152542373,18,0,49.9,후순위,17979.0,174.0,415,False,Greedy 선택 후보보다 우선순위가 낮음,2.46,1335,177,0,디저트,250,174,74.0,17.0,250,98790.0,C,0.9603518970403913,3,20.0,71.8,5.02,SLOW,60.1,True,60.9,HIGH,유통기한 임박 | 소진일수 72일 초과,2.1,9.5,0.0,SAFE,"재고 여유 — 현재고(177), 재주문점(10)",0.0,164.0,66.7,54742.0,6.6,OPTIMAL,"적정 발주 — EOQ(164개), 권장 발주 주기 67일",6.6,17.1,2.44,3.46,1.43,STABLE,72.5,0.0,WMA,0.0,33.9,10.0,8.4,3.0,7.5,5.0,POOR,낮은 매칭 · 폐기위험 높음,0.987,49.7,STABLE,14.3,LOW,78.3,HIGH,41.1,17.2,71.5,0.3,30.0,304269.0,100.0,0.385,0.385,88.5,False,21.1,255,32.2,220,100.0,0.999,4.9,70.7,50.0,HOLD,50.0,2,99.8,70.0,47.5,disposal_risk,32.5,후순위,462,HEURISTIC 29% | ABC 14% | TURNOVER 14% | DISPOSAL_RISK 14% | SAFETY_STOCK 8% | EOQ 7% | DEMAND_FORECAST 7% | MATCH 5%,"['⏰ 유통기한 임박 (84%)', '❄️ 냉장·냉동 과잉 (78%)', '💸 배송비 상승 (91%)', '⚡ 복합 스트레스 (60%)']","{'재고위험': '25.1%', '판매가능성': '13.2%', '점포이동적합': '14.0%', '비용절감': '18.3%', '폐기회피이익': '13.2%', '실행가능성': '12.8%', '이력보정': '3.3%'}",True,True,False,True,False,True,49.9,32.6,53.8,43.4,72.0,53.4,56.5,48.7,0.0,9.8,검토,할인 판매,🏷️,474,HIGH,신뢰도 높음 ●,#2e7d32,,,9.8,검토,할인 판매,-1,-1,False,False,,50.0,17979.0,32565.0,17979.0,18.31,32.85,18.31,37.0,200.0,174.0,185.0,재고 이동,재고 이동,55.355,일치,55.355,47.103,35.045,28.606
도시락016,잠실점,신촌점,205.0,재배치 추천,19842.0,프로모션 순비용이 재배치 비용보다 높습니다.,19.58827056505725,12.358757062146893,18,0,49.9,후순위,19842.0,205.0,416,False,Greedy 선택 후보보다 우선순위가 낮음,2.27,2297,267,0,신선식품,150,264,68.0,16.0,150,156196.0,B,0.9362765472469301,2,60.0,117.8,3.06,DEAD,34.6,True,80.0,CRITICAL,유통기한 임박 | 소진일수 118일 초과 | 신선/냉장 고위험 카테고리,1.9,8.7,0.0,SAFE,"재고 여유 — 현재고(267), 재주문점(9)",0.0,101.5,44.7,81616.0,100.0,OVER,과잉 발주 위험 — 현재(265개) > EOQ(102개). 발주 주기 45일 권장,100.0,16.0,2.29,3.22,1.35,STABLE,116.8,0.0,WMA,0.0,40.5,10.0,12.0,6.0,7.5,5.0,FAIR,보통 매칭 · 폐기위험 높음,1.007,50.2,STABLE,22.9,LOW,78.3,HIGH,23.2,28.1,86.3,0.3,30.0,575970.0,100.0,0.385,0.385,88.5,True,25.4,113,43.3,38,100.0,0.999,4.9,75.7,50.0,HOLD,50.0,2,99.8,70.0,40.6,disposal_risk,48.4,모니터링,312,HEURISTIC 29% | ABC 14% | TURNOVER 14% | DISPOSAL_RISK 14% | SAFETY_STOCK 8% | EOQ 7% | DEMAND_FORECAST 7% | MATCH 5%,"['⏰ 유통기한 임박 (84%)', '❄️ 냉장·냉동 과잉 (78%)', '💸 배송비 상승 (91%)', '⚡ 복합 스트레스 (60%)']","{'재고위험': '25.1%', '판매가능성': '13.2%', '점포이동적합': '14.0%', '비용절감': '18.3%', '폐기회피이익': '13.2%', '실행가능성': '12.8%', '이력보정': '3.3%'}",True,True,False,True,False,True,57.7,32.8,59.5,57.4,72.0,66.9,58.9,55.8,0.0,68.4,권장,할인 판매,🏷️,160,HIGH,신뢰도 높음 ●,#2e7d32,,,68.4,권장,할인 판매,0,0,True,False,,50.0,19842.0,22926.0,19842.0,20.38,22.14,20.38,41.0,284.0,264.0,205.0,재고 이동,재고 이동,70.443,일치,70.443,56.679,38.051,24.859
아이스라떼021,잠실점,잠실2점,209.0,재배치 추천,20154.0,프로모션 순비용이 재배치 비용보다 높습니다.,19.231933300973644,12.641242937853105,18,0,49.9,후순위,20154.0,209.0,417,False,Greedy 선택 후보보다 우선순위가 낮음,1.06,3411,318,4,유제품,300,313,32.0,7.0,300,109152.0,A,0.3955185919274352,1,100.0,298.1,1.21,DEAD,0.0,True,68.0,HIGH,유통기한 임박 | 소진일수 298일 초과 | 신선/냉장 고위험 카테고리,0.9,4.1,0.0,SAFE,"재고 여유 — 현재고(318), 재주문점(4)",0.0,56.9,53.7,67963.0,100.0,OVER,과잉 발주 위험 — 현재(317개) > EOQ(57개). 발주 주기 54일 권장,100.0,7.2,1.03,1.47,0.59,STABLE,309.2,0.0,WMA,0.0,40.9,10.0,8.4,10.0,7.5,5.0,FAIR,보통 매칭 · 폐기위험 높음 · 핵심(A)상품,0.943,48.6,STABLE,36.4,LOW,66.1,MEDIUM,28.3,30.0,87.4,0.3,30.0,898025.0,100.0,0.385,0.385,88.5,True,23.0,175,42.0,49,100.0,0.999,4.9,76.0,50.0,HOLD,50.0,2,99.8,70.0,21.6,disposal_risk,47.3,모니터링,324,HEURISTIC 29% | ABC 14% | TURNOVER 14% | DISPOSAL_RISK 14% | SAFETY_STOCK 8% | EOQ 7% | DEMAND_FORECAST 7% | MATCH 5%,"['⏰ 유통기한 임박 (84%)', '❄️ 냉장·냉동 과잉 (78%)', '💸 배송비 상승 (91%)', '⚡ 복합 스트레스 (60%)']","{'재고위험': '25.1%', '판매가능성': '13.2%', '점포이동적합': '14.0%', '비용절감': '18.3%', '폐기회피이익': '13.2%', '실행가능성': '12.8%', '이력보정': '3.3%'}",True,True,False,True,False,True,49.2,32.3,59.4,57.4,72.0,68.3,57.6,53.7,0.0,44.5,검토,할인 판매,🏷️,288,HIGH,신뢰도 높음 ●,#2e7d32,,,44.5,검토,할인 판매,0,-1,False,False,,50.0,0.0,20154.0,20154.0,0.0,19.060000000000002,19.060000000000002,38.0,275.0,313.0,209.0,재고 이동,재고 이동,73.724,일치,73.724,54.722,33.451,18.329
요거트006,상암점,노원점,235.0,재배치 추천,21804.0,프로모션 순비용이 재배치 비용보다 높습니다.,17.347457385146903,14.477401129943503,18,0,49.8,후순위,21804.0,235.0,418,False,Greedy 선택 후보보다 우선순위가 낮음,1.1,1419,236,0,유제품,500,235,33.0,8.0,500,46827.0,A,0.7940108140096701,1,100.0,214.5,1.68,DEAD,0.0,True,78.0,HIGH,유통기한 임박 | 소진일수 214일 초과 | 신선/냉장 고위험 카테고리,0.9,4.2,0.0,SAFE,"재고 여유 — 현재고(236), 재주문점(4)",0.0,89.9,81.7,44655.0,100.0,OVER,과잉 발주 위험 — 현재(235개) > EOQ(90개). 발주 주기 82일 권장,100.0,7.9,1.13,1.58,0.67,STABLE,209.1,0.0,WMA,0.0,40.9,10.0,8.4,10.0,7.5,5.0,FAIR,보통 매칭 · 폐기위험 높음 · 핵심(A)상품,1.039,51.0,STABLE,35.0,LOW,78.3,HIGH,24.1,35.1,98.9,0.3,30.0,495854.0,100.0,0.385,0.385,88.5,True,25.1,117,45.6,12,100.0,0.999,4.9,78.8,50.0,HOLD,50.0,1,100.0,70.0,18.7,disposal_risk,49.5,모니터링,292,HEURISTIC 29% | ABC 14% | TURNOVER 14% | DISPOSAL_RISK 14% | SAFETY_STOCK 8% | EOQ 7% | DEMAND_FORECAST 7% | MATCH 5%,"['⏰ 유통기한 임박 (84%)', '❄️ 냉장·냉동 과잉 (78%)', '💸 배송비 상승 (91%)', '⚡ 복합 스트레스 (60%)']","{'재고위험': '25.1%', '판매가능성': '13.2%', '점포이동적합': '14.0%', '비용절감': '18.3%', '폐기회피이익': '13.2%', '실행가능성': '12.8%', '이력보정': '3.3%'}",True,True,False,True,False,True,53.6,33.0,60.4,57.4,72.0,77.6,58.8,56.3,0.0,73.2,권장,할인 판매,🏷️,134,HIGH,신뢰도 높음 ●,#2e7d32,,,73.2,권장,할인 판매,-1,-1,False,False,,50.0,21804.0,42753.0,21804.0,22.56,44.17,22.56,45.0,521.0,235.0,435.0,재고 이동,재고 이동,74.355,일치,74.355,59.055,37.864,18.798
죽010,홍대점,압구정점,107.0,재배치 추천,14037.0,프로모션 순비용이 재배치 비용보다 높습니다.,26.218199468920425,5.437853107344632,18,0,49.7,후순위,14037.0,107.0,419,False,Greedy 선택 후보보다 우선순위가 낮음,3.5,3304,308,1,간편식,500,304,105.0,24.0,500,346920.0,A,0.04394056460257161,1,100.0,88.0,4.09,SLOW,51.1,True,72.0,HIGH,유통기한 임박 | 소진일수 88일 초과,3.0,13.5,0.0,SAFE,"재고 여유 — 현재고(308), 재주문점(14)",0.0,132.6,37.9,96363.0,100.0,OVER,과잉 발주 위험 — 현재(305개) > EOQ(133개). 발주 주기 38일 권장,100.0,24.2,3.46,4.9,2.01,STABLE,89.1,0.0,WMA,0.0,40.9,10.0,8.4,10.0,7.5,5.0,FAIR,보통 매칭 · 폐기위험 높음 · 핵심(A)상품,0.98,49.5,STABLE,17.6,LOW,76.6,HIGH,23.9,35.6,98.7,0.3,30.0,463697.0,100.0,0.385,0.385,88.5,False,23.8,146,38.9,113,100.0,0.999,4.9,78.7,50.0,HOLD,50.0,2,99.8,69.9,27.5,disposal_risk,56.5,검토 필요,175,HEURISTIC 29% | ABC 14% | TURNOVER 14% | DISPOSAL_RISK 14% | SAFETY_STOCK 8% | EOQ 7% | DEMAND_FORECAST 7% | MATCH 5%,"['⏰ 유통기한 임박 (84%)', '❄️ 냉장·냉동 과잉 (78%)', '💸 배송비 상승 (91%)', '⚡ 복합 스트레스 (60%)']","{'재고위험': '25.1%', '판매가능성': '13.2%', '점포이동적합': '14.0%', '비용절감': '18.3%', '폐기회피이익': '13.2%', '실행가능성': '12.8%', '이력보정': '3.3%'}",True,True,False,True,False,True,64.5,32.6,59.1,57.3,72.0,77.7,58.0,58.7,0.0,92.8,최적,할인 판매,🏷️,29,HIGH,신뢰도 높음 ●,#2e7d32,,,92.8,최적,할인 판매,0,-1,False,False,,50.0,14037.0,17130.0,14037.0,13.93,15.700000000000001,13.93,28.0,259.0,304.0,107.0,재고 이동,재고 이동,72.202,일치,72.202,51.414,33.63,28.142
탄산음료067,신촌2점,명동점,282.0,재배치 추천,24861.0,프로모션 순비용이 재배치 비용보다 높습니다.,13.856037461096992,17.796610169491526,18,0,49.7,후순위,24861.0,282.0,420,False,Greedy 선택 후보보다 우선순위가 낮음,1.37,3575,293,6,음료,250,282,41.0,10.0,250,146575.0,A,0.3434406152679366,1,100.0,214.4,1.68,DEAD,0.0,True,60.0,HIGH,유통기한 임박 | 소진일수 214일 초과,1.2,5.3,0.0,SAFE,"재고 여유 — 현재고(293), 재주문점(5)",0.0,88.2,64.4,56726.0,100.0,OVER,과잉 발주 위험 — 현재(292개) > EOQ(88개). 발주 주기 64일 권장,100.0,9.8,1.4,1.97,0.83,STABLE,209.3,0.0,WMA,0.0,40.9,10.0,8.4,10.0,7.5,5.0,FAIR,보통 매칭 · 폐기위험 높음 · 핵심(A)상품,1.043,51.1,STABLE,35.0,LOW,59.1,MEDIUM,41.7,32.8,100.0,0.3,30.0,1255419.0,100.0,0.385,0.385,88.5,False,21.4,239,38.4,124,100.0,0.999,4.9,79.0,50.0,HOLD,50.0,2,99.8,69.9,23.5,disposal_risk,45.3,모니터링,352,HEURISTIC 29% | ABC 14% | TURNOVER 14% | DISPOSAL_RISK 14% | SAFETY_STOCK 8% | EOQ 7% | DEMAND_FORECAST 7% | MATCH 5%,"['⏰ 유통기한 임박 (84%)', '❄️ 냉장·냉동 과잉 (78%)', '💸 배송비 상승 (91%)', '⚡ 복합 스트레스 (60%)']","{'재고위험': '25.1%', '판매가능성': '13.2%', '점포이동적합': '14.0%', '비용절감': '18.3%', '폐기회피이익': '13.2%', '실행가능성': '12.8%', '이력보정': '3.3%'}",True,True,False,True,False,True,45.5,33.0,59.0,57.3,72.0,77.6,56.7,54.0,0.0,46.9,검토,할인 판매,🏷️,275,HIGH,신뢰도 높음 ●,#2e7d32,,,46.9,검토,할인 판매,-1,-1,False,False,,50.0,0.0,24861.0,24861.0,0.0,24.29,24.29,49.0,534.0,282.0,402.0,재고 이동,재고 이동,76.225,일치,76.225,54.412,32.819,13.571
딸기우유014,종로점,명동점,168.0,재배치 추천,17886.0,프로모션 순비용이 재배치 비용보다 높습니다.,21.822231105273676,9.745762711864407,18,0,49.6,후순위,17886.0,168.0,421,False,Greedy 선택 후보보다 우선순위가 낮음,3.33,2852,303,1,유제품,400,299,100.0,23.0,400,285200.0,A,0.560656640638992,1,100.0,90.9,3.96,DEAD,49.5,True,76.0,HIGH,유통기한 임박 | 소진일수 91일 초과 | 신선/냉장 고위험 카테고리,2.9,12.9,0.0,SAFE,"재고 여유 — 현재고(303), 재주문점(13)",0.0,110.3,33.1,110148.0,100.0,OVER,과잉 발주 위험 — 현재(300개) > EOQ(110개). 발주 주기 33일 권장,100.0,23.1,3.3,4.67,1.93,STABLE,91.8,0.0,WMA,0.0,40.9,10.0,8.4,10.0,7.5,5.0,FAIR,보통 매칭 · 폐기위험 높음 · 핵심(A)상품,0.987,49.7,STABLE,18.0,LOW,76.6,HIGH,29.0,32.8,100.0,0.3,30.0,624277.0,100.0,0.385,0.385,88.5,True,24.7,126,40.6,81,100.0,0.999,4.9,79.0,50.0,HOLD,50.0,1,100.0,69.9,26.5,disposal_risk,57.1,검토 필요,170,HEURISTIC 29% | ABC 14% | TURNOVER 14% | DISPOSAL_RISK 14% | SAFETY_STOCK 8% | EOQ 7% | DEMAND_FORECAST 7% | MATCH 5%,"['⏰ 유통기한 임박 (84%)', '❄️ 냉장·냉동 과잉 (78%)', '💸 배송비 상승 (91%)', '⚡ 복합 스트레스 (60%)']","{'재고위험': '25.1%', '판매가능성': '13.2%', '점포이동적합': '14.0%', '비용절감': '18.3%', '폐기회피이익': '13.2%', '실행가능성': '12.8%', '이력보정': '3.3%'}",True,True,False,True,False,True,65.9,32.6,59.4,57.3,72.0,77.6,58.6,59.1,0.0,95.0,최적,할인 판매,🏷️,17,HIGH,신뢰도 높음 ●,#2e7d32,,,95.0,최적,할인 판매,0,-1,False,False,,50.0,0.0,17886.0,17886.0,0.0,16.54,16.54,33.0,278.0,299.0,168.0,재고 이동,재고 이동,74.656,일치,74.656,52.296,33.906,24.498
냉동치킨030,잠실2점,홍대점,238.0,재배치 추천,22146.0,프로모션 순비용이 재배치 비용보다 높습니다.,16.956856922593722,14.689265536723164,18,0,49.6,후순위,22146.0,238.0,422,False,Greedy 선택 후보보다 우선순위가 낮음,4.82,2145,291,8,냉동식품,300,238,145.0,34.0,300,311025.0,A,0.7549271720942319,1,100.0,60.2,5.98,SLOW,66.6,True,41.7,MEDIUM,신선/냉장 고위험 카테고리,4.1,18.6,0.0,SAFE,"재고 여유 — 현재고(291), 재주문점(19)",0.0,165.3,34.3,106401.0,73.6,OVER,과잉 발주 위험 — 현재(287개) > EOQ(165개). 발주 주기 34일 권장,73.6,33.9,4.84,6.83,2.85,STABLE,60.1,0.0,WMA,0.0,36.1,10.0,3.6,10.0,7.5,5.0,POOR,낮은 매칭 · 핵심(A)상품,1.008,50.2,STABLE,11.7,LOW,52.1,MEDIUM,34.4,50.8,83.4,0.3,30.0,661866.0,100.0,0.385,0.385,88.5,True,17.7,392,24.3,429,100.0,0.999,4.9,74.8,50.0,HOLD,50.0,1,100.0,69.9,28.9,turnover,48.9,모니터링,306,HEURISTIC 29% | ABC 14% | TURNOVER 14% | DISPOSAL_RISK 14% | SAFETY_STOCK 8% | EOQ 7% | DEMAND_FORECAST 7% | MATCH 5%,"['⏰ 유통기한 임박 (84%)', '❄️ 냉장·냉동 과잉 (78%)', '💸 배송비 상승 (91%)', '⚡ 복합 스트레스 (60%)']","{'재고위험': '25.1%', '판매가능성': '13.2%', '점포이동적합': '14.0%', '비용절감': '18.3%', '폐기회피이익': '13.2%', '실행가능성': '12.8%', '이력보정': '3.3%'}",True,True,False,True,False,True,54.9,32.8,53.6,53.3,72.0,72.5,54.7,54.2,0.0,49.4,검토,보류,⏸️,262,HIGH,신뢰도 높음 ●,#2e7d32,,,49.4,검토,보류,-1,0,False,False,,50.0,22146.0,24852.0,22146.0,22.94,24.28,22.94,46.0,431.0,238.0,348.0,재고 이동,재고 이동,70.704,일치,70.704,47.623,31.472,22.81
커피019,신촌2점,명동점,280.0,재배치 추천,24861.0,프로모션 순비용이 재배치 비용보다 높습니다.,13.856037461096992,17.65536723163842,18,0,49.5,후순위,24861.0,280.0,423,False,Greedy 선택 후보보다 우선순위가 낮음,1.52,1307,299,9,음료,300,280,46.0,11.0,300,60122.0,B,0.8993652640154297,2,60.0,195.0,1.85,DEAD,0.0,True,47.1,MEDIUM,소진일수 195일 초과,1.3,5.9,0.0,SAFE,"재고 여유 — 현재고(299), 재주문점(6)",0.0,153.6,101.1,36128.0,93.8,OVER,과잉 발주 위험 — 현재(298개) > EOQ(154개). 발주 주기 101일 권장,93.8,10.9,1.56,2.18,0.93,STABLE,192.0,0.0,WMA,0.0,32.1,10.0,3.6,6.0,7.5,5.0,POOR,낮은 매칭,1.034,50.8,STABLE,35.0,LOW,48.6,MEDIUM,41.7,32.8,100.0,0.3,30.0,498291.0,100.0,0.385,0.385,88.5,False,18.4,374,31.5,230,100.0,0.999,4.9,79.0,50.0,HOLD,50.0,2,99.8,69.9,47.0,disposal_risk,32.2,후순위,465,HEURISTIC 29% | ABC 14% | TURNOVER 14% | DISPOSAL_RISK 14% | SAFETY_STOCK 8% | EOQ 7% | DEMAND_FORECAST 7% | MATCH 5%,"['⏰ 유통기한 임박 (84%)', '❄️ 냉장·냉동 과잉 (78%)', '💸 배송비 상승 (91%)', '⚡ 복합 스트레스 (60%)']","{'재고위험': '25.1%', '판매가능성': '13.2%', '점포이동적합': '14.0%', '비용절감': '18.3%', '폐기회피이익': '13.2%', '실행가능성': '12.8%', '이력보정': '3.3%'}",True,True,False,True,False,True,33.7,32.9,53.6,56.3,72.0,77.6,55.0,50.1,0.0,14.9,검토,보류,⏸️,447,HIGH,신뢰도 높음 ●,#2e7d32,,,14.9,검토,보류,-1,-1,False,False,,50.0,0.0,24861.0,24861.0,0.0,24.29,24.29,49.0,696.0,280.0,526.0,재고 이동,재고 이동,72.469,일치,72.469,53.285,31.768,11.259
에너지드링크012,목동점,신촌점,41.0,재배치 추천,10212.0,프로모션 순비용이 재배치 비용보다 높습니다.,30.586757273791505,0.7768361581920904,18,0,49.4,후순위,10212.0,41.0,424,False,Greedy 선택 후보보다 우선순위가 낮음,1.96,1966,294,0,음료,150,292,59.0,14.0,150,115994.0,A,0.6967554031566018,1,100.0,149.5,2.41,DEAD,16.9,True,70.0,HIGH,유통기한 임박 | 소진일수 150일 초과,1.7,7.6,0.0,SAFE,"재고 여유 — 현재고(294), 재주문점(8)",0.0,142.2,72.6,50316.0,100.0,OVER,과잉 발주 위험 — 현재(292개) > EOQ(142개). 발주 주기 73일 권장,100.0,13.9,1.99,2.79,1.18,STABLE,148.1,0.0,WMA,0.0,40.9,10.0,8.4,10.0,7.5,5.0,FAIR,보통 매칭 · 폐기위험 높음 · 핵심(A)상품,1.02,50.5,STABLE,29.2,LOW,78.3,HIGH,43.2,28.1,86.3,0.3,30.0,92665.0,100.0,0.385,0.385,88.5,False,23.5,156,40.9,69,100.0,0.999,4.9,75.7,50.0,HOLD,50.0,2,99.8,69.9,25.5,disposal_risk,50.2,모니터링,278,HEURISTIC 29% | ABC 14% | TURNOVER 14% | DISPOSAL_RISK 14% | SAFETY_STOCK 8% | EOQ 7% | DEMAND_FORECAST 7% | MATCH 5%,"['⏰ 유통기한 임박 (84%)', '❄️ 냉장·냉동 과잉 (78%)', '💸 배송비 상승 (91%)', '⚡ 복합 스트레스 (60%)']","{'재고위험': '25.1%', '판매가능성': '13.2%', '점포이동적합': '14.0%', '비용절감': '18.3%', '폐기회피이익': '13.2%', '실행가능성': '12.8%', '이력보정': '3.3%'}",True,True,False,True,False,True,54.5,32.8,59.2,57.2,72.0,66.9,57.8,54.9,0.0,55.7,검토,할인 판매,🏷️,228,HIGH,신뢰도 높음 ●,#2e7d32,,,55.7,검토,할인 판매,-1,0,False,False,,50.0,10212.0,21594.0,10212.0,9.68,20.66,9.68,19.0,130.0,292.0,41.0,재고 이동,재고 이동,67.561,일치,67.561,52.334,33.271,28.482
케이크042,신촌점,동대문점,39.0,재배치 추천,10104.0,프로모션 순비용이 재배치 비용보다 높습니다.,30.71010478828199,0.6355932203389831,18,0,49.3,후순위,10104.0,39.0,425,False,Greedy 선택 후보보다 우선순위가 낮음,6.44,2745,212,0,디저트,300,203,193.0,45.0,300,529785.0,A,0.6023527040386168,1,100.0,33.0,10.92,NORMAL,81.7,False,41.5,MEDIUM,유통기한 임박,5.5,24.8,0.0,SAFE,"재고 여유 — 현재고(212), 재주문점(25)",0.0,185.1,28.7,127008.0,11.6,OPTIMAL,"적정 발주 — EOQ(185개), 권장 발주 주기 29일",11.6,45.0,6.43,9.09,3.77,STABLE,33.0,3.6,WMA,3.6,36.3,10.0,3.78,10.0,7.5,5.0,POOR,낮은 매칭 · 핵심(A)상품,0.998,50.0,STABLE,6.5,LOW,78.3,HIGH,42.3,35.2,73.7,0.3,30.0,130062.0,100.0,0.385,0.385,88.5,False,41.4,27,23.3,445,100.0,0.999,4.9,71.5,50.0,HOLD,50.0,2,99.8,69.9,26.0,turnover,49.5,모니터링,291,HEURISTIC 29% | ABC 14% | TURNOVER 14% | DISPOSAL_RISK 14% | SAFETY_STOCK 8% | EOQ 7% | DEMAND_FORECAST 7% | MATCH 5%,"['⏰ 유통기한 임박 (84%)', '❄️ 냉장·냉동 과잉 (78%)', '💸 배송비 상승 (91%)', '⚡ 복합 스트레스 (60%)']","{'재고위험': '25.1%', '판매가능성': '13.2%', '점포이동적합': '14.0%', '비용절감': '18.3%', '폐기회피이익': '13.2%', '실행가능성': '12.8%', '이력보정': '3.3%'}",True,True,False,True,False,True,58.8,34.5,53.1,43.9,72.0,60.9,67.7,52.1,0.0,28.9,검토,보류,⏸️,372,HIGH,신뢰도 높음 ●,#2e7d32,,,28.9,검토,보류,0,-1,False,False,,50.0,10104.0,25689.0,10104.0,9.56,25.21,9.56,19.0,122.0,203.0,39.0,재고 이동,재고 이동,61.727,일치,61.727,37.871,26.458,33.46
치즈001,홍대2점,건대점,163.0,재배치 추천,17781.0,프로모션 순비용이 재배치 비용보다 높습니다.,21.942152299917197,9.392655367231638,18,0,49.3,후순위,17781.0,163.0,426,False,Greedy 선택 후보보다 우선순위가 낮음,2.99,1331,175,3,유제품,300,163,90.0,21.0,300,119790.0,C,0.9970954629585115,3,20.0,58.3,6.17,NORMAL,67.6,False,60.2,HIGH,유통기한 임박 | 신선/냉장 고위험 카테고리,2.6,11.6,0.0,SAFE,"재고 여유 — 현재고(175), 재주문점(12)",0.0,153.1,51.2,71303.0,12.6,OPTIMAL,"적정 발주 — EOQ(153개), 권장 발주 주기 51일",12.6,21.0,3.0,4.23,1.77,STABLE,58.3,0.2,WMA,0.2,33.9,10.0,8.41,3.0,7.5,5.0,POOR,낮은 매칭 · 폐기위험 높음,1.003,50.1,STABLE,11.4,LOW,69.6,MEDIUM,37.9,43.6,76.3,0.3,30.0,291463.0,100.0,0.385,0.385,88.5,True,21.6,228,31.2,233,100.0,0.999,4.9,72.5,50.0,HOLD,50.0,2,99.8,69.9,45.0,disposal_risk,33.7,후순위,455,HEURISTIC 29% | ABC 14% | TURNOVER 14% | DISPOSAL_RISK 14% | SAFETY_STOCK 8% | EOQ 7% | DEMAND_FORECAST 7% | MATCH 5%,"['⏰ 유통기한 임박 (84%)', '❄️ 냉장·냉동 과잉 (78%)', '💸 배송비 상승 (91%)', '⚡ 복합 스트레스 (60%)']","{'재고위험': '25.1%', '판매가능성': '13.2%', '점포이동적합': '14.0%', '비용절감': '18.3%', '폐기회피이익': '13.2%', '실행가능성': '12.8%', '이력보정': '3.3%'}",True,True,False,True,False,True,51.5,32.8,53.7,44.0,72.0,65.4,56.8,50.8,0.0,18.4,검토,할인 판매,🏷️,428,HIGH,신뢰도 높음 ●,#2e7d32,,,18.4,검토,할인 판매,-1,0,False,False,,50.0,17781.0,19749.0,17781.0,18.09,18.61,18.09,36.0,847.0,163.0,753.0,재고 이동,재고 이동,65.223,일치,65.223,48.076,32.276,20.515
에너지드링크012,교대점,여의도2점,65.0,재배치 추천,11967.0,프로모션 순비용이 재배치 비용보다 높습니다.,28.582360163321248,2.4717514124293785,18,0,49.1,후순위,11967.0,65.0,427,False,Greedy 선택 후보보다 우선순위가 낮음,3.26,1966,326,2,음료,150,317,98.0,23.0,150,192668.0,A,0.6967554031566018,1,100.0,99.8,3.61,DEAD,44.6,True,68.0,HIGH,유통기한 임박 | 소진일수 100일 초과,2.8,12.6,0.0,SAFE,"재고 여유 — 현재고(326), 재주문점(13)",0.0,183.4,56.3,64891.0,76.2,OVER,과잉 발주 위험 — 현재(323개) > EOQ(183개). 발주 주기 56일 권장,76.2,22.9,3.27,4.62,1.93,STABLE,99.7,0.0,WMA,0.0,40.9,10.0,8.4,10.0,7.5,5.0,FAIR,보통 매칭 · 폐기위험 높음 · 핵심(A)상품,1.008,50.2,STABLE,19.4,LOW,73.1,HIGH,38.7,8.2,88.3,0.3,30.0,151131.0,100.0,0.385,0.385,88.5,False,23.1,172,37.7,149,100.0,0.999,4.9,76.2,50.0,HOLD,50.0,2,99.8,69.8,28.7,disposal_risk,52.4,모니터링,240,HEURISTIC 29% | ABC 14% | TURNOVER 14% | DISPOSAL_RISK 14% | SAFETY_STOCK 8% | EOQ 7% | DEMAND_FORECAST 7% | MATCH 5%,"['⏰ 유통기한 임박 (84%)', '❄️ 냉장·냉동 과잉 (78%)', '💸 배송비 상승 (91%)', '⚡ 복합 스트레스 (60%)']","{'재고위험': '25.1%', '판매가능성': '13.2%', '점포이동적합': '14.0%', '비용절감': '18.3%', '폐기회피이익': '13.2%', '실행가능성': '12.8%', '이력보정': '3.3%'}",True,True,False,True,False,True,60.9,32.8,58.6,53.4,72.0,61.6,57.6,55.0,0.0,57.6,검토,할인 판매,🏷️,218,HIGH,신뢰도 높음 ●,#2e7d32,,,57.6,검토,할인 판매,-1,-1,False,False,,50.0,11967.0,21585.0,11967.0,11.63,20.65,11.63,23.0,130.0,317.0,65.0,재고 이동,재고 이동,67.917,일치,67.917,48.826,32.038,29.598
핫바051,종로점,잠실2점,124.0,재배치 추천,15594.0,프로모션 순비용이 재배치 비용보다 높습니다.,24.43993946834937,6.638418079096045,18,0,49.1,후순위,15594.0,124.0,428,False,Greedy 선택 후보보다 우선순위가 낮음,4.95,1280,240,2,간편식,250,227,148.0,35.0,250,189440.0,B,0.8570508570106676,2,60.0,48.6,7.4,NORMAL,73.0,False,52.3,MEDIUM,유통기한 임박,4.2,19.0,0.0,SAFE,"재고 여유 — 현재고(240), 재주문점(19)",0.0,253.3,51.2,71329.0,5.5,OPTIMAL,"적정 발주 — EOQ(253개), 권장 발주 주기 51일",5.5,34.9,4.99,7.03,2.94,STABLE,48.1,1.6,WMA,1.6,32.2,10.0,3.68,6.0,7.5,5.0,POOR,낮은 매칭,1.01,50.3,STABLE,9.4,LOW,73.1,HIGH,25.0,30.0,87.4,0.3,30.0,205870.0,100.0,0.385,0.385,88.5,False,26.4,101,27.3,311,100.0,0.999,4.9,76.0,50.0,HOLD,50.0,1,100.0,69.8,43.2,turnover,40.1,모니터링,410,HEURISTIC 29% | ABC 14% | TURNOVER 14% | DISPOSAL_RISK 14% | SAFETY_STOCK 8% | EOQ 7% | DEMAND_FORECAST 7% | MATCH 5%,"['⏰ 유통기한 임박 (84%)', '❄️ 냉장·냉동 과잉 (78%)', '💸 배송비 상승 (91%)', '⚡ 복합 스트레스 (60%)']","{'재고위험': '25.1%', '판매가능성': '13.2%', '점포이동적합': '14.0%', '비용절감': '18.3%', '폐기회피이익': '13.2%', '실행가능성': '12.8%', '이력보정': '3.3%'}",True,True,False,True,False,True,55.4,33.6,52.6,42.8,72.0,68.3,59.5,51.8,0.0,24.9,검토,보류,⏸️,393,HIGH,신뢰도 높음 ●,#2e7d32,,,24.9,검토,보류,0,-1,False,False,,50.0,15594.0,22224.0,15594.0,15.66,21.36,15.66,31.0,171.0,227.0,124.0,재고 이동,재고 이동,57.776,일치,57.776,41.758,31.182,30.881
도시락016,잠실점,신촌2점,187.0,재배치 추천,19455.0,프로모션 순비용이 재배치 비용보다 높습니다.,20.030265825314792,11.087570621468927,18,0,49.1,후순위,19455.0,187.0,429,False,Greedy 선택 후보보다 우선순위가 낮음,2.27,2297,267,0,신선식품,150,264,68.0,16.0,150,156196.0,B,0.9362765472469301,2,60.0,117.8,3.06,DEAD,34.6,True,80.0,CRITICAL,유통기한 임박 | 소진일수 118일 초과 | 신선/냉장 고위험 카테고리,1.9,8.7,0.0,SAFE,"재고 여유 — 현재고(267), 재주문점(9)",0.0,101.5,44.7,81616.0,100.0,OVER,과잉 발주 위험 — 현재(265개) > EOQ(102개). 발주 주기 45일 권장,100.0,16.0,2.29,3.22,1.35,STABLE,116.8,0.0,WMA,0.0,40.5,10.0,12.0,6.0,7.5,5.0,FAIR,보통 매칭 · 폐기위험 높음,1.007,50.2,STABLE,22.9,LOW,78.3,HIGH,36.4,0.0,58.5,0.3,30.0,524042.0,100.0,0.385,0.385,88.5,True,25.6,110,43.3,38,100.0,0.999,4.9,64.1,50.0,HOLD,50.0,1,100.0,69.8,40.7,disposal_risk,47.8,모니터링,319,HEURISTIC 29% | ABC 14% | TURNOVER 14% | DISPOSAL_RISK 14% | SAFETY_STOCK 8% | EOQ 7% | DEMAND_FORECAST 7% | MATCH 5%,"['⏰ 유통기한 임박 (84%)', '❄️ 냉장·냉동 과잉 (78%)', '💸 배송비 상승 (91%)', '⚡ 복합 스트레스 (60%)']","{'재고위험': '25.1%', '판매가능성': '13.2%', '점포이동적합': '14.0%', '비용절감': '18.3%', '폐기회피이익': '13.2%', '실행가능성': '12.8%', '이력보정': '3.3%'}",True,True,False,True,False,True,57.7,32.8,58.3,57.0,72.0,39.0,59.1,51.9,0.0,26.4,검토,할인 판매,🏷️,385,HIGH,신뢰도 높음 ●,#2e7d32,,,26.4,검토,할인 판매,0,-1,False,False,,50.0,19455.0,21936.0,19455.0,19.95,21.04,19.95,40.0,284.0,264.0,187.0,재고 이동,재고 이동,69.191,일치,69.191,56.077,37.845,25.685
차음료041,왕십리점,구로점,203.0,재배치 추천,20472.0,프로모션 순비용이 재배치 비용보다 높습니다.,18.868743397196127,12.217514124293785,18,0,49.1,후순위,20472.0,203.0,430,False,Greedy 선택 후보보다 우선순위가 낮음,3.39,1367,336,1,음료,300,332,102.0,24.0,300,139434.0,B,0.9273282340169376,2,60.0,98.8,3.64,DEAD,45.1,True,68.0,HIGH,유통기한 임박 | 소진일수 99일 초과,2.9,13.1,0.0,SAFE,"재고 여유 — 현재고(336), 재주문점(13)",0.0,224.2,66.1,55178.0,48.6,OPTIMAL,"적정 발주 — EOQ(224개), 권장 발주 주기 66일",48.6,23.9,3.41,4.81,2.02,STABLE,98.4,0.0,WMA,0.0,36.9,10.0,8.4,6.0,7.5,5.0,POOR,낮은 매칭 · 폐기위험 높음,1.011,50.3,STABLE,19.3,LOW,76.6,HIGH,26.9,48.2,86.4,0.3,30.0,373429.0,100.0,0.385,0.385,88.5,False,22.9,177,36.9,165,100.0,0.999,4.9,75.7,50.0,HOLD,50.0,2,99.8,69.8,45.6,disposal_risk,42.1,모니터링,392,HEURISTIC 29% | ABC 14% | TURNOVER 14% | DISPOSAL_RISK 14% | SAFETY_STOCK 8% | EOQ 7% | DEMAND_FORECAST 7% | MATCH 5%,"['⏰ 유통기한 임박 (84%)', '❄️ 냉장·냉동 과잉 (78%)', '💸 배송비 상승 (91%)', '⚡ 복합 스트레스 (60%)']","{'재고위험': '25.1%', '판매가능성': '13.2%', '점포이동적합': '14.0%', '비용절감': '18.3%', '폐기회피이익': '13.2%', '실행가능성': '12.8%', '이력보정': '3.3%'}",True,True,False,True,False,True,55.1,32.8,56.6,49.3,72.0,73.7,57.5,54.1,0.0,47.7,검토,할인 판매,🏷️,271,HIGH,신뢰도 높음 ●,#2e7d32,,,47.7,검토,할인 판매,0,-1,False,False,,50.0,20472.0,26625.0,20472.0,21.08,26.25,21.08,42.0,349.0,332.0,203.0,재고 이동,재고 이동,65.424,일치,65.424,50.759,35.351,24.677
케이크042,신촌점,목동점,36.0,재배치 추천,10212.0,프로모션 순비용이 재배치 비용보다 높습니다.,30.586757273791505,0.423728813559322,18,0,49.0,후순위,10212.0,36.0,431,False,Greedy 선택 후보보다 우선순위가 낮음,6.44,2745,212,0,디저트,300,203,193.0,45.0,300,529785.0,A,0.6023527040386168,1,100.0,33.0,10.92,NORMAL,81.7,False,41.5,MEDIUM,유통기한 임박,5.5,24.8,0.0,SAFE,"재고 여유 — 현재고(212), 재주문점(25)",0.0,185.1,28.7,127008.0,11.6,OPTIMAL,"적정 발주 — EOQ(185개), 권장 발주 주기 29일",11.6,45.0,6.43,9.09,3.77,STABLE,33.0,3.6,WMA,3.6,36.3,10.0,3.78,10.0,7.5,5.0,POOR,낮은 매칭 · 핵심(A)상품,0.998,50.0,STABLE,6.5,LOW,78.3,HIGH,33.5,66.4,57.2,0.3,30.0,119172.0,100.0,0.385,0.385,88.5,False,41.4,27,23.3,445,100.0,0.999,4.9,63.3,50.0,HOLD,50.0,1,100.0,69.8,26.0,turnover,49.3,모니터링,298,HEURISTIC 29% | ABC 14% | TURNOVER 14% | DISPOSAL_RISK 14% | SAFETY_STOCK 8% | EOQ 7% | DEMAND_FORECAST 7% | MATCH 5%,"['⏰ 유통기한 임박 (84%)', '❄️ 냉장·냉동 과잉 (78%)', '💸 배송비 상승 (91%)', '⚡ 복합 스트레스 (60%)']","{'재고위험': '25.1%', '판매가능성': '13.2%', '점포이동적합': '14.0%', '비용절감': '18.3%', '폐기회피이익': '13.2%', '실행가능성': '12.8%', '이력보정': '3.3%'}",True,True,False,True,False,True,58.8,34.5,52.3,43.7,72.0,60.3,67.8,51.9,0.0,25.9,검토,보류,⏸️,388,HIGH,신뢰도 높음 ●,#2e7d32,,,25.9,검토,보류,0,-1,False,False,,50.0,10212.0,21594.0,10212.0,9.68,20.66,9.68,19.0,122.0,203.0,36.0,재고 이동,재고 이동,61.827,일치,61.827,37.791,26.157,33.456
핫바051,사당점,잠실2점,124.0,재배치 추천,15792.0,프로모션 순비용이 재배치 비용보다 높습니다.,24.21380235845016,6.638418079096045,18,0,48.9,후순위,15792.0,124.0,432,False,Greedy 선택 후보보다 우선순위가 낮음,3.95,1280,324,3,간편식,250,308,118.0,28.0,250,151040.0,B,0.8570508570106676,2,60.0,82.4,4.37,SLOW,54.2,True,69.2,HIGH,유통기한 임박 | 소진일수 82일 초과,3.4,15.3,0.0,SAFE,"재고 여유 — 현재고(324), 재주문점(15)",0.0,226.3,57.3,63718.0,41.7,OPTIMAL,"적정 발주 — EOQ(226개), 권장 발주 주기 57일",41.7,27.9,3.99,5.62,2.36,STABLE,81.3,0.0,WMA,0.0,36.9,10.0,8.4,6.0,7.5,5.0,POOR,낮은 매칭 · 폐기위험 높음,1.013,50.3,STABLE,15.9,LOW,69.6,MEDIUM,25.0,30.0,87.4,0.3,30.0,205672.0,100.0,0.385,0.385,88.5,False,23.2,165,36.5,173,100.0,0.999,4.9,76.0,50.0,HOLD,50.0,2,99.8,69.8,43.9,disposal_risk,43.3,모니터링,384,HEURISTIC 29% | ABC 14% | TURNOVER 14% | DISPOSAL_RISK 14% | SAFETY_STOCK 8% | EOQ 7% | DEMAND_FORECAST 7% | MATCH 5%,"['⏰ 유통기한 임박 (84%)', '❄️ 냉장·냉동 과잉 (78%)', '💸 배송비 상승 (91%)', '⚡ 복합 스트레스 (60%)']","{'재고위험': '25.1%', '판매가능성': '13.2%', '점포이동적합': '14.0%', '비용절감': '18.3%', '폐기회피이익': '13.2%', '실행가능성': '12.8%', '이력보정': '3.3%'}",True,True,False,True,False,True,58.0,32.8,56.5,48.2,72.0,68.3,57.7,53.9,0.0,45.6,검토,할인 판매,🏷️,282,HIGH,신뢰도 높음 ●,#2e7d32,,,45.6,검토,할인 판매,-1,-1,False,False,,50.0,15792.0,30972.0,15792.0,15.88,31.08,15.88,32.0,171.0,308.0,124.0,재고 이동,재고 이동,61.224,일치,61.224,48.965,35.242,29.201
냉동돈까스049,합정점,성수점,151.0,재배치 추천,17439.0,프로모션 순비용이 재배치 비용보다 높습니다.,22.332752762470378,8.545197740112995,18,0,48.9,후순위,17439.0,151.0,433,False,Greedy 선택 후보보다 우선순위가 낮음,1.9,1991,177,10,냉동식품,500,151,57.0,13.0,500,113487.0,C,0.9891341650234772,3,20.0,93.2,3.86,DEAD,48.2,True,49.7,MEDIUM,소진일수 93일 초과 | 신선/냉장 고위험 카테고리,1.6,7.3,0.0,SAFE,"재고 여유 — 현재고(177), 재주문점(7)",0.0,107.8,56.7,64361.0,62.7,OVER,과잉 발주 위험 — 현재(175개) > EOQ(108개). 발주 주기 57일 권장,62.7,13.1,1.87,2.66,1.09,STABLE,94.6,0.0,WMA,0.0,29.1,10.0,3.6,3.0,7.5,5.0,POOR,낮은 매칭,0.977,49.4,STABLE,18.7,LOW,45.1,MEDIUM,29.4,46.2,96.7,0.3,30.0,418830.0,100.0,0.385,0.385,88.5,True,19.0,348,27.8,293,100.0,0.999,4.9,78.3,50.0,HOLD,50.0,2,99.8,69.8,55.7,disposal_risk,30.0,후순위,480,HEURISTIC 29% | ABC 14% | TURNOVER 14% | DISPOSAL_RISK 14% | SAFETY_STOCK 8% | EOQ 7% | DEMAND_FORECAST 7% | MATCH 5%,"['⏰ 유통기한 임박 (84%)', '❄️ 냉장·냉동 과잉 (78%)', '💸 배송비 상승 (91%)', '⚡ 복합 스트레스 (60%)']","{'재고위험': '25.1%', '판매가능성': '13.2%', '점포이동적합': '14.0%', '비용절감': '18.3%', '폐기회피이익': '13.2%', '실행가능성': '12.8%', '이력보정': '3.3%'}",True,True,False,True,False,True,41.7,32.5,51.5,51.3,72.0,79.9,55.4,51.1,0.0,20.3,검토,보류,⏸️,418,HIGH,신뢰도 높음 ●,#2e7d32,,,20.3,검토,보류,-1,-1,False,False,,50.0,17439.0,19785.0,17439.0,17.71,18.65,17.71,35.0,381.0,151.0,361.0,재고 이동,재고 이동,60.131,일치,60.131,48.496,33.535,25.125
핫바027,문래점,역삼점,157.0,재배치 추천,17799.0,프로모션 순비용이 재배치 비용보다 높습니다.,21.92159438083545,8.968926553672317,18,0,48.9,후순위,17799.0,157.0,434,False,Greedy 선택 후보보다 우선순위가 낮음,8.1,2509,349,17,간편식,250,157,243.0,57.0,250,609687.0,A,0.26107531382798244,1,100.0,43.1,8.36,NORMAL,76.1,False,21.3,LOW,복합 위험 요소 없음,6.9,31.2,0.0,SAFE,"재고 여유 — 현재고(349), 재주문점(31)",0.0,231.4,28.6,127747.0,47.8,OPTIMAL,"적정 발주 — EOQ(231개), 권장 발주 주기 29일",47.8,56.9,8.13,11.47,4.79,STABLE,42.9,2.3,WMA,2.3,32.6,10.0,0.12,10.0,7.5,5.0,POOR,낮은 매칭 · 핵심(A)상품,1.005,50.1,STABLE,8.4,LOW,43.3,MEDIUM,37.3,67.8,53.7,0.3,30.0,494147.0,100.0,0.385,0.385,88.5,False,28.2,86,14.8,490,100.0,0.999,4.9,60.9,50.0,HOLD,50.0,1,100.0,69.8,25.1,turnover,44.3,모니터링,364,HEURISTIC 29% | ABC 14% | TURNOVER 14% | DISPOSAL_RISK 14% | SAFETY_STOCK 8% | EOQ 7% | DEMAND_FORECAST 7% | MATCH 5%,"['⏰ 유통기한 임박 (84%)', '❄️ 냉장·냉동 과잉 (78%)', '💸 배송비 상승 (91%)', '⚡ 복합 스트레스 (60%)']","{'재고위험': '25.1%', '판매가능성': '13.2%', '점포이동적합': '14.0%', '비용절감': '18.3%', '폐기회피이익': '13.2%', '실행가능성': '12.8%', '이력보정': '3.3%'}",True,True,False,True,False,True,48.3,33.9,48.7,49.1,72.0,58.4,60.5,49.4,0.0,11.5,검토,보류,⏸️,465,HIGH,신뢰도 높음 ●,#2e7d32,,,11.5,검토,보류,-1,-1,False,False,,50.0,17799.0,25050.0,17799.0,18.11,24.5,18.11,36.0,891.0,157.0,561.0,재고 이동,재고 이동,67.785,일치,67.785,42.399,25.375,23.673
아이스크림044,강남점,명동점,37.0,재배치 추천,10482.0,프로모션 순비용이 재배치 비용보다 높습니다.,30.278388487565312,0.49435028248587576,18,0,48.8,후순위,10482.0,37.0,435,False,Greedy 선택 후보보다 우선순위가 낮음,1.14,2390,178,0,디저트,250,177,34.0,8.0,250,81260.0,A,0.7413131806038247,1,100.0,157.1,2.29,DEAD,12.7,True,70.0,HIGH,유통기한 임박 | 소진일수 157일 초과,1.0,4.4,0.0,SAFE,"재고 여유 — 현재고(178), 재주문점(4)",0.0,83.5,73.2,49862.0,100.0,OVER,과잉 발주 위험 — 현재(177개) > EOQ(84개). 발주 주기 73일 권장,100.0,8.0,1.14,1.61,0.67,STABLE,155.8,0.0,WMA,0.0,40.9,10.0,8.4,10.0,7.5,5.0,FAIR,보통 매칭 · 폐기위험 높음 · 핵심(A)상품,1.003,50.1,STABLE,30.4,LOW,78.3,HIGH,27.1,32.8,100.0,0.3,30.0,104884.0,100.0,0.385,0.385,88.5,False,23.6,152,41.2,58,100.0,0.999,4.9,79.0,50.0,HOLD,50.0,2,99.8,69.8,24.7,disposal_risk,49.0,모니터링,305,HEURISTIC 29% | ABC 14% | TURNOVER 14% | DISPOSAL_RISK 14% | SAFETY_STOCK 8% | EOQ 7% | DEMAND_FORECAST 7% | MATCH 5%,"['⏰ 유통기한 임박 (84%)', '❄️ 냉장·냉동 과잉 (78%)', '💸 배송비 상승 (91%)', '⚡ 복합 스트레스 (60%)']","{'재고위험': '25.1%', '판매가능성': '13.2%', '점포이동적합': '14.0%', '비용절감': '18.3%', '폐기회피이익': '13.2%', '실행가능성': '12.8%', '이력보정': '3.3%'}",True,True,False,True,False,True,53.4,32.7,59.5,56.8,72.0,77.6,57.9,55.9,0.0,69.7,권장,할인 판매,🏷️,153,HIGH,신뢰도 높음 ●,#2e7d32,,,69.7,권장,할인 판매,0,-1,False,False,,50.0,10482.0,23214.0,10482.0,9.98,22.46,9.98,20.0,87.0,177.0,37.0,재고 이동,재고 이동,64.186,일치,64.186,52.043,34.258,30.374
마카롱075,상암점,압구정점,155.0,재배치 추천,17736.0,프로모션 순비용이 재배치 비용보다 높습니다.,21.993547097621562,8.82768361581921,18,0,48.8,후순위,17736.0,155.0,436,False,Greedy 선택 후보보다 우선순위가 낮음,4.33,3054,173,3,디저트,500,155,130.0,30.0,500,397020.0,A,0.0854475137823289,1,100.0,39.9,9.02,NORMAL,77.8,False,43.0,MEDIUM,유통기한 임박,3.7,16.7,0.0,SAFE,"재고 여유 — 현재고(173), 재주문점(17)",0.0,143.9,33.2,109849.0,17.7,OPTIMAL,"적정 발주 — EOQ(144개), 권장 발주 주기 33일",17.7,30.1,4.3,6.09,2.51,STABLE,40.2,2.6,WMA,2.6,36.2,10.0,3.73,10.0,7.5,5.0,POOR,낮은 매칭 · 핵심(A)상품,0.99,49.7,STABLE,8.0,LOW,69.6,MEDIUM,32.5,35.6,98.7,0.3,30.0,627808.0,100.0,0.385,0.385,88.5,False,32.9,62,24.1,433,100.0,0.999,4.9,78.7,50.0,HOLD,50.0,2,99.8,69.8,26.9,turnover,48.5,모니터링,309,HEURISTIC 29% | ABC 14% | TURNOVER 14% | DISPOSAL_RISK 14% | SAFETY_STOCK 8% | EOQ 7% | DEMAND_FORECAST 7% | MATCH 5%,"['⏰ 유통기한 임박 (84%)', '❄️ 냉장·냉동 과잉 (78%)', '💸 배송비 상승 (91%)', '⚡ 복합 스트레스 (60%)']","{'재고위험': '25.1%', '판매가능성': '13.2%', '점포이동적합': '14.0%', '비용절감': '18.3%', '폐기회피이익': '13.2%', '실행가능성': '12.8%', '이력보정': '3.3%'}",True,True,False,True,False,True,58.5,33.9,54.0,44.5,72.0,77.7,63.0,54.3,0.0,50.8,검토,보류,⏸️,254,HIGH,신뢰도 높음 ●,#2e7d32,,,50.8,검토,보류,-1,-1,False,False,,50.0,17736.0,19821.0,17736.0,18.04,18.69,18.04,36.0,615.0,155.0,597.0,재고 이동,재고 이동,68.942,일치,68.942,43.698,26.86,24.445
샌드위치023,문래점,구로점,322.0,재배치 추천,28101.0,프로모션 순비용이 재배치 비용보다 높습니다.,10.155612026382663,20.62146892655367,18,0,48.8,후순위,28101.0,322.0,437,False,Greedy 선택 후보보다 우선순위가 낮음,2.39,1198,345,7,신선식품,150,322,72.0,17.0,150,86256.0,B,0.9181734074460505,2,60.0,143.8,2.5,DEAD,20.1,True,70.0,HIGH,유통기한 임박 | 소진일수 144일 초과 | 신선/냉장 고위험 카테고리,2.0,9.2,0.0,SAFE,"재고 여유 — 현재고(345), 재주문점(9)",0.0,144.2,60.3,60479.0,100.0,OVER,과잉 발주 위험 — 현재(343개) > EOQ(144개). 발주 주기 60일 권장,100.0,16.9,2.41,3.4,1.43,STABLE,142.9,0.0,WMA,0.0,36.9,10.0,8.4,6.0,7.5,5.0,POOR,낮은 매칭 · 폐기위험 높음,1.016,50.4,STABLE,28.1,LOW,55.6,MEDIUM,29.8,48.2,86.4,0.3,30.0,483106.0,100.0,0.385,0.385,88.5,True,23.4,159,39.8,99,100.0,0.999,4.9,75.7,50.0,HOLD,50.0,2,99.8,69.8,44.0,disposal_risk,41.9,모니터링,395,HEURISTIC 29% | ABC 14% | TURNOVER 14% | DISPOSAL_RISK 14% | SAFETY_STOCK 8% | EOQ 7% | DEMAND_FORECAST 7% | MATCH 5%,"['⏰ 유통기한 임박 (84%)', '❄️ 냉장·냉동 과잉 (78%)', '💸 배송비 상승 (91%)', '⚡ 복합 스트레스 (60%)']","{'재고위험': '25.1%', '판매가능성': '13.2%', '점포이동적합': '14.0%', '비용절감': '18.3%', '폐기회피이익': '13.2%', '실행가능성': '12.8%', '이력보정': '3.3%'}",True,True,False,True,False,True,49.3,32.8,57.1,56.8,72.0,73.7,57.8,54.1,0.0,48.6,검토,할인 판매,🏷️,266,HIGH,신뢰도 높음 ●,#2e7d32,,,48.6,검토,할인 판매,-1,-1,False,False,,50.0,0.0,28101.0,28101.0,0.0,27.89,27.89,56.0,426.0,322.0,358.0,재고 이동,재고 이동,73.882,일치,73.882,55.906,35.81,15.642
컵밥007,교대점,노원점,261.0,재배치 추천,24396.0,프로모션 순비용이 재배치 비용보다 높습니다.,14.38711703737544,16.3135593220339,18,0,48.7,후순위,24396.0,261.0,438,False,Greedy 선택 후보보다 우선순위가 낮음,7.55,3334,282,2,간편식,300,261,226.0,53.0,300,753484.0,A,0.23037995959756308,1,100.0,37.4,9.62,NORMAL,79.2,False,46.7,MEDIUM,유통기한 임박,6.5,29.2,0.0,SAFE,"재고 여유 — 현재고(282), 재주문점(29)",0.0,193.8,25.7,142172.0,42.2,OPTIMAL,"적정 발주 — EOQ(194개), 권장 발주 주기 26일",42.2,52.9,7.56,10.67,4.44,STABLE,37.3,3.0,WMA,3.0,36.2,10.0,3.75,10.0,7.5,5.0,POOR,낮은 매칭 · 핵심(A)상품,1.003,50.1,STABLE,7.3,LOW,73.1,HIGH,29.4,35.1,98.9,0.3,30.0,1098113.0,100.0,0.385,0.385,88.5,False,36.7,48,25.5,395,100.0,0.999,4.9,78.8,50.0,HOLD,50.0,2,99.8,69.7,26.6,turnover,51.5,모니터링,248,HEURISTIC 29% | ABC 14% | TURNOVER 14% | DISPOSAL_RISK 14% | SAFETY_STOCK 8% | EOQ 7% | DEMAND_FORECAST 7% | MATCH 5%,"['⏰ 유통기한 임박 (84%)', '❄️ 냉장·냉동 과잉 (78%)', '💸 배송비 상승 (91%)', '⚡ 복합 스트레스 (60%)']","{'재고위험': '25.1%', '판매가능성': '13.2%', '점포이동적합': '14.0%', '비용절감': '18.3%', '폐기회피이익': '13.2%', '실행가능성': '12.8%', '이력보정': '3.3%'}",True,True,False,True,False,True,60.5,34.2,54.3,48.1,72.0,77.6,65.1,55.6,0.0,65.9,권장,보류,⏸️,173,HIGH,신뢰도 높음 ●,#2e7d32,,,65.9,권장,보류,-1,-1,False,False,,50.0,24396.0,34230.0,24396.0,25.44,34.7,25.44,51.0,561.0,261.0,416.0,재고 이동,재고 이동,69.218,일치,69.218,46.752,32.224,22.925
아이스라떼077,홍대점,노원점,212.0,재배치 추천,21570.0,프로모션 순비용이 재배치 비용보다 높습니다.,17.614710333209604,12.85310734463277,18,0,48.5,후순위,21570.0,212.0,439,False,Greedy 선택 후보보다 우선순위가 낮음,0.57,1060,334,1,유제품,250,334,17.0,4.0,250,18020.0,C,0.9791840344790028,3,20.0,589.4,0.61,DEAD,0.0,True,76.0,HIGH,유통기한 임박 | 소진일수 589일 초과 | 신선/냉장 고위험 카테고리,0.5,2.2,0.0,SAFE,"재고 여유 — 현재고(334), 재주문점(2)",0.0,74.9,131.4,27782.0,100.0,OVER,과잉 발주 위험 — 현재(334개) > EOQ(75개). 발주 주기 131일 권장,100.0,4.0,0.57,0.81,0.34,STABLE,584.5,0.0,WMA,0.0,33.9,10.0,8.4,3.0,7.5,5.0,POOR,낮은 매칭 · 폐기위험 높음,1.003,50.1,STABLE,35.0,LOW,76.6,HIGH,24.1,35.1,98.9,0.3,30.0,301094.0,100.0,0.385,0.385,88.5,True,24.6,128,43.4,35,100.0,0.999,4.9,78.8,50.0,HOLD,50.0,2,99.8,69.7,41.5,disposal_risk,31.6,후순위,469,HEURISTIC 29% | ABC 14% | TURNOVER 14% | DISPOSAL_RISK 14% | SAFETY_STOCK 8% | EOQ 7% | DEMAND_FORECAST 7% | MATCH 5%,"['⏰ 유통기한 임박 (84%)', '❄️ 냉장·냉동 과잉 (78%)', '💸 배송비 상승 (91%)', '⚡ 복합 스트레스 (60%)']","{'재고위험': '25.1%', '판매가능성': '13.2%', '점포이동적합': '14.0%', '비용절감': '18.3%', '폐기회피이익': '13.2%', '실행가능성': '12.8%', '이력보정': '3.3%'}",True,True,False,True,False,True,40.7,32.7,56.8,56.7,72.0,77.6,58.4,52.4,0.0,32.2,검토,할인 판매,🏷️,354,HIGH,신뢰도 높음 ●,#2e7d32,,,32.2,검토,할인 판매,0,-1,False,False,,50.0,21570.0,38604.0,21570.0,22.3,39.56,22.3,45.0,223.0,334.0,212.0,재고 이동,재고 이동,63.555,일치,63.555,59.458,39.83,22.423
핫바027,문래점,왕십리점,157.0,재배치 추천,18312.0,프로모션 순비용이 재배치 비용보다 높습니다.,21.335693687005683,8.968926553672317,18,0,48.3,후순위,18312.0,157.0,440,False,Greedy 선택 후보보다 우선순위가 낮음,8.1,2509,349,17,간편식,250,157,243.0,57.0,250,609687.0,A,0.26107531382798244,1,100.0,43.1,8.36,NORMAL,76.1,False,21.3,LOW,복합 위험 요소 없음,6.9,31.2,0.0,SAFE,"재고 여유 — 현재고(349), 재주문점(31)",0.0,231.4,28.6,127747.0,47.8,OPTIMAL,"적정 발주 — EOQ(231개), 권장 발주 주기 29일",47.8,56.9,8.13,11.47,4.79,STABLE,42.9,2.3,WMA,2.3,32.6,10.0,0.12,10.0,7.5,5.0,POOR,낮은 매칭 · 핵심(A)상품,1.005,50.1,STABLE,8.4,LOW,43.3,MEDIUM,37.0,23.6,84.2,0.3,30.0,493634.0,100.0,0.385,0.385,88.5,False,28.3,83,14.8,490,100.0,0.999,4.9,75.1,50.0,HOLD,50.0,2,99.8,69.7,25.2,turnover,43.8,모니터링,374,HEURISTIC 29% | ABC 14% | TURNOVER 14% | DISPOSAL_RISK 14% | SAFETY_STOCK 8% | EOQ 7% | DEMAND_FORECAST 7% | MATCH 5%,"['⏰ 유통기한 임박 (84%)', '❄️ 냉장·냉동 과잉 (78%)', '💸 배송비 상승 (91%)', '⚡ 복합 스트레스 (60%)']","{'재고위험': '25.1%', '판매가능성': '13.2%', '점포이동적합': '14.0%', '비용절감': '18.3%', '폐기회피이익': '13.2%', '실행가능성': '12.8%', '이력보정': '3.3%'}",True,True,False,True,False,True,48.3,33.9,50.1,48.7,72.0,64.0,60.5,50.3,0.0,15.8,검토,보류,⏸️,442,HIGH,신뢰도 높음 ●,#2e7d32,,,15.8,검토,보류,-1,0,False,False,,50.0,18312.0,25995.0,18312.0,18.68,25.55,18.68,37.0,891.0,157.0,877.0,재고 이동,재고 이동,71.781,일치,71.781,44.652,24.514,19.058
핫바051,여의도점,성수점,116.0,재배치 추천,15873.0,프로모션 순비용이 재배치 비용보다 높습니다.,24.1212917225823,6.073446327683616,18,0,48.2,후순위,15873.0,116.0,441,False,Greedy 선택 후보보다 우선순위가 낮음,5.98,1280,348,2,간편식,250,332,179.0,42.0,250,229120.0,B,0.8570508570106676,2,60.0,58.3,6.17,NORMAL,67.6,False,57.2,MEDIUM,유통기한 임박,5.1,23.0,0.0,SAFE,"재고 여유 — 현재고(348), 재주문점(23)",0.0,278.4,46.6,78400.0,23.2,OPTIMAL,"적정 발주 — EOQ(278개), 권장 발주 주기 47일",23.2,41.9,5.99,8.45,3.52,STABLE,58.1,0.2,WMA,0.2,32.1,10.0,3.61,6.0,7.5,5.0,POOR,낮은 매칭,1.003,50.1,STABLE,11.3,LOW,73.1,HIGH,42.0,46.2,96.7,0.3,30.0,191303.0,100.0,0.385,0.385,88.5,False,21.2,252,29.6,264,100.0,0.999,4.9,78.3,50.0,HOLD,50.0,2,99.8,69.6,43.8,disposal_risk,39.8,후순위,414,HEURISTIC 29% | ABC 14% | TURNOVER 14% | DISPOSAL_RISK 14% | SAFETY_STOCK 8% | EOQ 7% | DEMAND_FORECAST 7% | MATCH 5%,"['⏰ 유통기한 임박 (84%)', '❄️ 냉장·냉동 과잉 (78%)', '💸 배송비 상승 (91%)', '⚡ 복합 스트레스 (60%)']","{'재고위험': '25.1%', '판매가능성': '13.2%', '점포이동적합': '14.0%', '비용절감': '18.3%', '폐기회피이익': '13.2%', '실행가능성': '12.8%', '이력보정': '3.3%'}",True,True,False,True,False,True,56.2,32.8,53.2,45.0,72.0,79.9,56.6,53.9,0.0,45.3,검토,보류,⏸️,284,HIGH,신뢰도 높음 ●,#2e7d32,,,45.3,검토,보류,0,-1,False,False,,50.0,15873.0,20379.0,15873.0,15.97,19.310000000000002,15.97,32.0,171.0,332.0,116.0,재고 이동,재고 이동,60.04,일치,60.04,44.083,31.909,29.15
커피019,마포점,잠실점,255.0,재배치 추천,24612.0,프로모션 순비용이 재배치 비용보다 높습니다.,14.140422008394484,15.889830508474576,18,0,48.0,후순위,24612.0,255.0,442,False,Greedy 선택 후보보다 우선순위가 낮음,7.32,1307,265,1,음료,300,255,220.0,51.0,300,287540.0,B,0.8993652640154297,2,60.0,36.1,9.96,NORMAL,79.9,False,41.1,MEDIUM,유통기한 임박,6.3,28.3,0.0,SAFE,"재고 여유 — 현재고(265), 재주문점(28)",0.0,337.0,46.0,79282.0,18.6,OPTIMAL,"적정 발주 — EOQ(337개), 권장 발주 주기 46일",18.6,51.1,7.3,10.32,4.28,STABLE,36.3,3.2,WMA,3.2,32.3,10.0,3.76,6.0,7.5,5.0,POOR,낮은 매칭,0.995,49.9,STABLE,7.2,LOW,76.6,HIGH,39.5,44.7,96.3,0.3,30.0,451830.0,100.0,0.385,0.385,88.5,False,37.8,45,22.4,460,100.0,0.999,4.9,78.2,50.0,HOLD,50.0,1,100.0,69.6,42.1,turnover,40.0,모니터링,411,HEURISTIC 29% | ABC 14% | TURNOVER 14% | DISPOSAL_RISK 14% | SAFETY_STOCK 8% | EOQ 7% | DEMAND_FORECAST 7% | MATCH 5%,"['⏰ 유통기한 임박 (84%)', '❄️ 냉장·냉동 과잉 (78%)', '💸 배송비 상승 (91%)', '⚡ 복합 스트레스 (60%)']","{'재고위험': '25.1%', '판매가능성': '13.2%', '점포이동적합': '14.0%', '비용절감': '18.3%', '폐기회피이익': '13.2%', '실행가능성': '12.8%', '이력보정': '3.3%'}",True,True,False,True,False,True,52.2,34.3,51.8,44.2,72.0,79.1,65.8,52.6,0.0,34.3,검토,보류,⏸️,343,HIGH,신뢰도 높음 ●,#2e7d32,,,34.3,검토,보류,-1,0,False,False,,50.0,24612.0,26553.0,24612.0,25.68,26.17,25.68,51.0,696.0,255.0,621.0,재고 이동,재고 이동,65.947,일치,65.947,45.275,31.332,19.516
컵밥028,왕십리점,마포점,131.0,재배치 추천,17052.0,프로모션 순비용이 재배치 비용보다 높습니다.,22.77474802272792,7.13276836158192,18,0,47.9,후순위,17052.0,131.0,443,False,Greedy 선택 후보보다 우선순위가 낮음,3.75,2250,289,0,간편식,400,284,112.0,26.0,400,252000.0,B,0.8797560606755863,2,60.0,77.4,4.65,SLOW,57.0,True,68.7,HIGH,유통기한 임박 | 소진일수 77일 초과,3.2,14.4,0.0,SAFE,"재고 여유 — 현재고(289), 재주문점(14)",0.0,166.3,44.3,82312.0,71.9,OVER,과잉 발주 위험 — 현재(286개) > EOQ(166개). 발주 주기 44일 권장,71.9,26.1,3.73,5.28,2.18,STABLE,77.5,0.0,WMA,0.0,36.9,10.0,8.4,6.0,7.5,5.0,POOR,낮은 매칭 · 폐기위험 높음,0.99,49.8,STABLE,15.2,LOW,78.3,HIGH,36.8,23.3,78.8,0.3,30.0,389048.0,100.0,0.385,0.385,88.5,False,23.3,161,36.1,175,100.0,0.999,4.9,73.4,50.0,HOLD,50.0,2,99.8,69.6,43.6,disposal_risk,45.0,모니터링,355,HEURISTIC 29% | ABC 14% | TURNOVER 14% | DISPOSAL_RISK 14% | SAFETY_STOCK 8% | EOQ 7% | DEMAND_FORECAST 7% | MATCH 5%,"['⏰ 유통기한 임박 (84%)', '❄️ 냉장·냉동 과잉 (78%)', '💸 배송비 상승 (91%)', '⚡ 복합 스트레스 (60%)']","{'재고위험': '25.1%', '판매가능성': '13.2%', '점포이동적합': '14.0%', '비용절감': '18.3%', '폐기회피이익': '13.2%', '실행가능성': '12.8%', '이력보정': '3.3%'}",True,True,False,True,False,True,58.5,32.6,56.2,52.1,72.0,60.3,57.7,53.7,0.0,44.0,검토,할인 판매,🏷️,291,HIGH,신뢰도 높음 ●,#2e7d32,,,44.0,검토,할인 판매,0,-1,False,False,,50.0,17052.0,28092.0,17052.0,17.28,27.88,17.28,35.0,256.0,284.0,131.0,재고 이동,재고 이동,62.876,일치,62.876,50.055,35.875,29.285
케이크042,강남점,동대문점,39.0,재배치 추천,11454.0,프로모션 순비용이 재배치 비용보다 높습니다.,29.168260857151015,0.6355932203389831,18,0,47.8,후순위,11454.0,39.0,444,False,Greedy 선택 후보보다 우선순위가 낮음,6.63,2745,264,0,디저트,300,255,199.0,46.0,300,546255.0,A,0.6023527040386168,1,100.0,39.8,9.05,NORMAL,77.9,False,44.9,MEDIUM,유통기한 임박,5.7,25.6,0.0,SAFE,"재고 여유 — 현재고(264), 재주문점(26)",0.0,187.8,28.3,128868.0,37.5,OPTIMAL,"적정 발주 — EOQ(188개), 권장 발주 주기 28일",37.5,46.2,6.6,9.33,3.87,STABLE,40.0,2.7,WMA,2.7,36.2,10.0,3.73,10.0,7.5,5.0,POOR,낮은 매칭 · 핵심(A)상품,0.991,49.8,STABLE,8.0,LOW,78.3,HIGH,42.3,35.2,73.7,0.3,30.0,128712.0,100.0,0.385,0.385,88.5,False,34.1,55,24.9,414,100.0,0.999,4.9,71.5,50.0,HOLD,50.0,2,99.8,69.6,27.0,turnover,49.6,모니터링,290,HEURISTIC 29% | ABC 14% | TURNOVER 14% | DISPOSAL_RISK 14% | SAFETY_STOCK 8% | EOQ 7% | DEMAND_FORECAST 7% | MATCH 5%,"['⏰ 유통기한 임박 (84%)', '❄️ 냉장·냉동 과잉 (78%)', '💸 배송비 상승 (91%)', '⚡ 복합 스트레스 (60%)']","{'재고위험': '25.1%', '판매가능성': '13.2%', '점포이동적합': '14.0%', '비용절감': '18.3%', '폐기회피이익': '13.2%', '실행가능성': '12.8%', '이력보정': '3.3%'}",True,True,False,True,False,True,59.4,34.0,53.4,46.9,72.0,60.9,63.7,52.8,0.0,34.4,검토,보류,⏸️,342,HIGH,신뢰도 높음 ●,#2e7d32,,,34.4,검토,보류,0,-1,False,False,,50.0,11454.0,25212.0,11454.0,11.06,24.68,11.06,22.0,122.0,255.0,39.0,재고 이동,재고 이동,62.959,일치,62.959,39.505,27.53,32.637
아이스라떼045,강남2점,강남점,185.0,재배치 추천,20505.0,프로모션 순비용이 재배치 비용보다 높습니다.,18.831053878879594,10.94632768361582,18,0,47.8,후순위,20505.0,185.0,445,False,Greedy 선택 후보보다 우선순위가 낮음,7.62,3303,206,2,유제품,300,185,229.0,53.0,300,756387.0,A,0.196863839439598,1,100.0,27.0,13.34,FAST,85.0,False,46.0,MEDIUM,유통기한 임박 | 신선/냉장 고위험 카테고리,6.5,29.4,0.0,SAFE,"재고 여유 — 현재고(206), 재주문점(29)",0.0,155.1,20.4,179313.0,28.6,OPTIMAL,"적정 발주 — EOQ(155개), 권장 발주 주기 20일",28.6,53.1,7.59,10.73,4.44,STABLE,27.2,6.3,WMA,6.3,36.4,10.0,3.91,10.0,7.5,5.0,POOR,낮은 매칭 · 핵심(A)상품,0.994,49.8,STABLE,5.4,LOW,73.1,HIGH,26.9,13.2,79.6,0.3,30.0,768261.0,100.0,0.385,0.385,88.5,True,67.3,7,25.1,406,100.0,0.999,4.9,73.6,50.0,HOLD,50.0,1,100.0,69.6,26.0,turnover,53.2,모니터링,230,HEURISTIC 29% | ABC 14% | TURNOVER 14% | DISPOSAL_RISK 14% | SAFETY_STOCK 8% | EOQ 7% | DEMAND_FORECAST 7% | MATCH 5%,"['⏰ 유통기한 임박 (84%)', '❄️ 냉장·냉동 과잉 (78%)', '💸 배송비 상승 (91%)', '⚡ 복합 스트레스 (60%)']","{'재고위험': '25.1%', '판매가능성': '13.2%', '점포이동적합': '14.0%', '비용절감': '18.3%', '폐기회피이익': '13.2%', '실행가능성': '12.8%', '이력보정': '3.3%'}",True,True,False,True,False,True,61.7,35.8,53.8,45.6,72.0,57.5,82.0,53.0,0.0,37.2,검토,보류,⏸️,327,HIGH,신뢰도 높음 ●,#2e7d32,,,37.2,검토,보류,-1,0,False,False,,50.0,0.0,20505.0,20505.0,0.0,19.450000000000003,19.450000000000003,39.0,875.0,185.0,752.0,재고 이동,재고 이동,72.398,일치,72.398,45.862,26.548,20.634
김밥017,사당점,종로점,85.0,재배치 추천,14361.0,프로모션 순비용이 재배치 비용보다 높습니다.,25.84815692544899,3.8841807909604524,18,0,47.7,후순위,14361.0,85.0,446,False,Greedy 선택 후보보다 우선순위가 낮음,3.87,3260,286,4,신선식품,400,265,116.0,27.0,400,378160.0,A,0.49367488330734166,1,100.0,74.0,4.87,SLOW,58.9,True,62.0,HIGH,유통기한 임박 | 소진일수 74일 초과 | 신선/냉장 고위험 카테고리,3.3,14.9,0.0,SAFE,"재고 여유 — 현재고(286), 재주문점(15)",0.0,111.3,28.8,126954.0,100.0,OVER,과잉 발주 위험 — 현재(283개) > EOQ(111개). 발주 주기 29일 권장,100.0,27.0,3.86,5.45,2.26,STABLE,74.1,0.0,WMA,0.0,40.9,10.0,8.4,10.0,7.5,5.0,FAIR,보통 매칭 · 폐기위험 높음 · 핵심(A)상품,0.997,49.9,STABLE,14.4,LOW,66.1,MEDIUM,23.5,50.3,87.0,0.3,30.0,352159.0,100.0,0.385,0.385,88.5,True,22.2,207,34.0,199,100.0,0.999,4.9,75.9,50.0,HOLD,50.0,2,99.8,69.5,28.9,disposal_risk,54.0,모니터링,213,HEURISTIC 29% | ABC 14% | TURNOVER 14% | DISPOSAL_RISK 14% | SAFETY_STOCK 8% | EOQ 7% | DEMAND_FORECAST 7% | MATCH 5%,"['⏰ 유통기한 임박 (84%)', '❄️ 냉장·냉동 과잉 (78%)', '💸 배송비 상승 (91%)', '⚡ 복합 스트레스 (60%)']","{'재고위험': '25.1%', '판매가능성': '13.2%', '점포이동적합': '14.0%', '비용절감': '18.3%', '폐기회피이익': '13.2%', '실행가능성': '12.8%', '이력보정': '3.3%'}",True,True,False,True,False,True,62.0,32.7,57.8,56.2,72.0,74.8,57.1,57.4,0.0,84.6,최적,할인 판매,🏷️,73,HIGH,신뢰도 높음 ●,#2e7d32,,,84.6,최적,할인 판매,-1,0,False,False,,50.0,14361.0,23889.0,14361.0,14.29,23.21,14.29,29.0,87.0,265.0,85.0,재고 이동,재고 이동,67.502,일치,67.502,48.027,32.835,30.494
컵밥028,청량리점,마포점,131.0,재배치 추천,17367.0,프로모션 순비용이 재배치 비용보다 높습니다.,22.41498443879736,7.13276836158192,18,0,47.5,후순위,17367.0,131.0,447,False,Greedy 선택 후보보다 우선순위가 낮음,4.32,2250,291,1,간편식,400,285,130.0,30.0,400,292500.0,B,0.8797560606755863,2,60.0,67.2,5.36,SLOW,62.7,True,61.6,HIGH,유통기한 임박 | 소진일수 67일 초과,3.7,16.7,0.0,SAFE,"재고 여유 — 현재고(291), 재주문점(17)",0.0,178.5,41.3,88347.0,61.0,OVER,과잉 발주 위험 — 현재(287개) > EOQ(178개). 발주 주기 41일 권장,61.0,30.1,4.3,6.08,2.52,STABLE,67.7,0.0,WMA,0.0,36.9,10.0,8.4,6.0,7.5,5.0,POOR,낮은 매칭 · 폐기위험 높음,0.992,49.8,STABLE,13.3,LOW,76.6,HIGH,36.8,23.3,78.8,0.3,30.0,388733.0,100.0,0.385,0.385,88.5,False,22.0,211,32.7,213,100.0,0.999,4.9,73.4,50.0,HOLD,50.0,2,99.8,69.5,44.4,disposal_risk,43.2,모니터링,386,HEURISTIC 29% | ABC 14% | TURNOVER 14% | DISPOSAL_RISK 14% | SAFETY_STOCK 8% | EOQ 7% | DEMAND_FORECAST 7% | MATCH 5%,"['⏰ 유통기한 임박 (84%)', '❄️ 냉장·냉동 과잉 (78%)', '💸 배송비 상승 (91%)', '⚡ 복합 스트레스 (60%)']","{'재고위험': '25.1%', '판매가능성': '13.2%', '점포이동적합': '14.0%', '비용절감': '18.3%', '폐기회피이익': '13.2%', '실행가능성': '12.8%', '이력보정': '3.3%'}",True,True,False,True,False,True,56.9,32.6,55.5,50.3,72.0,60.3,57.0,52.8,0.0,34.8,검토,할인 판매,🏷️,340,HIGH,신뢰도 높음 ●,#2e7d32,,,34.8,검토,할인 판매,-1,-1,False,False,,50.0,17367.0,30936.0,17367.0,17.63,31.04,17.63,35.0,256.0,285.0,131.0,재고 이동,재고 이동,60.863,일치,60.863,47.716,34.954,29.522
과일컵070,왕십리점,여의도2점,92.0,재배치 추천,15045.0,프로모션 순비용이 재배치 비용보다 높습니다.,25.066956000342632,4.378531073446328,18,0,47.4,후순위,15045.0,92.0,448,False,Greedy 선택 후보보다 우선순위가 낮음,8.11,2879,198,2,신선식품,400,176,243.0,57.0,400,699597.0,A,0.31603006918284465,1,100.0,24.4,14.73,FAST,86.4,False,48.0,MEDIUM,유통기한 임박 | 신선/냉장 고위험 카테고리,7.0,31.3,0.0,SAFE,"재고 여유 — 현재고(198), 재주문점(31)",0.0,171.4,21.1,172708.0,11.4,OPTIMAL,"적정 발주 — EOQ(171개), 권장 발주 주기 21일",11.4,56.9,8.13,11.47,4.78,STABLE,24.4,7.6,WMA,7.6,36.5,10.0,3.98,10.0,7.5,5.0,POOR,낮은 매칭 · 핵심(A)상품,1.004,50.1,STABLE,4.7,LOW,73.1,HIGH,38.1,8.2,88.3,0.3,30.0,339597.0,100.0,0.385,0.385,88.5,True,79.0,5,25.8,388,100.0,0.999,4.9,76.2,50.0,HOLD,50.0,1,100.0,69.5,25.9,turnover,53.4,모니터링,227,HEURISTIC 29% | ABC 14% | TURNOVER 14% | DISPOSAL_RISK 14% | SAFETY_STOCK 8% | EOQ 7% | DEMAND_FORECAST 7% | MATCH 5%,"['⏰ 유통기한 임박 (84%)', '❄️ 냉장·냉동 과잉 (78%)', '💸 배송비 상승 (91%)', '⚡ 복합 스트레스 (60%)']","{'재고위험': '25.1%', '판매가능성': '13.2%', '점포이동적합': '14.0%', '비용절감': '18.3%', '폐기회피이익': '13.2%', '실행가능성': '12.8%', '이력보정': '3.3%'}",True,True,False,True,False,True,63.0,36.5,54.2,42.8,72.0,61.6,88.4,53.5,0.0,41.5,검토,보류,⏸️,304,HIGH,신뢰도 높음 ●,#2e7d32,,,41.5,검토,보류,0,-1,False,False,,50.0,15045.0,23079.0,15045.0,15.05,22.31,15.05,30.0,143.0,176.0,92.0,재고 이동,재고 이동,61.238,일치,61.238,38.702,28.222,33.353
과일컵070,구로점,명동점,107.0,재배치 추천,16080.0,프로모션 순비용이 재배치 비용보다 높습니다.,23.88487565314222,5.437853107344632,18,0,47.3,후순위,16080.0,107.0,449,False,Greedy 선택 후보보다 우선순위가 낮음,8.0,2879,260,0,신선식품,400,249,240.0,56.0,400,690960.0,A,0.31603006918284465,1,100.0,32.5,11.08,NORMAL,81.9,False,51.2,MEDIUM,유통기한 임박 | 신선/냉장 고위험 카테고리,6.9,30.9,0.0,SAFE,"재고 여유 — 현재고(260), 재주문점(31)",0.0,170.2,21.3,171532.0,48.7,OPTIMAL,"적정 발주 — EOQ(170개), 권장 발주 주기 21일",48.7,56.0,8.0,11.3,4.7,STABLE,32.5,3.7,WMA,3.7,36.3,10.0,3.78,10.0,7.5,5.0,POOR,낮은 매칭 · 핵심(A)상품,1.0,50.0,STABLE,6.3,LOW,78.3,HIGH,24.2,32.8,100.0,0.3,30.0,396384.0,100.0,0.385,0.385,88.5,True,43.7,23,27.1,320,100.0,0.999,4.9,79.0,50.0,HOLD,50.0,1,100.0,69.5,25.9,turnover,52.9,모니터링,235,HEURISTIC 29% | ABC 14% | TURNOVER 14% | DISPOSAL_RISK 14% | SAFETY_STOCK 8% | EOQ 7% | DEMAND_FORECAST 7% | MATCH 5%,"['⏰ 유통기한 임박 (84%)', '❄️ 냉장·냉동 과잉 (78%)', '💸 배송비 상승 (91%)', '⚡ 복합 스트레스 (60%)']","{'재고위험': '25.1%', '판매가능성': '13.2%', '점포이동적합': '14.0%', '비용절감': '18.3%', '폐기회피이익': '13.2%', '실행가능성': '12.8%', '이력보정': '3.3%'}",True,True,False,True,False,True,63.2,34.6,54.7,48.3,72.0,77.6,69.0,56.4,0.0,75.1,권장,보류,⏸️,124,HIGH,신뢰도 높음 ●,#2e7d32,,,75.1,권장,보류,-1,-1,False,False,,50.0,16080.0,28371.0,16080.0,16.2,28.19,16.2,32.0,143.0,249.0,107.0,재고 이동,재고 이동,64.303,일치,64.303,41.852,29.971,31.675
탄산음료035,동대문점,마포점,63.0,재배치 추천,13515.0,프로모션 순비용이 재배치 비용보다 높습니다.,26.81437912229107,2.330508474576271,18,0,47.1,후순위,13515.0,63.0,450,False,Greedy 선택 후보보다 우선순위가 낮음,4.77,1933,374,5,음료,300,341,143.0,33.0,300,276419.0,A,0.7681404439540753,1,100.0,78.5,4.59,SLOW,56.4,True,54.2,MEDIUM,유통기한 임박 | 소진일수 78일 초과,4.1,18.4,0.0,SAFE,"재고 여유 — 현재고(374), 재주문점(18)",0.0,223.7,46.9,77832.0,65.4,OVER,과잉 발주 위험 — 현재(370개) > EOQ(224개). 발주 주기 47일 권장,65.4,33.2,4.74,6.71,2.78,STABLE,78.9,0.0,WMA,0.0,36.1,10.0,3.6,10.0,7.5,5.0,POOR,낮은 매칭 · 핵심(A)상품,0.988,49.7,STABLE,15.5,LOW,62.6,MEDIUM,38.8,23.3,78.8,0.3,30.0,151520.0,100.0,0.385,0.385,88.5,False,20.6,289,30.1,252,100.0,0.999,4.9,73.4,50.0,HOLD,50.0,2,99.8,69.4,30.2,disposal_risk,47.6,모니터링,322,HEURISTIC 29% | ABC 14% | TURNOVER 14% | DISPOSAL_RISK 14% | SAFETY_STOCK 8% | EOQ 7% | DEMAND_FORECAST 7% | MATCH 5%,"['⏰ 유통기한 임박 (84%)', '❄️ 냉장·냉동 과잉 (78%)', '💸 배송비 상승 (91%)', '⚡ 복합 스트레스 (60%)']","{'재고위험': '25.1%', '판매가능성': '13.2%', '점포이동적합': '14.0%', '비용절감': '18.3%', '폐기회피이익': '13.2%', '실행가능성': '12.8%', '이력보정': '3.3%'}",True,True,False,True,False,True,57.9,32.6,54.6,50.7,72.0,60.3,56.2,53.0,0.0,37.6,검토,보류,⏸️,325,HIGH,신뢰도 높음 ●,#2e7d32,,,37.6,검토,보류,-1,-1,False,False,,50.0,13515.0,30702.0,13515.0,13.35,30.78,13.35,27.0,443.0,341.0,63.0,재고 이동,재고 이동,63.756,일치,63.756,44.454,30.464,30.448
딸기우유014,동대문점,명동점,168.0,재배치 추천,20010.0,프로모션 순비용이 재배치 비용보다 높습니다.,19.396396653627615,9.745762711864407,18,0,47.1,후순위,20010.0,168.0,451,False,Greedy 선택 후보보다 우선순위가 낮음,5.48,2852,331,0,유제품,400,324,164.0,38.0,400,467728.0,A,0.560656640638992,1,100.0,60.5,5.95,SLOW,66.4,True,63.3,HIGH,유통기한 임박 | 신선/냉장 고위험 카테고리,4.7,21.1,0.0,SAFE,"재고 여유 — 현재고(331), 재주문점(21)",0.0,141.6,25.8,141301.0,100.0,OVER,과잉 발주 위험 — 현재(326개) > EOQ(142개). 발주 주기 26일 권장,100.0,38.1,5.44,7.7,3.18,STABLE,60.8,0.0,WMA,0.0,40.9,10.0,8.4,10.0,7.5,5.0,FAIR,보통 매칭 · 폐기위험 높음 · 핵심(A)상품,0.991,49.8,STABLE,12.0,LOW,78.3,HIGH,29.0,32.8,100.0,0.3,30.0,622153.0,100.0,0.385,0.385,88.5,True,22.6,192,33.9,201,100.0,0.999,4.9,79.0,50.0,DISPOSE,30.0,2,99.8,69.4,27.5,disposal_risk,55.1,검토 필요,202,HEURISTIC 29% | ABC 14% | TURNOVER 14% | DISPOSAL_RISK 14% | SAFETY_STOCK 8% | EOQ 7% | DEMAND_FORECAST 7% | MATCH 5%,"['⏰ 유통기한 임박 (84%)', '❄️ 냉장·냉동 과잉 (78%)', '💸 배송비 상승 (91%)', '⚡ 복합 스트레스 (60%)']","{'재고위험': '25.1%', '판매가능성': '13.2%', '점포이동적합': '14.0%', '비용절감': '18.3%', '폐기회피이익': '13.2%', '실행가능성': '12.8%', '이력보정': '3.3%'}",True,True,False,True,False,True,64.6,32.6,58.1,55.9,72.0,77.6,57.3,58.4,0.0,90.4,최적,할인 판매,🏷️,42,HIGH,신뢰도 높음 ●,#2e7d32,,,90.4,최적,할인 판매,-1,-1,False,False,,50.0,0.0,20010.0,20010.0,0.0,18.9,18.9,38.0,278.0,324.0,168.0,재고 이동,재고 이동,71.634,일치,71.634,48.622,32.285,25.484
과일컵070,선릉점,여의도2점,92.0,재배치 추천,15405.0,프로모션 순비용이 재배치 비용보다 높습니다.,24.655797618707705,4.378531073446328,18,0,47.0,후순위,15405.0,92.0,452,False,Greedy 선택 후보보다 우선순위가 낮음,5.69,2879,197,2,신선식품,400,182,171.0,40.0,400,492309.0,A,0.31603006918284465,1,100.0,34.6,10.42,NORMAL,80.8,False,50.3,MEDIUM,유통기한 임박 | 신선/냉장 고위험 카테고리,4.9,22.0,0.0,SAFE,"재고 여유 — 현재고(197), 재주문점(22)",0.0,143.6,25.2,144663.0,33.8,OPTIMAL,"적정 발주 — EOQ(144개), 권장 발주 주기 25일",33.8,39.9,5.7,8.05,3.35,STABLE,34.6,3.4,WMA,3.4,36.3,10.0,3.77,10.0,7.5,5.0,POOR,낮은 매칭 · 핵심(A)상품,1.004,50.1,STABLE,6.7,LOW,73.1,HIGH,38.1,8.2,88.3,0.3,30.0,339237.0,100.0,0.385,0.385,88.5,True,40.9,29,26.7,343,100.0,0.999,4.9,76.2,50.0,DISPOSE,30.0,1,100.0,69.4,26.2,turnover,51.0,모니터링,261,HEURISTIC 29% | ABC 14% | TURNOVER 14% | DISPOSAL_RISK 14% | SAFETY_STOCK 8% | EOQ 7% | DEMAND_FORECAST 7% | MATCH 5%,"['⏰ 유통기한 임박 (84%)', '❄️ 냉장·냉동 과잉 (78%)', '💸 배송비 상승 (91%)', '⚡ 복합 스트레스 (60%)']","{'재고위험': '25.1%', '판매가능성': '13.2%', '점포이동적합': '14.0%', '비용절감': '18.3%', '폐기회피이익': '13.2%', '실행가능성': '12.8%', '이력보정': '3.3%'}",True,True,False,True,False,True,62.5,34.4,54.3,45.9,72.0,61.6,67.5,53.7,0.0,44.1,검토,보류,⏸️,290,HIGH,신뢰도 높음 ●,#2e7d32,,,44.1,검토,보류,-1,-1,False,False,,50.0,15405.0,22071.0,15405.0,15.45,21.189999999999998,15.45,31.0,143.0,182.0,92.0,재고 이동,재고 이동,62.459,일치,62.459,40.172,29.068,32.785
냉동피자020,혜화점,잠실점,86.0,재배치 추천,15153.0,프로모션 순비용이 재배치 비용보다 높습니다.,24.943608485852153,3.954802259887006,18,0,46.9,후순위,15153.0,86.0,453,False,Greedy 선택 후보보다 우선순위가 낮음,6.16,1572,180,11,냉동식품,400,86,185.0,43.0,400,290820.0,B,0.8194229269640343,2,60.0,29.2,12.33,FAST,83.8,False,16.3,LOW,신선/냉장 고위험 카테고리,5.3,23.8,0.0,SAFE,"재고 여유 — 현재고(180), 재주문점(24)",0.0,218.3,35.4,102973.0,16.0,OPTIMAL,"적정 발주 — EOQ(218개), 권장 발주 주기 35일",16.0,43.0,6.14,8.68,3.6,STABLE,29.3,5.3,WMA,5.3,28.8,10.0,0.26,6.0,7.5,5.0,POOR,낮은 매칭,0.997,49.9,STABLE,5.8,LOW,43.3,MEDIUM,30.3,44.7,96.3,0.3,30.0,181477.0,100.0,0.385,0.385,88.5,True,54.2,17,11.6,499,100.0,0.999,4.9,78.2,50.0,DISPOSE,30.0,1,100.0,69.4,38.7,turnover,34.6,후순위,452,HEURISTIC 29% | ABC 14% | TURNOVER 14% | DISPOSAL_RISK 14% | SAFETY_STOCK 8% | EOQ 7% | DEMAND_FORECAST 7% | MATCH 5%,"['⏰ 유통기한 임박 (84%)', '❄️ 냉장·냉동 과잉 (78%)', '💸 배송비 상승 (91%)', '⚡ 복합 스트레스 (60%)']","{'재고위험': '25.1%', '판매가능성': '13.2%', '점포이동적합': '14.0%', '비용절감': '18.3%', '폐기회피이익': '13.2%', '실행가능성': '12.8%', '이력보정': '3.3%'}",True,True,False,True,False,True,42.1,35.3,48.1,43.2,72.0,79.1,74.8,49.5,0.0,11.7,검토,보류,⏸️,464,HIGH,신뢰도 높음 ●,#2e7d32,,,11.7,검토,보류,-1,0,False,False,,50.0,15153.0,22197.0,15153.0,15.17,21.33,15.17,30.0,236.0,86.0,122.0,재고 이동,재고 이동,53.673,일치,53.673,34.339,25.234,30.099
죽010,홍대점,건대점,129.0,재배치 추천,17835.0,프로모션 순비용이 재배치 비용보다 높습니다.,21.88047854267196,6.991525423728813,18,0,46.9,후순위,17835.0,129.0,454,False,Greedy 선택 후보보다 우선순위가 낮음,3.5,3304,308,1,간편식,500,304,105.0,24.0,500,346920.0,A,0.04394056460257161,1,100.0,88.0,4.09,SLOW,51.1,True,72.0,HIGH,유통기한 임박 | 소진일수 88일 초과,3.0,13.5,0.0,SAFE,"재고 여유 — 현재고(308), 재주문점(14)",0.0,132.6,37.9,96363.0,100.0,OVER,과잉 발주 위험 — 현재(305개) > EOQ(133개). 발주 주기 38일 권장,100.0,24.2,3.46,4.9,2.01,STABLE,89.1,0.0,WMA,0.0,40.9,10.0,8.4,10.0,7.5,5.0,FAIR,보통 매칭 · 폐기위험 높음 · 핵심(A)상품,0.98,49.5,STABLE,17.6,LOW,76.6,HIGH,24.2,43.6,76.3,0.3,30.0,558124.0,100.0,0.385,0.385,88.5,False,24.4,131,38.7,117,100.0,0.999,4.9,72.5,50.0,DISPOSE,30.0,2,99.8,69.4,27.6,disposal_risk,54.4,모니터링,206,HEURISTIC 29% | ABC 14% | TURNOVER 14% | DISPOSAL_RISK 14% | SAFETY_STOCK 8% | EOQ 7% | DEMAND_FORECAST 7% | MATCH 5%,"['⏰ 유통기한 임박 (84%)', '❄️ 냉장·냉동 과잉 (78%)', '💸 배송비 상승 (91%)', '⚡ 복합 스트레스 (60%)']","{'재고위험': '25.1%', '판매가능성': '13.2%', '점포이동적합': '14.0%', '비용절감': '18.3%', '폐기회피이익': '13.2%', '실행가능성': '12.8%', '이력보정': '3.3%'}",True,True,False,True,False,True,64.5,32.6,58.4,55.8,72.0,65.4,58.3,56.8,0.0,78.2,권장,할인 판매,🏷️,107,HIGH,신뢰도 높음 ●,#2e7d32,,,78.2,권장,할인 판매,0,0,True,False,,50.0,17835.0,19992.0,17835.0,18.15,18.880000000000003,18.15,36.0,259.0,304.0,129.0,재고 이동,재고 이동,69.395,일치,69.395,50.966,34.921,27.815
핫바027,문래점,성수점,157.0,재배치 추천,19545.0,프로모션 순비용이 재배치 비용보다 높습니다.,19.927476229906063,8.968926553672317,18,0,46.9,후순위,19545.0,157.0,455,False,Greedy 선택 후보보다 우선순위가 낮음,8.1,2509,349,17,간편식,250,157,243.0,57.0,250,609687.0,A,0.26107531382798244,1,100.0,43.1,8.36,NORMAL,76.1,False,21.3,LOW,복합 위험 요소 없음,6.9,31.2,0.0,SAFE,"재고 여유 — 현재고(349), 재주문점(31)",0.0,231.4,28.6,127747.0,47.8,OPTIMAL,"적정 발주 — EOQ(231개), 권장 발주 주기 29일",47.8,56.9,8.13,11.47,4.79,STABLE,42.9,2.3,WMA,2.3,32.6,10.0,0.12,10.0,7.5,5.0,POOR,낮은 매칭 · 핵심(A)상품,1.005,50.1,STABLE,8.4,LOW,43.3,MEDIUM,42.0,46.2,96.7,0.3,30.0,492401.0,100.0,0.385,0.385,88.5,False,28.7,78,14.7,492,100.0,0.999,4.9,78.3,50.0,DISPOSE,30.0,2,99.8,69.4,25.3,turnover,42.7,모니터링,389,HEURISTIC 29% | ABC 14% | TURNOVER 14% | DISPOSAL_RISK 14% | SAFETY_STOCK 8% | EOQ 7% | DEMAND_FORECAST 7% | MATCH 5%,"['⏰ 유통기한 임박 (84%)', '❄️ 냉장·냉동 과잉 (78%)', '💸 배송비 상승 (91%)', '⚡ 복합 스트레스 (60%)']","{'재고위험': '25.1%', '판매가능성': '13.2%', '점포이동적합': '14.0%', '비용절감': '18.3%', '폐기회피이익': '13.2%', '실행가능성': '12.8%', '이력보정': '3.3%'}",True,True,False,True,False,True,48.3,33.9,50.4,48.0,72.0,79.9,60.7,52.2,0.0,30.0,검토,보류,⏸️,366,HIGH,신뢰도 높음 ●,#2e7d32,,,30.0,검토,보류,-1,-1,False,False,,50.0,19545.0,23304.0,19545.0,20.05,22.560000000000002,20.05,40.0,891.0,157.0,875.0,재고 이동,재고 이동,70.687,일치,70.687,44.064,24.442,19.248
에너지드링크012,교대점,신촌점,41.0,재배치 추천,12489.0,프로모션 순비용이 재배치 비용보다 높습니다.,27.986180509950604,0.7768361581920904,18,0,46.8,후순위,12489.0,41.0,456,False,Greedy 선택 후보보다 우선순위가 낮음,3.26,1966,326,2,음료,150,317,98.0,23.0,150,192668.0,A,0.6967554031566018,1,100.0,99.8,3.61,DEAD,44.6,True,68.0,HIGH,유통기한 임박 | 소진일수 100일 초과,2.8,12.6,0.0,SAFE,"재고 여유 — 현재고(326), 재주문점(13)",0.0,183.4,56.3,64891.0,76.2,OVER,과잉 발주 위험 — 현재(323개) > EOQ(183개). 발주 주기 56일 권장,76.2,22.9,3.27,4.62,1.93,STABLE,99.7,0.0,WMA,0.0,40.9,10.0,8.4,10.0,7.5,5.0,FAIR,보통 매칭 · 폐기위험 높음 · 핵심(A)상품,1.008,50.2,STABLE,19.4,LOW,73.1,HIGH,43.2,28.1,86.3,0.3,30.0,90388.0,100.0,0.385,0.385,88.5,False,23.6,152,37.6,153,100.0,0.999,4.9,75.7,50.0,DISPOSE,30.0,2,99.8,69.4,28.9,disposal_risk,50.6,모니터링,267,HEURISTIC 29% | ABC 14% | TURNOVER 14% | DISPOSAL_RISK 14% | SAFETY_STOCK 8% | EOQ 7% | DEMAND_FORECAST 7% | MATCH 5%,"['⏰ 유통기한 임박 (84%)', '❄️ 냉장·냉동 과잉 (78%)', '💸 배송비 상승 (91%)', '⚡ 복합 스트레스 (60%)']","{'재고위험': '25.1%', '판매가능성': '13.2%', '점포이동적합': '14.0%', '비용절감': '18.3%', '폐기회피이익': '13.2%', '실행가능성': '12.8%', '이력보정': '3.3%'}",True,True,False,True,False,True,60.9,32.8,58.5,52.2,72.0,66.9,57.9,55.5,0.0,64.3,검토,할인 판매,🏷️,182,HIGH,신뢰도 높음 ●,#2e7d32,,,64.3,검토,할인 판매,-1,0,False,False,,50.0,12489.0,18426.0,12489.0,12.21,17.14,12.21,24.0,130.0,317.0,41.0,재고 이동,재고 이동,65.427,일치,65.427,47.429,31.597,30.912
아이스크림044,신촌2점,선릉점,30.0,프로모션 추천,13780.0,프로모션 순비용이 재배치 비용보다 낮습니다.,26.511720869143133,0.0,12,8,46.5,후순위,13780.0,30.0,457,False,Greedy 선택 후보보다 우선순위가 낮음,4.69,2390,282,2,디저트,250,269,141.0,33.0,250,336990.0,A,0.7413131806038247,1,100.0,60.0,6.0,NORMAL,66.7,False,53.0,MEDIUM,유통기한 임박,4.0,18.1,0.0,SAFE,"재고 여유 — 현재고(282), 재주문점(18)",0.0,169.3,36.1,101135.0,64.2,OVER,과잉 발주 위험 — 현재(278개) > EOQ(169개). 발주 주기 36일 권장,64.2,32.9,4.7,6.63,2.77,STABLE,60.0,0.0,WMA,0.0,36.1,10.0,3.6,10.0,7.5,5.0,POOR,낮은 매칭 · 핵심(A)상품,1.005,50.1,STABLE,11.7,LOW,73.1,HIGH,38.6,48.8,83.3,0.3,30.0,79760.0,100.0,0.385,0.385,88.5,False,20.6,289,28.7,279,100.0,0.999,4.9,74.8,50.0,DISPOSE,30.0,2,99.8,69.3,28.5,disposal_risk,48.5,모니터링,311,HEURISTIC 29% | ABC 14% | TURNOVER 14% | DISPOSAL_RISK 14% | SAFETY_STOCK 8% | EOQ 7% | DEMAND_FORECAST 7% | MATCH 5%,"['⏰ 유통기한 임박 (84%)', '❄️ 냉장·냉동 과잉 (78%)', '💸 배송비 상승 (91%)', '⚡ 복합 스트레스 (60%)']","{'재고위험': '25.1%', '판매가능성': '13.2%', '점포이동적합': '14.0%', '비용절감': '18.3%', '폐기회피이익': '13.2%', '실행가능성': '12.8%', '이력보정': '3.3%'}",True,True,False,True,False,True,60.0,32.7,54.5,50.2,72.0,71.8,56.2,54.9,0.0,56.8,검토,보류,⏸️,222,HIGH,신뢰도 높음 ●,#2e7d32,,,56.8,검토,보류,-1,-1,False,False,,50.0,14658.0,17922.0,14658.0,14.62,16.58,14.62,29.0,87.0,269.0,30.0,할인,재고 이동,62.562,다름,62.562,42.144,29.67,32.876
아이스크림044,강남점,선릉점,30.0,프로모션 추천,13780.0,프로모션 순비용이 재배치 비용보다 낮습니다.,26.511720869143133,0.0,12,8,46.5,후순위,13780.0,30.0,458,False,Greedy 선택 후보보다 우선순위가 낮음,1.14,2390,178,0,디저트,250,177,34.0,8.0,250,81260.0,A,0.7413131806038247,1,100.0,157.1,2.29,DEAD,12.7,True,70.0,HIGH,유통기한 임박 | 소진일수 157일 초과,1.0,4.4,0.0,SAFE,"재고 여유 — 현재고(178), 재주문점(4)",0.0,83.5,73.2,49862.0,100.0,OVER,과잉 발주 위험 — 현재(177개) > EOQ(84개). 발주 주기 73일 권장,100.0,8.0,1.14,1.61,0.67,STABLE,155.8,0.0,WMA,0.0,40.9,10.0,8.4,10.0,7.5,5.0,FAIR,보통 매칭 · 폐기위험 높음 · 핵심(A)상품,1.003,50.1,STABLE,30.4,LOW,78.3,HIGH,38.6,48.8,83.3,0.3,30.0,79760.0,100.0,0.385,0.385,88.5,False,24.1,139,41.1,62,100.0,0.999,4.9,74.8,50.0,DISPOSE,30.0,1,100.0,69.3,24.8,disposal_risk,47.2,모니터링,326,HEURISTIC 29% | ABC 14% | TURNOVER 14% | DISPOSAL_RISK 14% | SAFETY_STOCK 8% | EOQ 7% | DEMAND_FORECAST 7% | MATCH 5%,"['⏰ 유통기한 임박 (84%)', '❄️ 냉장·냉동 과잉 (78%)', '💸 배송비 상승 (91%)', '⚡ 복합 스트레스 (60%)']","{'재고위험': '25.1%', '판매가능성': '13.2%', '점포이동적합': '14.0%', '비용절감': '18.3%', '폐기회피이익': '13.2%', '실행가능성': '12.8%', '이력보정': '3.3%'}",True,True,False,True,False,True,53.4,32.7,59.1,55.6,72.0,71.8,58.3,54.9,0.0,56.3,검토,할인 판매,🏷️,225,HIGH,신뢰도 높음 ●,#2e7d32,,,56.3,검토,할인 판매,0,-1,False,False,,50.0,0.0,18372.0,18372.0,0.0,17.080000000000002,17.080000000000002,34.0,87.0,177.0,30.0,할인,재고 이동,60.335,다름,60.335,49.857,33.864,30.942
아이스라떼077,홍대점,잠실2점,91.0,프로모션 추천,17593.0,프로모션 순비용이 재배치 비용보다 낮습니다.,22.15686834365988,4.307909604519774,12,8,46.5,후순위,17593.0,91.0,459,False,Greedy 선택 후보보다 우선순위가 낮음,0.57,1060,334,1,유제품,250,334,17.0,4.0,250,18020.0,C,0.9791840344790028,3,20.0,589.4,0.61,DEAD,0.0,True,76.0,HIGH,유통기한 임박 | 소진일수 589일 초과 | 신선/냉장 고위험 카테고리,0.5,2.2,0.0,SAFE,"재고 여유 — 현재고(334), 재주문점(2)",0.0,74.9,131.4,27782.0,100.0,OVER,과잉 발주 위험 — 현재(334개) > EOQ(75개). 발주 주기 131일 권장,100.0,4.0,0.57,0.81,0.34,STABLE,584.5,0.0,WMA,0.0,33.9,10.0,8.4,3.0,7.5,5.0,POOR,낮은 매칭 · 폐기위험 높음,1.003,50.1,STABLE,35.0,LOW,76.6,HIGH,28.3,30.0,87.4,0.3,30.0,120909.0,100.0,0.385,0.385,88.5,True,25.0,119,43.3,38,100.0,0.999,4.9,76.0,50.0,DISPOSE,30.0,1,100.0,69.3,42.0,disposal_risk,30.1,후순위,478,HEURISTIC 29% | ABC 14% | TURNOVER 14% | DISPOSAL_RISK 14% | SAFETY_STOCK 8% | EOQ 7% | DEMAND_FORECAST 7% | MATCH 5%,"['⏰ 유통기한 임박 (84%)', '❄️ 냉장·냉동 과잉 (78%)', '💸 배송비 상승 (91%)', '⚡ 복합 스트레스 (60%)']","{'재고위험': '25.1%', '판매가능성': '13.2%', '점포이동적합': '14.0%', '비용절감': '18.3%', '폐기회피이익': '13.2%', '실행가능성': '12.8%', '이력보정': '3.3%'}",True,True,False,True,False,True,40.7,32.7,56.5,55.6,72.0,68.3,58.8,50.9,0.0,19.0,검토,할인 판매,🏷️,425,HIGH,신뢰도 높음 ●,#2e7d32,,,19.0,검토,할인 판매,0,-1,False,False,,50.0,22146.0,24852.0,22146.0,22.94,24.28,22.94,46.0,223.0,334.0,91.0,할인,재고 이동,56.617,다름,56.617,56.435,38.74,28.296
죽010,문래점,압구정점,107.0,재배치 추천,16863.0,프로모션 순비용이 재배치 비용보다 높습니다.,22.99060617308626,5.437853107344632,18,0,46.4,후순위,16863.0,107.0,460,False,Greedy 선택 후보보다 우선순위가 낮음,4.11,3304,284,1,간편식,500,279,123.0,29.0,500,406392.0,A,0.04394056460257161,1,100.0,69.3,5.2,SLOW,61.5,True,62.6,HIGH,유통기한 임박 | 소진일수 69일 초과,3.5,15.8,0.0,SAFE,"재고 여유 — 현재고(284), 재주문점(16)",0.0,143.7,35.0,104424.0,95.2,OVER,과잉 발주 위험 — 현재(280개) > EOQ(144개). 발주 주기 35일 권장,95.2,28.9,4.13,5.82,2.43,STABLE,68.8,0.0,WMA,0.0,40.9,10.0,8.4,10.0,7.5,5.0,FAIR,보통 매칭 · 폐기위험 높음 · 핵심(A)상품,1.008,50.2,STABLE,13.4,LOW,76.6,HIGH,23.9,35.6,98.7,0.3,30.0,460871.0,100.0,0.385,0.385,88.5,False,22.7,186,33.9,201,100.0,0.999,4.9,78.7,50.0,DISPOSE,30.0,2,99.8,69.3,28.5,disposal_risk,53.2,모니터링,231,HEURISTIC 29% | ABC 14% | TURNOVER 14% | DISPOSAL_RISK 14% | SAFETY_STOCK 8% | EOQ 7% | DEMAND_FORECAST 7% | MATCH 5%,"['⏰ 유통기한 임박 (84%)', '❄️ 냉장·냉동 과잉 (78%)', '💸 배송비 상승 (91%)', '⚡ 복합 스트레스 (60%)']","{'재고위험': '25.1%', '판매가능성': '13.2%', '점포이동적합': '14.0%', '비용절감': '18.3%', '폐기회피이익': '13.2%', '실행가능성': '12.8%', '이력보정': '3.3%'}",True,True,False,True,False,True,63.0,32.8,58.1,54.8,72.0,77.7,57.4,57.8,0.0,86.1,최적,할인 판매,🏷️,65,HIGH,신뢰도 높음 ●,#2e7d32,,,86.1,최적,할인 판매,-1,-1,False,False,,50.0,16863.0,21693.0,16863.0,17.07,20.770000000000003,17.07,34.0,259.0,279.0,107.0,재고 이동,재고 이동,67.226,일치,67.226,47.524,32.994,29.76
요거트006,잠실2점,마포점,239.0,재배치 추천,25071.0,프로모션 순비용이 재배치 비용보다 높습니다.,13.616195071809953,14.75988700564972,18,0,46.4,후순위,25071.0,239.0,461,False,Greedy 선택 후보보다 우선순위가 낮음,9.09,1419,251,1,유제품,500,239,273.0,64.0,500,387387.0,A,0.7940108140096701,1,100.0,27.6,13.05,FAST,84.7,False,46.0,MEDIUM,유통기한 임박 | 신선/냉장 고위험 카테고리,7.8,35.1,0.0,SAFE,"재고 여유 — 현재고(251), 재주문점(35)",0.0,258.5,28.4,128367.0,4.7,OPTIMAL,"적정 발주 — EOQ(258개), 권장 발주 주기 28일",4.7,63.9,9.13,12.88,5.38,STABLE,27.5,6.2,WMA,6.2,36.4,10.0,3.91,10.0,7.5,5.0,POOR,낮은 매칭 · 핵심(A)상품,1.006,50.1,STABLE,5.4,LOW,76.6,HIGH,36.7,23.3,78.8,0.3,30.0,501398.0,100.0,0.385,0.385,88.5,True,66.4,8,25.0,411,100.0,0.999,4.9,73.4,50.0,DISPOSE,30.0,1,100.0,69.3,26.0,turnover,50.3,모니터링,274,HEURISTIC 29% | ABC 14% | TURNOVER 14% | DISPOSAL_RISK 14% | SAFETY_STOCK 8% | EOQ 7% | DEMAND_FORECAST 7% | MATCH 5%,"['⏰ 유통기한 임박 (84%)', '❄️ 냉장·냉동 과잉 (78%)', '💸 배송비 상승 (91%)', '⚡ 복합 스트레스 (60%)']","{'재고위험': '25.1%', '판매가능성': '13.2%', '점포이동적합': '14.0%', '비용절감': '18.3%', '폐기회피이익': '13.2%', '실행가능성': '12.8%', '이력보정': '3.3%'}",True,True,False,True,False,True,61.6,35.8,53.7,41.2,72.0,60.3,81.5,52.5,0.0,32.8,검토,보류,⏸️,351,HIGH,신뢰도 높음 ●,#2e7d32,,,32.8,검토,보류,-1,-1,False,False,,50.0,25071.0,26913.0,25071.0,26.19,26.57,26.19,52.0,521.0,239.0,481.0,재고 이동,재고 이동,65.791,일치,65.791,43.377,29.82,24.134
에너지드링크033,이태원점,명동점,143.0,재배치 추천,19209.0,프로모션 순비용이 재배치 비용보다 높습니다.,20.311224052765326,7.980225988700565,18,0,46.3,후순위,19209.0,143.0,462,False,Greedy 선택 후보보다 우선순위가 낮음,0.59,1298,175,2,음료,300,174,18.0,4.0,300,23364.0,B,0.8320359109103723,2,60.0,291.7,1.23,DEAD,0.0,True,68.0,HIGH,유통기한 임박 | 소진일수 292일 초과,0.5,2.3,0.0,SAFE,"재고 여유 — 현재고(175), 재주문점(2)",0.0,96.0,162.7,22431.0,81.8,OVER,과잉 발주 위험 — 현재(174개) > EOQ(96개). 발주 주기 163일 권장,81.8,4.1,0.59,0.83,0.34,STABLE,298.8,0.0,WMA,0.0,36.9,10.0,8.4,6.0,7.5,5.0,POOR,낮은 매칭 · 폐기위험 높음,0.969,49.2,STABLE,35.8,LOW,73.1,HIGH,41.7,32.8,100.0,0.3,30.0,246428.0,100.0,0.385,0.385,88.5,False,23.6,152,40.8,73,100.0,0.999,4.9,79.0,50.0,DISPOSE,30.0,2,99.8,69.3,40.2,disposal_risk,34.9,후순위,451,HEURISTIC 29% | ABC 14% | TURNOVER 14% | DISPOSAL_RISK 14% | SAFETY_STOCK 8% | EOQ 7% | DEMAND_FORECAST 7% | MATCH 5%,"['⏰ 유통기한 임박 (84%)', '❄️ 냉장·냉동 과잉 (78%)', '💸 배송비 상승 (91%)', '⚡ 복합 스트레스 (60%)']","{'재고위험': '25.1%', '판매가능성': '13.2%', '점포이동적합': '14.0%', '비용절감': '18.3%', '폐기회피이익': '13.2%', '실행가능성': '12.8%', '이력보정': '3.3%'}",True,True,False,True,False,True,43.2,32.5,57.7,52.7,72.0,77.6,57.9,52.3,0.0,31.8,검토,할인 판매,🏷️,356,HIGH,신뢰도 높음 ●,#2e7d32,,,31.8,검토,할인 판매,-1,-1,False,False,,50.0,0.0,19209.0,19209.0,0.0,18.009999999999998,18.009999999999998,36.0,297.0,174.0,143.0,재고 이동,재고 이동,60.89,일치,60.89,51.739,34.204,24.825
컵밥028,여의도점,성수점,88.0,재배치 추천,15873.0,프로모션 순비용이 재배치 비용보다 높습니다.,24.1212917225823,4.096045197740112,18,0,46.2,후순위,15873.0,88.0,463,False,Greedy 선택 후보보다 우선순위가 낮음,0.93,2250,351,0,간편식,400,350,28.0,7.0,400,63000.0,B,0.8797560606755863,2,60.0,376.1,0.96,DEAD,0.0,True,75.0,HIGH,유통기한 임박 | 소진일수 376일 초과,0.8,3.6,0.0,SAFE,"재고 여유 — 현재고(351), 재주문점(4)",0.0,82.8,89.0,40991.0,100.0,OVER,과잉 발주 위험 — 현재(350개) > EOQ(83개). 발주 주기 89일 권장,100.0,6.8,0.97,1.36,0.59,STABLE,361.3,0.0,WMA,0.0,36.9,10.0,8.4,6.0,7.5,5.0,POOR,낮은 매칭 · 폐기위험 높음,1.075,51.9,STABLE,35.0,LOW,78.3,HIGH,42.0,46.2,96.7,0.3,30.0,256927.0,100.0,0.385,0.385,88.5,False,25.0,119,43.4,35,100.0,0.999,4.9,78.3,50.0,DISPOSE,30.0,1,100.0,69.2,37.1,disposal_risk,37.7,후순위,430,HEURISTIC 29% | ABC 14% | TURNOVER 14% | DISPOSAL_RISK 14% | SAFETY_STOCK 8% | EOQ 7% | DEMAND_FORECAST 7% | MATCH 5%,"['⏰ 유통기한 임박 (84%)', '❄️ 냉장·냉동 과잉 (78%)', '💸 배송비 상승 (91%)', '⚡ 복합 스트레스 (60%)']","{'재고위험': '25.1%', '판매가능성': '13.2%', '점포이동적합': '14.0%', '비용절감': '18.3%', '폐기회피이익': '13.2%', '실행가능성': '12.8%', '이력보정': '3.3%'}",True,True,False,True,False,True,46.2,33.3,58.1,55.4,72.0,79.9,58.8,54.1,0.0,47.5,검토,할인 판매,🏷️,272,HIGH,신뢰도 높음 ●,#2e7d32,,,47.5,검토,할인 판매,0,-1,False,False,,50.0,15873.0,20379.0,15873.0,15.97,19.310000000000002,15.97,32.0,256.0,350.0,88.0,재고 이동,재고 이동,63.019,일치,63.019,55.161,35.996,25.746
아이스라떼077,용산점,노원점,179.0,재배치 추천,21624.0,프로모션 순비용이 재배치 비용보다 높습니다.,17.553036575964367,10.522598870056497,18,0,46.1,후순위,21624.0,179.0,464,False,Greedy 선택 후보보다 우선순위가 낮음,4.22,1060,238,10,유제품,250,179,127.0,30.0,250,134620.0,C,0.9791840344790028,3,20.0,56.2,6.4,NORMAL,68.8,False,34.8,LOW,신선/냉장 고위험 카테고리,3.6,16.3,0.0,SAFE,"재고 여유 — 현재고(238), 재주문점(16)",0.0,203.8,48.3,75594.0,15.0,OPTIMAL,"적정 발주 — EOQ(204개), 권장 발주 주기 48일",15.0,29.8,4.26,6.0,2.52,STABLE,55.9,0.5,WMA,0.5,25.5,10.0,0.02,3.0,7.5,5.0,POOR,낮은 매칭,1.016,50.4,STABLE,11.0,LOW,45.1,MEDIUM,24.1,35.1,98.9,0.3,30.0,250814.0,100.0,0.385,0.385,88.5,True,18.8,360,19.1,485,100.0,0.999,4.9,78.8,50.0,DISPOSE,30.0,2,99.8,69.2,50.7,turnover,23.8,후순위,497,HEURISTIC 29% | ABC 14% | TURNOVER 14% | DISPOSAL_RISK 14% | SAFETY_STOCK 8% | EOQ 7% | DEMAND_FORECAST 7% | MATCH 5%,"['⏰ 유통기한 임박 (84%)', '❄️ 냉장·냉동 과잉 (78%)', '💸 배송비 상승 (91%)', '⚡ 복합 스트레스 (60%)']","{'재고위험': '25.1%', '판매가능성': '13.2%', '점포이동적합': '14.0%', '비용절감': '18.3%', '폐기회피이익': '13.2%', '실행가능성': '12.8%', '이력보정': '3.3%'}",True,True,False,True,False,True,40.4,33.1,48.2,42.6,72.0,77.6,55.2,48.5,0.0,9.3,검토,보류,⏸️,477,HIGH,신뢰도 높음 ●,#2e7d32,,,9.3,검토,보류,-1,-1,False,False,,50.0,21624.0,28758.0,21624.0,22.36,28.619999999999997,22.36,45.0,223.0,179.0,212.0,재고 이동,재고 이동,51.338,일치,51.338,41.09,31.613,27.126
케이크079,동대문점,여의도2점,37.0,재배치 추천,13083.0,프로모션 순비용이 재배치 비용보다 높습니다.,27.307769180252976,0.49435028248587576,18,0,45.8,후순위,13083.0,37.0,465,False,Greedy 선택 후보보다 우선순위가 낮음,8.47,3402,178,1,디저트,500,167,254.0,59.0,500,864108.0,A,0.1612979350343813,1,100.0,21.0,17.12,FAST,88.3,False,38.0,LOW,유통기한 임박,7.3,32.7,0.0,SAFE,"재고 여유 — 현재고(178), 재주문점(33)",0.0,190.7,22.5,162153.0,8.4,OPTIMAL,"적정 발주 — EOQ(191개), 권장 발주 주기 22일",8.4,59.1,8.44,11.94,4.95,STABLE,21.1,9.2,WMA,9.2,33.0,10.0,0.46,10.0,7.5,5.0,POOR,낮은 매칭 · 핵심(A)상품,0.995,49.9,STABLE,4.2,LOW,76.6,HIGH,42.1,8.2,88.3,0.3,30.0,156466.0,100.0,0.385,0.385,88.5,False,84.1,1,21.1,475,100.0,0.999,4.9,76.2,50.0,DISPOSE,30.0,2,99.8,69.2,25.2,turnover,50.3,모니터링,273,HEURISTIC 29% | ABC 14% | TURNOVER 14% | DISPOSAL_RISK 14% | SAFETY_STOCK 8% | EOQ 7% | DEMAND_FORECAST 7% | MATCH 5%,"['⏰ 유통기한 임박 (84%)', '❄️ 냉장·냉동 과잉 (78%)', '💸 배송비 상승 (91%)', '⚡ 복합 스트레스 (60%)']","{'재고위험': '25.1%', '판매가능성': '13.2%', '점포이동적합': '14.0%', '비용절감': '18.3%', '폐기회피이익': '13.2%', '실행가능성': '12.8%', '이력보정': '3.3%'}",True,True,False,True,False,True,59.0,37.3,51.7,41.4,72.0,61.6,91.2,52.0,0.0,26.8,검토,보류,⏸️,383,HIGH,신뢰도 높음 ●,#2e7d32,,,26.8,검토,보류,-1,-1,False,False,,50.0,13083.0,25689.0,13083.0,12.87,25.21,12.87,26.0,115.0,167.0,37.0,재고 이동,재고 이동,58.754,일치,58.754,36.105,26.022,32.871
에너지드링크012,상암점,잠원점,40.0,프로모션 추천,14981.0,프로모션 순비용이 재배치 비용보다 낮습니다.,25.140050823744396,0.7062146892655368,12,8,45.8,후순위,14981.0,40.0,466,False,Greedy 선택 후보보다 우선순위가 낮음,6.12,1966,305,0,음료,150,297,184.0,43.0,150,361744.0,A,0.6967554031566018,1,100.0,49.7,7.24,NORMAL,72.4,False,49.9,MEDIUM,유통기한 임박,5.2,23.6,0.0,SAFE,"재고 여유 — 현재고(305), 재주문점(24)",0.0,251.2,41.0,88910.0,19.3,OPTIMAL,"적정 발주 — EOQ(251개), 권장 발주 주기 41일",19.3,42.9,6.13,8.65,3.6,STABLE,49.8,1.4,WMA,1.4,36.2,10.0,3.67,10.0,7.5,5.0,POOR,낮은 매칭 · 핵심(A)상품,1.004,50.1,STABLE,9.7,LOW,78.3,HIGH,23.6,46.3,85.2,0.3,30.0,85387.0,100.0,0.385,0.385,88.5,False,25.8,107,27.1,320,100.0,0.999,4.9,75.4,50.0,DISPOSE,30.0,1,100.0,69.2,27.9,turnover,46.0,모니터링,339,HEURISTIC 29% | ABC 14% | TURNOVER 14% | DISPOSAL_RISK 14% | SAFETY_STOCK 8% | EOQ 7% | DEMAND_FORECAST 7% | MATCH 5%,"['⏰ 유통기한 임박 (84%)', '❄️ 냉장·냉동 과잉 (78%)', '💸 배송비 상승 (91%)', '⚡ 복합 스트레스 (60%)']","{'재고위험': '25.1%', '판매가능성': '13.2%', '점포이동적합': '14.0%', '비용절감': '18.3%', '폐기회피이익': '13.2%', '실행가능성': '12.8%', '이력보정': '3.3%'}",True,True,False,True,False,True,60.1,33.4,54.3,43.1,72.0,72.2,59.2,53.8,0.0,44.7,검토,보류,⏸️,287,HIGH,신뢰도 높음 ●,#2e7d32,,,44.7,검토,보류,-1,-1,False,False,,50.0,17070.0,20973.0,17070.0,17.3,19.97,17.3,35.0,130.0,297.0,40.0,할인,재고 이동,58.982,다름,58.982,38.778,28.303,33.17
에너지드링크012,목동점,잠원점,40.0,프로모션 추천,14981.0,프로모션 순비용이 재배치 비용보다 낮습니다.,25.140050823744396,0.7062146892655368,12,8,45.8,후순위,14981.0,40.0,467,False,Greedy 선택 후보보다 우선순위가 낮음,1.96,1966,294,0,음료,150,292,59.0,14.0,150,115994.0,A,0.6967554031566018,1,100.0,149.5,2.41,DEAD,16.9,True,70.0,HIGH,유통기한 임박 | 소진일수 150일 초과,1.7,7.6,0.0,SAFE,"재고 여유 — 현재고(294), 재주문점(8)",0.0,142.2,72.6,50316.0,100.0,OVER,과잉 발주 위험 — 현재(292개) > EOQ(142개). 발주 주기 73일 권장,100.0,13.9,1.99,2.79,1.18,STABLE,148.1,0.0,WMA,0.0,40.9,10.0,8.4,10.0,7.5,5.0,FAIR,보통 매칭 · 폐기위험 높음 · 핵심(A)상품,1.02,50.5,STABLE,29.2,LOW,78.3,HIGH,23.6,46.3,85.2,0.3,30.0,85387.0,100.0,0.385,0.385,88.5,False,24.2,135,40.8,73,100.0,0.999,4.9,75.4,50.0,DISPOSE,30.0,1,100.0,69.2,25.8,disposal_risk,47.4,모니터링,323,HEURISTIC 29% | ABC 14% | TURNOVER 14% | DISPOSAL_RISK 14% | SAFETY_STOCK 8% | EOQ 7% | DEMAND_FORECAST 7% | MATCH 5%,"['⏰ 유통기한 임박 (84%)', '❄️ 냉장·냉동 과잉 (78%)', '💸 배송비 상승 (91%)', '⚡ 복합 스트레스 (60%)']","{'재고위험': '25.1%', '판매가능성': '13.2%', '점포이동적합': '14.0%', '비용절감': '18.3%', '폐기회피이익': '13.2%', '실행가능성': '12.8%', '이력보정': '3.3%'}",True,True,False,True,False,True,54.5,32.8,59.1,55.2,72.0,72.2,58.3,55.2,0.0,60.0,검토,할인 판매,🏷️,205,HIGH,신뢰도 높음 ●,#2e7d32,,,60.0,검토,할인 판매,-1,-1,False,False,,50.0,17826.0,25410.0,17826.0,18.14,24.9,18.14,36.0,130.0,292.0,40.0,할인,재고 이동,61.115,다름,61.115,51.031,35.265,30.531
에너지드링크012,교대점,잠원점,40.0,프로모션 추천,14981.0,프로모션 순비용이 재배치 비용보다 낮습니다.,25.140050823744396,0.7062146892655368,12,8,45.8,후순위,14981.0,40.0,468,False,Greedy 선택 후보보다 우선순위가 낮음,3.26,1966,326,2,음료,150,317,98.0,23.0,150,192668.0,A,0.6967554031566018,1,100.0,99.8,3.61,DEAD,44.6,True,68.0,HIGH,유통기한 임박 | 소진일수 100일 초과,2.8,12.6,0.0,SAFE,"재고 여유 — 현재고(326), 재주문점(13)",0.0,183.4,56.3,64891.0,76.2,OVER,과잉 발주 위험 — 현재(323개) > EOQ(183개). 발주 주기 56일 권장,76.2,22.9,3.27,4.62,1.93,STABLE,99.7,0.0,WMA,0.0,40.9,10.0,8.4,10.0,7.5,5.0,FAIR,보통 매칭 · 폐기위험 높음 · 핵심(A)상품,1.008,50.2,STABLE,19.4,LOW,73.1,HIGH,23.6,46.3,85.2,0.3,30.0,85387.0,100.0,0.385,0.385,88.5,False,23.9,145,37.5,155,100.0,0.999,4.9,75.4,50.0,DISPOSE,30.0,2,99.8,69.2,28.9,disposal_risk,49.8,모니터링,284,HEURISTIC 29% | ABC 14% | TURNOVER 14% | DISPOSAL_RISK 14% | SAFETY_STOCK 8% | EOQ 7% | DEMAND_FORECAST 7% | MATCH 5%,"['⏰ 유통기한 임박 (84%)', '❄️ 냉장·냉동 과잉 (78%)', '💸 배송비 상승 (91%)', '⚡ 복합 스트레스 (60%)']","{'재고위험': '25.1%', '판매가능성': '13.2%', '점포이동적합': '14.0%', '비용절감': '18.3%', '폐기회피이익': '13.2%', '실행가능성': '12.8%', '이력보정': '3.3%'}",True,True,False,True,False,True,60.9,32.8,58.4,51.6,72.0,72.2,58.1,56.0,0.0,70.4,권장,할인 판매,🏷️,149,HIGH,신뢰도 높음 ●,#2e7d32,,,70.4,권장,할인 판매,-1,-1,False,False,,50.0,0.0,22242.0,22242.0,0.0,21.380000000000003,21.380000000000003,42.0,130.0,317.0,40.0,할인,재고 이동,60.892,다름,60.892,46.271,32.45,31.518
케이크078,목동점,성수점,194.0,재배치 추천,22803.0,프로모션 순비용이 재배치 비용보다 높습니다.,16.206492876109987,11.581920903954803,18,0,45.8,후순위,22803.0,194.0,469,False,Greedy 선택 후보보다 우선순위가 낮음,3.3,2650,198,1,디저트,300,194,99.0,23.0,300,262350.0,A,0.64225766471405,1,100.0,60.0,6.0,NORMAL,66.7,False,53.0,MEDIUM,유통기한 임박,2.8,12.7,0.0,SAFE,"재고 여유 — 현재고(198), 재주문점(13)",0.0,134.8,40.8,89330.0,44.8,OPTIMAL,"적정 발주 — EOQ(135개), 권장 발주 주기 41일",44.8,23.0,3.29,4.65,1.92,STABLE,60.3,0.0,WMA,0.0,36.1,10.0,3.6,10.0,7.5,5.0,POOR,낮은 매칭 · 핵심(A)상품,0.996,49.9,STABLE,11.8,LOW,76.6,HIGH,40.3,46.2,96.7,0.3,30.0,652317.0,100.0,0.385,0.385,88.5,False,20.8,277,28.7,279,100.0,0.999,4.9,78.3,50.0,DISPOSE,30.0,2,99.8,69.2,28.5,disposal_risk,46.5,모니터링,333,HEURISTIC 29% | ABC 14% | TURNOVER 14% | DISPOSAL_RISK 14% | SAFETY_STOCK 8% | EOQ 7% | DEMAND_FORECAST 7% | MATCH 5%,"['⏰ 유통기한 임박 (84%)', '❄️ 냉장·냉동 과잉 (78%)', '💸 배송비 상승 (91%)', '⚡ 복합 스트레스 (60%)']","{'재고위험': '25.1%', '판매가능성': '13.2%', '점포이동적합': '14.0%', '비용절감': '18.3%', '폐기회피이익': '13.2%', '실행가능성': '12.8%', '이력보정': '3.3%'}",True,True,False,True,False,True,60.0,32.7,54.8,46.9,72.0,79.9,56.4,55.4,0.0,63.5,검토,보류,⏸️,186,HIGH,신뢰도 높음 ●,#2e7d32,,,63.5,검토,보류,-1,-1,False,False,,50.0,22803.0,25869.0,22803.0,23.67,25.41,23.67,47.0,351.0,194.0,314.0,재고 이동,재고 이동,65.078,일치,65.078,44.244,31.608,26.404
아이스크림044,강남점,여의도2점,32.0,재배치 추천,12894.0,프로모션 순비용이 재배치 비용보다 높습니다.,27.523627330611312,0.14124293785310735,18,0,45.7,후순위,12894.0,32.0,470,False,Greedy 선택 후보보다 우선순위가 낮음,1.14,2390,178,0,디저트,250,177,34.0,8.0,250,81260.0,A,0.7413131806038247,1,100.0,157.1,2.29,DEAD,12.7,True,70.0,HIGH,유통기한 임박 | 소진일수 157일 초과,1.0,4.4,0.0,SAFE,"재고 여유 — 현재고(178), 재주문점(4)",0.0,83.5,73.2,49862.0,100.0,OVER,과잉 발주 위험 — 현재(177개) > EOQ(84개). 발주 주기 73일 권장,100.0,8.0,1.14,1.61,0.67,STABLE,155.8,0.0,WMA,0.0,40.9,10.0,8.4,10.0,7.5,5.0,FAIR,보통 매칭 · 폐기위험 높음 · 핵심(A)상품,1.003,50.1,STABLE,30.4,LOW,78.3,HIGH,42.1,8.2,88.3,0.3,30.0,86882.0,100.0,0.385,0.385,88.5,False,24.3,133,41.1,62,100.0,0.999,4.9,76.2,50.0,DISPOSE,30.0,1,100.0,69.1,24.9,disposal_risk,46.6,모니터링,332,HEURISTIC 29% | ABC 14% | TURNOVER 14% | DISPOSAL_RISK 14% | SAFETY_STOCK 8% | EOQ 7% | DEMAND_FORECAST 7% | MATCH 5%,"['⏰ 유통기한 임박 (84%)', '❄️ 냉장·냉동 과잉 (78%)', '💸 배송비 상승 (91%)', '⚡ 복합 스트레스 (60%)']","{'재고위험': '25.1%', '판매가능성': '13.2%', '점포이동적합': '14.0%', '비용절감': '18.3%', '폐기회피이익': '13.2%', '실행가능성': '12.8%', '이력보정': '3.3%'}",True,True,False,True,False,True,53.4,32.7,59.2,55.1,72.0,61.6,58.4,53.5,0.0,41.9,검토,할인 판매,🏷️,302,HIGH,신뢰도 높음 ●,#2e7d32,,,41.9,검토,할인 판매,0,-1,False,False,,50.0,12894.0,21027.0,12894.0,12.66,20.03,12.66,25.0,87.0,177.0,32.0,재고 이동,재고 이동,61.18,일치,61.18,50.748,34.453,31.061
요거트043,신림점,노원점,275.0,재배치 추천,27915.0,프로모션 순비용이 재배치 비용보다 높습니다.,10.36804385689404,17.30225988700565,18,0,45.7,후순위,27915.0,275.0,471,False,Greedy 선택 후보보다 우선순위가 낮음,0.81,1231,290,14,유제품,250,275,24.0,6.0,250,29544.0,C,0.9733301968712368,3,20.0,362.5,0.99,DEAD,0.0,True,38.0,LOW,소진일수 362일 초과 | 신선/냉장 고위험 카테고리,0.7,3.1,0.0,SAFE,"재고 여유 — 현재고(290), 재주문점(3)",0.0,82.8,102.2,35690.0,100.0,OVER,과잉 발주 위험 — 현재(289개) > EOQ(83개). 발주 주기 102일 권장,100.0,5.9,0.84,1.18,0.51,STABLE,344.1,0.0,WMA,0.0,25.5,10.0,0.0,3.0,7.5,5.0,POOR,낮은 매칭,1.058,51.5,STABLE,35.0,LOW,43.3,MEDIUM,24.1,35.1,98.9,0.3,30.0,447065.0,100.0,0.385,0.385,88.5,True,18.1,383,26.3,365,100.0,0.999,4.9,78.8,50.0,DISPOSE,30.0,2,99.8,69.1,61.7,disposal_risk,18.5,후순위,500,HEURISTIC 29% | ABC 14% | TURNOVER 14% | DISPOSAL_RISK 14% | SAFETY_STOCK 8% | EOQ 7% | DEMAND_FORECAST 7% | MATCH 5%,"['⏰ 유통기한 임박 (84%)', '❄️ 냉장·냉동 과잉 (78%)', '💸 배송비 상승 (91%)', '⚡ 복합 스트레스 (60%)']","{'재고위험': '25.1%', '판매가능성': '13.2%', '점포이동적합': '14.0%', '비용절감': '18.3%', '폐기회피이익': '13.2%', '실행가능성': '12.8%', '이력보정': '3.3%'}",True,True,False,True,False,True,23.6,33.2,49.6,55.1,72.0,77.6,54.9,46.8,0.0,6.9,검토,보류,⏸️,490,HIGH,신뢰도 높음 ●,#2e7d32,,,6.9,검토,보류,-1,-1,False,False,,50.0,27915.0,35715.0,27915.0,29.35,36.35,29.35,59.0,580.0,275.0,401.0,재고 이동,재고 이동,60.683,일치,60.683,52.519,35.177,16.89
아이스크림044,잠실2점,여의도2점,32.0,프로모션 추천,14699.0,프로모션 순비용이 재배치 비용보다 낮습니다.,25.46212488935842,0.14124293785310735,12,8,45.6,후순위,14699.0,32.0,472,False,Greedy 선택 후보보다 우선순위가 낮음,3.33,2390,340,0,디저트,250,336,100.0,23.0,250,239000.0,A,0.7413131806038247,1,100.0,102.0,3.53,DEAD,43.3,True,70.0,HIGH,유통기한 임박 | 소진일수 102일 초과,2.9,12.9,0.0,SAFE,"재고 여유 — 현재고(340), 재주문점(13)",0.0,142.6,42.8,85219.0,100.0,OVER,과잉 발주 위험 — 현재(337개) > EOQ(143개). 발주 주기 43일 권장,100.0,23.1,3.3,4.67,1.93,STABLE,103.0,0.0,WMA,0.0,40.9,10.0,8.4,10.0,7.5,5.0,FAIR,보통 매칭 · 폐기위험 높음 · 핵심(A)상품,0.987,49.7,STABLE,20.2,LOW,78.3,HIGH,42.1,8.2,88.3,0.3,30.0,85077.0,100.0,0.385,0.385,88.5,False,24.3,133,38.5,121,100.0,0.999,4.9,76.2,50.0,DISPOSE,30.0,2,99.8,69.1,28.4,disposal_risk,51.6,모니터링,247,HEURISTIC 29% | ABC 14% | TURNOVER 14% | DISPOSAL_RISK 14% | SAFETY_STOCK 8% | EOQ 7% | DEMAND_FORECAST 7% | MATCH 5%,"['⏰ 유통기한 임박 (84%)', '❄️ 냉장·냉동 과잉 (78%)', '💸 배송비 상승 (91%)', '⚡ 복합 스트레스 (60%)']","{'재고위험': '25.1%', '판매가능성': '13.2%', '점포이동적합': '14.0%', '비용절감': '18.3%', '폐기회피이익': '13.2%', '실행가능성': '12.8%', '이력보정': '3.3%'}",True,True,False,True,False,True,61.5,32.6,58.7,55.1,72.0,61.6,58.3,55.5,0.0,64.6,검토,할인 판매,🏷️,180,HIGH,신뢰도 높음 ●,#2e7d32,,,64.6,검토,할인 판매,-1,-1,False,False,,50.0,21534.0,24087.0,21534.0,22.26,23.43,22.26,45.0,87.0,336.0,32.0,할인,재고 이동,61.109,다름,61.109,49.591,35.591,32.834
냉동피자020,강남2점,홍대점,80.0,재배치 추천,15882.0,프로모션 순비용이 재배치 비용보다 높습니다.,24.11101276304143,3.531073446327684,18,0,45.6,후순위,15882.0,80.0,473,False,Greedy 선택 후보보다 우선순위가 낮음,1.11,1572,112,21,냉동식품,400,80,33.0,8.0,400,51876.0,B,0.8194229269640343,2,60.0,101.8,3.54,DEAD,43.4,True,42.8,MEDIUM,소진일수 102일 초과 | 신선/냉장 고위험 카테고리,1.0,4.3,0.0,SAFE,"재고 여유 — 현재고(112), 재주문점(4)",0.0,92.7,83.5,43711.0,19.7,OPTIMAL,"적정 발주 — EOQ(93개), 권장 발주 주기 84일",19.7,7.9,1.13,1.59,0.67,STABLE,99.2,0.0,WMA,0.0,32.1,10.0,3.6,6.0,7.5,5.0,POOR,낮은 매칭,1.03,50.7,STABLE,19.6,LOW,43.3,MEDIUM,34.4,50.8,83.4,0.3,30.0,167030.0,100.0,0.385,0.385,88.5,True,19.0,348,25.7,390,100.0,0.999,4.9,74.8,50.0,DISPOSE,30.0,2,99.8,69.1,53.4,disposal_risk,30.0,후순위,479,HEURISTIC 29% | ABC 14% | TURNOVER 14% | DISPOSAL_RISK 14% | SAFETY_STOCK 8% | EOQ 7% | DEMAND_FORECAST 7% | MATCH 5%,"['⏰ 유통기한 임박 (84%)', '❄️ 냉장·냉동 과잉 (78%)', '💸 배송비 상승 (91%)', '⚡ 복합 스트레스 (60%)']","{'재고위험': '25.1%', '판매가능성': '13.2%', '점포이동적합': '14.0%', '비용절감': '18.3%', '폐기회피이익': '13.2%', '실행가능성': '12.8%', '이력보정': '3.3%'}",True,True,False,True,False,True,43.2,32.9,52.1,43.0,72.0,72.5,55.4,49.2,0.0,10.8,검토,보류,⏸️,469,HIGH,신뢰도 높음 ●,#2e7d32,,,10.8,검토,보류,-1,0,False,False,,50.0,15882.0,20865.0,15882.0,15.98,19.85,15.98,32.0,236.0,80.0,120.0,재고 이동,재고 이동,51.244,일치,51.244,41.297,30.164,29.626
커피076,명동점,노원점,82.0,재배치 추천,16071.0,프로모션 순비용이 재배치 비용보다 높습니다.,23.895154612683097,3.672316384180791,18,0,45.6,후순위,16071.0,82.0,474,False,Greedy 선택 후보보다 우선순위가 낮음,5.7,2453,340,6,음료,400,293,171.0,40.0,400,419463.0,A,0.42114451345163617,1,100.0,59.6,6.04,NORMAL,66.9,False,44.8,MEDIUM,유통기한 임박,4.9,22.0,0.0,SAFE,"재고 여유 — 현재고(340), 재주문점(22)",0.0,217.1,38.1,95845.0,54.4,OVER,과잉 발주 위험 — 현재(335개) > EOQ(217개). 발주 주기 38일 권장,54.4,40.0,5.71,8.07,3.36,STABLE,59.5,0.1,WMA,0.1,36.1,10.0,3.6,10.0,7.5,5.0,POOR,낮은 매칭 · 핵심(A)상품,1.003,50.1,STABLE,11.6,LOW,59.1,MEDIUM,37.9,35.1,98.9,0.3,30.0,258104.0,100.0,0.385,0.385,88.5,False,19.6,331,25.3,399,100.0,0.999,4.9,78.8,50.0,DISPOSE,30.0,2,99.8,69.1,29.0,turnover,45.3,모니터링,351,HEURISTIC 29% | ABC 14% | TURNOVER 14% | DISPOSAL_RISK 14% | SAFETY_STOCK 8% | EOQ 7% | DEMAND_FORECAST 7% | MATCH 5%,"['⏰ 유통기한 임박 (84%)', '❄️ 냉장·냉동 과잉 (78%)', '💸 배송비 상승 (91%)', '⚡ 복합 스트레스 (60%)']","{'재고위험': '25.1%', '판매가능성': '13.2%', '점포이동적합': '14.0%', '비용절감': '18.3%', '폐기회피이익': '13.2%', '실행가능성': '12.8%', '이력보정': '3.3%'}",True,True,False,True,False,True,56.4,32.8,54.2,48.2,72.0,77.6,55.7,54.4,0.0,51.2,검토,보류,⏸️,252,HIGH,신뢰도 높음 ●,#2e7d32,,,51.2,검토,보류,-1,-1,False,False,,50.0,16071.0,29748.0,16071.0,16.19,29.72,16.19,32.0,442.0,293.0,82.0,재고 이동,재고 이동,61.681,일치,61.681,41.136,29.148,30.69
치즈001,홍대2점,노원점,163.0,재배치 추천,21084.0,프로모션 순비용이 재배치 비용보다 높습니다.,18.169774148416757,9.392655367231638,18,0,45.6,후순위,21084.0,163.0,475,False,Greedy 선택 후보보다 우선순위가 낮음,2.99,1331,175,3,유제품,300,163,90.0,21.0,300,119790.0,C,0.9970954629585115,3,20.0,58.3,6.17,NORMAL,67.6,False,60.2,HIGH,유통기한 임박 | 신선/냉장 고위험 카테고리,2.6,11.6,0.0,SAFE,"재고 여유 — 현재고(175), 재주문점(12)",0.0,153.1,51.2,71303.0,12.6,OPTIMAL,"적정 발주 — EOQ(153개), 권장 발주 주기 51일",12.6,21.0,3.0,4.23,1.77,STABLE,58.3,0.2,WMA,0.2,33.9,10.0,8.41,3.0,7.5,5.0,POOR,낮은 매칭 · 폐기위험 높음,1.003,50.1,STABLE,11.4,LOW,69.6,MEDIUM,24.1,35.1,98.9,0.3,30.0,288160.0,100.0,0.385,0.385,88.5,True,22.5,197,31.0,236,100.0,0.999,4.9,78.8,50.0,DISPOSE,30.0,1,100.0,69.1,45.7,disposal_risk,30.9,후순위,475,HEURISTIC 29% | ABC 14% | TURNOVER 14% | DISPOSAL_RISK 14% | SAFETY_STOCK 8% | EOQ 7% | DEMAND_FORECAST 7% | MATCH 5%,"['⏰ 유통기한 임박 (84%)', '❄️ 냉장·냉동 과잉 (78%)', '💸 배송비 상승 (91%)', '⚡ 복합 스트레스 (60%)']","{'재고위험': '25.1%', '판매가능성': '13.2%', '점포이동적합': '14.0%', '비용절감': '18.3%', '폐기회피이익': '13.2%', '실행가능성': '12.8%', '이력보정': '3.3%'}",True,True,False,True,False,True,51.5,32.8,54.3,42.0,72.0,77.6,57.4,52.0,0.0,27.9,검토,할인 판매,🏷️,377,HIGH,신뢰도 높음 ●,#2e7d32,,,27.9,검토,할인 판매,-1,-1,False,False,,50.0,21084.0,38847.0,21084.0,21.76,39.83,21.76,44.0,847.0,163.0,777.0,재고 이동,재고 이동,59.949,일치,59.949,47.214,33.951,22.207
아이스라떼077,용산점,잠실2점,91.0,재배치 추천,16728.0,프로모션 순비용이 재배치 비용보다 높습니다.,23.144790566199354,4.307909604519774,18,0,45.5,후순위,16728.0,91.0,476,False,Greedy 선택 후보보다 우선순위가 낮음,4.22,1060,238,10,유제품,250,179,127.0,30.0,250,134620.0,C,0.9791840344790028,3,20.0,56.2,6.4,NORMAL,68.8,False,34.8,LOW,신선/냉장 고위험 카테고리,3.6,16.3,0.0,SAFE,"재고 여유 — 현재고(238), 재주문점(16)",0.0,203.8,48.3,75594.0,15.0,OPTIMAL,"적정 발주 — EOQ(204개), 권장 발주 주기 48일",15.0,29.8,4.26,6.0,2.52,STABLE,55.9,0.5,WMA,0.5,25.5,10.0,0.02,3.0,7.5,5.0,POOR,낮은 매칭,1.016,50.4,STABLE,11.0,LOW,45.1,MEDIUM,28.3,30.0,87.4,0.3,30.0,121774.0,100.0,0.385,0.385,88.5,True,19.0,348,19.1,485,100.0,0.999,4.9,76.0,50.0,DISPOSE,30.0,2,99.8,69.1,50.8,turnover,23.3,후순위,498,HEURISTIC 29% | ABC 14% | TURNOVER 14% | DISPOSAL_RISK 14% | SAFETY_STOCK 8% | EOQ 7% | DEMAND_FORECAST 7% | MATCH 5%,"['⏰ 유통기한 임박 (84%)', '❄️ 냉장·냉동 과잉 (78%)', '💸 배송비 상승 (91%)', '⚡ 복합 스트레스 (60%)']","{'재고위험': '25.1%', '판매가능성': '13.2%', '점포이동적합': '14.0%', '비용절감': '18.3%', '폐기회피이익': '13.2%', '실행가능성': '12.8%', '이력보정': '3.3%'}",True,True,False,True,False,True,40.4,33.1,47.9,42.3,72.0,68.3,55.4,47.2,0.0,7.2,검토,보류,⏸️,488,HIGH,신뢰도 높음 ●,#2e7d32,,,7.2,검토,보류,-1,-1,False,False,,50.0,16728.0,19632.0,16728.0,16.92,18.48,16.92,34.0,223.0,179.0,91.0,재고 이동,재고 이동,49.296,일치,49.296,40.16,29.622,28.062
냉동치킨030,잠실2점,상암점,238.0,재배치 추천,25782.0,프로모션 순비용이 재배치 비용보다 높습니다.,12.804157268080976,14.689265536723164,18,0,45.5,후순위,25782.0,238.0,477,False,Greedy 선택 후보보다 우선순위가 낮음,4.82,2145,291,8,냉동식품,300,238,145.0,34.0,300,311025.0,A,0.7549271720942319,1,100.0,60.2,5.98,SLOW,66.6,True,41.7,MEDIUM,신선/냉장 고위험 카테고리,4.1,18.6,0.0,SAFE,"재고 여유 — 현재고(291), 재주문점(19)",0.0,165.3,34.3,106401.0,73.6,OVER,과잉 발주 위험 — 현재(287개) > EOQ(165개). 발주 주기 34일 권장,73.6,33.9,4.84,6.83,2.85,STABLE,60.1,0.0,WMA,0.0,36.1,10.0,3.6,10.0,7.5,5.0,POOR,낮은 매칭 · 핵심(A)상품,1.008,50.2,STABLE,11.7,LOW,52.1,MEDIUM,30.2,35.6,64.6,0.3,30.0,658230.0,100.0,0.385,0.385,88.5,True,19.0,348,24.1,433,100.0,0.999,4.9,67.5,50.0,DISPOSE,30.0,2,99.8,69.1,29.1,turnover,45.7,모니터링,345,HEURISTIC 29% | ABC 14% | TURNOVER 14% | DISPOSAL_RISK 14% | SAFETY_STOCK 8% | EOQ 7% | DEMAND_FORECAST 7% | MATCH 5%,"['⏰ 유통기한 임박 (84%)', '❄️ 냉장·냉동 과잉 (78%)', '💸 배송비 상승 (91%)', '⚡ 복합 스트레스 (60%)']","{'재고위험': '25.1%', '판매가능성': '13.2%', '점포이동적합': '14.0%', '비용절감': '18.3%', '폐기회피이익': '13.2%', '실행가능성': '12.8%', '이력보정': '3.3%'}",True,True,False,True,False,True,54.9,32.8,52.8,51.1,72.0,54.9,55.4,51.4,0.0,21.8,검토,보류,⏸️,410,HIGH,신뢰도 높음 ●,#2e7d32,,,21.8,검토,보류,-1,-1,False,False,,50.0,25782.0,27543.0,25782.0,26.98,27.27,26.98,54.0,431.0,238.0,257.0,재고 이동,재고 이동,65.447,일치,65.447,45.057,32.303,24.747
냉동치킨030,잠실2점,구로점,238.0,재배치 추천,25890.0,프로모션 순비용이 재배치 비용보다 높습니다.,12.680809753590498,14.689265536723164,18,0,45.4,후순위,25890.0,238.0,478,False,Greedy 선택 후보보다 우선순위가 낮음,4.82,2145,291,8,냉동식품,300,238,145.0,34.0,300,311025.0,A,0.7549271720942319,1,100.0,60.2,5.98,SLOW,66.6,True,41.7,MEDIUM,신선/냉장 고위험 카테고리,4.1,18.6,0.0,SAFE,"재고 여유 — 현재고(291), 재주문점(19)",0.0,165.3,34.3,106401.0,73.6,OVER,과잉 발주 위험 — 현재(287개) > EOQ(165개). 발주 주기 34일 권장,73.6,33.9,4.84,6.83,2.85,STABLE,60.1,0.0,WMA,0.0,36.1,10.0,3.6,10.0,7.5,5.0,POOR,낮은 매칭 · 핵심(A)상품,1.008,50.2,STABLE,11.7,LOW,52.1,MEDIUM,22.3,48.2,86.4,0.3,30.0,658122.0,100.0,0.385,0.385,88.5,True,19.0,348,24.1,433,100.0,0.999,4.9,75.7,50.0,DISPOSE,30.0,2,99.8,69.1,29.1,turnover,45.7,모니터링,343,HEURISTIC 29% | ABC 14% | TURNOVER 14% | DISPOSAL_RISK 14% | SAFETY_STOCK 8% | EOQ 7% | DEMAND_FORECAST 7% | MATCH 5%,"['⏰ 유통기한 임박 (84%)', '❄️ 냉장·냉동 과잉 (78%)', '💸 배송비 상승 (91%)', '⚡ 복합 스트레스 (60%)']","{'재고위험': '25.1%', '판매가능성': '13.2%', '점포이동적합': '14.0%', '비용절감': '18.3%', '폐기회피이익': '13.2%', '실행가능성': '12.8%', '이력보정': '3.3%'}",True,True,False,True,False,True,54.9,32.8,53.6,51.0,72.0,73.7,55.4,53.9,0.0,46.0,검토,보류,⏸️,280,HIGH,신뢰도 높음 ●,#2e7d32,,,46.0,검토,보류,-1,-1,False,False,,50.0,25890.0,27633.0,25890.0,27.1,27.37,27.1,54.0,431.0,238.0,410.0,재고 이동,재고 이동,67.581,일치,67.581,46.236,31.843,22.484
케이크079,동대문점,마포점,36.0,재배치 추천,13515.0,프로모션 순비용이 재배치 비용보다 높습니다.,26.81437912229107,0.423728813559322,18,0,45.2,후순위,13515.0,36.0,479,False,Greedy 선택 후보보다 우선순위가 낮음,8.47,3402,178,1,디저트,500,167,254.0,59.0,500,864108.0,A,0.1612979350343813,1,100.0,21.0,17.12,FAST,88.3,False,38.0,LOW,유통기한 임박,7.3,32.7,0.0,SAFE,"재고 여유 — 현재고(178), 재주문점(33)",0.0,190.7,22.5,162153.0,8.4,OPTIMAL,"적정 발주 — EOQ(191개), 권장 발주 주기 22일",8.4,59.1,8.44,11.94,4.95,STABLE,21.1,9.2,WMA,9.2,33.0,10.0,0.46,10.0,7.5,5.0,POOR,낮은 매칭 · 핵심(A)상품,0.995,49.9,STABLE,4.2,LOW,76.6,HIGH,38.7,23.3,78.8,0.3,30.0,151451.0,100.0,0.385,0.385,88.5,False,84.1,1,21.0,476,100.0,0.999,4.9,73.4,50.0,DISPOSE,30.0,1,100.0,69.0,25.2,turnover,49.8,모니터링,282,HEURISTIC 29% | ABC 14% | TURNOVER 14% | DISPOSAL_RISK 14% | SAFETY_STOCK 8% | EOQ 7% | DEMAND_FORECAST 7% | MATCH 5%,"['⏰ 유통기한 임박 (84%)', '❄️ 냉장·냉동 과잉 (78%)', '💸 배송비 상승 (91%)', '⚡ 복합 스트레스 (60%)']","{'재고위험': '25.1%', '판매가능성': '13.2%', '점포이동적합': '14.0%', '비용절감': '18.3%', '폐기회피이익': '13.2%', '실행가능성': '12.8%', '이력보정': '3.3%'}",True,True,False,True,False,True,59.0,37.3,51.4,41.1,72.0,60.3,91.3,51.7,0.0,23.8,검토,보류,⏸️,399,HIGH,신뢰도 높음 ●,#2e7d32,,,23.8,검토,보류,-1,-1,False,False,,50.0,13515.0,30702.0,13515.0,13.35,30.78,13.35,27.0,115.0,167.0,36.0,재고 이동,재고 이동,57.848,일치,57.848,35.995,26.364,32.722
아이스크림022,역삼점,합정점,88.0,재배치 추천,17106.0,프로모션 순비용이 재배치 비용보다 높습니다.,22.713074265482685,4.096045197740112,18,0,44.8,후순위,17106.0,88.0,480,False,Greedy 선택 후보보다 우선순위가 낮음,6.69,2805,353,1,디저트,150,344,201.0,47.0,150,563805.0,A,0.4462118320005072,1,100.0,52.7,6.83,NORMAL,70.7,False,49.3,MEDIUM,유통기한 임박,5.7,25.8,0.0,SAFE,"재고 여유 — 현재고(353), 재주문점(26)",0.0,186.6,27.9,130857.0,86.1,OVER,과잉 발주 위험 — 현재(347개) > EOQ(187개). 발주 주기 28일 권장,86.1,46.9,6.7,9.46,3.94,STABLE,52.7,1.0,WMA,1.0,36.2,10.0,3.65,10.0,7.5,5.0,POOR,낮은 매칭 · 핵심(A)상품,1.004,50.1,STABLE,10.3,LOW,76.6,HIGH,23.1,41.4,83.6,0.3,30.0,292302.0,100.0,0.385,0.385,88.5,False,23.8,146,26.9,333,100.0,0.999,4.9,74.9,50.0,DISPOSE,30.0,2,99.8,69.0,28.3,turnover,49.3,모니터링,295,HEURISTIC 29% | ABC 14% | TURNOVER 14% | DISPOSAL_RISK 14% | SAFETY_STOCK 8% | EOQ 7% | DEMAND_FORECAST 7% | MATCH 5%,"['⏰ 유통기한 임박 (84%)', '❄️ 냉장·냉동 과잉 (78%)', '💸 배송비 상승 (91%)', '⚡ 복합 스트레스 (60%)']","{'재고위험': '25.1%', '판매가능성': '13.2%', '점포이동적합': '14.0%', '비용절감': '18.3%', '폐기회피이익': '13.2%', '실행가능성': '12.8%', '이력보정': '3.3%'}",True,True,False,True,False,True,59.4,33.2,54.2,52.6,72.0,69.5,58.0,55.0,0.0,57.0,검토,보류,⏸️,221,HIGH,신뢰도 높음 ●,#2e7d32,,,57.0,검토,보류,-1,-1,False,False,,50.0,17106.0,21531.0,17106.0,17.34,20.59,17.34,35.0,130.0,344.0,88.0,재고 이동,재고 이동,65.518,일치,65.518,43.222,29.861,29.81
케이크042,신촌점,강남2점,41.0,재배치 추천,14271.0,프로모션 순비용이 재배치 비용보다 높습니다.,25.95094652085772,0.7768361581920904,18,0,44.7,후순위,14271.0,41.0,481,False,Greedy 선택 후보보다 우선순위가 낮음,6.44,2745,212,0,디저트,300,203,193.0,45.0,300,529785.0,A,0.6023527040386168,1,100.0,33.0,10.92,NORMAL,81.7,False,41.5,MEDIUM,유통기한 임박,5.5,24.8,0.0,SAFE,"재고 여유 — 현재고(212), 재주문점(25)",0.0,185.1,28.7,127008.0,11.6,OPTIMAL,"적정 발주 — EOQ(185개), 권장 발주 주기 29일",11.6,45.0,6.43,9.09,3.77,STABLE,33.0,3.6,WMA,3.6,36.3,10.0,3.78,10.0,7.5,5.0,POOR,낮은 매칭 · 핵심(A)상품,0.998,50.0,STABLE,6.5,LOW,78.3,HIGH,20.5,18.9,77.1,0.3,30.0,133083.0,100.0,0.385,0.385,88.5,False,42.1,25,23.1,448,100.0,0.999,4.9,72.8,50.0,DISPOSE,30.0,2,99.8,68.9,26.1,turnover,45.9,모니터링,341,HEURISTIC 29% | ABC 14% | TURNOVER 14% | DISPOSAL_RISK 14% | SAFETY_STOCK 8% | EOQ 7% | DEMAND_FORECAST 7% | MATCH 5%,"['⏰ 유통기한 임박 (84%)', '❄️ 냉장·냉동 과잉 (78%)', '💸 배송비 상승 (91%)', '⚡ 복합 스트레스 (60%)']","{'재고위험': '25.1%', '판매가능성': '13.2%', '점포이동적합': '14.0%', '비용절감': '18.3%', '폐기회피이익': '13.2%', '실행가능성': '12.8%', '이력보정': '3.3%'}",True,True,False,True,False,True,58.8,34.5,53.2,41.3,72.0,57.7,68.1,51.3,0.0,21.0,검토,보류,⏸️,414,HIGH,신뢰도 높음 ●,#2e7d32,,,21.0,검토,보류,0,-1,False,False,,50.0,14271.0,19299.0,14271.0,14.19,18.11,14.19,28.0,122.0,203.0,41.0,재고 이동,재고 이동,58.82,일치,58.82,36.511,26.18,32.65
케이크042,잠실점,동대문점,39.0,재배치 추천,14244.0,프로모션 순비용이 재배치 비용보다 높습니다.,25.981783399480342,0.6355932203389831,18,0,44.6,후순위,14244.0,39.0,482,False,Greedy 선택 후보보다 우선순위가 낮음,1.17,2745,178,2,디저트,300,175,35.0,8.0,300,96075.0,A,0.6023527040386168,1,100.0,152.6,2.36,DEAD,15.2,True,68.0,HIGH,유통기한 임박 | 소진일수 153일 초과,1.0,4.5,0.0,SAFE,"재고 여유 — 현재고(178), 재주문점(4)",0.0,78.9,67.4,54135.0,100.0,OVER,과잉 발주 위험 — 현재(177개) > EOQ(79개). 발주 주기 67일 권장,100.0,8.1,1.16,1.64,0.67,STABLE,153.8,0.0,WMA,0.0,40.9,10.0,8.4,10.0,7.5,5.0,FAIR,보통 매칭 · 폐기위험 높음 · 핵심(A)상품,0.977,49.4,STABLE,30.2,LOW,73.1,HIGH,42.3,35.2,73.7,0.3,30.0,125922.0,100.0,0.385,0.385,88.5,False,24.1,139,40.2,89,100.0,0.999,4.9,71.5,50.0,DISPOSE,30.0,2,99.8,68.9,26.1,disposal_risk,45.7,모니터링,342,HEURISTIC 29% | ABC 14% | TURNOVER 14% | DISPOSAL_RISK 14% | SAFETY_STOCK 8% | EOQ 7% | DEMAND_FORECAST 7% | MATCH 5%,"['⏰ 유통기한 임박 (84%)', '❄️ 냉장·냉동 과잉 (78%)', '💸 배송비 상승 (91%)', '⚡ 복합 스트레스 (60%)']","{'재고위험': '25.1%', '판매가능성': '13.2%', '점포이동적합': '14.0%', '비용절감': '18.3%', '폐기회피이익': '13.2%', '실행가능성': '12.8%', '이력보정': '3.3%'}",True,True,False,True,False,True,53.2,32.5,58.6,54.5,72.0,60.9,58.2,53.2,0.0,38.7,검토,할인 판매,🏷️,319,HIGH,신뢰도 높음 ●,#2e7d32,,,38.7,검토,할인 판매,0,-1,False,False,,50.0,14244.0,21756.0,14244.0,14.16,20.84,14.16,28.0,122.0,175.0,39.0,재고 이동,재고 이동,60.168,일치,60.168,49.908,34.409,31.162
아이스크림022,성수점,합정점,88.0,재배치 추천,17439.0,프로모션 순비용이 재배치 비용보다 높습니다.,22.332752762470378,4.096045197740112,18,0,44.4,후순위,17439.0,88.0,483,False,Greedy 선택 후보보다 우선순위가 낮음,10.38,2805,342,0,디저트,150,328,311.0,73.0,150,872355.0,A,0.4462118320005072,1,100.0,33.0,10.91,NORMAL,81.7,False,41.5,MEDIUM,유통기한 임박,8.9,40.0,0.0,SAFE,"재고 여유 — 현재고(342), 재주문점(40)",0.0,232.4,22.4,162998.0,43.3,OPTIMAL,"적정 발주 — EOQ(232개), 권장 발주 주기 22일",43.3,72.9,10.41,14.7,6.13,STABLE,32.8,3.6,WMA,3.6,36.3,10.0,3.78,10.0,7.5,5.0,POOR,낮은 매칭 · 핵심(A)상품,1.005,50.1,STABLE,6.4,LOW,78.3,HIGH,23.1,41.4,83.6,0.3,30.0,291969.0,100.0,0.385,0.385,88.5,False,42.1,25,23.0,450,100.0,0.999,4.9,74.9,50.0,DISPOSE,30.0,1,100.0,68.9,26.1,turnover,48.0,모니터링,317,HEURISTIC 29% | ABC 14% | TURNOVER 14% | DISPOSAL_RISK 14% | SAFETY_STOCK 8% | EOQ 7% | DEMAND_FORECAST 7% | MATCH 5%,"['⏰ 유통기한 임박 (84%)', '❄️ 냉장·냉동 과잉 (78%)', '💸 배송비 상승 (91%)', '⚡ 복합 스트레스 (60%)']","{'재고위험': '25.1%', '판매가능성': '13.2%', '점포이동적합': '14.0%', '비용절감': '18.3%', '폐기회피이익': '13.2%', '실행가능성': '12.8%', '이력보정': '3.3%'}",True,True,False,True,False,True,58.8,34.5,53.4,45.9,72.0,69.5,68.2,53.7,0.0,43.2,검토,보류,⏸️,295,HIGH,신뢰도 높음 ●,#2e7d32,,,43.2,검토,보류,-1,-1,False,False,,50.0,17439.0,19785.0,17439.0,17.71,18.65,17.71,35.0,130.0,328.0,88.0,재고 이동,재고 이동,62.153,일치,62.153,39.566,27.647,30.716
컵밥028,왕십리점,성수점,88.0,재배치 추천,17580.0,프로모션 순비용이 재배치 비용보다 높습니다.,22.171715729663365,4.096045197740112,18,0,44.3,후순위,17580.0,88.0,484,False,Greedy 선택 후보보다 우선순위가 낮음,3.75,2250,289,0,간편식,400,284,112.0,26.0,400,252000.0,B,0.8797560606755863,2,60.0,77.4,4.65,SLOW,57.0,True,68.7,HIGH,유통기한 임박 | 소진일수 77일 초과,3.2,14.4,0.0,SAFE,"재고 여유 — 현재고(289), 재주문점(14)",0.0,166.3,44.3,82312.0,71.9,OVER,과잉 발주 위험 — 현재(286개) > EOQ(166개). 발주 주기 44일 권장,71.9,26.1,3.73,5.28,2.18,STABLE,77.5,0.0,WMA,0.0,36.9,10.0,8.4,6.0,7.5,5.0,POOR,낮은 매칭 · 폐기위험 높음,0.99,49.8,STABLE,15.2,LOW,78.3,HIGH,42.0,46.2,96.7,0.3,30.0,255220.0,100.0,0.385,0.385,88.5,False,24.2,135,35.9,177,100.0,0.999,4.9,78.3,50.0,DISPOSE,30.0,1,100.0,68.9,43.9,disposal_risk,42.2,모니터링,391,HEURISTIC 29% | ABC 14% | TURNOVER 14% | DISPOSAL_RISK 14% | SAFETY_STOCK 8% | EOQ 7% | DEMAND_FORECAST 7% | MATCH 5%,"['⏰ 유통기한 임박 (84%)', '❄️ 냉장·냉동 과잉 (78%)', '💸 배송비 상승 (91%)', '⚡ 복합 스트레스 (60%)']","{'재고위험': '25.1%', '판매가능성': '13.2%', '점포이동적합': '14.0%', '비용절감': '18.3%', '폐기회피이익': '13.2%', '실행가능성': '12.8%', '이력보정': '3.3%'}",True,True,False,True,False,True,58.5,32.6,56.6,50.2,72.0,79.9,58.3,55.9,0.0,69.5,권장,할인 판매,🏷️,154,HIGH,신뢰도 높음 ●,#2e7d32,,,69.5,권장,할인 판매,0,-1,False,False,,50.0,0.0,17580.0,17580.0,0.0,16.2,16.2,33.0,256.0,284.0,88.0,재고 이동,재고 이동,59.938,일치,59.938,46.747,33.433,29.866
아이스라떼077,청량리점,문래점,118.0,재배치 추천,19698.0,프로모션 순비용이 재배치 비용보다 높습니다.,19.75273391771122,6.214689265536723,18,0,44.0,후순위,19698.0,118.0,485,False,Greedy 선택 후보보다 우선순위가 낮음,3.29,1060,266,12,유제품,250,211,99.0,23.0,250,104940.0,C,0.9791840344790028,3,20.0,80.6,4.47,SLOW,55.2,True,40.2,MEDIUM,소진일수 81일 초과 | 신선/냉장 고위험 카테고리,2.8,12.7,0.0,SAFE,"재고 여유 — 현재고(266), 재주문점(13)",0.0,179.9,54.7,66747.0,46.3,OPTIMAL,"적정 발주 — EOQ(180개), 권장 발주 주기 55일",46.3,23.0,3.29,4.64,1.93,STABLE,81.0,0.0,WMA,0.0,29.1,10.0,3.6,3.0,7.5,5.0,POOR,낮은 매칭,0.999,50.0,STABLE,15.7,LOW,43.3,MEDIUM,29.1,47.9,90.2,0.3,30.0,159898.0,100.0,0.385,0.385,88.5,True,19.0,348,23.0,450,100.0,0.999,4.9,76.7,50.0,DISPOSE,30.0,2,99.8,68.8,57.0,disposal_risk,24.0,후순위,495,HEURISTIC 29% | ABC 14% | TURNOVER 14% | DISPOSAL_RISK 14% | SAFETY_STOCK 8% | EOQ 7% | DEMAND_FORECAST 7% | MATCH 5%,"['⏰ 유통기한 임박 (84%)', '❄️ 냉장·냉동 과잉 (78%)', '💸 배송비 상승 (91%)', '⚡ 복합 스트레스 (60%)']","{'재고위험': '25.1%', '판매가능성': '13.2%', '점포이동적합': '14.0%', '비용절감': '18.3%', '폐기회피이익': '13.2%', '실행가능성': '12.8%', '이력보정': '3.3%'}",True,True,False,True,False,True,39.2,32.7,50.4,46.1,72.0,76.1,55.4,48.9,0.0,10.2,검토,보류,⏸️,472,HIGH,신뢰도 높음 ●,#2e7d32,,,10.2,검토,보류,-1,-1,False,False,,50.0,19698.0,28839.0,19698.0,20.22,28.71,20.22,40.0,223.0,211.0,118.0,재고 이동,재고 이동,50.209,일치,50.209,43.415,32.424,28.148
요거트043,구로점,노원점,281.0,재배치 추천,29967.0,프로모션 순비용이 재배치 비용보다 높습니다.,8.024441081574965,17.725988700564972,18,0,43.8,후순위,29967.0,281.0,486,False,Greedy 선택 후보보다 우선순위가 낮음,4.62,1231,403,19,유제품,250,281,139.0,32.0,250,171109.0,C,0.9733301968712368,3,20.0,87.0,4.14,SLOW,51.7,True,44.7,MEDIUM,소진일수 87일 초과 | 신선/냉장 고위험 카테고리,4.0,17.9,0.0,SAFE,"재고 여유 — 현재고(403), 재주문점(18)",0.0,197.8,42.8,85237.0,100.0,OVER,과잉 발주 위험 — 현재(399개) > EOQ(198개). 발주 주기 43일 권장,100.0,32.1,4.59,6.49,2.68,STABLE,87.9,0.0,WMA,0.0,29.1,10.0,3.6,3.0,7.5,5.0,POOR,낮은 매칭,0.989,49.7,STABLE,17.2,LOW,43.3,MEDIUM,24.1,35.1,98.9,0.3,30.0,455376.0,100.0,0.385,0.385,88.5,True,19.8,324,25.2,401,100.0,0.999,4.9,78.8,50.0,DISPOSE,30.0,2,99.8,68.8,57.4,disposal_risk,28.1,후순위,484,HEURISTIC 29% | ABC 14% | TURNOVER 14% | DISPOSAL_RISK 14% | SAFETY_STOCK 8% | EOQ 7% | DEMAND_FORECAST 7% | MATCH 5%,"['⏰ 유통기한 임박 (84%)', '❄️ 냉장·냉동 과잉 (78%)', '💸 배송비 상승 (91%)', '⚡ 복합 스트레스 (60%)']","{'재고위험': '25.1%', '판매가능성': '13.2%', '점포이동적합': '14.0%', '비용절감': '18.3%', '폐기회피이익': '13.2%', '실행가능성': '12.8%', '이력보정': '3.3%'}",True,True,False,True,False,True,40.3,32.6,51.0,54.1,72.0,77.6,55.8,51.0,0.0,19.7,검토,보류,⏸️,421,HIGH,신뢰도 높음 ●,#2e7d32,,,19.7,검토,보류,-1,-1,False,False,,50.0,29967.0,40539.0,29967.0,31.63,41.71,31.63,63.0,580.0,281.0,401.0,재고 이동,재고 이동,61.084,일치,61.084,50.104,36.532,21.55
차음료041,잠실점,구로점,203.0,재배치 추천,25152.0,프로모션 순비용이 재배치 비용보다 높습니다.,13.523684435942096,12.217514124293785,18,0,43.7,후순위,25152.0,203.0,487,False,Greedy 선택 후보보다 우선순위가 낮음,3.21,1367,388,5,음료,300,366,96.0,22.0,300,131232.0,B,0.9273282340169376,2,60.0,121.2,2.97,DEAD,32.7,True,60.0,HIGH,유통기한 임박 | 소진일수 121일 초과,2.8,12.4,0.0,SAFE,"재고 여유 — 현재고(388), 재주문점(12)",0.0,218.2,68.0,53693.0,76.5,OVER,과잉 발주 위험 — 현재(385개) > EOQ(218개). 발주 주기 68일 권장,76.5,22.2,3.17,4.5,1.85,STABLE,122.3,0.0,WMA,0.0,36.9,10.0,8.4,6.0,7.5,5.0,POOR,낮은 매칭 · 폐기위험 높음,0.979,49.5,STABLE,24.0,LOW,62.6,MEDIUM,26.9,48.2,86.4,0.3,30.0,368749.0,100.0,0.385,0.385,88.5,False,22.7,186,34.6,183,100.0,0.999,4.9,75.7,50.0,DISPOSE,30.0,1,100.0,68.7,49.9,disposal_risk,36.1,후순위,444,HEURISTIC 29% | ABC 14% | TURNOVER 14% | DISPOSAL_RISK 14% | SAFETY_STOCK 8% | EOQ 7% | DEMAND_FORECAST 7% | MATCH 5%,"['⏰ 유통기한 임박 (84%)', '❄️ 냉장·냉동 과잉 (78%)', '💸 배송비 상승 (91%)', '⚡ 복합 스트레스 (60%)']","{'재고위험': '25.1%', '판매가능성': '13.2%', '점포이동적합': '14.0%', '비용절감': '18.3%', '폐기회피이익': '13.2%', '실행가능성': '12.8%', '이력보정': '3.3%'}",True,True,False,True,False,True,48.2,32.6,56.1,50.5,72.0,73.7,57.5,52.5,0.0,32.4,검토,할인 판매,🏷️,353,HIGH,신뢰도 높음 ●,#2e7d32,,,32.4,검토,할인 판매,0,-1,False,False,,50.0,25152.0,26823.0,25152.0,26.28,26.47,26.28,53.0,349.0,366.0,203.0,재고 이동,재고 이동,62.016,일치,62.016,49.678,35.067,23.785
아이스크림044,신촌2점,명동점,37.0,프로모션 추천,16995.0,프로모션 순비용이 재배치 비용보다 낮습니다.,22.83984809982012,0.49435028248587576,12,8,43.3,후순위,16995.0,37.0,488,False,Greedy 선택 후보보다 우선순위가 낮음,4.69,2390,282,2,디저트,250,269,141.0,33.0,250,336990.0,A,0.7413131806038247,1,100.0,60.0,6.0,NORMAL,66.7,False,53.0,MEDIUM,유통기한 임박,4.0,18.1,0.0,SAFE,"재고 여유 — 현재고(282), 재주문점(18)",0.0,169.3,36.1,101135.0,64.2,OVER,과잉 발주 위험 — 현재(278개) > EOQ(169개). 발주 주기 36일 권장,64.2,32.9,4.7,6.63,2.77,STABLE,60.0,0.0,WMA,0.0,36.1,10.0,3.6,10.0,7.5,5.0,POOR,낮은 매칭 · 핵심(A)상품,1.005,50.1,STABLE,11.7,LOW,73.1,HIGH,27.1,32.8,100.0,0.3,30.0,98371.0,100.0,0.385,0.385,88.5,False,21.5,236,28.5,285,100.0,0.999,4.9,79.0,50.0,DISPOSE,30.0,2,99.8,68.7,28.6,disposal_risk,46.0,모니터링,340,HEURISTIC 29% | ABC 14% | TURNOVER 14% | DISPOSAL_RISK 14% | SAFETY_STOCK 8% | EOQ 7% | DEMAND_FORECAST 7% | MATCH 5%,"['⏰ 유통기한 임박 (84%)', '❄️ 냉장·냉동 과잉 (78%)', '💸 배송비 상승 (91%)', '⚡ 복합 스트레스 (60%)']","{'재고위험': '25.1%', '판매가능성': '13.2%', '점포이동적합': '14.0%', '비용절감': '18.3%', '폐기회피이익': '13.2%', '실행가능성': '12.8%', '이력보정': '3.3%'}",True,True,False,True,False,True,60.0,32.7,54.8,48.4,72.0,77.6,56.7,55.4,0.0,63.7,검토,보류,⏸️,185,HIGH,신뢰도 높음 ●,#2e7d32,,,63.7,검토,보류,-1,-1,False,False,,50.0,0.0,24861.0,24861.0,0.0,24.29,24.29,49.0,87.0,269.0,37.0,할인,재고 이동,57.146,다름,57.146,40.91,30.462,32.862
죽010,문래점,건대점,129.0,재배치 추천,21129.0,프로모션 순비용이 재배치 비용보다 높습니다.,18.118379350712388,6.991525423728813,18,0,43.1,후순위,21129.0,129.0,489,False,Greedy 선택 후보보다 우선순위가 낮음,4.11,3304,284,1,간편식,500,279,123.0,29.0,500,406392.0,A,0.04394056460257161,1,100.0,69.3,5.2,SLOW,61.5,True,62.6,HIGH,유통기한 임박 | 소진일수 69일 초과,3.5,15.8,0.0,SAFE,"재고 여유 — 현재고(284), 재주문점(16)",0.0,143.7,35.0,104424.0,95.2,OVER,과잉 발주 위험 — 현재(280개) > EOQ(144개). 발주 주기 35일 권장,95.2,28.9,4.13,5.82,2.43,STABLE,68.8,0.0,WMA,0.0,40.9,10.0,8.4,10.0,7.5,5.0,FAIR,보통 매칭 · 폐기위험 높음 · 핵심(A)상품,1.008,50.2,STABLE,13.4,LOW,76.6,HIGH,24.2,43.6,76.3,0.3,30.0,554830.0,100.0,0.385,0.385,88.5,False,23.5,156,33.7,203,100.0,0.999,4.9,72.5,50.0,DISPOSE,30.0,1,100.0,68.6,28.5,disposal_risk,50.6,모니터링,265,HEURISTIC 29% | ABC 14% | TURNOVER 14% | DISPOSAL_RISK 14% | SAFETY_STOCK 8% | EOQ 7% | DEMAND_FORECAST 7% | MATCH 5%,"['⏰ 유통기한 임박 (84%)', '❄️ 냉장·냉동 과잉 (78%)', '💸 배송비 상승 (91%)', '⚡ 복합 스트레스 (60%)']","{'재고위험': '25.1%', '판매가능성': '13.2%', '점포이동적합': '14.0%', '비용절감': '18.3%', '폐기회피이익': '13.2%', '실행가능성': '12.8%', '이력보정': '3.3%'}",True,True,False,True,False,True,63.0,32.8,57.4,53.0,72.0,65.4,57.9,55.8,0.0,68.6,권장,할인 판매,🏷️,159,HIGH,신뢰도 높음 ●,#2e7d32,,,68.6,권장,할인 판매,-1,0,False,False,,50.0,21129.0,24555.0,21129.0,21.81,23.950000000000003,21.81,44.0,259.0,279.0,129.0,재고 이동,재고 이동,64.158,일치,64.158,47.1,34.133,29.546
아이스크림044,잠실2점,명동점,37.0,재배치 추천,15594.0,프로모션 순비용이 재배치 비용보다 높습니다.,24.43993946834937,0.49435028248587576,18,0,42.9,후순위,15594.0,37.0,490,False,Greedy 선택 후보보다 우선순위가 낮음,3.33,2390,340,0,디저트,250,336,100.0,23.0,250,239000.0,A,0.7413131806038247,1,100.0,102.0,3.53,DEAD,43.3,True,70.0,HIGH,유통기한 임박 | 소진일수 102일 초과,2.9,12.9,0.0,SAFE,"재고 여유 — 현재고(340), 재주문점(13)",0.0,142.6,42.8,85219.0,100.0,OVER,과잉 발주 위험 — 현재(337개) > EOQ(143개). 발주 주기 43일 권장,100.0,23.1,3.3,4.67,1.93,STABLE,103.0,0.0,WMA,0.0,40.9,10.0,8.4,10.0,7.5,5.0,FAIR,보통 매칭 · 폐기위험 높음 · 핵심(A)상품,0.987,49.7,STABLE,20.2,LOW,78.3,HIGH,27.1,32.8,100.0,0.3,30.0,99772.0,100.0,0.385,0.385,88.5,False,24.9,121,38.4,124,100.0,0.999,4.9,79.0,50.0,DISPOSE,30.0,2,99.8,68.6,28.5,disposal_risk,49.5,모니터링,293,HEURISTIC 29% | ABC 14% | TURNOVER 14% | DISPOSAL_RISK 14% | SAFETY_STOCK 8% | EOQ 7% | DEMAND_FORECAST 7% | MATCH 5%,"['⏰ 유통기한 임박 (84%)', '❄️ 냉장·냉동 과잉 (78%)', '💸 배송비 상승 (91%)', '⚡ 복합 스트레스 (60%)']","{'재고위험': '25.1%', '판매가능성': '13.2%', '점포이동적합': '14.0%', '비용절감': '18.3%', '폐기회피이익': '13.2%', '실행가능성': '12.8%', '이력보정': '3.3%'}",True,True,False,True,False,True,61.5,32.6,59.0,53.6,72.0,77.6,58.6,57.3,0.0,83.8,최적,할인 판매,🏷️,77,HIGH,신뢰도 높음 ●,#2e7d32,,,83.8,최적,할인 판매,-1,-1,False,False,,50.0,15594.0,21702.0,15594.0,15.66,20.78,15.66,31.0,87.0,336.0,37.0,재고 이동,재고 이동,62.725,일치,62.725,48.289,33.721,31.275
핫바051,여의도점,잠실2점,124.0,재배치 추천,21012.0,프로모션 순비용이 재배치 비용보다 높습니다.,18.25200582474374,6.638418079096045,18,0,42.9,후순위,21012.0,124.0,491,False,Greedy 선택 후보보다 우선순위가 낮음,5.98,1280,348,2,간편식,250,332,179.0,42.0,250,229120.0,B,0.8570508570106676,2,60.0,58.3,6.17,NORMAL,67.6,False,57.2,MEDIUM,유통기한 임박,5.1,23.0,0.0,SAFE,"재고 여유 — 현재고(348), 재주문점(23)",0.0,278.4,46.6,78400.0,23.2,OPTIMAL,"적정 발주 — EOQ(278개), 권장 발주 주기 47일",23.2,41.9,5.99,8.45,3.52,STABLE,58.1,0.2,WMA,0.2,32.1,10.0,3.61,6.0,7.5,5.0,POOR,낮은 매칭,1.003,50.1,STABLE,11.3,LOW,73.1,HIGH,25.0,30.0,87.4,0.3,30.0,200452.0,100.0,0.385,0.385,88.5,False,22.6,192,29.3,270,100.0,0.999,4.9,76.0,50.0,DISPOSE,30.0,1,100.0,68.6,44.3,disposal_risk,35.6,후순위,449,HEURISTIC 29% | ABC 14% | TURNOVER 14% | DISPOSAL_RISK 14% | SAFETY_STOCK 8% | EOQ 7% | DEMAND_FORECAST 7% | MATCH 5%,"['⏰ 유통기한 임박 (84%)', '❄️ 냉장·냉동 과잉 (78%)', '💸 배송비 상승 (91%)', '⚡ 복합 스트레스 (60%)']","{'재고위험': '25.1%', '판매가능성': '13.2%', '점포이동적합': '14.0%', '비용절감': '18.3%', '폐기회피이익': '13.2%', '실행가능성': '12.8%', '이력보정': '3.3%'}",True,True,False,True,False,True,56.2,32.8,52.9,42.1,72.0,68.3,57.4,51.8,0.0,25.1,검토,보류,⏸️,392,HIGH,신뢰도 높음 ●,#2e7d32,,,25.1,검토,보류,0,-1,False,False,,50.0,21012.0,23439.0,21012.0,21.68,22.71,21.68,43.0,171.0,332.0,124.0,재고 이동,재고 이동,55.197,일치,55.197,42.357,32.515,30.151
냉동돈까스049,합정점,잠실점,151.0,재배치 추천,22668.0,프로모션 순비용이 재배치 비용보다 높습니다.,16.360677269223082,8.545197740112995,18,0,42.9,후순위,22668.0,151.0,492,False,Greedy 선택 후보보다 우선순위가 낮음,1.9,1991,177,10,냉동식품,500,151,57.0,13.0,500,113487.0,C,0.9891341650234772,3,20.0,93.2,3.86,DEAD,48.2,True,49.7,MEDIUM,소진일수 93일 초과 | 신선/냉장 고위험 카테고리,1.6,7.3,0.0,SAFE,"재고 여유 — 현재고(177), 재주문점(7)",0.0,107.8,56.7,64361.0,62.7,OVER,과잉 발주 위험 — 현재(175개) > EOQ(108개). 발주 주기 57일 권장,62.7,13.1,1.87,2.66,1.09,STABLE,94.6,0.0,WMA,0.0,29.1,10.0,3.6,3.0,7.5,5.0,POOR,낮은 매칭,0.977,49.4,STABLE,18.7,LOW,45.1,MEDIUM,30.3,44.7,96.3,0.3,30.0,413601.0,100.0,0.385,0.385,88.5,True,20.8,277,27.5,301,100.0,0.999,4.9,78.2,50.0,DISPOSE,30.0,2,99.8,68.6,57.3,disposal_risk,25.3,후순위,491,HEURISTIC 29% | ABC 14% | TURNOVER 14% | DISPOSAL_RISK 14% | SAFETY_STOCK 8% | EOQ 7% | DEMAND_FORECAST 7% | MATCH 5%,"['⏰ 유통기한 임박 (84%)', '❄️ 냉장·냉동 과잉 (78%)', '💸 배송비 상승 (91%)', '⚡ 복합 스트레스 (60%)']","{'재고위험': '25.1%', '판매가능성': '13.2%', '점포이동적합': '14.0%', '비용절감': '18.3%', '폐기회피이익': '13.2%', '실행가능성': '12.8%', '이력보정': '3.3%'}",True,True,False,True,False,True,41.7,32.5,51.4,48.0,72.0,79.1,56.4,50.4,0.0,16.7,검토,보류,⏸️,437,HIGH,신뢰도 높음 ●,#2e7d32,,,16.7,검토,보류,-1,0,False,False,,50.0,22668.0,25536.0,22668.0,23.52,25.04,23.52,47.0,381.0,151.0,377.0,재고 이동,재고 이동,54.363,일치,54.363,46.175,34.113,26.743
에너지드링크055,청량리점,노원점,330.0,재배치 추천,33906.0,프로모션 순비용이 재배치 비용보다 높습니다.,3.5256831225194873,21.1864406779661,18,0,42.7,후순위,33906.0,330.0,493,False,Greedy 선택 후보보다 우선순위가 낮음,8.02,793,341,1,음료,400,330,241.0,56.0,400,191113.0,C,0.9669989959576407,3,20.0,42.4,8.48,NORMAL,76.4,False,44.2,MEDIUM,유통기한 임박,6.9,31.0,0.0,SAFE,"재고 여유 — 현재고(341), 재주문점(31)",0.0,452.9,56.5,64641.0,21.0,OPTIMAL,"적정 발주 — EOQ(453개), 권장 발주 주기 56일",21.0,56.1,8.01,11.32,4.71,STABLE,42.5,2.3,WMA,2.3,29.2,10.0,3.72,3.0,7.5,5.0,POOR,낮은 매칭,0.998,49.9,STABLE,8.3,LOW,76.6,HIGH,37.9,35.1,98.9,0.3,30.0,412122.0,100.0,0.385,0.385,88.5,False,31.7,64,23.0,450,100.0,0.999,4.9,78.8,50.0,DISPOSE,30.0,2,99.8,68.5,46.6,turnover,27.3,후순위,486,HEURISTIC 29% | ABC 14% | TURNOVER 14% | DISPOSAL_RISK 14% | SAFETY_STOCK 8% | EOQ 7% | DEMAND_FORECAST 7% | MATCH 5%,"['⏰ 유통기한 임박 (84%)', '❄️ 냉장·냉동 과잉 (78%)', '💸 배송비 상승 (91%)', '⚡ 복합 스트레스 (60%)']","{'재고위험': '25.1%', '판매가능성': '13.2%', '점포이동적합': '14.0%', '비용절감': '18.3%', '폐기회피이익': '13.2%', '실행가능성': '12.8%', '이력보정': '3.3%'}",True,True,False,True,False,True,46.6,33.8,50.6,41.6,72.0,77.6,62.3,50.4,0.0,16.4,검토,보류,⏸️,439,HIGH,신뢰도 높음 ●,#2e7d32,,,16.4,검토,보류,-1,-1,False,False,,50.0,0.0,33906.0,33906.0,0.0,34.34,34.34,68.0,617.0,330.0,462.0,재고 이동,재고 이동,59.507,일치,59.507,42.281,31.535,18.609
김밥017,홍대점,선릉점,47.0,재배치 추천,16548.0,프로모션 순비용이 재배치 비용보다 높습니다.,23.350369757016818,1.2005649717514124,18,0,42.6,후순위,16548.0,47.0,494,False,Greedy 선택 후보보다 우선순위가 낮음,5.25,3260,259,4,신선식품,400,230,158.0,37.0,400,515080.0,A,0.49367488330734166,1,100.0,49.2,7.32,NORMAL,72.7,False,49.6,MEDIUM,유통기한 임박 | 신선/냉장 고위험 카테고리,4.5,20.2,0.0,SAFE,"재고 여유 — 현재고(259), 재주문점(20)",0.0,129.6,24.7,147866.0,96.4,OVER,과잉 발주 위험 — 현재(254개) > EOQ(130개). 발주 주기 25일 권장,96.4,36.9,5.27,7.44,3.11,STABLE,49.1,1.4,WMA,1.4,36.2,10.0,3.67,10.0,7.5,5.0,POOR,낮은 매칭 · 핵심(A)상품,1.007,50.2,STABLE,9.6,LOW,66.1,MEDIUM,36.5,48.8,83.3,0.3,30.0,186116.0,100.0,0.385,0.385,88.5,True,26.6,98,26.8,339,100.0,0.999,4.9,74.8,50.0,DISPOSE,30.0,2,99.8,68.5,27.9,turnover,49.0,모니터링,304,HEURISTIC 29% | ABC 14% | TURNOVER 14% | DISPOSAL_RISK 14% | SAFETY_STOCK 8% | EOQ 7% | DEMAND_FORECAST 7% | MATCH 5%,"['⏰ 유통기한 임박 (84%)', '❄️ 냉장·냉동 과잉 (78%)', '💸 배송비 상승 (91%)', '⚡ 복합 스트레스 (60%)']","{'재고위험': '25.1%', '판매가능성': '13.2%', '점포이동적합': '14.0%', '비용절감': '18.3%', '폐기회피이익': '13.2%', '실행가능성': '12.8%', '이력보정': '3.3%'}",True,True,False,True,False,True,60.1,33.5,54.1,52.9,72.0,71.8,59.5,55.5,0.0,65.0,권장,보류,⏸️,178,HIGH,신뢰도 높음 ●,#2e7d32,,,65.0,권장,보류,0,-1,False,False,,50.0,16548.0,20478.0,16548.0,16.72,19.42,16.72,33.0,87.0,230.0,47.0,재고 이동,재고 이동,61.924,일치,61.924,42.453,30.773,32.742
딸기우유054,합정점,목동점,172.0,재배치 추천,24204.0,프로모션 순비용이 재배치 비용보다 높습니다.,14.606401507580733,10.028248587570623,18,0,42.6,후순위,24204.0,172.0,495,False,Greedy 선택 후보보다 우선순위가 낮음,1.22,1828,195,14,유제품,300,172,37.0,9.0,300,67636.0,B,0.9443179613862073,2,60.0,158.1,2.28,DEAD,12.2,True,38.0,LOW,소진일수 158일 초과 | 신선/냉장 고위험 카테고리,1.0,4.7,0.0,SAFE,"재고 여유 — 현재고(195), 재주문점(5)",0.0,83.4,68.4,53376.0,100.0,OVER,과잉 발주 위험 — 현재(194개) > EOQ(83개). 발주 주기 68일 권장,100.0,8.8,1.26,1.76,0.75,STABLE,155.1,0.0,WMA,0.0,28.5,10.0,0.0,6.0,7.5,5.0,POOR,낮은 매칭,1.054,51.3,STABLE,31.1,LOW,43.3,MEDIUM,38.2,66.4,57.2,0.3,30.0,404695.0,100.0,0.385,0.385,88.5,True,19.2,344,25.8,388,100.0,0.999,4.9,63.3,50.0,DISPOSE,30.0,1,100.0,68.5,54.4,disposal_risk,26.2,후순위,489,HEURISTIC 29% | ABC 14% | TURNOVER 14% | DISPOSAL_RISK 14% | SAFETY_STOCK 8% | EOQ 7% | DEMAND_FORECAST 7% | MATCH 5%,"['⏰ 유통기한 임박 (84%)', '❄️ 냉장·냉동 과잉 (78%)', '💸 배송비 상승 (91%)', '⚡ 복합 스트레스 (60%)']","{'재고위험': '25.1%', '판매가능성': '13.2%', '점포이동적합': '14.0%', '비용절감': '18.3%', '폐기회피이익': '13.2%', '실행가능성': '12.8%', '이력보정': '3.3%'}",True,True,False,True,False,True,32.9,33.1,49.3,53.4,72.0,60.3,55.6,46.6,0.0,6.3,검토,보류,⏸️,493,HIGH,신뢰도 높음 ●,#2e7d32,,,6.3,검토,보류,-1,-1,False,False,,50.0,0.0,24204.0,24204.0,0.0,23.560000000000002,23.560000000000002,47.0,738.0,172.0,616.0,재고 이동,재고 이동,63.821,일치,63.821,47.446,29.813,15.72
냉동치킨030,노원점,구로점,265.0,재배치 추천,29967.0,프로모션 순비용이 재배치 비용보다 높습니다.,8.024441081574965,16.596045197740114,18,0,42.6,후순위,29967.0,265.0,496,False,Greedy 선택 후보보다 우선순위가 낮음,0.65,2145,295,33,냉동식품,300,265,20.0,5.0,300,42900.0,A,0.7549271720942319,1,100.0,442.5,0.81,DEAD,0.0,True,36.0,LOW,소진일수 442일 초과 | 신선/냉장 고위험 카테고리,0.6,2.6,0.0,SAFE,"재고 여유 — 현재고(295), 재주문점(3)",0.0,60.7,93.4,39073.0,100.0,OVER,과잉 발주 위험 — 현재(294개) > EOQ(61개). 발주 주기 93일 권장,100.0,4.8,0.69,0.95,0.42,STABLE,430.2,0.0,WMA,0.0,32.5,10.0,0.0,10.0,7.5,5.0,POOR,낮은 매칭 · 핵심(A)상품,1.099,52.5,STABLE,35.0,LOW,43.3,MEDIUM,22.3,48.2,86.4,0.3,30.0,731643.0,100.0,0.385,0.385,88.5,True,19.1,345,26.8,339,100.0,0.999,4.9,75.7,50.0,DISPOSE,30.0,2,99.8,68.5,27.9,disposal_risk,32.1,후순위,466,HEURISTIC 29% | ABC 14% | TURNOVER 14% | DISPOSAL_RISK 14% | SAFETY_STOCK 8% | EOQ 7% | DEMAND_FORECAST 7% | MATCH 5%,"['⏰ 유통기한 임박 (84%)', '❄️ 냉장·냉동 과잉 (78%)', '💸 배송비 상승 (91%)', '⚡ 복합 스트레스 (60%)']","{'재고위험': '25.1%', '판매가능성': '13.2%', '점포이동적합': '14.0%', '비용절감': '18.3%', '폐기회피이익': '13.2%', '실행가능성': '12.8%', '이력보정': '3.3%'}",True,True,False,True,False,True,34.7,33.4,52.6,53.4,72.0,73.7,55.4,49.2,0.0,11.0,검토,보류,⏸️,468,HIGH,신뢰도 높음 ●,#2e7d32,,,11.0,검토,보류,-1,-1,False,False,,50.0,29967.0,40539.0,29967.0,31.63,41.71,31.63,63.0,431.0,265.0,410.0,재고 이동,재고 이동,64.931,일치,64.931,49.041,32.664,16.892
아이스라떼021,성수점,압구정점,99.0,재배치 추천,19839.0,프로모션 순비용이 재배치 비용보다 높습니다.,19.591696884904206,4.872881355932203,18,0,42.5,후순위,19839.0,99.0,497,False,Greedy 선택 후보보다 우선순위가 낮음,3.1,3411,298,6,유제품,300,272,93.0,22.0,300,317223.0,A,0.3955185919274352,1,100.0,96.1,3.74,DEAD,46.6,True,68.0,HIGH,유통기한 임박 | 소진일수 96일 초과 | 신선/냉장 고위험 카테고리,2.7,12.0,0.0,SAFE,"재고 여유 — 현재고(298), 재주문점(12)",0.0,97.4,31.4,116226.0,100.0,OVER,과잉 발주 위험 — 현재(295개) > EOQ(97개). 발주 주기 31일 권장,100.0,21.9,3.13,4.41,1.85,STABLE,95.3,0.0,WMA,0.0,40.9,10.0,8.4,10.0,7.5,5.0,FAIR,보통 매칭 · 폐기위험 높음 · 핵심(A)상품,1.014,50.3,STABLE,18.7,LOW,59.1,MEDIUM,31.4,35.6,98.7,0.3,30.0,415088.0,100.0,0.385,0.385,88.5,True,24.6,128,37.2,160,100.0,0.999,4.9,78.7,50.0,DISPOSE,30.0,1,100.0,68.5,28.9,disposal_risk,49.3,모니터링,297,HEURISTIC 29% | ABC 14% | TURNOVER 14% | DISPOSAL_RISK 14% | SAFETY_STOCK 8% | EOQ 7% | DEMAND_FORECAST 7% | MATCH 5%,"['⏰ 유통기한 임박 (84%)', '❄️ 냉장·냉동 과잉 (78%)', '💸 배송비 상승 (91%)', '⚡ 복합 스트레스 (60%)']","{'재고위험': '25.1%', '판매가능성': '13.2%', '점포이동적합': '14.0%', '비용절감': '18.3%', '폐기회피이익': '13.2%', '실행가능성': '12.8%', '이력보정': '3.3%'}",True,True,False,True,False,True,61.4,32.8,58.7,53.4,72.0,77.7,58.5,57.2,0.0,82.7,최적,할인 판매,🏷️,83,HIGH,신뢰도 높음 ●,#2e7d32,,,82.7,최적,할인 판매,-1,-1,False,False,,50.0,0.0,19839.0,19839.0,0.0,18.71,18.71,37.0,275.0,272.0,99.0,재고 이동,재고 이동,64.083,일치,64.083,47.099,32.834,28.513
냉동피자020,혜화점,명동점,86.0,재배치 추천,19128.0,프로모션 순비용이 재배치 비용보다 높습니다.,20.403734688633186,3.954802259887006,18,0,42.4,후순위,19128.0,86.0,498,False,Greedy 선택 후보보다 우선순위가 낮음,6.16,1572,180,11,냉동식품,400,86,185.0,43.0,400,290820.0,B,0.8194229269640343,2,60.0,29.2,12.33,FAST,83.8,False,16.3,LOW,신선/냉장 고위험 카테고리,5.3,23.8,0.0,SAFE,"재고 여유 — 현재고(180), 재주문점(24)",0.0,218.3,35.4,102973.0,16.0,OPTIMAL,"적정 발주 — EOQ(218개), 권장 발주 주기 35일",16.0,43.0,6.14,8.68,3.6,STABLE,29.3,5.3,WMA,5.3,28.8,10.0,0.26,6.0,7.5,5.0,POOR,낮은 매칭,0.997,49.9,STABLE,5.8,LOW,43.3,MEDIUM,32.3,32.8,100.0,0.3,30.0,177502.0,100.0,0.385,0.385,88.5,True,54.6,16,11.4,500,100.0,0.999,4.9,79.0,50.0,DISPOSE,30.0,2,99.8,68.5,39.2,turnover,31.1,후순위,472,HEURISTIC 29% | ABC 14% | TURNOVER 14% | DISPOSAL_RISK 14% | SAFETY_STOCK 8% | EOQ 7% | DEMAND_FORECAST 7% | MATCH 5%,"['⏰ 유통기한 임박 (84%)', '❄️ 냉장·냉동 과잉 (78%)', '💸 배송비 상승 (91%)', '⚡ 복합 스트레스 (60%)']","{'재고위험': '25.1%', '판매가능성': '13.2%', '점포이동적합': '14.0%', '비용절감': '18.3%', '폐기회피이익': '13.2%', '실행가능성': '12.8%', '이력보정': '3.3%'}",True,True,False,True,False,True,42.1,35.3,48.1,40.7,72.0,77.6,74.9,48.9,0.0,10.0,검토,보류,⏸️,473,HIGH,신뢰도 높음 ●,#2e7d32,,,10.0,검토,보류,-1,-1,False,False,,50.0,0.0,19128.0,19128.0,0.0,17.92,17.92,36.0,236.0,86.0,199.0,재고 이동,재고 이동,51.269,일치,51.269,32.486,23.908,28.729
아이스라떼021,왕십리점,압구정점,99.0,재배치 추천,19902.0,프로모션 순비용이 재배치 비용보다 높습니다.,19.519744168118095,4.872881355932203,18,0,42.4,후순위,19902.0,99.0,499,False,Greedy 선택 후보보다 우선순위가 낮음,7.32,3411,336,12,유제품,300,214,220.0,51.0,300,750420.0,A,0.3955185919274352,1,100.0,45.8,7.86,NORMAL,74.6,False,22.8,LOW,신선/냉장 고위험 카테고리,6.3,28.3,0.0,SAFE,"재고 여유 — 현재고(336), 재주문점(28)",0.0,149.6,20.4,178598.0,100.0,OVER,과잉 발주 위험 — 현재(330개) > EOQ(150개). 발주 주기 20일 권장,100.0,51.1,7.3,10.32,4.28,STABLE,46.0,1.9,WMA,1.9,32.6,10.0,0.1,10.0,7.5,5.0,POOR,낮은 매칭 · 핵심(A)상품,0.995,49.9,STABLE,9.1,LOW,43.3,MEDIUM,31.4,35.6,98.7,0.3,30.0,415025.0,100.0,0.385,0.385,88.5,True,26.9,97,15.2,489,100.0,0.999,4.9,78.7,50.0,DISPOSE,30.0,2,99.8,68.5,26.1,turnover,42.7,모니터링,387,HEURISTIC 29% | ABC 14% | TURNOVER 14% | DISPOSAL_RISK 14% | SAFETY_STOCK 8% | EOQ 7% | DEMAND_FORECAST 7% | MATCH 5%,"['⏰ 유통기한 임박 (84%)', '❄️ 냉장·냉동 과잉 (78%)', '💸 배송비 상승 (91%)', '⚡ 복합 스트레스 (60%)']","{'재고위험': '25.1%', '판매가능성': '13.2%', '점포이동적합': '14.0%', '비용절감': '18.3%', '폐기회피이익': '13.2%', '실행가능성': '12.8%', '이력보정': '3.3%'}",True,True,False,True,False,True,48.6,33.6,50.6,53.3,72.0,77.7,59.7,53.0,0.0,36.5,검토,보류,⏸️,331,HIGH,신뢰도 높음 ●,#2e7d32,,,36.5,검토,보류,0,-1,False,False,,50.0,0.0,19902.0,19902.0,0.0,18.78,18.78,38.0,275.0,214.0,99.0,재고 이동,재고 이동,61.126,일치,61.126,39.026,26.556,28.668
도시락050,잠실점,합정점,144.0,재배치 추천,22668.0,프로모션 순비용이 재배치 비용보다 높습니다.,16.360677269223082,8.050847457627118,18,0,42.4,후순위,22668.0,144.0,500,False,Greedy 선택 후보보다 우선순위가 낮음,4.3,2437,150,1,신선식품,500,144,129.0,30.0,500,314373.0,A,0.7269288129371255,1,100.0,34.9,10.32,NORMAL,80.6,False,50.4,MEDIUM,유통기한 임박 | 신선/냉장 고위험 카테고리,3.7,16.6,0.0,SAFE,"재고 여유 — 현재고(150), 재주문점(17)",0.0,135.6,31.5,115702.0,7.9,OPTIMAL,"적정 발주 — EOQ(136개), 권장 발주 주기 32일",7.9,30.0,4.29,6.06,2.51,STABLE,35.0,3.3,WMA,3.3,36.3,10.0,3.76,10.0,7.5,5.0,POOR,낮은 매칭 · 핵심(A)상품,0.997,49.9,STABLE,6.9,LOW,76.6,HIGH,37.0,41.4,83.6,0.3,30.0,470446.0,100.0,0.385,0.385,88.5,True,40.8,31,26.6,348,100.0,0.999,4.9,74.9,50.0,DISPOSE,30.0,1,100.0,68.5,26.2,turnover,45.5,모니터링,346,HEURISTIC 29% | ABC 14% | TURNOVER 14% | DISPOSAL_RISK 14% | SAFETY_STOCK 8% | EOQ 7% | DEMAND_FORECAST 7% | MATCH 5%,"['⏰ 유통기한 임박 (84%)', '❄️ 냉장·냉동 과잉 (78%)', '💸 배송비 상승 (91%)', '⚡ 복합 스트레스 (60%)']","{'재고위험': '25.1%', '판매가능성': '13.2%', '점포이동적합': '14.0%', '비용절감': '18.3%', '폐기회피이익': '13.2%', '실행가능성': '12.8%', '이력보정': '3.3%'}",True,True,False,True,False,True,62.6,34.3,54.1,39.5,72.0,69.5,67.4,53.5,0.0,41.7,검토,보류,⏸️,303,HIGH,신뢰도 높음 ●,#2e7d32,,,41.7,검토,보류,0,-1,False,False,,50.0,22668.0,25536.0,22668.0,23.52,25.04,23.52,47.0,703.0,144.0,630.0,재고 이동,재고 이동,63.146,일치,63.146,41.098,28.185,25.966
