episode,loss,mean_reward_sample
1,3679.4815546175337,47.51368095068586
50,113.73163740773367,52.480477619070356
100,98.6466364424794,45.35761399453406
150,86.23481051042815,47.26053117852666
200,53.402150168671525,42.90574746660378
250,69.9660154501785,39.898103792056645
300,66.56202357231095,58.39329041436426
350,58.53159275653001,52.883267879529015
400,76.43974849100313,51.541117145475006
450,55.423229928273145,54.34333572606944
500,78.53982309573358,50.667785781056864
