episode,loss,mean_reward_sample
1,1611.8399209030345,36.883936225717406
12,1022.2411008997959,42.33911768610926
24,153.34510793211237,42.977548936735964
36,90.50577233668213,39.51699250777703
48,74.12544098704674,35.78986356047808
60,87.67826649384817,39.13187004294397
72,58.51903562642278,35.377222140769774
84,62.37462028308842,39.610189355163065
96,85.67862589124434,41.508826366315915
108,46.52131621858204,35.97183124573221
120,47.981809140899216,37.74984343573767
