episode,loss,mean_reward_sample
1,1543.5541775518914,37.38185547174394
21,99.58613783531554,38.89631535900944
42,48.66399274532226,36.80851968010476
63,40.154232464548514,37.973968297628616
84,23.575558744623475,36.54342165957788
105,32.527192401656315,39.73373502600379
126,20.846553538359288,40.59328019290823
147,15.947762172725033,36.29146385247623
168,22.123423423659467,36.40997415975589
189,31.178696847551457,36.33918796059502
210,26.623823602307066,36.636977791516934
