product_name,source_store,target_store,suggested_qty,final_recommendation,estimated_cost,reason,cost_score,quantity_score,strategy_score,reason_bonus,heuristic_score,heuristic_grade,_estimated_cost_numeric,_suggested_qty_numeric,greedy_rank,is_greedy_selected,greedy_reason,avg_daily_sales,unit_cost,stock_qty,expiry_days,category,dead_stock_qty,sales_30d,sales_7d,abc_revenue_value,abc_grade,abc_cumulative_pct,abc_priority,abc_score,turnover_days,turnover_rate_annual,turnover_grade,turnover_score,turnover_risk_flag,disposal_risk_score,disposal_risk_grade,disposal_risk_reason,safety_stock,reorder_point,reorder_risk_score,reorder_status,reorder_advice,safety_stock_score,eoq_qty,eoq_order_cycle,eoq_total_cost,eoq_risk_score,eoq_status,eoq_advice,eoq_score,demand_forecast_7d,demand_forecast_daily,demand_forecast_upper,demand_forecast_lower,demand_trend,demand_stockout_days,demand_risk_score,demand_forecast_method,demand_forecast_score,match_score,match_score_demand,match_score_urgency,match_score_abc,match_score_cluster,match_score_dist,match_grade,match_reason,trend_rate,trend_score,trend_direction,aging_score,aging_grade,relocation_failure_score,relocation_failure_grade,substitute_conflict_score,category_balance_score,store_capacity_score,expected_sales_increase_rate,discount_sensitivity_score,disposal_avoidance_profit,disposal_avoidance_score,newsvendor_critical_ratio,newsvendor_optimal_sl,newsvendor_score,is_fresh_product,topsis_score,topsis_rank,priority_queue_score,priority_queue_rank,service_level_score,service_level_current,service_level_gap,queue_capacity_score,transport_lp_score,assignment_action,assignment_score,multiobjective_rank,multiobjective_score,lp_allocation_score,sensitivity_score,dominant_factor,varo_score,varo_grade,varo_rank,varo_weight_breakdown,vhs2_scenario_labels,vhs2_weights,sit2_EXPIRY_URGENT,sit2_COLD_EXCESS,sit2_DEMAND_SURGE,sit2_HIGH_TRANSPORT,sit2_REORDER_RISK,sit2_STRESS,vhs2_group_재고위험,vhs2_group_판매가능성,vhs2_group_점포이동적합,vhs2_group_비용절감,vhs2_group_폐기회피이익,vhs2_group_실행가능성,mcdm_score,vhs2_raw,vhs2_history_correction,vhs2,vhs2_grade,vhs2_action,vhs2_action_icon,vhs2_rank,vhs2_confidence,vhs2_confidence_label,vhs2_confidence_color,vhs2_ci_lower,vhs2_ci_upper,vhs,vhs_grade,vhs_action,source_cluster,target_cluster,is_same_cluster,is_optimal_route,network_unit_cost,network_cost_score,direct_cost,via_cost,estimated_cost_transfer,direct_distance_km,via_distance_km,recommended_distance_km,recommended_time_min,sales_30d_transfer,source_dead_stock_qty,target_shortage_qty,greedy_action,dqn_recommended_action,dqn_expected_q,dqn_match_greedy,Q_재고 이동,Q_할인,Q_폐기,Q_보류
과일컵041,명동점,용산2점,48.0,프로모션 추천,9075.0,프로모션 순비용이 재배치 비용보다 낮습니다.,29.357870007830854,19.82758620689655,12,8,69.2,검토 가능,9075.0,48.0,1,True,휴리스틱 점수가 가장 높아 Greedy 알고리즘에 의해 최적 후보로 선택됨,2.26,707,251,2,신선식품,245,68.0,16.0,48076.0,B,0.924805658447968,2,60.0,110.7,3.25,DEAD,38.5,True,78.0,HIGH,유통기한 임박 | 소진일수 111일 초과 | 신선/냉장 고위험 카테고리,1.9,8.7,0.0,SAFE,"재고 여유 — 현재고(251), 재주문점(9)",0.0,182.6,80.8,45180.0,36.4,OPTIMAL,"적정 발주 — EOQ(183개), 권장 발주 주기 81일",36.4,15.9,2.27,3.2,1.34,STABLE,110.5,0.0,WMA,0.0,36.9,10.0,8.4,6.0,7.5,5.0,POOR,낮은 매칭 · 폐기위험 높음,1.011,50.3,STABLE,21.6,LOW,73.1,HIGH,36.5,46.9,72.2,0.3,30.0,31648.0,63.3,0.385,0.385,88.5,True,13.5,218,42.4,82,100.0,0.999,4.9,40.4,50.0,REALLOCATE,100.0,2,99.8,55.5,37.2,disposal_risk,66.5,검토 필요,38,HEURISTIC 29% | ABC 14% | TURNOVER 14% | DISPOSAL_RISK 14% | SAFETY_STOCK 8% | EOQ 7% | DEMAND_FORECAST 7% | MATCH 5%,"['⏰ 유통기한 임박 (91%)', '❄️ 냉장·냉동 과잉 (80%)', '💸 배송비 상승 (100%)', '⚡ 복합 스트레스 (60%)']","{'재고위험': '24.9%', '판매가능성': '13.1%', '점포이동적합': '14.0%', '비용절감': '18.3%', '폐기회피이익': '13.7%', '실행가능성': '12.8%', '이력보정': '3.3%'}",True,True,False,True,False,True,57.8,32.8,54.1,58.5,50.0,63.8,52.3,51.9,0.0,38.5,검토,할인 판매,🏷️,320,HIGH,신뢰도 높음 ●,#2e7d32,,,38.5,검토,할인 판매,5,5,True,False,,50.0,14136.0,0.0,14136.0,14.04,0.0,14.04,28.0,0.0,251.0,48.0,할인,재고 이동,72.215,다름,72.215,67.393,30.914,16.519
과일컵041,역삼점,용산2점,48.0,프로모션 추천,9075.0,프로모션 순비용이 재배치 비용보다 낮습니다.,29.357870007830854,19.82758620689655,12,8,69.2,검토 가능,9075.0,48.0,2,False,Greedy 선택 후보보다 우선순위가 낮음,8.6,707,317,0,신선식품,305,258.0,60.0,182406.0,B,0.924805658447968,2,60.0,36.9,9.77,NORMAL,79.5,False,53.4,MEDIUM,유통기한 임박 | 신선/냉장 고위험 카테고리,7.4,33.2,0.0,SAFE,"재고 여유 — 현재고(317), 재주문점(33)",0.0,356.2,41.4,88133.0,10.5,OPTIMAL,"적정 발주 — EOQ(356개), 권장 발주 주기 41일",10.5,60.1,8.59,12.13,5.04,STABLE,36.9,3.1,WMA,3.1,32.2,10.0,3.75,6.0,7.5,5.0,POOR,낮은 매칭,0.997,49.9,STABLE,7.2,LOW,78.3,HIGH,36.5,46.9,72.2,0.3,30.0,31648.0,63.3,0.385,0.385,88.5,True,33.6,27,28.4,386,100.0,0.999,4.9,40.4,50.0,REALLOCATE,99.9,2,99.8,55.5,36.9,turnover,66.2,검토 필요,40,HEURISTIC 29% | ABC 14% | TURNOVER 14% | DISPOSAL_RISK 14% | SAFETY_STOCK 8% | EOQ 7% | DEMAND_FORECAST 7% | MATCH 5%,"['⏰ 유통기한 임박 (91%)', '❄️ 냉장·냉동 과잉 (80%)', '💸 배송비 상승 (100%)', '⚡ 복합 스트레스 (60%)']","{'재고위험': '24.9%', '판매가능성': '13.1%', '점포이동적합': '14.0%', '비용절감': '18.3%', '폐기회피이익': '13.7%', '실행가능성': '12.8%', '이력보정': '3.3%'}",True,True,False,True,False,True,57.6,34.2,49.2,54.6,50.0,63.8,63.4,50.7,0.0,27.2,검토,보류,⏸️,381,HIGH,신뢰도 높음 ●,#2e7d32,,,27.2,검토,보류,1,5,False,False,,50.0,15495.0,0.0,15495.0,15.55,0.0,15.55,31.0,0.0,317.0,48.0,할인,재고 이동,70.955,다름,70.955,62.492,28.944,17.637
과일컵041,목동2점,용산2점,48.0,프로모션 추천,9075.0,프로모션 순비용이 재배치 비용보다 낮습니다.,29.357870007830854,19.82758620689655,12,8,69.2,검토 가능,9075.0,48.0,3,False,Greedy 선택 후보보다 우선순위가 낮음,7.77,707,255,2,신선식품,234,233.0,54.0,164731.0,B,0.924805658447968,2,60.0,32.8,10.96,NORMAL,81.8,False,49.4,MEDIUM,유통기한 임박 | 신선/냉장 고위험 카테고리,6.7,30.0,0.0,SAFE,"재고 여유 — 현재고(255), 재주문점(30)",0.0,338.5,43.6,83772.0,21.3,OPTIMAL,"적정 발주 — EOQ(338개), 권장 발주 주기 44일",21.3,54.2,7.74,10.95,4.54,STABLE,32.9,3.6,WMA,3.6,32.3,10.0,3.78,6.0,7.5,5.0,POOR,낮은 매칭,0.993,49.8,STABLE,6.6,LOW,73.1,HIGH,36.5,46.9,72.2,0.3,30.0,31648.0,63.3,0.385,0.385,88.5,True,38.5,18,26.7,413,100.0,0.999,4.9,40.4,50.0,REALLOCATE,99.7,2,99.8,55.5,36.6,turnover,66.7,검토 필요,35,HEURISTIC 29% | ABC 14% | TURNOVER 14% | DISPOSAL_RISK 14% | SAFETY_STOCK 8% | EOQ 7% | DEMAND_FORECAST 7% | MATCH 5%,"['⏰ 유통기한 임박 (91%)', '❄️ 냉장·냉동 과잉 (80%)', '💸 배송비 상승 (100%)', '⚡ 복합 스트레스 (60%)']","{'재고위험': '24.9%', '판매가능성': '13.1%', '점포이동적합': '14.0%', '비용절감': '18.3%', '폐기회피이익': '13.7%', '실행가능성': '12.8%', '이력보정': '3.3%'}",True,True,False,True,False,True,56.4,34.4,48.9,56.3,50.0,63.8,66.1,50.7,0.0,27.0,검토,보류,⏸️,382,HIGH,신뢰도 높음 ●,#2e7d32,,,27.0,검토,보류,4,5,False,False,,50.0,17637.0,0.0,17637.0,17.93,0.0,17.93,36.0,0.0,255.0,48.0,할인,재고 이동,66.801,다름,66.801,61.595,28.45,18.0
냉동치킨024,선릉점,압구정점,49.0,프로모션 추천,9587.0,프로모션 순비용이 재배치 비용보다 낮습니다.,28.68963717045158,20.25862068965517,12,8,68.9,검토 가능,9587.0,49.0,4,False,Greedy 선택 후보보다 우선순위가 낮음,3.08,729,356,10,냉동식품,313,92.0,22.0,67068.0,C,1.0,3,20.0,116.1,3.1,DEAD,35.5,True,49.7,MEDIUM,소진일수 116일 초과 | 신선/냉장 고위험 카테고리,2.6,11.8,0.0,SAFE,"재고 여유 — 현재고(356), 재주문점(12)",0.0,226.7,73.6,49585.0,55.9,OVER,과잉 발주 위험 — 현재(353개) > EOQ(227개). 발주 주기 74일 권장,55.9,21.8,3.11,4.38,1.84,STABLE,114.3,0.0,WMA,0.0,29.1,10.0,3.6,3.0,7.5,5.0,POOR,낮은 매칭,1.02,50.5,STABLE,22.5,LOW,45.1,MEDIUM,36.8,53.2,90.7,0.3,30.0,33278.0,66.6,0.385,0.385,88.5,True,7.0,484,29.8,352,100.0,0.999,4.9,52.6,50.0,REALLOCATE,99.6,2,99.8,57.1,49.5,disposal_risk,50.5,모니터링,336,HEURISTIC 29% | ABC 14% | TURNOVER 14% | DISPOSAL_RISK 14% | SAFETY_STOCK 8% | EOQ 7% | DEMAND_FORECAST 7% | MATCH 5%,"['⏰ 유통기한 임박 (91%)', '❄️ 냉장·냉동 과잉 (80%)', '💸 배송비 상승 (100%)', '⚡ 복합 스트레스 (60%)']","{'재고위험': '24.9%', '판매가능성': '13.1%', '점포이동적합': '14.0%', '비용절감': '18.3%', '폐기회피이익': '13.7%', '실행가능성': '12.8%', '이력보정': '3.3%'}",True,True,False,True,False,True,38.3,32.8,49.3,61.3,52.0,78.2,48.8,49.1,0.0,20.1,검토,보류,⏸️,419,HIGH,신뢰도 높음 ●,#2e7d32,,,20.1,검토,보류,3,0,False,False,,50.0,14037.0,0.0,14037.0,13.93,0.0,13.93,28.0,0.0,356.0,49.0,할인,재고 이동,71.048,다름,71.048,66.952,30.636,14.454
마카롱053,홍대2점,왕십리2점,60.0,재배치 추천,11886.0,프로모션 순비용이 재배치 비용보다 높습니다.,25.689115113547377,25.0,18,0,68.7,검토 가능,11886.0,60.0,5,False,Greedy 선택 후보보다 우선순위가 낮음,1.44,3122,330,2,디저트,326,43.0,10.0,134246.0,A,0.2370369123281216,1,100.0,230.2,1.56,DEAD,0.0,True,68.0,HIGH,유통기한 임박 | 소진일수 230일 초과,1.2,5.5,0.0,SAFE,"재고 여유 — 현재고(330), 재주문점(6)",0.0,82.1,57.0,64049.0,100.0,OVER,과잉 발주 위험 — 현재(329개) > EOQ(82개). 발주 주기 57일 권장,100.0,10.0,1.43,2.02,0.83,STABLE,231.0,0.0,WMA,0.0,40.9,10.0,8.4,10.0,7.5,5.0,FAIR,보통 매칭 · 폐기위험 높음 · 핵심(A)상품,0.992,49.8,STABLE,35.2,LOW,73.1,HIGH,35.3,64.5,83.5,0.3,30.0,212898.0,100.0,0.385,0.385,88.5,False,11.7,368,42.6,74,100.0,0.999,4.9,48.5,50.0,REALLOCATE,99.5,2,99.8,73.7,18.3,disposal_risk,69.9,검토 필요,10,HEURISTIC 29% | ABC 14% | TURNOVER 14% | DISPOSAL_RISK 14% | SAFETY_STOCK 8% | EOQ 7% | DEMAND_FORECAST 7% | MATCH 5%,"['⏰ 유통기한 임박 (91%)', '❄️ 냉장·냉동 과잉 (80%)', '💸 배송비 상승 (100%)', '⚡ 복합 스트레스 (60%)']","{'재고위험': '24.9%', '판매가능성': '13.1%', '점포이동적합': '14.0%', '비용절감': '18.3%', '폐기회피이익': '13.7%', '실행가능성': '12.8%', '이력보정': '3.3%'}",True,True,False,True,False,True,49.1,32.6,56.8,67.8,72.0,77.2,51.3,56.6,0.0,89.1,최적,할인 판매,🏷️,49,HIGH,신뢰도 높음 ●,#2e7d32,,,89.1,최적,할인 판매,3,6,False,False,,50.0,11886.0,0.0,11886.0,11.54,0.0,11.54,23.0,0.0,330.0,60.0,재고 이동,재고 이동,85.404,일치,85.404,66.899,32.449,14.404
라면055,종로2점,건대점,0.0,다중 경로 추천,10660.0,다중 연결 경로가 기존 직접/DC 경유 방식보다 비용이 낮습니다.,27.289219524928217,10.0,18,12,67.3,검토 가능,10660.0,,6,False,Greedy 선택 후보보다 우선순위가 낮음,5.01,1393,365,5,간편식,330,150.0,35.0,208950.0,A,0.6891881063563887,1,100.0,73.0,4.93,SLOW,59.4,True,56.5,MEDIUM,유통기한 임박 | 소진일수 73일 초과,4.3,19.3,0.0,SAFE,"재고 여유 — 현재고(365), 재주문점(19)",0.0,244.3,48.8,74860.0,47.6,OPTIMAL,"적정 발주 — EOQ(244개), 권장 발주 주기 49일",47.6,35.0,5.0,7.07,2.93,STABLE,73.0,0.0,WMA,0.0,36.1,10.0,3.6,10.0,7.5,5.0,POOR,낮은 매칭 · 핵심(A)상품,0.998,50.0,STABLE,14.2,LOW,62.6,MEDIUM,32.8,46.6,67.1,0.3,30.0,39488.0,79.0,0.385,0.385,88.5,False,8.9,462,31.7,309,100.0,0.999,4.9,35.9,50.0,REALLOCATE,99.3,2,99.8,63.0,27.0,disposal_risk,70.6,우선 처리,4,HEURISTIC 29% | ABC 14% | TURNOVER 14% | DISPOSAL_RISK 14% | SAFETY_STOCK 8% | EOQ 7% | DEMAND_FORECAST 7% | MATCH 5%,"['⏰ 유통기한 임박 (91%)', '❄️ 냉장·냉동 과잉 (80%)', '💸 배송비 상승 (100%)', '⚡ 복합 스트레스 (60%)']","{'재고위험': '24.9%', '판매가능성': '13.1%', '점포이동적합': '14.0%', '비용절감': '18.3%', '폐기회피이익': '13.7%', '실행가능성': '12.8%', '이력보정': '3.3%'}",True,True,False,True,False,True,59.7,32.7,51.2,59.2,59.4,60.3,49.8,52.9,0.0,51.0,검토,보류,⏸️,253,HIGH,신뢰도 높음 ●,#2e7d32,,,51.0,검토,보류,7,3,False,False,,50.0,14280.0,0.0,14280.0,14.2,0.0,14.2,28.0,0.0,365.0,23.0,재고 이동,재고 이동,64.258,일치,64.258,53.07,25.315,17.357
과일컵041,목동2점,역삼점,37.0,프로모션 추천,6995.0,프로모션 순비용이 재배치 비용보다 낮습니다.,32.07256590968416,15.086206896551724,12,8,67.2,검토 가능,6995.0,37.0,7,False,Greedy 선택 후보보다 우선순위가 낮음,7.77,707,255,2,신선식품,234,233.0,54.0,164731.0,B,0.924805658447968,2,60.0,32.8,10.96,NORMAL,81.8,False,49.4,MEDIUM,유통기한 임박 | 신선/냉장 고위험 카테고리,6.7,30.0,0.0,SAFE,"재고 여유 — 현재고(255), 재주문점(30)",0.0,338.5,43.6,83772.0,21.3,OPTIMAL,"적정 발주 — EOQ(338개), 권장 발주 주기 44일",21.3,54.2,7.74,10.95,4.54,STABLE,32.9,3.6,WMA,3.6,32.3,10.0,3.78,6.0,7.5,5.0,POOR,낮은 매칭,0.993,49.8,STABLE,6.6,LOW,73.1,HIGH,40.1,75.5,74.5,0.3,30.0,24396.0,48.8,0.385,0.385,88.5,True,38.5,18,26.6,417,100.0,0.999,4.9,42.2,50.0,REALLOCATE,99.2,2,99.8,47.8,37.1,turnover,65.0,검토 필요,55,HEURISTIC 29% | ABC 14% | TURNOVER 14% | DISPOSAL_RISK 14% | SAFETY_STOCK 8% | EOQ 7% | DEMAND_FORECAST 7% | MATCH 5%,"['⏰ 유통기한 임박 (91%)', '❄️ 냉장·냉동 과잉 (80%)', '💸 배송비 상승 (100%)', '⚡ 복합 스트레스 (60%)']","{'재고위험': '24.9%', '판매가능성': '13.1%', '점포이동적합': '14.0%', '비용절감': '18.3%', '폐기회피이익': '13.7%', '실행가능성': '12.8%', '이력보정': '3.3%'}",True,True,False,True,False,True,56.4,34.4,49.1,55.2,41.3,74.8,66.1,50.7,0.0,28.3,검토,보류,⏸️,375,HIGH,신뢰도 높음 ●,#2e7d32,,,28.3,검토,보류,4,1,False,False,,50.0,18771.0,0.0,18771.0,19.19,0.0,19.19,38.0,0.0,255.0,37.0,할인,재고 이동,62.044,다름,62.044,60.963,27.657,18.217
라면086,역삼2점,신촌2점,0.0,다중 경로 추천,11240.0,다중 연결 경로가 기존 직접/DC 경유 방식보다 비용이 낮습니다.,26.53223701383451,10.0,18,12,66.5,검토 가능,11240.0,,8,False,Greedy 선택 후보보다 우선순위가 낮음,7.92,3405,349,3,간편식,316,238.0,55.0,810390.0,A,0.04778947291941071,1,100.0,44.0,8.18,NORMAL,75.6,False,50.0,MEDIUM,유통기한 임박,6.8,30.6,0.0,SAFE,"재고 여유 — 현재고(349), 재주문점(31)",0.0,196.4,24.8,147156.0,74.2,OVER,과잉 발주 위험 — 현재(342개) > EOQ(196개). 발주 주기 25일 권장,74.2,55.2,7.89,11.15,4.62,STABLE,44.3,2.1,WMA,2.1,36.2,10.0,3.7,10.0,7.5,5.0,POOR,낮은 매칭 · 핵심(A)상품,0.992,49.8,STABLE,8.8,LOW,69.6,MEDIUM,38.3,43.2,61.1,0.3,30.0,111340.0,100.0,0.385,0.385,88.5,False,23.4,59,28.0,393,100.0,0.999,4.9,29.5,50.0,REALLOCATE,99.1,2,99.8,73.3,25.4,turnover,74.4,우선 처리,1,HEURISTIC 29% | ABC 14% | TURNOVER 14% | DISPOSAL_RISK 14% | SAFETY_STOCK 8% | EOQ 7% | DEMAND_FORECAST 7% | MATCH 5%,"['⏰ 유통기한 임박 (91%)', '❄️ 냉장·냉동 과잉 (80%)', '💸 배송비 상승 (100%)', '⚡ 복합 스트레스 (60%)']","{'재고위험': '24.9%', '판매가능성': '13.1%', '점포이동적합': '14.0%', '비용절감': '18.3%', '폐기회피이익': '13.7%', '실행가능성': '12.8%', '이력보정': '3.3%'}",True,True,False,True,False,True,61.1,33.7,49.8,62.7,72.0,55.1,57.8,55.0,0.0,72.5,권장,보류,⏸️,138,HIGH,신뢰도 높음 ●,#2e7d32,,,72.5,권장,보류,2,3,False,False,,50.0,15603.0,0.0,15603.0,15.67,0.0,15.67,31.0,0.0,349.0,27.0,재고 이동,재고 이동,63.774,일치,63.774,50.709,24.886,17.655
아이스크림105,목동점,선릉2점,47.0,프로모션 추천,11043.0,프로모션 순비용이 재배치 비용보다 낮습니다.,26.789350039154268,19.396551724137932,12,8,66.2,검토 가능,11043.0,47.0,9,False,Greedy 선택 후보보다 우선순위가 낮음,0.79,860,308,2,디저트,306,24.0,6.0,20640.0,B,0.9366747014475232,2,60.0,385.0,0.94,DEAD,0.0,True,68.0,HIGH,유통기한 임박 | 소진일수 385일 초과,0.7,3.1,0.0,SAFE,"재고 여유 — 현재고(308), 재주문점(3)",0.0,115.8,146.6,24899.0,100.0,OVER,과잉 발주 위험 — 현재(307개) > EOQ(116개). 발주 주기 147일 권장,100.0,5.8,0.83,1.15,0.5,STABLE,371.7,0.0,WMA,0.0,36.9,10.0,8.4,6.0,7.5,5.0,POOR,낮은 매칭 · 폐기위험 높음,1.085,52.1,STABLE,35.0,LOW,73.1,HIGH,32.5,74.2,100.0,0.3,30.0,37461.0,74.9,0.385,0.385,88.5,False,11.5,389,41.6,109,100.0,0.999,4.9,57.0,50.0,REALLOCATE,98.9,2,99.8,60.7,35.0,disposal_risk,59.4,검토 필요,133,HEURISTIC 29% | ABC 14% | TURNOVER 14% | DISPOSAL_RISK 14% | SAFETY_STOCK 8% | EOQ 7% | DEMAND_FORECAST 7% | MATCH 5%,"['⏰ 유통기한 임박 (91%)', '❄️ 냉장·냉동 과잉 (80%)', '💸 배송비 상승 (100%)', '⚡ 복합 스트레스 (60%)']","{'재고위험': '24.9%', '판매가능성': '13.1%', '점포이동적합': '14.0%', '비용절감': '18.3%', '폐기회피이익': '13.7%', '실행가능성': '12.8%', '이력보정': '3.3%'}",True,True,False,True,False,True,43.1,33.3,55.6,66.4,56.9,91.4,51.2,54.5,0.0,65.9,권장,할인 판매,🏷️,173,HIGH,신뢰도 높음 ●,#2e7d32,,,65.9,권장,할인 판매,2,6,False,False,,50.0,20112.0,0.0,20112.0,20.68,0.0,20.68,41.0,0.0,308.0,47.0,할인,할인,71.326,일치,67.764,71.326,32.382,15.06
아이스크림105,선릉점,선릉2점,47.0,프로모션 추천,11043.0,프로모션 순비용이 재배치 비용보다 낮습니다.,26.789350039154268,19.396551724137932,12,8,66.2,검토 가능,11043.0,47.0,10,False,Greedy 선택 후보보다 우선순위가 낮음,5.97,860,397,3,디저트,372,179.0,42.0,153940.0,B,0.9366747014475232,2,60.0,66.5,5.41,SLOW,63.1,True,56.3,MEDIUM,유통기한 임박 | 소진일수 66일 초과,5.1,23.0,0.0,SAFE,"재고 여유 — 현재고(397), 재주문점(23)",0.0,318.4,53.3,68447.0,23.1,OPTIMAL,"적정 발주 — EOQ(318개), 권장 발주 주기 53일",23.1,41.9,5.99,8.45,3.52,STABLE,66.3,0.0,WMA,0.0,32.1,10.0,3.6,6.0,7.5,5.0,POOR,낮은 매칭,1.005,50.1,STABLE,12.9,LOW,69.6,MEDIUM,32.5,74.2,100.0,0.3,30.0,37461.0,74.9,0.385,0.385,88.5,False,8.7,467,30.5,331,100.0,0.999,4.9,57.0,50.0,REALLOCATE,98.8,2,99.8,60.7,41.4,disposal_risk,60.1,검토 필요,115,HEURISTIC 29% | ABC 14% | TURNOVER 14% | DISPOSAL_RISK 14% | SAFETY_STOCK 8% | EOQ 7% | DEMAND_FORECAST 7% | MATCH 5%,"['⏰ 유통기한 임박 (91%)', '❄️ 냉장·냉동 과잉 (80%)', '💸 배송비 상승 (100%)', '⚡ 복합 스트레스 (60%)']","{'재고위험': '24.9%', '판매가능성': '13.1%', '점포이동적합': '14.0%', '비용절감': '18.3%', '폐기회피이익': '13.7%', '실행가능성': '12.8%', '이력보정': '3.3%'}",True,True,False,True,False,True,54.6,32.7,51.2,54.9,56.9,91.4,49.7,54.6,0.0,67.1,권장,보류,⏸️,167,HIGH,신뢰도 높음 ●,#2e7d32,,,67.1,권장,보류,3,6,False,False,,50.0,20319.0,0.0,20319.0,20.91,0.0,20.91,42.0,0.0,397.0,47.0,할인,재고 이동,67.538,다름,67.538,66.928,30.312,17.504
아이스크림105,방배점,선릉2점,47.0,프로모션 추천,11043.0,프로모션 순비용이 재배치 비용보다 낮습니다.,26.789350039154268,19.396551724137932,12,8,66.2,검토 가능,11043.0,47.0,11,False,Greedy 선택 후보보다 우선순위가 낮음,4.77,860,240,4,디저트,214,143.0,33.0,122980.0,B,0.9366747014475232,2,60.0,50.3,7.15,NORMAL,72.1,False,40.2,MEDIUM,유통기한 임박,4.1,18.4,0.0,SAFE,"재고 여유 — 현재고(240), 재주문점(18)",0.0,284.6,59.7,61182.0,13.7,OPTIMAL,"적정 발주 — EOQ(285개), 권장 발주 주기 60일",13.7,33.2,4.74,6.71,2.78,STABLE,50.6,1.3,WMA,1.3,32.2,10.0,3.66,6.0,7.5,5.0,POOR,낮은 매칭,0.988,49.7,STABLE,10.1,LOW,66.1,MEDIUM,32.5,74.2,100.0,0.3,30.0,37461.0,74.9,0.385,0.385,88.5,False,14.6,131,23.5,476,100.0,0.999,4.9,57.0,50.0,REALLOCATE,98.7,2,99.8,60.7,40.7,turnover,57.8,검토 필요,171,HEURISTIC 29% | ABC 14% | TURNOVER 14% | DISPOSAL_RISK 14% | SAFETY_STOCK 8% | EOQ 7% | DEMAND_FORECAST 7% | MATCH 5%,"['⏰ 유통기한 임박 (91%)', '❄️ 냉장·냉동 과잉 (80%)', '💸 배송비 상승 (100%)', '⚡ 복합 스트레스 (60%)']","{'재고위험': '24.9%', '판매가능성': '13.1%', '점포이동적합': '14.0%', '비용절감': '18.3%', '폐기회피이익': '13.7%', '실행가능성': '12.8%', '이력보정': '3.3%'}",True,True,False,True,False,True,49.7,33.3,49.9,53.5,56.9,91.4,52.9,53.0,0.0,51.2,검토,보류,⏸️,252,HIGH,신뢰도 높음 ●,#2e7d32,,,51.2,검토,보류,2,6,False,False,,50.0,23397.0,0.0,23397.0,24.33,0.0,24.33,49.0,0.0,240.0,47.0,할인,할인,61.864,일치,57.072,61.864,27.69,18.333
푸딩047,잠실2점,신촌점,0.0,다중 경로 추천,11910.0,다중 연결 경로가 기존 직접/DC 경유 방식보다 비용이 낮습니다.,25.657791699295224,10.0,18,12,65.7,검토 가능,11910.0,,12,False,Greedy 선택 후보보다 우선순위가 낮음,5.1,1501,326,2,디저트,312,153.0,36.0,229653.0,B,0.8822434874513435,2,60.0,63.9,5.63,SLOW,64.5,True,55.0,MEDIUM,유통기한 임박,4.4,19.7,0.0,SAFE,"재고 여유 — 현재고(326), 재주문점(20)",0.0,222.7,43.7,83578.0,44.4,OPTIMAL,"적정 발주 — EOQ(223개), 권장 발주 주기 44일",44.4,35.9,5.13,7.23,3.02,STABLE,63.6,0.0,WMA,0.0,32.1,10.0,3.6,6.0,7.5,5.0,POOR,낮은 매칭,1.008,50.2,STABLE,12.4,LOW,73.1,HIGH,33.8,58.0,73.0,0.3,30.0,42126.0,84.3,0.385,0.385,88.5,False,8.4,475,29.8,352,100.0,0.999,4.9,41.1,50.0,REALLOCATE,98.5,2,99.8,65.3,41.4,disposal_risk,61.1,검토 필요,104,HEURISTIC 29% | ABC 14% | TURNOVER 14% | DISPOSAL_RISK 14% | SAFETY_STOCK 8% | EOQ 7% | DEMAND_FORECAST 7% | MATCH 5%,"['⏰ 유통기한 임박 (91%)', '❄️ 냉장·냉동 과잉 (80%)', '💸 배송비 상승 (100%)', '⚡ 복합 스트레스 (60%)']","{'재고위험': '24.9%', '판매가능성': '13.1%', '점포이동적합': '14.0%', '비용절감': '18.3%', '폐기회피이익': '13.7%', '실행가능성': '12.8%', '이력보정': '3.3%'}",True,True,False,True,False,True,54.3,32.8,49.5,57.8,62.6,68.0,49.5,52.6,0.0,47.3,검토,보류,⏸️,273,HIGH,신뢰도 높음 ●,#2e7d32,,,47.3,검토,보류,4,0,False,False,,50.0,14712.0,0.0,14712.0,14.68,0.0,14.68,29.0,0.0,326.0,39.0,재고 이동,재고 이동,58.857,일치,58.857,53.141,24.959,16.712
과일컵041,역삼점,목동2점,26.0,프로모션 추천,4916.0,프로모션 순비용이 재배치 비용보다 낮습니다.,34.78595666927695,10.344827586206897,12,8,65.1,검토 가능,4916.0,26.0,13,False,Greedy 선택 후보보다 우선순위가 낮음,8.6,707,317,0,신선식품,305,258.0,60.0,182406.0,B,0.924805658447968,2,60.0,36.9,9.77,NORMAL,79.5,False,53.4,MEDIUM,유통기한 임박 | 신선/냉장 고위험 카테고리,7.4,33.2,0.0,SAFE,"재고 여유 — 현재고(317), 재주문점(33)",0.0,356.2,41.4,88133.0,10.5,OPTIMAL,"적정 발주 — EOQ(356개), 권장 발주 주기 41일",10.5,60.1,8.59,12.13,5.04,STABLE,36.9,3.1,WMA,3.1,32.2,10.0,3.75,6.0,7.5,5.0,POOR,낮은 매칭,0.997,49.9,STABLE,7.2,LOW,78.3,HIGH,25.4,80.7,77.5,0.3,30.0,17142.0,34.3,0.385,0.385,88.5,True,33.7,26,28.2,391,100.0,0.999,4.9,44.5,50.0,REALLOCATE,98.4,1,100.0,40.2,38.0,turnover,62.6,검토 필요,88,HEURISTIC 29% | ABC 14% | TURNOVER 14% | DISPOSAL_RISK 14% | SAFETY_STOCK 8% | EOQ 7% | DEMAND_FORECAST 7% | MATCH 5%,"['⏰ 유통기한 임박 (91%)', '❄️ 냉장·냉동 과잉 (80%)', '💸 배송비 상승 (100%)', '⚡ 복합 스트레스 (60%)']","{'재고위험': '24.9%', '판매가능성': '13.1%', '점포이동적합': '14.0%', '비용절감': '18.3%', '폐기회피이익': '13.7%', '실행가능성': '12.8%', '이력보정': '3.3%'}",True,True,False,True,False,True,57.6,34.2,49.6,52.4,32.6,78.6,63.5,49.8,0.0,23.1,검토,보류,⏸️,403,HIGH,신뢰도 높음 ●,#2e7d32,,,23.1,검토,보류,1,4,False,False,,50.0,18771.0,0.0,18771.0,19.19,0.0,19.19,38.0,0.0,317.0,26.0,할인,할인,61.916,일치,60.203,61.916,27.496,18.263
과일컵041,명동점,목동2점,26.0,프로모션 추천,4916.0,프로모션 순비용이 재배치 비용보다 낮습니다.,34.78595666927695,10.344827586206897,12,8,65.1,검토 가능,4916.0,26.0,14,False,Greedy 선택 후보보다 우선순위가 낮음,2.26,707,251,2,신선식품,245,68.0,16.0,48076.0,B,0.924805658447968,2,60.0,110.7,3.25,DEAD,38.5,True,78.0,HIGH,유통기한 임박 | 소진일수 111일 초과 | 신선/냉장 고위험 카테고리,1.9,8.7,0.0,SAFE,"재고 여유 — 현재고(251), 재주문점(9)",0.0,182.6,80.8,45180.0,36.4,OPTIMAL,"적정 발주 — EOQ(183개), 권장 발주 주기 81일",36.4,15.9,2.27,3.2,1.34,STABLE,110.5,0.0,WMA,0.0,36.9,10.0,8.4,6.0,7.5,5.0,POOR,낮은 매칭 · 폐기위험 높음,1.011,50.3,STABLE,21.6,LOW,73.1,HIGH,25.4,80.7,77.5,0.3,30.0,17142.0,34.3,0.385,0.385,88.5,True,13.6,209,42.2,87,100.0,0.999,4.9,44.5,50.0,REALLOCATE,98.3,2,99.8,40.2,38.4,disposal_risk,62.8,검토 필요,84,HEURISTIC 29% | ABC 14% | TURNOVER 14% | DISPOSAL_RISK 14% | SAFETY_STOCK 8% | EOQ 7% | DEMAND_FORECAST 7% | MATCH 5%,"['⏰ 유통기한 임박 (91%)', '❄️ 냉장·냉동 과잉 (80%)', '💸 배송비 상승 (100%)', '⚡ 복합 스트레스 (60%)']","{'재고위험': '24.9%', '판매가능성': '13.1%', '점포이동적합': '14.0%', '비용절감': '18.3%', '폐기회피이익': '13.7%', '실행가능성': '12.8%', '이력보정': '3.3%'}",True,True,False,True,False,True,57.8,32.8,54.5,56.3,32.6,78.6,52.4,51.1,0.0,30.7,검토,할인 판매,🏷️,362,HIGH,신뢰도 높음 ●,#2e7d32,,,30.7,검토,할인 판매,5,4,False,False,,50.0,26133.0,0.0,26133.0,27.37,0.0,27.37,55.0,0.0,251.0,26.0,할인,할인,72.517,일치,52.235,72.517,30.603,18.565
냉동치킨024,선릉점,여의도점,27.0,프로모션 추천,5283.0,프로모션 순비용이 재배치 비용보다 낮습니다.,34.30696945967111,10.775862068965516,12,8,65.1,검토 가능,5283.0,27.0,15,False,Greedy 선택 후보보다 우선순위가 낮음,3.08,729,356,10,냉동식품,313,92.0,22.0,67068.0,C,1.0,3,20.0,116.1,3.1,DEAD,35.5,True,49.7,MEDIUM,소진일수 116일 초과 | 신선/냉장 고위험 카테고리,2.6,11.8,0.0,SAFE,"재고 여유 — 현재고(356), 재주문점(12)",0.0,226.7,73.6,49585.0,55.9,OVER,과잉 발주 위험 — 현재(353개) > EOQ(227개). 발주 주기 74일 권장,55.9,21.8,3.11,4.38,1.84,STABLE,114.3,0.0,WMA,0.0,29.1,10.0,3.6,3.0,7.5,5.0,POOR,낮은 매칭,1.02,50.5,STABLE,22.5,LOW,45.1,MEDIUM,35.0,75.5,67.7,0.3,30.0,18337.0,36.7,0.385,0.385,88.5,True,7.1,482,29.6,356,100.0,0.999,4.9,36.5,50.0,REALLOCATE,98.1,2,99.8,41.4,51.5,disposal_risk,47.1,모니터링,414,HEURISTIC 29% | ABC 14% | TURNOVER 14% | DISPOSAL_RISK 14% | SAFETY_STOCK 8% | EOQ 7% | DEMAND_FORECAST 7% | MATCH 5%,"['⏰ 유통기한 임박 (91%)', '❄️ 냉장·냉동 과잉 (80%)', '💸 배송비 상승 (100%)', '⚡ 복합 스트레스 (60%)']","{'재고위험': '24.9%', '판매가능성': '13.1%', '점포이동적합': '14.0%', '비용절감': '18.3%', '폐기회피이익': '13.7%', '실행가능성': '12.8%', '이력보정': '3.3%'}",True,True,False,True,False,True,38.3,32.8,47.7,59.2,34.0,70.3,48.8,45.0,0.0,8.2,검토,보류,⏸️,483,HIGH,신뢰도 높음 ●,#2e7d32,,,8.2,검토,보류,3,2,False,False,,50.0,27915.0,0.0,27915.0,29.35,0.0,29.35,59.0,0.0,356.0,27.0,할인,할인,73.444,일치,49.403,73.444,30.601,16.752
라면086,건대점,역삼2점,0.0,다중 경로 추천,12300.0,다중 연결 경로가 기존 직접/DC 경유 방식보다 비용이 낮습니다.,25.14878621769773,10.0,18,12,65.1,검토 가능,12300.0,,16,False,Greedy 선택 후보보다 우선순위가 낮음,5.61,3405,356,5,간편식,317,168.0,39.0,572040.0,A,0.04778947291941071,1,100.0,63.6,5.66,SLOW,64.7,True,51.8,MEDIUM,유통기한 임박,4.8,21.6,0.0,SAFE,"재고 여유 — 현재고(356), 재주문점(22)",0.0,165.3,29.5,123851.0,100.0,OVER,과잉 발주 위험 — 현재(351개) > EOQ(165개). 발주 주기 30일 권장,100.0,39.1,5.59,7.9,3.27,STABLE,63.7,0.0,WMA,0.0,36.1,10.0,3.6,10.0,7.5,5.0,POOR,낮은 매칭 · 핵심(A)상품,0.993,49.8,STABLE,12.5,LOW,62.6,MEDIUM,32.0,36.3,72.3,0.3,30.0,110280.0,100.0,0.385,0.385,88.5,False,8.0,477,29.3,365,100.0,0.999,4.9,40.5,50.0,REALLOCATE,98.0,2,99.8,73.0,27.0,disposal_risk,72.0,우선 처리,3,HEURISTIC 29% | ABC 14% | TURNOVER 14% | DISPOSAL_RISK 14% | SAFETY_STOCK 8% | EOQ 7% | DEMAND_FORECAST 7% | MATCH 5%,"['⏰ 유통기한 임박 (91%)', '❄️ 냉장·냉동 과잉 (80%)', '💸 배송비 상승 (100%)', '⚡ 복합 스트레스 (60%)']","{'재고위험': '24.9%', '판매가능성': '13.1%', '점포이동적합': '14.0%', '비용절감': '18.3%', '폐기회피이익': '13.7%', '실행가능성': '12.8%', '이력보정': '3.3%'}",True,True,False,True,False,True,59.0,32.6,51.2,65.8,72.0,60.3,49.3,55.7,0.0,83.3,최적,보류,⏸️,80,HIGH,신뢰도 높음 ●,#2e7d32,,,83.3,최적,보류,3,2,False,False,,50.0,14217.0,0.0,14217.0,14.13,0.0,14.13,28.0,0.0,356.0,41.0,재고 이동,재고 이동,66.759,일치,66.759,50.324,25.283,16.676
냉동치킨024,선릉점,잠원2점,23.0,프로모션 추천,4500.0,프로모션 순비용이 재배치 비용보다 낮습니다.,35.32889584964761,9.051724137931034,12,8,64.4,검토 가능,4500.0,23.0,17,False,Greedy 선택 후보보다 우선순위가 낮음,3.08,729,356,10,냉동식품,313,92.0,22.0,67068.0,C,1.0,3,20.0,116.1,3.1,DEAD,35.5,True,49.7,MEDIUM,소진일수 116일 초과 | 신선/냉장 고위험 카테고리,2.6,11.8,0.0,SAFE,"재고 여유 — 현재고(356), 재주문점(12)",0.0,226.7,73.6,49585.0,55.9,OVER,과잉 발주 위험 — 현재(353개) > EOQ(227개). 발주 주기 74일 권장,55.9,21.8,3.11,4.38,1.84,STABLE,114.3,0.0,WMA,0.0,29.1,10.0,3.6,3.0,7.5,5.0,POOR,낮은 매칭,1.02,50.5,STABLE,22.5,LOW,45.1,MEDIUM,40.9,61.1,64.3,0.3,30.0,15620.0,31.2,0.385,0.385,88.5,True,7.1,482,29.5,360,100.0,0.999,4.9,33.1,50.0,REALLOCATE,97.9,2,99.8,38.5,51.8,disposal_risk,46.5,모니터링,427,HEURISTIC 29% | ABC 14% | TURNOVER 14% | DISPOSAL_RISK 14% | SAFETY_STOCK 8% | EOQ 7% | DEMAND_FORECAST 7% | MATCH 5%,"['⏰ 유통기한 임박 (91%)', '❄️ 냉장·냉동 과잉 (80%)', '💸 배송비 상승 (100%)', '⚡ 복합 스트레스 (60%)']","{'재고위험': '24.9%', '판매가능성': '13.1%', '점포이동적합': '14.0%', '비용절감': '18.3%', '폐기회피이익': '13.7%', '실행가능성': '12.8%', '이력보정': '3.3%'}",True,True,False,True,False,True,38.3,32.8,47.3,58.8,30.7,63.2,48.8,43.5,0.0,5.7,검토,보류,⏸️,496,HIGH,신뢰도 높음 ●,#2e7d32,,,5.7,검토,보류,3,2,False,False,,50.0,31722.0,0.0,31722.0,33.58,0.0,33.58,67.0,0.0,356.0,23.0,할인,할인,75.354,일치,45.234,75.354,30.645,16.994
탄산음료050,목동2점,압구정점,0.0,다중 경로 추천,12920.0,다중 연결 경로가 기존 직접/DC 경유 방식보다 비용이 낮습니다.,24.339598016183764,10.0,18,12,64.3,검토 가능,12920.0,,18,False,Greedy 선택 후보보다 우선순위가 낮음,0.6,2391,361,0,음료,361,18.0,4.0,43038.0,B,0.8656502532053011,2,60.0,601.7,0.6,DEAD,0.0,True,70.0,HIGH,유통기한 임박 | 소진일수 602일 초과,0.5,2.3,0.0,SAFE,"재고 여유 — 현재고(361), 재주문점(2)",0.0,71.3,118.8,30701.0,100.0,OVER,과잉 발주 위험 — 현재(360개) > EOQ(71개). 발주 주기 119일 권장,100.0,4.1,0.59,0.83,0.34,STABLE,616.3,0.0,WMA,0.0,36.9,10.0,8.4,6.0,7.5,5.0,POOR,낮은 매칭 · 폐기위험 높음,0.952,48.8,STABLE,36.2,LOW,78.3,HIGH,29.8,53.2,90.7,0.3,30.0,73156.0,100.0,0.385,0.385,88.5,False,12.0,342,42.6,74,100.0,0.999,4.9,52.6,50.0,REALLOCATE,97.7,2,99.8,72.9,34.9,disposal_risk,58.2,검토 필요,163,HEURISTIC 29% | ABC 14% | TURNOVER 14% | DISPOSAL_RISK 14% | SAFETY_STOCK 8% | EOQ 7% | DEMAND_FORECAST 7% | MATCH 5%,"['⏰ 유통기한 임박 (91%)', '❄️ 냉장·냉동 과잉 (80%)', '💸 배송비 상승 (100%)', '⚡ 복합 스트레스 (60%)']","{'재고위험': '24.9%', '판매가능성': '13.1%', '점포이동적합': '14.0%', '비용절감': '18.3%', '폐기회피이익': '13.7%', '실행가능성': '12.8%', '이력보정': '3.3%'}",True,True,False,True,False,True,44.1,32.3,55.4,65.4,72.0,78.2,51.5,54.8,0.0,70.6,권장,할인 판매,🏷️,148,HIGH,신뢰도 높음 ●,#2e7d32,,,70.6,권장,할인 판매,4,0,False,False,,50.0,16629.0,0.0,16629.0,16.81,0.0,16.81,34.0,0.0,361.0,43.0,재고 이동,할인,61.659,다름,59.58,61.659,28.253,14.582
탄산음료099,문래점,강남점,35.0,프로모션 추천,8843.0,프로모션 순비용이 재배치 비용보다 낮습니다.,29.660663012268337,14.224137931034484,12,8,63.9,검토 가능,8843.0,35.0,19,False,Greedy 선택 후보보다 우선순위가 낮음,2.68,919,295,0,음료,292,80.0,19.0,73520.0,C,0.9983900138288021,3,20.0,110.6,3.25,DEAD,38.6,True,70.0,HIGH,유통기한 임박 | 소진일수 111일 초과,2.3,10.3,0.0,SAFE,"재고 여유 — 현재고(295), 재주문점(10)",0.0,243.2,90.7,40226.0,20.4,OPTIMAL,"적정 발주 — EOQ(243개), 권장 발주 주기 91일",20.4,18.9,2.7,3.81,1.59,STABLE,109.3,0.0,WMA,0.0,33.9,10.0,8.4,3.0,7.5,5.0,POOR,낮은 매칭 · 폐기위험 높음,1.013,50.3,STABLE,21.4,LOW,78.3,HIGH,31.9,38.9,80.3,0.3,30.0,29755.0,59.5,0.385,0.385,88.5,False,11.8,362,38.3,202,100.0,0.999,4.9,46.4,50.0,REALLOCATE,97.6,2,99.8,52.5,44.0,disposal_risk,50.5,모니터링,334,HEURISTIC 29% | ABC 14% | TURNOVER 14% | DISPOSAL_RISK 14% | SAFETY_STOCK 8% | EOQ 7% | DEMAND_FORECAST 7% | MATCH 5%,"['⏰ 유통기한 임박 (91%)', '❄️ 냉장·냉동 과잉 (80%)', '💸 배송비 상승 (100%)', '⚡ 복합 스트레스 (60%)']","{'재고위험': '24.9%', '판매가능성': '13.1%', '점포이동적합': '14.0%', '비용절감': '18.3%', '폐기회피이익': '13.7%', '실행가능성': '12.8%', '이력보정': '3.3%'}",True,True,False,True,False,True,48.2,32.8,52.6,53.2,47.7,66.5,51.4,48.4,0.0,17.1,검토,할인 판매,🏷️,435,HIGH,신뢰도 높음 ●,#2e7d32,,,17.1,검토,할인 판매,2,0,False,False,,50.0,22767.0,0.0,22767.0,23.63,0.0,23.63,47.0,0.0,295.0,35.0,할인,할인,71.013,일치,54.049,71.013,30.321,16.912
탄산음료099,선릉점,역삼2점,32.0,프로모션 추천,8085.0,프로모션 순비용이 재배치 비용보다 낮습니다.,30.649960845732185,12.931034482758621,12,8,63.6,검토 가능,8085.0,32.0,20,False,Greedy 선택 후보보다 우선순위가 낮음,0.69,919,315,10,음료,306,21.0,5.0,19299.0,C,0.9983900138288021,3,20.0,450.0,0.8,DEAD,0.0,True,43.7,MEDIUM,소진일수 450일 초과,0.6,2.7,0.0,SAFE,"재고 여유 — 현재고(315), 재주문점(3)",0.0,123.4,178.8,20411.0,100.0,OVER,과잉 발주 위험 — 현재(314개) > EOQ(123개). 발주 주기 179일 권장,100.0,4.9,0.7,0.98,0.42,STABLE,450.0,0.0,WMA,0.0,29.1,10.0,3.6,3.0,7.5,5.0,POOR,낮은 매칭,1.035,50.9,STABLE,35.0,LOW,45.1,MEDIUM,30.4,36.3,72.3,0.3,30.0,27205.0,54.4,0.385,0.385,88.5,False,5.8,490,30.2,343,100.0,0.999,4.9,40.5,50.0,REALLOCATE,97.5,2,99.8,49.9,50.3,disposal_risk,41.5,모니터링,472,HEURISTIC 29% | ABC 14% | TURNOVER 14% | DISPOSAL_RISK 14% | SAFETY_STOCK 8% | EOQ 7% | DEMAND_FORECAST 7% | MATCH 5%,"['⏰ 유통기한 임박 (91%)', '❄️ 냉장·냉동 과잉 (80%)', '💸 배송비 상승 (100%)', '⚡ 복합 스트레스 (60%)']","{'재고위험': '24.9%', '판매가능성': '13.1%', '점포이동적합': '14.0%', '비용절감': '18.3%', '폐기회피이익': '13.7%', '실행가능성': '12.8%', '이력보정': '3.3%'}",True,True,False,True,False,True,26.2,33.0,48.2,65.0,44.6,60.3,48.1,43.3,0.0,5.6,검토,보류,⏸️,497,HIGH,신뢰도 높음 ●,#2e7d32,,,5.6,검토,보류,3,2,False,False,,50.0,30777.0,0.0,30777.0,32.53,0.0,32.53,65.0,0.0,315.0,32.0,할인,할인,74.621,일치,46.465,74.621,31.209,15.318
탄산음료099,동대문점,역삼2점,32.0,프로모션 추천,8085.0,프로모션 순비용이 재배치 비용보다 낮습니다.,30.649960845732185,12.931034482758621,12,8,63.6,검토 가능,8085.0,32.0,21,False,Greedy 선택 후보보다 우선순위가 낮음,1.5,919,346,2,음료,342,45.0,10.0,41355.0,C,0.9983900138288021,3,20.0,230.7,1.56,DEAD,0.0,True,68.0,HIGH,유통기한 임박 | 소진일수 231일 초과,1.3,5.8,0.0,SAFE,"재고 여유 — 현재고(346), 재주문점(6)",0.0,181.9,121.3,30094.0,89.5,OVER,과잉 발주 위험 — 현재(345개) > EOQ(182개). 발주 주기 121일 권장,89.5,10.2,1.46,2.08,0.84,STABLE,237.5,0.0,WMA,0.0,33.9,10.0,8.4,3.0,7.5,5.0,POOR,낮은 매칭 · 폐기위험 높음,0.952,48.8,STABLE,36.2,LOW,73.1,HIGH,30.4,36.3,72.3,0.3,30.0,27205.0,54.4,0.385,0.385,88.5,False,11.4,400,41.2,128,100.0,0.999,4.9,40.5,50.0,REALLOCATE,97.3,2,99.8,49.9,40.5,disposal_risk,48.2,모니터링,390,HEURISTIC 29% | ABC 14% | TURNOVER 14% | DISPOSAL_RISK 14% | SAFETY_STOCK 8% | EOQ 7% | DEMAND_FORECAST 7% | MATCH 5%,"['⏰ 유통기한 임박 (91%)', '❄️ 냉장·냉동 과잉 (80%)', '💸 배송비 상승 (100%)', '⚡ 복합 스트레스 (60%)']","{'재고위험': '24.9%', '판매가능성': '13.1%', '점포이동적합': '14.0%', '비용절감': '18.3%', '폐기회피이익': '13.7%', '실행가능성': '12.8%', '이력보정': '3.3%'}",True,True,False,True,False,True,37.2,32.3,52.5,63.4,44.6,60.3,51.2,46.3,0.0,10.4,검토,할인 판매,🏷️,471,HIGH,신뢰도 높음 ●,#2e7d32,,,10.4,검토,할인 판매,3,2,False,False,,50.0,31470.0,0.0,31470.0,33.3,0.0,33.3,67.0,0.0,346.0,32.0,할인,할인,80.082,일치,48.631,80.082,33.21,16.009
김밥048,교대점,선릉2점,38.0,프로모션 추천,10034.0,프로모션 순비용이 재배치 비용보다 낮습니다.,28.10623858000522,15.517241379310345,12,8,63.6,검토 가능,10034.0,38.0,22,False,Greedy 선택 후보보다 우선순위가 낮음,1.83,957,377,4,신선식품,367,55.0,13.0,52635.0,C,0.9949818160798285,3,20.0,205.6,1.75,DEAD,0.0,True,70.0,HIGH,유통기한 임박 | 소진일수 206일 초과 | 신선/냉장 고위험 카테고리,1.6,7.1,0.0,SAFE,"재고 여유 — 현재고(377), 재주문점(7)",0.0,141.2,77.2,47300.0,100.0,OVER,과잉 발주 위험 — 현재(375개) > EOQ(141개). 발주 주기 77일 권장,100.0,12.9,1.84,2.6,1.09,STABLE,204.6,0.0,WMA,0.0,33.9,10.0,8.4,3.0,7.5,5.0,POOR,낮은 매칭 · 폐기위험 높음,1.015,50.4,STABLE,35.0,LOW,66.1,MEDIUM,37.4,74.2,100.0,0.3,30.0,33605.0,67.2,0.385,0.385,88.5,True,11.9,351,41.7,103,100.0,0.999,4.9,57.0,50.0,REALLOCATE,97.2,2,99.8,56.3,39.6,disposal_risk,49.5,모니터링,354,HEURISTIC 29% | ABC 14% | TURNOVER 14% | DISPOSAL_RISK 14% | SAFETY_STOCK 8% | EOQ 7% | DEMAND_FORECAST 7% | MATCH 5%,"['⏰ 유통기한 임박 (91%)', '❄️ 냉장·냉동 과잉 (80%)', '💸 배송비 상승 (100%)', '⚡ 복합 스트레스 (60%)']","{'재고위험': '24.9%', '판매가능성': '13.1%', '점포이동적합': '14.0%', '비용절감': '18.3%', '폐기회피이익': '13.7%', '실행가능성': '12.8%', '이력보정': '3.3%'}",True,True,False,True,False,True,38.0,32.8,54.3,65.0,52.3,91.4,51.5,52.1,0.0,39.9,검토,할인 판매,🏷️,313,HIGH,신뢰도 높음 ●,#2e7d32,,,39.9,검토,할인 판매,3,6,False,False,,50.0,13128.0,0.0,13128.0,12.92,0.0,12.92,26.0,0.0,377.0,38.0,할인,재고 이동,71.085,다름,71.085,69.16,31.749,12.93
김밥048,건대2점,선릉2점,38.0,프로모션 추천,10034.0,프로모션 순비용이 재배치 비용보다 낮습니다.,28.10623858000522,15.517241379310345,12,8,63.6,검토 가능,10034.0,38.0,23,False,Greedy 선택 후보보다 우선순위가 낮음,0.52,957,360,0,신선식품,360,16.0,4.0,15312.0,C,0.9949818160798285,3,20.0,675.0,0.53,DEAD,0.0,True,80.0,CRITICAL,유통기한 임박 | 소진일수 675일 초과 | 신선/냉장 고위험 카테고리,0.4,2.0,0.0,SAFE,"재고 여유 — 현재고(360), 재주문점(2)",0.0,75.3,144.8,25214.0,100.0,OVER,과잉 발주 위험 — 현재(360개) > EOQ(75개). 발주 주기 145일 권장,100.0,3.9,0.56,0.77,0.34,STABLE,646.2,0.0,WMA,0.0,37.5,10.0,12.0,3.0,7.5,5.0,POOR,낮은 매칭 · 폐기위험 높음,1.099,52.5,STABLE,35.0,LOW,78.3,HIGH,37.4,74.2,100.0,0.3,30.0,33605.0,67.2,0.385,0.385,88.5,True,14.1,163,46.4,2,100.0,0.999,4.9,57.0,50.0,REALLOCATE,97.1,2,99.8,56.3,34.3,disposal_risk,53.0,모니터링,281,HEURISTIC 29% | ABC 14% | TURNOVER 14% | DISPOSAL_RISK 14% | SAFETY_STOCK 8% | EOQ 7% | DEMAND_FORECAST 7% | MATCH 5%,"['⏰ 유통기한 임박 (91%)', '❄️ 냉장·냉동 과잉 (80%)', '💸 배송비 상승 (100%)', '⚡ 복합 스트레스 (60%)']","{'재고위험': '24.9%', '판매가능성': '13.1%', '점포이동적합': '14.0%', '비용절감': '18.3%', '폐기회피이익': '13.7%', '실행가능성': '12.8%', '이력보정': '3.3%'}",True,True,False,True,False,True,42.5,33.4,56.9,65.0,52.3,91.4,52.7,53.7,0.0,56.6,검토,할인 판매,🏷️,223,HIGH,신뢰도 높음 ●,#2e7d32,,,56.6,검토,할인 판매,5,6,False,False,,50.0,24693.0,0.0,24693.0,25.77,0.0,25.77,52.0,0.0,360.0,38.0,할인,할인,78.061,일치,58.821,78.061,33.853,15.24
김밥048,명동점,선릉2점,38.0,프로모션 추천,10034.0,프로모션 순비용이 재배치 비용보다 낮습니다.,28.10623858000522,15.517241379310345,12,8,63.6,검토 가능,10034.0,38.0,24,False,Greedy 선택 후보보다 우선순위가 낮음,1.44,957,382,5,신선식품,372,43.0,10.0,41151.0,C,0.9949818160798285,3,20.0,266.5,1.35,DEAD,0.0,True,70.0,HIGH,유통기한 임박 | 소진일수 266일 초과 | 신선/냉장 고위험 카테고리,1.2,5.5,0.0,SAFE,"재고 여유 — 현재고(382), 재주문점(6)",0.0,125.3,87.0,41958.0,100.0,OVER,과잉 발주 위험 — 현재(381개) > EOQ(125개). 발주 주기 87일 권장,100.0,10.0,1.43,2.02,0.83,STABLE,267.4,0.0,WMA,0.0,33.9,10.0,8.4,3.0,7.5,5.0,POOR,낮은 매칭 · 폐기위험 높음,0.992,49.8,STABLE,35.2,LOW,62.6,MEDIUM,37.4,74.2,100.0,0.3,30.0,33605.0,67.2,0.385,0.385,88.5,True,11.9,351,41.8,101,100.0,0.999,4.9,57.0,50.0,REALLOCATE,96.9,2,99.8,56.3,39.6,disposal_risk,49.5,모니터링,352,HEURISTIC 29% | ABC 14% | TURNOVER 14% | DISPOSAL_RISK 14% | SAFETY_STOCK 8% | EOQ 7% | DEMAND_FORECAST 7% | MATCH 5%,"['⏰ 유통기한 임박 (91%)', '❄️ 냉장·냉동 과잉 (80%)', '💸 배송비 상승 (100%)', '⚡ 복합 스트레스 (60%)']","{'재고위험': '24.9%', '판매가능성': '13.1%', '점포이동적합': '14.0%', '비용절감': '18.3%', '폐기회피이익': '13.7%', '실행가능성': '12.8%', '이력보정': '3.3%'}",True,True,False,True,False,True,38.0,32.6,54.3,65.0,52.3,91.4,51.5,52.1,0.0,39.7,검토,할인 판매,🏷️,314,HIGH,신뢰도 높음 ●,#2e7d32,,,39.7,검토,할인 판매,5,6,False,False,,50.0,26943.0,0.0,26943.0,28.27,0.0,28.27,57.0,0.0,382.0,38.0,할인,할인,78.275,일치,56.229,78.275,33.641,15.338
탄산음료050,청량리점,합정점,0.0,다중 경로 추천,13500.0,다중 연결 경로가 기존 직접/DC 경유 방식보다 비용이 낮습니다.,23.582615505090057,10.0,18,12,63.6,검토 가능,13500.0,,25,False,Greedy 선택 후보보다 우선순위가 낮음,3.1,2391,366,3,음료,353,93.0,22.0,222363.0,B,0.8656502532053011,2,60.0,118.1,3.05,DEAD,34.4,True,68.0,HIGH,유통기한 임박 | 소진일수 118일 초과,2.7,12.0,0.0,SAFE,"재고 여유 — 현재고(366), 재주문점(12)",0.0,162.1,52.3,69784.0,100.0,OVER,과잉 발주 위험 — 현재(363개) > EOQ(162개). 발주 주기 52일 권장,100.0,21.9,3.13,4.41,1.85,STABLE,117.0,0.0,WMA,0.0,36.9,10.0,8.4,6.0,7.5,5.0,POOR,낮은 매칭 · 폐기위험 높음,1.014,50.3,STABLE,23.0,LOW,69.6,MEDIUM,38.7,59.9,78.8,0.3,30.0,72576.0,100.0,0.385,0.385,88.5,False,11.6,380,38.5,198,100.0,0.999,4.9,45.4,50.0,REALLOCATE,96.8,2,99.8,72.7,42.6,disposal_risk,62.7,검토 필요,86,HEURISTIC 29% | ABC 14% | TURNOVER 14% | DISPOSAL_RISK 14% | SAFETY_STOCK 8% | EOQ 7% | DEMAND_FORECAST 7% | MATCH 5%,"['⏰ 유통기한 임박 (91%)', '❄️ 냉장·냉동 과잉 (80%)', '💸 배송비 상승 (100%)', '⚡ 복합 스트레스 (60%)']","{'재고위험': '24.9%', '판매가능성': '13.1%', '점포이동적합': '14.0%', '비용절감': '18.3%', '폐기회피이익': '13.7%', '실행가능성': '12.8%', '이력보정': '3.3%'}",True,True,False,True,False,True,52.2,32.8,53.8,65.0,72.0,72.5,51.3,55.8,0.0,84.0,최적,할인 판매,🏷️,76,HIGH,신뢰도 높음 ●,#2e7d32,,,84.0,최적,할인 판매,2,6,False,False,,50.0,15657.0,0.0,15657.0,15.73,0.0,15.73,31.0,0.0,366.0,39.0,재고 이동,재고 이동,61.784,일치,61.784,57.525,27.275,15.406
푸딩047,신촌2점,여의도점,0.0,다중 경로 추천,13740.0,다중 연결 경로가 기존 직접/DC 경유 방식보다 비용이 낮습니다.,23.269381362568524,10.0,18,12,63.3,검토 가능,13740.0,,26,False,Greedy 선택 후보보다 우선순위가 낮음,0.54,1501,318,0,디저트,318,16.0,4.0,24016.0,B,0.8822434874513435,2,60.0,596.2,0.6,DEAD,0.0,True,70.0,HIGH,유통기한 임박 | 소진일수 596일 초과,0.5,2.1,0.0,SAFE,"재고 여유 — 현재고(318), 재주문점(2)",0.0,72.5,134.3,27196.0,100.0,OVER,과잉 발주 위험 — 현재(318개) > EOQ(72개). 발주 주기 134일 권장,100.0,3.9,0.56,0.78,0.33,STABLE,570.8,0.0,WMA,0.0,36.9,10.0,8.4,6.0,7.5,5.0,POOR,낮은 매칭 · 폐기위험 높음,1.058,51.5,STABLE,35.0,LOW,78.3,HIGH,29.5,75.5,67.7,0.3,30.0,40296.0,80.6,0.385,0.385,88.5,False,12.0,342,42.3,86,100.0,0.999,4.9,36.5,50.0,REALLOCATE,96.7,2,99.8,63.0,35.2,disposal_risk,57.3,검토 필요,183,HEURISTIC 29% | ABC 14% | TURNOVER 14% | DISPOSAL_RISK 14% | SAFETY_STOCK 8% | EOQ 7% | DEMAND_FORECAST 7% | MATCH 5%,"['⏰ 유통기한 임박 (91%)', '❄️ 냉장·냉동 과잉 (80%)', '💸 배송비 상승 (100%)', '⚡ 복합 스트레스 (60%)']","{'재고위험': '24.9%', '판매가능성': '13.1%', '점포이동적합': '14.0%', '비용절감': '18.3%', '폐기회피이익': '13.7%', '실행가능성': '12.8%', '이력보정': '3.3%'}",True,True,False,True,False,True,44.0,33.2,53.7,64.8,60.4,70.3,51.5,51.9,0.0,38.0,검토,할인 판매,🏷️,323,HIGH,신뢰도 높음 ●,#2e7d32,,,38.0,검토,할인 판매,3,2,False,False,,50.0,16755.0,0.0,16755.0,16.95,0.0,16.95,34.0,0.0,318.0,39.0,재고 이동,할인,59.848,다름,57.524,59.848,27.561,14.605
아이스크림105,목동점,선릉점,23.0,프로모션 추천,5404.0,프로모션 순비용이 재배치 비용보다 낮습니다.,34.149047246149834,9.051724137931034,12,8,63.2,검토 가능,5404.0,23.0,27,False,Greedy 선택 후보보다 우선순위가 낮음,0.79,860,308,2,디저트,306,24.0,6.0,20640.0,B,0.9366747014475232,2,60.0,385.0,0.94,DEAD,0.0,True,68.0,HIGH,유통기한 임박 | 소진일수 385일 초과,0.7,3.1,0.0,SAFE,"재고 여유 — 현재고(308), 재주문점(3)",0.0,115.8,146.6,24899.0,100.0,OVER,과잉 발주 위험 — 현재(307개) > EOQ(116개). 발주 주기 147일 권장,100.0,5.8,0.83,1.15,0.5,STABLE,371.7,0.0,WMA,0.0,36.9,10.0,8.4,6.0,7.5,5.0,POOR,낮은 매칭 · 폐기위험 높음,1.085,52.1,STABLE,35.0,LOW,73.1,HIGH,34.9,53.5,62.1,0.3,30.0,18332.0,36.7,0.385,0.385,88.5,False,11.6,380,41.5,113,100.0,0.999,4.9,30.7,50.0,REALLOCATE,96.5,2,99.8,41.0,36.0,disposal_risk,56.7,검토 필요,195,HEURISTIC 29% | ABC 14% | TURNOVER 14% | DISPOSAL_RISK 14% | SAFETY_STOCK 8% | EOQ 7% | DEMAND_FORECAST 7% | MATCH 5%,"['⏰ 유통기한 임박 (91%)', '❄️ 냉장·냉동 과잉 (80%)', '💸 배송비 상승 (100%)', '⚡ 복합 스트레스 (60%)']","{'재고위험': '24.9%', '판매가능성': '13.1%', '점포이동적합': '14.0%', '비용절감': '18.3%', '폐기회피이익': '13.7%', '실행가능성': '12.8%', '이력보정': '3.3%'}",True,True,False,True,False,True,43.1,33.3,53.0,64.8,34.0,59.2,51.3,46.6,0.0,10.8,검토,할인 판매,🏷️,469,HIGH,신뢰도 높음 ●,#2e7d32,,,10.8,검토,할인 판매,2,3,False,False,,50.0,24882.0,0.0,24882.0,25.98,0.0,25.98,52.0,0.0,308.0,23.0,할인,할인,72.631,일치,55.095,72.631,31.306,16.085
아이스크림105,방배점,선릉점,23.0,프로모션 추천,5404.0,프로모션 순비용이 재배치 비용보다 낮습니다.,34.149047246149834,9.051724137931034,12,8,63.2,검토 가능,5404.0,23.0,28,False,Greedy 선택 후보보다 우선순위가 낮음,4.77,860,240,4,디저트,214,143.0,33.0,122980.0,B,0.9366747014475232,2,60.0,50.3,7.15,NORMAL,72.1,False,40.2,MEDIUM,유통기한 임박,4.1,18.4,0.0,SAFE,"재고 여유 — 현재고(240), 재주문점(18)",0.0,284.6,59.7,61182.0,13.7,OPTIMAL,"적정 발주 — EOQ(285개), 권장 발주 주기 60일",13.7,33.2,4.74,6.71,2.78,STABLE,50.6,1.3,WMA,1.3,32.2,10.0,3.66,6.0,7.5,5.0,POOR,낮은 매칭,0.988,49.7,STABLE,10.1,LOW,66.1,MEDIUM,34.9,53.5,62.1,0.3,30.0,18332.0,36.7,0.385,0.385,88.5,False,14.7,125,23.3,480,100.0,0.999,4.9,30.7,50.0,REALLOCATE,96.4,2,99.8,41.0,41.6,turnover,55.2,검토 필요,233,HEURISTIC 29% | ABC 14% | TURNOVER 14% | DISPOSAL_RISK 14% | SAFETY_STOCK 8% | EOQ 7% | DEMAND_FORECAST 7% | MATCH 5%,"['⏰ 유통기한 임박 (91%)', '❄️ 냉장·냉동 과잉 (80%)', '💸 배송비 상승 (100%)', '⚡ 복합 스트레스 (60%)']","{'재고위험': '24.9%', '판매가능성': '13.1%', '점포이동적합': '14.0%', '비용절감': '18.3%', '폐기회피이익': '13.7%', '실행가능성': '12.8%', '이력보정': '3.3%'}",True,True,False,True,False,True,49.7,33.3,47.2,51.8,34.0,59.2,53.0,45.0,0.0,8.4,검토,보류,⏸️,482,HIGH,신뢰도 높음 ●,#2e7d32,,,8.4,검토,보류,2,3,False,False,,50.0,34845.0,0.0,34845.0,37.05,0.0,37.05,74.0,0.0,240.0,23.0,할인,할인,67.288,일치,40.632,67.288,27.19,19.233
김밥048,교대점,이태원점,33.0,프로모션 추천,8714.0,프로모션 순비용이 재배치 비용보다 낮습니다.,29.82902636387366,13.36206896551724,12,8,63.2,검토 가능,8714.0,33.0,29,False,Greedy 선택 후보보다 우선순위가 낮음,1.83,957,377,4,신선식품,367,55.0,13.0,52635.0,C,0.9949818160798285,3,20.0,205.6,1.75,DEAD,0.0,True,70.0,HIGH,유통기한 임박 | 소진일수 206일 초과 | 신선/냉장 고위험 카테고리,1.6,7.1,0.0,SAFE,"재고 여유 — 현재고(377), 재주문점(7)",0.0,141.2,77.2,47300.0,100.0,OVER,과잉 발주 위험 — 현재(375개) > EOQ(141개). 발주 주기 77일 권장,100.0,12.9,1.84,2.6,1.09,STABLE,204.6,0.0,WMA,0.0,33.9,10.0,8.4,3.0,7.5,5.0,POOR,낮은 매칭 · 폐기위험 높음,1.015,50.4,STABLE,35.0,LOW,66.1,MEDIUM,29.8,0.0,60.8,0.3,30.0,29183.0,58.4,0.385,0.385,88.5,True,11.9,351,41.7,103,100.0,0.999,4.9,29.3,50.0,REALLOCATE,96.3,2,99.8,51.8,39.8,disposal_risk,49.1,모니터링,360,HEURISTIC 29% | ABC 14% | TURNOVER 14% | DISPOSAL_RISK 14% | SAFETY_STOCK 8% | EOQ 7% | DEMAND_FORECAST 7% | MATCH 5%,"['⏰ 유통기한 임박 (91%)', '❄️ 냉장·냉동 과잉 (80%)', '💸 배송비 상승 (100%)', '⚡ 복합 스트레스 (60%)']","{'재고위험': '24.9%', '판매가능성': '13.1%', '점포이동적합': '14.0%', '비용절감': '18.3%', '폐기회피이익': '13.7%', '실행가능성': '12.8%', '이력보정': '3.3%'}",True,True,False,True,False,True,38.0,32.8,51.5,64.8,47.0,40.5,51.5,44.4,0.0,6.9,검토,할인 판매,🏷️,490,HIGH,신뢰도 높음 ●,#2e7d32,,,6.9,검토,할인 판매,3,7,False,False,,50.0,22254.0,0.0,22254.0,23.06,0.0,23.06,46.0,0.0,377.0,33.0,할인,할인,74.838,일치,59.754,74.838,32.646,14.569
김밥048,명동점,이태원점,33.0,프로모션 추천,8714.0,프로모션 순비용이 재배치 비용보다 낮습니다.,29.82902636387366,13.36206896551724,12,8,63.2,검토 가능,8714.0,33.0,30,False,Greedy 선택 후보보다 우선순위가 낮음,1.44,957,382,5,신선식품,372,43.0,10.0,41151.0,C,0.9949818160798285,3,20.0,266.5,1.35,DEAD,0.0,True,70.0,HIGH,유통기한 임박 | 소진일수 266일 초과 | 신선/냉장 고위험 카테고리,1.2,5.5,0.0,SAFE,"재고 여유 — 현재고(382), 재주문점(6)",0.0,125.3,87.0,41958.0,100.0,OVER,과잉 발주 위험 — 현재(381개) > EOQ(125개). 발주 주기 87일 권장,100.0,10.0,1.43,2.02,0.83,STABLE,267.4,0.0,WMA,0.0,33.9,10.0,8.4,3.0,7.5,5.0,POOR,낮은 매칭 · 폐기위험 높음,0.992,49.8,STABLE,35.2,LOW,62.6,MEDIUM,29.8,0.0,60.8,0.3,30.0,29183.0,58.4,0.385,0.385,88.5,True,11.9,351,41.7,103,100.0,0.999,4.9,29.3,50.0,REALLOCATE,96.1,2,99.8,51.8,39.8,disposal_risk,49.1,모니터링,359,HEURISTIC 29% | ABC 14% | TURNOVER 14% | DISPOSAL_RISK 14% | SAFETY_STOCK 8% | EOQ 7% | DEMAND_FORECAST 7% | MATCH 5%,"['⏰ 유통기한 임박 (91%)', '❄️ 냉장·냉동 과잉 (80%)', '💸 배송비 상승 (100%)', '⚡ 복합 스트레스 (60%)']","{'재고위험': '24.9%', '판매가능성': '13.1%', '점포이동적합': '14.0%', '비용절감': '18.3%', '폐기회피이익': '13.7%', '실행가능성': '12.8%', '이력보정': '3.3%'}",True,True,False,True,False,True,38.0,32.6,51.5,64.8,47.0,40.5,51.5,44.4,0.0,6.7,검토,할인 판매,🏷️,491,HIGH,신뢰도 높음 ●,#2e7d32,,,6.7,검토,할인 판매,5,7,False,False,,50.0,26466.0,0.0,26466.0,27.74,0.0,27.74,55.0,0.0,382.0,33.0,할인,할인,77.658,일치,55.417,77.658,33.249,15.284
김밥048,건대2점,이태원점,33.0,프로모션 추천,8714.0,프로모션 순비용이 재배치 비용보다 낮습니다.,29.82902636387366,13.36206896551724,12,8,63.2,검토 가능,8714.0,33.0,31,False,Greedy 선택 후보보다 우선순위가 낮음,0.52,957,360,0,신선식품,360,16.0,4.0,15312.0,C,0.9949818160798285,3,20.0,675.0,0.53,DEAD,0.0,True,80.0,CRITICAL,유통기한 임박 | 소진일수 675일 초과 | 신선/냉장 고위험 카테고리,0.4,2.0,0.0,SAFE,"재고 여유 — 현재고(360), 재주문점(2)",0.0,75.3,144.8,25214.0,100.0,OVER,과잉 발주 위험 — 현재(360개) > EOQ(75개). 발주 주기 145일 권장,100.0,3.9,0.56,0.77,0.34,STABLE,646.2,0.0,WMA,0.0,37.5,10.0,12.0,3.0,7.5,5.0,POOR,낮은 매칭 · 폐기위험 높음,1.099,52.5,STABLE,35.0,LOW,78.3,HIGH,29.8,0.0,60.8,0.3,30.0,29183.0,58.4,0.385,0.385,88.5,True,14.1,163,46.4,2,100.0,0.999,4.9,29.3,50.0,REALLOCATE,96.0,2,99.8,51.8,34.4,disposal_risk,52.6,모니터링,286,HEURISTIC 29% | ABC 14% | TURNOVER 14% | DISPOSAL_RISK 14% | SAFETY_STOCK 8% | EOQ 7% | DEMAND_FORECAST 7% | MATCH 5%,"['⏰ 유통기한 임박 (91%)', '❄️ 냉장·냉동 과잉 (80%)', '💸 배송비 상승 (100%)', '⚡ 복합 스트레스 (60%)']","{'재고위험': '24.9%', '판매가능성': '13.1%', '점포이동적합': '14.0%', '비용절감': '18.3%', '폐기회피이익': '13.7%', '실행가능성': '12.8%', '이력보정': '3.3%'}",True,True,False,True,False,True,42.5,33.4,54.1,64.8,47.0,40.5,52.7,46.0,0.0,9.5,검토,할인 판매,🏷️,476,HIGH,신뢰도 높음 ●,#2e7d32,,,9.5,검토,할인 판매,5,7,False,False,,50.0,36312.0,0.0,36312.0,38.68,0.0,38.68,77.0,0.0,360.0,33.0,할인,할인,85.197,일치,46.958,85.197,34.86,16.556
탄산음료099,문래점,문래2점,24.0,프로모션 추천,6064.0,프로모션 순비용이 재배치 비용보다 낮습니다.,33.28765335421561,9.482758620689655,12,8,62.8,검토 가능,6064.0,24.0,32,False,Greedy 선택 후보보다 우선순위가 낮음,2.68,919,295,0,음료,292,80.0,19.0,73520.0,C,0.9983900138288021,3,20.0,110.6,3.25,DEAD,38.6,True,70.0,HIGH,유통기한 임박 | 소진일수 111일 초과,2.3,10.3,0.0,SAFE,"재고 여유 — 현재고(295), 재주문점(10)",0.0,243.2,90.7,40226.0,20.4,OPTIMAL,"적정 발주 — EOQ(243개), 권장 발주 주기 91일",20.4,18.9,2.7,3.81,1.59,STABLE,109.3,0.0,WMA,0.0,33.9,10.0,8.4,3.0,7.5,5.0,POOR,낮은 매칭 · 폐기위험 높음,1.013,50.3,STABLE,21.4,LOW,78.3,HIGH,39.0,51.7,85.1,0.3,30.0,20403.0,40.8,0.385,0.385,88.5,False,11.9,351,38.3,202,100.0,0.999,4.9,49.4,50.0,REALLOCATE,95.9,2,99.8,43.0,44.4,disposal_risk,49.5,모니터링,355,HEURISTIC 29% | ABC 14% | TURNOVER 14% | DISPOSAL_RISK 14% | SAFETY_STOCK 8% | EOQ 7% | DEMAND_FORECAST 7% | MATCH 5%,"['⏰ 유통기한 임박 (91%)', '❄️ 냉장·냉동 과잉 (80%)', '💸 배송비 상승 (100%)', '⚡ 복합 스트레스 (60%)']","{'재고위험': '24.9%', '판매가능성': '13.1%', '점포이동적합': '14.0%', '비용절감': '18.3%', '폐기회피이익': '13.7%', '실행가능성': '12.8%', '이력보정': '3.3%'}",True,True,False,True,False,True,48.2,32.8,52.9,52.6,36.5,74.0,51.5,47.8,0.0,14.9,검토,할인 판매,🏷️,447,HIGH,신뢰도 높음 ●,#2e7d32,,,14.9,검토,할인 판매,2,4,False,False,,50.0,21741.0,0.0,21741.0,22.49,0.0,22.49,45.0,0.0,295.0,24.0,할인,할인,69.731,일치,51.797,69.731,29.463,16.845
아이스크림105,방배점,잠실점,17.0,프로모션 추천,3994.0,프로모션 순비용이 재배치 비용보다 낮습니다.,35.989297833463844,6.4655172413793105,12,8,62.5,검토 가능,3994.0,17.0,33,False,Greedy 선택 후보보다 우선순위가 낮음,4.77,860,240,4,디저트,214,143.0,33.0,122980.0,B,0.9366747014475232,2,60.0,50.3,7.15,NORMAL,72.1,False,40.2,MEDIUM,유통기한 임박,4.1,18.4,0.0,SAFE,"재고 여유 — 현재고(240), 재주문점(18)",0.0,284.6,59.7,61182.0,13.7,OPTIMAL,"적정 발주 — EOQ(285개), 권장 발주 주기 60일",13.7,33.2,4.74,6.71,2.78,STABLE,50.6,1.3,WMA,1.3,32.2,10.0,3.66,6.0,7.5,5.0,POOR,낮은 매칭,0.988,49.7,STABLE,10.1,LOW,66.1,MEDIUM,31.0,64.5,78.4,0.3,30.0,13550.0,27.1,0.385,0.385,88.5,False,14.7,125,23.3,480,100.0,0.999,4.9,45.1,50.0,REALLOCATE,95.7,2,99.8,36.0,41.8,turnover,54.5,모니터링,248,HEURISTIC 29% | ABC 14% | TURNOVER 14% | DISPOSAL_RISK 14% | SAFETY_STOCK 8% | EOQ 7% | DEMAND_FORECAST 7% | MATCH 5%,"['⏰ 유통기한 임박 (91%)', '❄️ 냉장·냉동 과잉 (80%)', '💸 배송비 상승 (100%)', '⚡ 복합 스트레스 (60%)']","{'재고위험': '24.9%', '판매가능성': '13.1%', '점포이동적합': '14.0%', '비용절감': '18.3%', '폐기회피이익': '13.7%', '실행가능성': '12.8%', '이력보정': '3.3%'}",True,True,False,True,False,True,49.7,33.3,48.7,51.4,28.3,73.8,53.0,46.2,0.0,10.2,검토,보류,⏸️,472,HIGH,신뢰도 높음 ●,#2e7d32,,,10.2,검토,보류,2,2,True,False,,50.0,17232.0,0.0,17232.0,17.48,0.0,17.48,35.0,0.0,240.0,17.0,할인,할인,55.565,일치,54.525,55.565,24.724,17.48
아이스크림105,선릉점,잠실점,17.0,프로모션 추천,3994.0,프로모션 순비용이 재배치 비용보다 낮습니다.,35.989297833463844,6.4655172413793105,12,8,62.5,검토 가능,3994.0,17.0,34,False,Greedy 선택 후보보다 우선순위가 낮음,5.97,860,397,3,디저트,372,179.0,42.0,153940.0,B,0.9366747014475232,2,60.0,66.5,5.41,SLOW,63.1,True,56.3,MEDIUM,유통기한 임박 | 소진일수 66일 초과,5.1,23.0,0.0,SAFE,"재고 여유 — 현재고(397), 재주문점(23)",0.0,318.4,53.3,68447.0,23.1,OPTIMAL,"적정 발주 — EOQ(318개), 권장 발주 주기 53일",23.1,41.9,5.99,8.45,3.52,STABLE,66.3,0.0,WMA,0.0,32.1,10.0,3.6,6.0,7.5,5.0,POOR,낮은 매칭,1.005,50.1,STABLE,12.9,LOW,69.6,MEDIUM,31.0,64.5,78.4,0.3,30.0,13550.0,27.1,0.385,0.385,88.5,False,8.9,462,30.3,341,100.0,0.999,4.9,45.1,50.0,REALLOCATE,95.6,2,99.8,36.0,42.5,disposal_risk,56.8,검토 필요,193,HEURISTIC 29% | ABC 14% | TURNOVER 14% | DISPOSAL_RISK 14% | SAFETY_STOCK 8% | EOQ 7% | DEMAND_FORECAST 7% | MATCH 5%,"['⏰ 유통기한 임박 (91%)', '❄️ 냉장·냉동 과잉 (80%)', '💸 배송비 상승 (100%)', '⚡ 복합 스트레스 (60%)']","{'재고위험': '24.9%', '판매가능성': '13.1%', '점포이동적합': '14.0%', '비용절감': '18.3%', '폐기회피이익': '13.7%', '실행가능성': '12.8%', '이력보정': '3.3%'}",True,True,False,True,False,True,54.6,32.7,50.0,52.8,28.3,73.8,49.8,47.8,0.0,15.4,검토,보류,⏸️,444,HIGH,신뢰도 높음 ●,#2e7d32,,,15.4,검토,보류,3,2,False,False,,50.0,26835.0,0.0,26835.0,28.15,0.0,28.15,56.0,0.0,397.0,17.0,할인,할인,68.811,일치,51.991,68.811,28.954,18.6
김밥048,명동점,청량리점,25.0,프로모션 추천,6601.0,프로모션 순비용이 재배치 비용보다 낮습니다.,32.58679196032367,9.913793103448276,12,8,62.5,검토 가능,6601.0,25.0,35,False,Greedy 선택 후보보다 우선순위가 낮음,1.44,957,382,5,신선식품,372,43.0,10.0,41151.0,C,0.9949818160798285,3,20.0,266.5,1.35,DEAD,0.0,True,70.0,HIGH,유통기한 임박 | 소진일수 266일 초과 | 신선/냉장 고위험 카테고리,1.2,5.5,0.0,SAFE,"재고 여유 — 현재고(382), 재주문점(6)",0.0,125.3,87.0,41958.0,100.0,OVER,과잉 발주 위험 — 현재(381개) > EOQ(125개). 발주 주기 87일 권장,100.0,10.0,1.43,2.02,0.83,STABLE,267.4,0.0,WMA,0.0,33.9,10.0,8.4,3.0,7.5,5.0,POOR,낮은 매칭 · 폐기위험 높음,0.992,49.8,STABLE,35.2,LOW,62.6,MEDIUM,30.7,73.8,68.5,0.3,30.0,22109.0,44.2,0.385,0.385,88.5,True,11.9,351,41.7,103,100.0,0.999,4.9,37.2,50.0,REALLOCATE,95.5,2,99.8,44.6,40.0,disposal_risk,48.5,모니터링,381,HEURISTIC 29% | ABC 14% | TURNOVER 14% | DISPOSAL_RISK 14% | SAFETY_STOCK 8% | EOQ 7% | DEMAND_FORECAST 7% | MATCH 5%,"['⏰ 유통기한 임박 (91%)', '❄️ 냉장·냉동 과잉 (80%)', '💸 배송비 상승 (100%)', '⚡ 복합 스트레스 (60%)']","{'재고위험': '24.9%', '판매가능성': '13.1%', '점포이동적합': '14.0%', '비용절감': '18.3%', '폐기회피이익': '13.7%', '실행가능성': '12.8%', '이력보정': '3.3%'}",True,True,False,True,False,True,38.0,32.6,52.3,64.4,38.5,70.3,51.5,47.1,0.0,11.7,검토,할인 판매,🏷️,464,HIGH,신뢰도 높음 ●,#2e7d32,,,11.7,검토,할인 판매,5,2,False,False,,50.0,24000.0,0.0,24000.0,25.0,0.0,25.0,50.0,0.0,382.0,25.0,할인,할인,75.716,일치,55.634,75.716,32.427,14.951
김밥048,교대점,청량리점,25.0,프로모션 추천,6601.0,프로모션 순비용이 재배치 비용보다 낮습니다.,32.58679196032367,9.913793103448276,12,8,62.5,검토 가능,6601.0,25.0,36,False,Greedy 선택 후보보다 우선순위가 낮음,1.83,957,377,4,신선식품,367,55.0,13.0,52635.0,C,0.9949818160798285,3,20.0,205.6,1.75,DEAD,0.0,True,70.0,HIGH,유통기한 임박 | 소진일수 206일 초과 | 신선/냉장 고위험 카테고리,1.6,7.1,0.0,SAFE,"재고 여유 — 현재고(377), 재주문점(7)",0.0,141.2,77.2,47300.0,100.0,OVER,과잉 발주 위험 — 현재(375개) > EOQ(141개). 발주 주기 77일 권장,100.0,12.9,1.84,2.6,1.09,STABLE,204.6,0.0,WMA,0.0,33.9,10.0,8.4,3.0,7.5,5.0,POOR,낮은 매칭 · 폐기위험 높음,1.015,50.4,STABLE,35.0,LOW,66.1,MEDIUM,30.7,73.8,68.5,0.3,30.0,22109.0,44.2,0.385,0.385,88.5,True,11.9,351,41.7,103,100.0,0.999,4.9,37.2,50.0,REALLOCATE,95.3,2,99.8,44.6,40.0,disposal_risk,48.5,모니터링,379,HEURISTIC 29% | ABC 14% | TURNOVER 14% | DISPOSAL_RISK 14% | SAFETY_STOCK 8% | EOQ 7% | DEMAND_FORECAST 7% | MATCH 5%,"['⏰ 유통기한 임박 (91%)', '❄️ 냉장·냉동 과잉 (80%)', '💸 배송비 상승 (100%)', '⚡ 복합 스트레스 (60%)']","{'재고위험': '24.9%', '판매가능성': '13.1%', '점포이동적합': '14.0%', '비용절감': '18.3%', '폐기회피이익': '13.7%', '실행가능성': '12.8%', '이력보정': '3.3%'}",True,True,False,True,False,True,38.0,32.8,52.3,64.4,38.5,70.3,51.5,47.1,0.0,11.9,검토,할인 판매,🏷️,463,HIGH,신뢰도 높음 ●,#2e7d32,,,11.9,검토,할인 판매,3,2,False,False,,50.0,26808.0,0.0,26808.0,28.12,0.0,28.12,56.0,0.0,377.0,25.0,할인,할인,77.405,일치,52.454,77.405,32.745,15.444
죽044,압구정점,혜화점,23.0,프로모션 추천,6046.0,프로모션 순비용이 재배치 비용보다 낮습니다.,33.31114591490473,9.051724137931034,12,8,62.4,검토 가능,6046.0,23.0,37,False,Greedy 선택 후보보다 우선순위가 낮음,3.89,953,298,3,간편식,282,117.0,27.0,111501.0,C,0.9967280962335219,3,20.0,76.4,4.71,SLOW,57.6,True,66.2,HIGH,유통기한 임박 | 소진일수 76일 초과,3.3,15.0,0.0,SAFE,"재고 여유 — 현재고(298), 재주문점(15)",0.0,260.2,66.9,54561.0,13.3,OPTIMAL,"적정 발주 — EOQ(260개), 권장 발주 주기 67일",13.3,27.1,3.87,5.48,2.27,STABLE,77.0,0.0,WMA,0.0,33.9,10.0,8.4,3.0,7.5,5.0,POOR,낮은 매칭 · 폐기위험 높음,0.992,49.8,STABLE,15.1,LOW,69.6,MEDIUM,34.3,56.6,43.4,0.3,30.0,20257.0,40.5,0.385,0.385,88.5,False,11.1,407,35.2,267,100.0,0.999,4.9,0.9,50.0,REALLOCATE,95.2,2,99.8,42.7,42.8,disposal_risk,50.9,모니터링,329,HEURISTIC 29% | ABC 14% | TURNOVER 14% | DISPOSAL_RISK 14% | SAFETY_STOCK 8% | EOQ 7% | DEMAND_FORECAST 7% | MATCH 5%,"['⏰ 유통기한 임박 (91%)', '❄️ 냉장·냉동 과잉 (80%)', '💸 배송비 상승 (100%)', '⚡ 복합 스트레스 (60%)']","{'재고위험': '24.9%', '판매가능성': '13.1%', '점포이동적합': '14.0%', '비용절감': '18.3%', '폐기회피이익': '13.7%', '실행가능성': '12.8%', '이력보정': '3.3%'}",True,True,False,True,False,True,51.6,32.6,47.4,51.3,36.3,47.8,51.0,44.2,0.0,6.3,검토,할인 판매,🏷️,493,HIGH,신뢰도 높음 ●,#2e7d32,,,6.3,검토,할인 판매,0,7,False,False,,50.0,12714.0,0.0,12714.0,12.46,0.0,12.46,25.0,0.0,298.0,23.0,할인,할인,61.588,일치,61.288,61.588,27.481,15.851
삼각김밥103,압구정점,용산점,32.0,프로모션 추천,9084.0,프로모션 순비용이 재배치 비용보다 낮습니다.,29.346123727486297,12.931034482758621,12,8,62.3,검토 가능,9084.0,32.0,38,False,Greedy 선택 후보보다 우선순위가 낮음,4.06,1023,357,1,간편식,352,122.0,28.0,124806.0,B,0.930928637405371,2,60.0,87.8,4.1,SLOW,51.2,True,71.9,HIGH,유통기한 임박 | 소진일수 88일 초과,3.5,15.7,0.0,SAFE,"재고 여유 — 현재고(357), 재주문점(16)",0.0,256.6,63.2,57751.0,37.8,OPTIMAL,"적정 발주 — EOQ(257개), 권장 발주 주기 63일",37.8,28.2,4.03,5.7,2.35,STABLE,88.6,0.0,WMA,0.0,36.9,10.0,8.4,6.0,7.5,5.0,POOR,낮은 매칭 · 폐기위험 높음,0.985,49.6,STABLE,17.5,LOW,76.6,HIGH,28.8,76.7,77.1,0.3,30.0,30199.0,60.4,0.385,0.385,88.5,False,12.4,304,38.6,195,100.0,0.999,4.9,44.2,50.0,REALLOCATE,95.1,2,99.8,52.7,40.8,disposal_risk,61.0,검토 필요,107,HEURISTIC 29% | ABC 14% | TURNOVER 14% | DISPOSAL_RISK 14% | SAFETY_STOCK 8% | EOQ 7% | DEMAND_FORECAST 7% | MATCH 5%,"['⏰ 유통기한 임박 (91%)', '❄️ 냉장·냉동 과잉 (80%)', '💸 배송비 상승 (100%)', '⚡ 복합 스트레스 (60%)']","{'재고위험': '24.9%', '판매가능성': '13.1%', '점포이동적합': '14.0%', '비용절감': '18.3%', '폐기회피이익': '13.7%', '실행가능성': '12.8%', '이력보정': '3.3%'}",True,True,False,True,False,True,58.5,32.6,53.7,54.9,48.2,77.0,51.7,52.8,0.0,50.1,검토,할인 판매,🏷️,258,HIGH,신뢰도 높음 ●,#2e7d32,,,50.1,검토,할인 판매,0,0,True,False,,50.0,18231.0,0.0,18231.0,18.59,0.0,18.59,37.0,0.0,357.0,32.0,할인,할인,65.54,일치,64.977,65.54,29.639,17.014
삼각김밥103,명동점,용산점,32.0,프로모션 추천,9084.0,프로모션 순비용이 재배치 비용보다 낮습니다.,29.346123727486297,12.931034482758621,12,8,62.3,검토 가능,9084.0,32.0,39,False,Greedy 선택 후보보다 우선순위가 낮음,6.81,1023,408,1,간편식,399,204.0,48.0,208692.0,B,0.930928637405371,2,60.0,60.0,6.0,NORMAL,66.7,False,58.0,MEDIUM,유통기한 임박,5.8,26.2,0.0,SAFE,"재고 여유 — 현재고(408), 재주문점(26)",0.0,332.3,48.8,74794.0,21.0,OPTIMAL,"적정 발주 — EOQ(332개), 권장 발주 주기 49일",21.0,47.9,6.84,9.65,4.03,STABLE,59.6,0.1,WMA,0.1,32.1,10.0,3.6,6.0,7.5,5.0,POOR,낮은 매칭,1.007,50.2,STABLE,11.6,LOW,76.6,HIGH,28.8,76.7,77.1,0.3,30.0,30199.0,60.4,0.385,0.385,88.5,False,9.4,442,30.6,329,100.0,0.999,4.9,44.2,50.0,REALLOCATE,94.9,2,99.8,52.7,41.2,disposal_risk,57.6,검토 필요,176,HEURISTIC 29% | ABC 14% | TURNOVER 14% | DISPOSAL_RISK 14% | SAFETY_STOCK 8% | EOQ 7% | DEMAND_FORECAST 7% | MATCH 5%,"['⏰ 유통기한 임박 (91%)', '❄️ 냉장·냉동 과잉 (80%)', '💸 배송비 상승 (100%)', '⚡ 복합 스트레스 (60%)']","{'재고위험': '24.9%', '판매가능성': '13.1%', '점포이동적합': '14.0%', '비용절감': '18.3%', '폐기회피이익': '13.7%', '실행가능성': '12.8%', '이력보정': '3.3%'}",True,True,False,True,False,True,56.3,32.8,50.0,52.4,48.2,77.0,50.1,51.3,0.0,32.4,검토,보류,⏸️,353,HIGH,신뢰도 높음 ●,#2e7d32,,,32.4,검토,보류,5,0,False,False,,50.0,30930.0,0.0,30930.0,32.7,0.0,32.7,65.0,0.0,408.0,32.0,할인,할인,71.308,일치,52.69,71.308,30.19,18.992
삼각김밥103,신림점,용산점,32.0,프로모션 추천,9084.0,프로모션 순비용이 재배치 비용보다 낮습니다.,29.346123727486297,12.931034482758621,12,8,62.3,검토 가능,9084.0,32.0,40,False,Greedy 선택 후보보다 우선순위가 낮음,1.61,1023,357,1,간편식,355,48.0,11.0,49104.0,B,0.930928637405371,2,60.0,223.1,1.61,DEAD,0.0,True,73.0,HIGH,유통기한 임박 | 소진일수 223일 초과,1.4,6.2,0.0,SAFE,"재고 여유 — 현재고(357), 재주문점(6)",0.0,161.6,100.4,36367.0,100.0,OVER,과잉 발주 위험 — 현재(356개) > EOQ(162개). 발주 주기 100일 권장,100.0,11.1,1.59,2.25,0.92,STABLE,225.1,0.0,WMA,0.0,36.9,10.0,8.4,6.0,7.5,5.0,POOR,낮은 매칭 · 폐기위험 높음,0.976,49.4,STABLE,35.6,LOW,76.6,HIGH,28.8,76.7,77.1,0.3,30.0,30199.0,60.4,0.385,0.385,88.5,False,12.7,279,43.6,54,100.0,0.999,4.9,44.2,50.0,REALLOCATE,94.8,2,99.8,52.7,34.3,disposal_risk,57.2,검토 필요,184,HEURISTIC 29% | ABC 14% | TURNOVER 14% | DISPOSAL_RISK 14% | SAFETY_STOCK 8% | EOQ 7% | DEMAND_FORECAST 7% | MATCH 5%,"['⏰ 유통기한 임박 (91%)', '❄️ 냉장·냉동 과잉 (80%)', '💸 배송비 상승 (100%)', '⚡ 복합 스트레스 (60%)']","{'재고위험': '24.9%', '판매가능성': '13.1%', '점포이동적합': '14.0%', '비용절감': '18.3%', '폐기회피이익': '13.7%', '실행가능성': '12.8%', '이력보정': '3.3%'}",True,True,False,True,False,True,45.4,32.5,54.7,64.3,48.2,77.0,51.9,51.4,0.0,33.3,검토,할인 판매,🏷️,348,HIGH,신뢰도 높음 ●,#2e7d32,,,33.3,검토,할인 판매,1,0,False,False,,50.0,33153.0,0.0,33153.0,35.17,0.0,35.17,70.0,0.0,357.0,32.0,할인,할인,79.072,일치,51.399,79.072,33.345,16.997
케이크028,역삼점,압구정점,44.0,프로모션 추천,13071.0,프로모션 순비용이 재배치 비용보다 낮습니다.,24.142521534847297,18.103448275862068,12,8,62.2,검토 가능,13071.0,44.0,41,False,Greedy 선택 후보보다 우선순위가 낮음,1.36,1067,346,2,디저트,343,41.0,10.0,43747.0,B,0.9422926253008842,2,60.0,253.2,1.42,DEAD,0.0,True,68.0,HIGH,유통기한 임박 | 소진일수 253일 초과,1.2,5.3,0.0,SAFE,"재고 여유 — 현재고(346), 재주문점(5)",0.0,136.4,100.3,36389.0,100.0,OVER,과잉 발주 위험 — 현재(345개) > EOQ(136개). 발주 주기 100일 권장,100.0,9.8,1.4,1.96,0.84,STABLE,247.1,0.0,WMA,0.0,36.9,10.0,8.4,6.0,7.5,5.0,POOR,낮은 매칭 · 폐기위험 높음,1.05,51.3,STABLE,35.0,LOW,73.1,HIGH,33.9,53.2,90.7,0.3,30.0,43267.0,86.5,0.385,0.385,88.5,False,11.6,380,41.4,118,100.0,0.999,4.9,52.6,50.0,REALLOCATE,94.7,2,99.8,65.7,36.3,disposal_risk,55.8,검토 필요,211,HEURISTIC 29% | ABC 14% | TURNOVER 14% | DISPOSAL_RISK 14% | SAFETY_STOCK 8% | EOQ 7% | DEMAND_FORECAST 7% | MATCH 5%,"['⏰ 유통기한 임박 (91%)', '❄️ 냉장·냉동 과잉 (80%)', '💸 배송비 상승 (100%)', '⚡ 복합 스트레스 (60%)']","{'재고위험': '24.9%', '판매가능성': '13.1%', '점포이동적합': '14.0%', '비용절감': '18.3%', '폐기회피이익': '13.7%', '실행가능성': '12.8%', '이력보정': '3.3%'}",True,True,False,True,False,True,43.1,33.1,55.1,64.2,63.9,78.2,51.3,53.3,0.0,53.1,검토,할인 판매,🏷️,242,HIGH,신뢰도 높음 ●,#2e7d32,,,53.1,검토,할인 판매,1,0,False,False,,50.0,25134.0,0.0,25134.0,26.26,0.0,26.26,53.0,0.0,346.0,44.0,할인,할인,72.593,일치,61.415,72.593,32.414,15.627
케이크028,교대2점,압구정점,44.0,프로모션 추천,13071.0,프로모션 순비용이 재배치 비용보다 낮습니다.,24.142521534847297,18.103448275862068,12,8,62.2,검토 가능,13071.0,44.0,42,False,Greedy 선택 후보보다 우선순위가 낮음,3.76,1067,301,5,디저트,275,113.0,26.0,120571.0,B,0.9422926253008842,2,60.0,79.9,4.5,SLOW,55.6,True,55.0,MEDIUM,유통기한 임박 | 소진일수 80일 초과,3.2,14.5,0.0,SAFE,"재고 여유 — 현재고(301), 재주문점(14)",0.0,226.8,60.3,60505.0,31.3,OPTIMAL,"적정 발주 — EOQ(227개), 권장 발주 주기 60일",31.3,26.1,3.73,5.28,2.18,STABLE,80.7,0.0,WMA,0.0,32.1,10.0,3.6,6.0,7.5,5.0,POOR,낮은 매칭,0.988,49.7,STABLE,15.9,LOW,62.6,MEDIUM,33.9,53.2,90.7,0.3,30.0,43267.0,86.5,0.385,0.385,88.5,False,8.6,469,30.5,331,100.0,0.999,4.9,52.6,50.0,REALLOCATE,94.5,2,99.8,65.7,44.7,disposal_risk,55.6,검토 필요,220,HEURISTIC 29% | ABC 14% | TURNOVER 14% | DISPOSAL_RISK 14% | SAFETY_STOCK 8% | EOQ 7% | DEMAND_FORECAST 7% | MATCH 5%,"['⏰ 유통기한 임박 (91%)', '❄️ 냉장·냉동 과잉 (80%)', '💸 배송비 상승 (100%)', '⚡ 복합 스트레스 (60%)']","{'재고위험': '24.9%', '판매가능성': '13.1%', '점포이동적합': '14.0%', '비용절감': '18.3%', '폐기회피이익': '13.7%', '실행가능성': '12.8%', '이력보정': '3.3%'}",True,True,False,True,False,True,52.0,32.6,50.8,53.9,63.9,78.2,49.6,52.9,0.0,50.7,검토,보류,⏸️,255,HIGH,신뢰도 높음 ●,#2e7d32,,,50.7,검토,보류,4,0,False,False,,50.0,26691.0,0.0,26691.0,27.99,0.0,27.99,56.0,0.0,301.0,44.0,할인,할인,66.225,일치,55.286,66.225,29.302,18.168
푸딩022,마포2점,합정2점,25.0,프로모션 추천,6871.0,프로모션 순비용이 재배치 비용보다 낮습니다.,32.23440354998695,9.913793103448276,12,8,62.1,검토 가능,6871.0,25.0,43,False,Greedy 선택 후보보다 우선순위가 낮음,1.11,993,259,1,디저트,258,33.0,8.0,32769.0,C,0.9624552207492814,3,20.0,235.5,1.53,DEAD,0.0,True,68.0,HIGH,유통기한 임박 | 소진일수 236일 초과,1.0,4.3,0.0,SAFE,"재고 여유 — 현재고(259), 재주문점(4)",0.0,127.8,115.1,31714.0,100.0,OVER,과잉 발주 위험 — 현재(258개) > EOQ(128개). 발주 주기 115일 권장,100.0,7.9,1.13,1.59,0.67,STABLE,229.5,0.0,WMA,0.0,33.9,10.0,8.4,3.0,7.5,5.0,POOR,낮은 매칭 · 폐기위험 높음,1.03,50.7,STABLE,35.0,LOW,76.6,HIGH,29.5,60.8,84.8,0.3,30.0,22919.0,45.8,0.385,0.385,88.5,False,11.5,389,40.8,145,100.0,0.999,4.9,49.3,50.0,REALLOCATE,94.4,2,99.8,45.3,41.2,disposal_risk,47.6,모니터링,403,HEURISTIC 29% | ABC 14% | TURNOVER 14% | DISPOSAL_RISK 14% | SAFETY_STOCK 8% | EOQ 7% | DEMAND_FORECAST 7% | MATCH 5%,"['⏰ 유통기한 임박 (91%)', '❄️ 냉장·냉동 과잉 (80%)', '💸 배송비 상승 (100%)', '⚡ 복합 스트레스 (60%)']","{'재고위험': '24.9%', '판매가능성': '13.1%', '점포이동적합': '14.0%', '비용절감': '18.3%', '폐기회피이익': '13.7%', '실행가능성': '12.8%', '이력보정': '3.3%'}",True,True,False,True,False,True,37.1,32.9,53.3,64.2,39.5,76.8,51.2,48.0,0.0,16.0,검토,할인 판매,🏷️,441,HIGH,신뢰도 높음 ●,#2e7d32,,,16.0,검토,할인 판매,6,0,False,False,,50.0,13524.0,0.0,13524.0,13.36,0.0,13.36,27.0,0.0,259.0,25.0,할인,할인,65.472,일치,62.363,65.472,29.584,13.282
푸딩022,잠원점,합정2점,25.0,프로모션 추천,6871.0,프로모션 순비용이 재배치 비용보다 낮습니다.,32.23440354998695,9.913793103448276,12,8,62.1,검토 가능,6871.0,25.0,44,False,Greedy 선택 후보보다 우선순위가 낮음,6.6,993,342,1,디저트,333,198.0,46.0,196614.0,C,0.9624552207492814,3,20.0,51.8,6.95,NORMAL,71.2,False,48.9,MEDIUM,유통기한 임박,5.7,25.5,0.0,SAFE,"재고 여유 — 현재고(342), 재주문점(26)",0.0,311.5,47.2,77333.0,8.0,OPTIMAL,"적정 발주 — EOQ(312개), 권장 발주 주기 47일",8.0,46.1,6.59,9.31,3.86,STABLE,51.9,1.1,WMA,1.1,29.2,10.0,3.66,3.0,7.5,5.0,POOR,낮은 매칭,0.996,49.9,STABLE,10.2,LOW,76.6,HIGH,29.5,60.8,84.8,0.3,30.0,22919.0,45.8,0.385,0.385,88.5,False,13.7,193,26.2,431,100.0,0.999,4.9,49.3,50.0,REALLOCATE,94.3,2,99.8,45.3,43.1,turnover,47.6,모니터링,402,HEURISTIC 29% | ABC 14% | TURNOVER 14% | DISPOSAL_RISK 14% | SAFETY_STOCK 8% | EOQ 7% | DEMAND_FORECAST 7% | MATCH 5%,"['⏰ 유통기한 임박 (91%)', '❄️ 냉장·냉동 과잉 (80%)', '💸 배송비 상승 (100%)', '⚡ 복합 스트레스 (60%)']","{'재고위험': '24.9%', '판매가능성': '13.1%', '점포이동적합': '14.0%', '비용절감': '18.3%', '폐기회피이익': '13.7%', '실행가능성': '12.8%', '이력보정': '3.3%'}",True,True,False,True,False,True,47.4,33.2,48.3,50.4,39.5,76.8,52.4,47.3,0.0,13.2,검토,보류,⏸️,456,HIGH,신뢰도 높음 ●,#2e7d32,,,13.2,검토,보류,2,0,False,False,,50.0,20958.0,0.0,20958.0,21.62,0.0,21.62,43.0,0.0,342.0,25.0,할인,할인,63.675,일치,53.044,63.675,27.488,17.21
푸딩022,건대2점,합정2점,25.0,프로모션 추천,6871.0,프로모션 순비용이 재배치 비용보다 낮습니다.,32.23440354998695,9.913793103448276,12,8,62.1,검토 가능,6871.0,25.0,45,False,Greedy 선택 후보보다 우선순위가 낮음,1.59,993,301,3,디저트,295,48.0,11.0,47664.0,C,0.9624552207492814,3,20.0,188.1,1.91,DEAD,0.0,True,68.0,HIGH,유통기한 임박 | 소진일수 188일 초과,1.4,6.2,0.0,SAFE,"재고 여유 — 현재고(301), 재주문점(6)",0.0,152.9,96.2,37957.0,95.9,OVER,과잉 발주 위험 — 현재(300개) > EOQ(153개). 발주 주기 96일 권장,95.9,11.1,1.59,2.24,0.93,STABLE,189.8,0.0,WMA,0.0,33.9,10.0,8.4,3.0,7.5,5.0,POOR,낮은 매칭 · 폐기위험 높음,0.988,49.7,STABLE,35.3,LOW,69.6,MEDIUM,29.5,60.8,84.8,0.3,30.0,22919.0,45.8,0.385,0.385,88.5,False,11.5,389,40.9,142,100.0,0.999,4.9,49.3,50.0,REALLOCATE,94.1,2,99.8,45.3,41.2,disposal_risk,47.4,모니터링,411,HEURISTIC 29% | ABC 14% | TURNOVER 14% | DISPOSAL_RISK 14% | SAFETY_STOCK 8% | EOQ 7% | DEMAND_FORECAST 7% | MATCH 5%,"['⏰ 유통기한 임박 (91%)', '❄️ 냉장·냉동 과잉 (80%)', '💸 배송비 상승 (100%)', '⚡ 복합 스트레스 (60%)']","{'재고위험': '24.9%', '판매가능성': '13.1%', '점포이동적합': '14.0%', '비용절감': '18.3%', '폐기회피이익': '13.7%', '실행가능성': '12.8%', '이력보정': '3.3%'}",True,True,False,True,False,True,37.1,32.6,53.4,63.5,39.5,76.8,51.2,47.8,0.0,15.6,검토,할인 판매,🏷️,443,HIGH,신뢰도 높음 ●,#2e7d32,,,15.6,검토,할인 판매,5,0,False,False,,50.0,36177.0,0.0,36177.0,38.53,0.0,38.53,77.0,0.0,301.0,25.0,할인,할인,80.993,일치,41.645,80.993,32.674,16.272
케이크028,역삼점,잠실2점,40.0,프로모션 추천,11882.0,프로모션 순비용이 재배치 비용보다 낮습니다.,25.694335682589404,16.379310344827587,12,8,62.1,검토 가능,11882.0,40.0,46,False,Greedy 선택 후보보다 우선순위가 낮음,1.36,1067,346,2,디저트,343,41.0,10.0,43747.0,B,0.9422926253008842,2,60.0,253.2,1.42,DEAD,0.0,True,68.0,HIGH,유통기한 임박 | 소진일수 253일 초과,1.2,5.3,0.0,SAFE,"재고 여유 — 현재고(346), 재주문점(5)",0.0,136.4,100.3,36389.0,100.0,OVER,과잉 발주 위험 — 현재(345개) > EOQ(136개). 발주 주기 100일 권장,100.0,9.8,1.4,1.96,0.84,STABLE,247.1,0.0,WMA,0.0,36.9,10.0,8.4,6.0,7.5,5.0,POOR,낮은 매칭 · 폐기위험 높음,1.05,51.3,STABLE,35.0,LOW,73.1,HIGH,36.8,52.7,74.6,0.3,30.0,39334.0,78.7,0.385,0.385,88.5,False,11.7,368,41.4,118,100.0,0.999,4.9,42.4,50.0,REALLOCATE,94.0,2,99.8,61.8,36.3,disposal_risk,55.7,검토 필요,218,HEURISTIC 29% | ABC 14% | TURNOVER 14% | DISPOSAL_RISK 14% | SAFETY_STOCK 8% | EOQ 7% | DEMAND_FORECAST 7% | MATCH 5%,"['⏰ 유통기한 임박 (91%)', '❄️ 냉장·냉동 과잉 (80%)', '💸 배송비 상승 (100%)', '⚡ 복합 스트레스 (60%)']","{'재고위험': '24.9%', '판매가능성': '13.1%', '점포이동적합': '14.0%', '비용절감': '18.3%', '폐기회피이익': '13.7%', '실행가능성': '12.8%', '이력보정': '3.3%'}",True,True,False,True,False,True,43.1,33.1,54.1,64.2,59.2,67.3,51.3,51.1,0.0,30.5,검토,할인 판매,🏷️,363,HIGH,신뢰도 높음 ●,#2e7d32,,,30.5,검토,할인 판매,1,4,False,False,,50.0,20022.0,0.0,20022.0,20.58,0.0,20.58,41.0,0.0,346.0,40.0,할인,할인,69.181,일치,65.943,69.181,31.519,14.779
케이크028,교대2점,잠실2점,40.0,프로모션 추천,11882.0,프로모션 순비용이 재배치 비용보다 낮습니다.,25.694335682589404,16.379310344827587,12,8,62.1,검토 가능,11882.0,40.0,47,False,Greedy 선택 후보보다 우선순위가 낮음,3.76,1067,301,5,디저트,275,113.0,26.0,120571.0,B,0.9422926253008842,2,60.0,79.9,4.5,SLOW,55.6,True,55.0,MEDIUM,유통기한 임박 | 소진일수 80일 초과,3.2,14.5,0.0,SAFE,"재고 여유 — 현재고(301), 재주문점(14)",0.0,226.8,60.3,60505.0,31.3,OPTIMAL,"적정 발주 — EOQ(227개), 권장 발주 주기 60일",31.3,26.1,3.73,5.28,2.18,STABLE,80.7,0.0,WMA,0.0,32.1,10.0,3.6,6.0,7.5,5.0,POOR,낮은 매칭,0.988,49.7,STABLE,15.9,LOW,62.6,MEDIUM,36.8,52.7,74.6,0.3,30.0,39334.0,78.7,0.385,0.385,88.5,False,8.6,469,30.5,331,100.0,0.999,4.9,42.4,50.0,REALLOCATE,93.9,2,99.8,61.8,44.7,disposal_risk,55.5,검토 필요,222,HEURISTIC 29% | ABC 14% | TURNOVER 14% | DISPOSAL_RISK 14% | SAFETY_STOCK 8% | EOQ 7% | DEMAND_FORECAST 7% | MATCH 5%,"['⏰ 유통기한 임박 (91%)', '❄️ 냉장·냉동 과잉 (80%)', '💸 배송비 상승 (100%)', '⚡ 복합 스트레스 (60%)']","{'재고위험': '24.9%', '판매가능성': '13.1%', '점포이동적합': '14.0%', '비용절감': '18.3%', '폐기회피이익': '13.7%', '실행가능성': '12.8%', '이력보정': '3.3%'}",True,True,False,True,False,True,52.0,32.6,49.8,53.8,59.2,67.3,49.6,50.7,0.0,28.5,검토,보류,⏸️,374,HIGH,신뢰도 높음 ●,#2e7d32,,,28.5,검토,보류,4,4,True,False,,50.0,22317.0,0.0,22317.0,23.13,0.0,23.13,46.0,0.0,301.0,40.0,할인,할인,63.323,일치,58.957,63.323,28.512,17.458
케이크028,마포2점,잠실2점,40.0,프로모션 추천,11882.0,프로모션 순비용이 재배치 비용보다 낮습니다.,25.694335682589404,16.379310344827587,12,8,62.1,검토 가능,11882.0,40.0,48,False,Greedy 선택 후보보다 우선순위가 낮음,3.28,1067,300,3,디저트,287,98.0,23.0,104566.0,B,0.9422926253008842,2,60.0,91.8,3.92,DEAD,49.0,True,68.0,HIGH,유통기한 임박 | 소진일수 92일 초과,2.8,12.6,0.0,SAFE,"재고 여유 — 현재고(300), 재주문점(13)",0.0,211.9,64.6,56511.0,40.3,OPTIMAL,"적정 발주 — EOQ(212개), 권장 발주 주기 65일",40.3,23.0,3.29,4.64,1.93,STABLE,91.3,0.0,WMA,0.0,36.9,10.0,8.4,6.0,7.5,5.0,POOR,낮은 매칭 · 폐기위험 높음,1.002,50.0,STABLE,17.8,LOW,69.6,MEDIUM,36.8,52.7,74.6,0.3,30.0,39334.0,78.7,0.385,0.385,88.5,False,11.7,368,37.1,227,100.0,0.999,4.9,42.4,50.0,REALLOCATE,93.7,2,99.8,61.8,42.5,disposal_risk,59.6,검토 필요,130,HEURISTIC 29% | ABC 14% | TURNOVER 14% | DISPOSAL_RISK 14% | SAFETY_STOCK 8% | EOQ 7% | DEMAND_FORECAST 7% | MATCH 5%,"['⏰ 유통기한 임박 (91%)', '❄️ 냉장·냉동 과잉 (80%)', '💸 배송비 상승 (100%)', '⚡ 복합 스트레스 (60%)']","{'재고위험': '24.9%', '판매가능성': '13.1%', '점포이동적합': '14.0%', '비용절감': '18.3%', '폐기회피이익': '13.7%', '실행가능성': '12.8%', '이력보정': '3.3%'}",True,True,False,True,False,True,56.1,32.7,53.3,55.2,59.2,67.3,51.3,52.5,0.0,46.0,검토,할인 판매,🏷️,280,HIGH,신뢰도 높음 ●,#2e7d32,,,46.0,검토,할인 판매,6,4,False,False,,50.0,22785.0,0.0,22785.0,23.65,0.0,23.65,47.0,0.0,300.0,40.0,할인,할인,66.358,일치,59.87,66.358,29.755,17.561
마카롱015,잠원2점,마포2점,54.0,재배치 추천,14928.0,프로모션 순비용이 재배치 비용보다 높습니다.,21.718872357086923,22.413793103448278,18,0,62.1,검토 가능,14928.0,54.0,49,False,Greedy 선택 후보보다 우선순위가 낮음,3.48,2785,325,0,디저트,321,104.0,24.0,289640.0,A,0.3993310944514818,1,100.0,93.8,3.84,DEAD,47.9,True,70.0,HIGH,유통기한 임박 | 소진일수 94일 초과,3.0,13.4,0.0,SAFE,"재고 여유 — 현재고(325), 재주문점(13)",0.0,135.1,38.8,94041.0,100.0,OVER,과잉 발주 위험 — 현재(322개) > EOQ(135개). 발주 주기 39일 권장,100.0,24.1,3.44,4.88,2.01,STABLE,94.4,0.0,WMA,0.0,40.9,10.0,8.4,10.0,7.5,5.0,FAIR,보통 매칭 · 폐기위험 높음 · 핵심(A)상품,0.985,49.6,STABLE,18.5,LOW,78.3,HIGH,36.4,18.3,70.1,0.3,30.0,165540.0,100.0,0.385,0.385,88.5,False,12.3,318,38.9,187,100.0,0.999,4.9,38.7,50.0,REALLOCATE,93.6,2,99.8,72.4,26.9,disposal_risk,72.5,우선 처리,2,HEURISTIC 29% | ABC 14% | TURNOVER 14% | DISPOSAL_RISK 14% | SAFETY_STOCK 8% | EOQ 7% | DEMAND_FORECAST 7% | MATCH 5%,"['⏰ 유통기한 임박 (91%)', '❄️ 냉장·냉동 과잉 (80%)', '💸 배송비 상승 (100%)', '⚡ 복합 스트레스 (60%)']","{'재고위험': '24.9%', '판매가능성': '13.1%', '점포이동적합': '14.0%', '비용절감': '18.3%', '폐기회피이익': '13.7%', '실행가능성': '12.8%', '이력보정': '3.3%'}",True,True,False,True,False,True,62.7,32.6,55.1,64.2,72.0,52.8,51.7,55.9,0.0,84.4,최적,할인 판매,🏷️,74,HIGH,신뢰도 높음 ●,#2e7d32,,,84.4,최적,할인 판매,2,6,False,False,,50.0,14928.0,0.0,14928.0,14.92,0.0,14.92,30.0,0.0,325.0,54.0,재고 이동,재고 이동,80.281,일치,80.281,60.724,30.462,16.155
푸딩022,마포2점,목동점,23.0,프로모션 추천,6322.0,프로모션 순비용이 재배치 비용보다 낮습니다.,32.95092665100496,9.051724137931034,12,8,62.0,검토 가능,6322.0,23.0,50,False,Greedy 선택 후보보다 우선순위가 낮음,1.11,993,259,1,디저트,258,33.0,8.0,32769.0,C,0.9624552207492814,3,20.0,235.5,1.53,DEAD,0.0,True,68.0,HIGH,유통기한 임박 | 소진일수 236일 초과,1.0,4.3,0.0,SAFE,"재고 여유 — 현재고(259), 재주문점(4)",0.0,127.8,115.1,31714.0,100.0,OVER,과잉 발주 위험 — 현재(258개) > EOQ(128개). 발주 주기 115일 권장,100.0,7.9,1.13,1.59,0.67,STABLE,229.5,0.0,WMA,0.0,33.9,10.0,8.4,3.0,7.5,5.0,POOR,낮은 매칭 · 폐기위험 높음,1.03,50.7,STABLE,35.0,LOW,76.6,HIGH,27.5,70.2,50.1,0.3,30.0,21085.0,42.2,0.385,0.385,88.5,False,11.5,389,40.8,145,100.0,0.999,4.9,14.1,50.0,REALLOCATE,93.5,2,99.8,43.5,41.2,disposal_risk,47.6,모니터링,401,HEURISTIC 29% | ABC 14% | TURNOVER 14% | DISPOSAL_RISK 14% | SAFETY_STOCK 8% | EOQ 7% | DEMAND_FORECAST 7% | MATCH 5%,"['⏰ 유통기한 임박 (91%)', '❄️ 냉장·냉동 과잉 (80%)', '💸 배송비 상승 (100%)', '⚡ 복합 스트레스 (60%)']","{'재고위험': '24.9%', '판매가능성': '13.1%', '점포이동적합': '14.0%', '비용절감': '18.3%', '폐기회피이익': '13.7%', '실행가능성': '12.8%', '이력보정': '3.3%'}",True,True,False,True,False,True,37.1,32.9,49.8,64.1,37.3,56.8,51.2,44.6,0.0,7.4,검토,할인 판매,🏷️,487,HIGH,신뢰도 높음 ●,#2e7d32,,,7.4,검토,할인 판매,6,2,False,False,,50.0,15891.0,0.0,15891.0,15.99,0.0,15.99,32.0,0.0,259.0,23.0,할인,할인,66.929,일치,59.264,66.929,29.775,13.714
푸딩022,건대2점,목동점,23.0,프로모션 추천,6322.0,프로모션 순비용이 재배치 비용보다 낮습니다.,32.95092665100496,9.051724137931034,12,8,62.0,검토 가능,6322.0,23.0,51,False,Greedy 선택 후보보다 우선순위가 낮음,1.59,993,301,3,디저트,295,48.0,11.0,47664.0,C,0.9624552207492814,3,20.0,188.1,1.91,DEAD,0.0,True,68.0,HIGH,유통기한 임박 | 소진일수 188일 초과,1.4,6.2,0.0,SAFE,"재고 여유 — 현재고(301), 재주문점(6)",0.0,152.9,96.2,37957.0,95.9,OVER,과잉 발주 위험 — 현재(300개) > EOQ(153개). 발주 주기 96일 권장,95.9,11.1,1.59,2.24,0.93,STABLE,189.8,0.0,WMA,0.0,33.9,10.0,8.4,3.0,7.5,5.0,POOR,낮은 매칭 · 폐기위험 높음,0.988,49.7,STABLE,35.3,LOW,69.6,MEDIUM,27.5,70.2,50.1,0.3,30.0,21085.0,42.2,0.385,0.385,88.5,False,11.5,389,40.9,142,100.0,0.999,4.9,14.1,50.0,REALLOCATE,93.3,2,99.8,43.5,41.2,disposal_risk,47.3,모니터링,412,HEURISTIC 29% | ABC 14% | TURNOVER 14% | DISPOSAL_RISK 14% | SAFETY_STOCK 8% | EOQ 7% | DEMAND_FORECAST 7% | MATCH 5%,"['⏰ 유통기한 임박 (91%)', '❄️ 냉장·냉동 과잉 (80%)', '💸 배송비 상승 (100%)', '⚡ 복합 스트레스 (60%)']","{'재고위험': '24.9%', '판매가능성': '13.1%', '점포이동적합': '14.0%', '비용절감': '18.3%', '폐기회피이익': '13.7%', '실행가능성': '12.8%', '이력보정': '3.3%'}",True,True,False,True,False,True,37.1,32.6,49.8,63.5,37.3,56.8,51.2,44.5,0.0,7.1,검토,할인 판매,🏷️,489,HIGH,신뢰도 높음 ●,#2e7d32,,,7.1,검토,할인 판매,5,2,False,False,,50.0,22128.0,0.0,22128.0,22.92,0.0,22.92,46.0,0.0,301.0,23.0,할인,할인,71.967,일치,53.702,71.967,30.958,14.769
푸딩022,잠원점,동대문점,23.0,프로모션 추천,6322.0,프로모션 순비용이 재배치 비용보다 낮습니다.,32.95092665100496,9.051724137931034,12,8,62.0,검토 가능,6322.0,23.0,52,False,Greedy 선택 후보보다 우선순위가 낮음,6.6,993,342,1,디저트,333,198.0,46.0,196614.0,C,0.9624552207492814,3,20.0,51.8,6.95,NORMAL,71.2,False,48.9,MEDIUM,유통기한 임박,5.7,25.5,0.0,SAFE,"재고 여유 — 현재고(342), 재주문점(26)",0.0,311.5,47.2,77333.0,8.0,OPTIMAL,"적정 발주 — EOQ(312개), 권장 발주 주기 47일",8.0,46.1,6.59,9.31,3.86,STABLE,51.9,1.1,WMA,1.1,29.2,10.0,3.66,3.0,7.5,5.0,POOR,낮은 매칭,0.996,49.9,STABLE,10.2,LOW,76.6,HIGH,44.1,68.4,53.5,0.3,30.0,21085.0,42.2,0.385,0.385,88.5,False,13.7,193,26.2,431,100.0,0.999,4.9,19.5,50.0,REALLOCATE,93.2,2,99.8,43.5,43.2,turnover,47.5,모니터링,407,HEURISTIC 29% | ABC 14% | TURNOVER 14% | DISPOSAL_RISK 14% | SAFETY_STOCK 8% | EOQ 7% | DEMAND_FORECAST 7% | MATCH 5%,"['⏰ 유통기한 임박 (91%)', '❄️ 냉장·냉동 과잉 (80%)', '💸 배송비 상승 (100%)', '⚡ 복합 스트레스 (60%)']","{'재고위험': '24.9%', '판매가능성': '13.1%', '점포이동적합': '14.0%', '비용절감': '18.3%', '폐기회피이익': '13.7%', '실행가능성': '12.8%', '이력보정': '3.3%'}",True,True,False,True,False,True,47.4,33.2,45.3,50.3,37.3,58.5,52.4,44.3,0.0,6.5,검토,보류,⏸️,492,HIGH,신뢰도 높음 ●,#2e7d32,,,6.5,검토,보류,2,3,False,False,,50.0,23037.0,0.0,23037.0,23.93,0.0,23.93,48.0,0.0,342.0,23.0,할인,할인,64.988,일치,50.338,64.988,27.639,17.543
푸딩022,마포2점,동대문점,23.0,프로모션 추천,6322.0,프로모션 순비용이 재배치 비용보다 낮습니다.,32.95092665100496,9.051724137931034,12,8,62.0,검토 가능,6322.0,23.0,53,False,Greedy 선택 후보보다 우선순위가 낮음,1.11,993,259,1,디저트,258,33.0,8.0,32769.0,C,0.9624552207492814,3,20.0,235.5,1.53,DEAD,0.0,True,68.0,HIGH,유통기한 임박 | 소진일수 236일 초과,1.0,4.3,0.0,SAFE,"재고 여유 — 현재고(259), 재주문점(4)",0.0,127.8,115.1,31714.0,100.0,OVER,과잉 발주 위험 — 현재(258개) > EOQ(128개). 발주 주기 115일 권장,100.0,7.9,1.13,1.59,0.67,STABLE,229.5,0.0,WMA,0.0,33.9,10.0,8.4,3.0,7.5,5.0,POOR,낮은 매칭 · 폐기위험 높음,1.03,50.7,STABLE,35.0,LOW,76.6,HIGH,44.1,68.4,53.5,0.3,30.0,21085.0,42.2,0.385,0.385,88.5,False,11.5,389,40.8,145,100.0,0.999,4.9,19.5,50.0,REALLOCATE,93.1,2,99.8,43.5,41.2,disposal_risk,47.6,모니터링,406,HEURISTIC 29% | ABC 14% | TURNOVER 14% | DISPOSAL_RISK 14% | SAFETY_STOCK 8% | EOQ 7% | DEMAND_FORECAST 7% | MATCH 5%,"['⏰ 유통기한 임박 (91%)', '❄️ 냉장·냉동 과잉 (80%)', '💸 배송비 상승 (100%)', '⚡ 복합 스트레스 (60%)']","{'재고위험': '24.9%', '판매가능성': '13.1%', '점포이동적합': '14.0%', '비용절감': '18.3%', '폐기회피이익': '13.7%', '실행가능성': '12.8%', '이력보정': '3.3%'}",True,True,False,True,False,True,37.1,32.9,50.4,64.1,37.3,58.5,51.2,44.9,0.0,8.0,검토,할인 판매,🏷️,484,HIGH,신뢰도 높음 ●,#2e7d32,,,8.0,검토,할인 판매,6,3,False,False,,50.0,27834.0,0.0,27834.0,29.26,0.0,29.26,59.0,0.0,259.0,23.0,할인,할인,74.707,일치,46.672,74.707,31.319,15.657
삼각김밥103,압구정점,명동점,27.0,프로모션 추천,7664.0,프로모션 순비용이 재배치 비용보다 낮습니다.,31.199425737405377,10.775862068965516,12,8,62.0,검토 가능,7664.0,27.0,54,False,Greedy 선택 후보보다 우선순위가 낮음,4.06,1023,357,1,간편식,352,122.0,28.0,124806.0,B,0.930928637405371,2,60.0,87.8,4.1,SLOW,51.2,True,71.9,HIGH,유통기한 임박 | 소진일수 88일 초과,3.5,15.7,0.0,SAFE,"재고 여유 — 현재고(357), 재주문점(16)",0.0,256.6,63.2,57751.0,37.8,OPTIMAL,"적정 발주 — EOQ(257개), 권장 발주 주기 63일",37.8,28.2,4.03,5.7,2.35,STABLE,88.6,0.0,WMA,0.0,36.9,10.0,8.4,6.0,7.5,5.0,POOR,낮은 매칭 · 폐기위험 높음,0.985,49.6,STABLE,17.5,LOW,76.6,HIGH,42.3,50.9,53.5,0.3,30.0,25481.0,51.0,0.385,0.385,88.5,False,12.5,293,38.6,195,100.0,0.999,4.9,19.6,50.0,REALLOCATE,92.9,2,99.8,47.9,40.9,disposal_risk,60.7,검토 필요,110,HEURISTIC 29% | ABC 14% | TURNOVER 14% | DISPOSAL_RISK 14% | SAFETY_STOCK 8% | EOQ 7% | DEMAND_FORECAST 7% | MATCH 5%,"['⏰ 유통기한 임박 (91%)', '❄️ 냉장·냉동 과잉 (80%)', '💸 배송비 상승 (100%)', '⚡ 복합 스트레스 (60%)']","{'재고위험': '24.9%', '판매가능성': '13.1%', '점포이동적합': '14.0%', '비용절감': '18.3%', '폐기회피이익': '13.7%', '실행가능성': '12.8%', '이력보정': '3.3%'}",True,True,False,True,False,True,58.5,32.6,51.3,54.8,42.6,52.6,51.8,48.6,0.0,18.0,검토,할인 판매,🏷️,430,HIGH,신뢰도 높음 ●,#2e7d32,,,18.0,검토,할인 판매,0,5,False,False,,50.0,25899.0,0.0,25899.0,27.11,0.0,27.11,54.0,0.0,357.0,27.0,할인,할인,70.38,일치,55.242,70.38,30.371,18.407
죽044,종로2점,압구정점,18.0,프로모션 추천,4731.0,프로모션 순비용이 재배치 비용보다 낮습니다.,35.02740798747063,6.896551724137931,12,8,61.9,검토 가능,4731.0,18.0,55,False,Greedy 선택 후보보다 우선순위가 낮음,3.75,953,377,2,간편식,367,112.0,26.0,106736.0,C,0.9967280962335219,3,20.0,101.0,3.56,DEAD,43.9,True,73.0,HIGH,유통기한 임박 | 소진일수 101일 초과,3.2,14.4,0.0,SAFE,"재고 여유 — 현재고(377), 재주문점(14)",0.0,255.5,68.1,53570.0,46.3,OPTIMAL,"적정 발주 — EOQ(256개), 권장 발주 주기 68일",46.3,26.1,3.73,5.28,2.18,STABLE,101.1,0.0,WMA,0.0,33.9,10.0,8.4,3.0,7.5,5.0,POOR,낮은 매칭 · 폐기위험 높음,0.99,49.8,STABLE,19.8,LOW,73.1,HIGH,36.4,53.2,90.7,0.3,30.0,15854.0,31.7,0.385,0.385,88.5,False,12.6,283,39.0,185,100.0,0.999,4.9,52.6,50.0,REALLOCATE,92.8,2,99.8,38.2,42.8,disposal_risk,52.2,모니터링,302,HEURISTIC 29% | ABC 14% | TURNOVER 14% | DISPOSAL_RISK 14% | SAFETY_STOCK 8% | EOQ 7% | DEMAND_FORECAST 7% | MATCH 5%,"['⏰ 유통기한 임박 (91%)', '❄️ 냉장·냉동 과잉 (80%)', '💸 배송비 상승 (100%)', '⚡ 복합 스트레스 (60%)']","{'재고위험': '24.9%', '판매가능성': '13.1%', '점포이동적합': '14.0%', '비용절감': '18.3%', '폐기회피이익': '13.7%', '실행가능성': '12.8%', '이력보정': '3.3%'}",True,True,False,True,False,True,51.0,32.6,53.3,56.0,31.0,78.2,51.8,48.9,0.0,19.9,검토,할인 판매,🏷️,420,HIGH,신뢰도 높음 ●,#2e7d32,,,19.9,검토,할인 판매,7,0,False,False,,50.0,17007.0,0.0,17007.0,17.23,0.0,17.23,34.0,0.0,377.0,18.0,할인,할인,68.049,일치,59.956,68.049,29.727,15.869
삼각김밥103,신림점,홍대2점,26.0,프로모션 추천,7380.0,프로모션 순비용이 재배치 비용보다 낮습니다.,31.570086139389197,10.344827586206897,12,8,61.9,검토 가능,7380.0,26.0,56,False,Greedy 선택 후보보다 우선순위가 낮음,1.61,1023,357,1,간편식,355,48.0,11.0,49104.0,B,0.930928637405371,2,60.0,223.1,1.61,DEAD,0.0,True,73.0,HIGH,유통기한 임박 | 소진일수 223일 초과,1.4,6.2,0.0,SAFE,"재고 여유 — 현재고(357), 재주문점(6)",0.0,161.6,100.4,36367.0,100.0,OVER,과잉 발주 위험 — 현재(356개) > EOQ(162개). 발주 주기 100일 권장,100.0,11.1,1.59,2.25,0.92,STABLE,225.1,0.0,WMA,0.0,36.9,10.0,8.4,6.0,7.5,5.0,POOR,낮은 매칭 · 폐기위험 높음,0.976,49.4,STABLE,35.6,LOW,76.6,HIGH,36.4,87.0,64.3,0.3,30.0,24538.0,49.1,0.385,0.385,88.5,False,12.7,279,43.6,54,100.0,0.999,4.9,33.1,50.0,REALLOCATE,92.7,1,100.0,46.9,34.4,disposal_risk,56.8,검토 필요,194,HEURISTIC 29% | ABC 14% | TURNOVER 14% | DISPOSAL_RISK 14% | SAFETY_STOCK 8% | EOQ 7% | DEMAND_FORECAST 7% | MATCH 5%,"['⏰ 유통기한 임박 (91%)', '❄️ 냉장·냉동 과잉 (80%)', '💸 배송비 상승 (100%)', '⚡ 복합 스트레스 (60%)']","{'재고위험': '24.9%', '판매가능성': '13.1%', '점포이동적합': '14.0%', '비용절감': '18.3%', '폐기회피이익': '13.7%', '실행가능성': '12.8%', '이력보정': '3.3%'}",True,True,False,True,False,True,45.4,32.5,53.6,64.0,41.5,71.9,52.0,49.6,0.0,22.5,검토,할인 판매,🏷️,406,HIGH,신뢰도 높음 ●,#2e7d32,,,22.5,검토,할인 판매,1,3,False,False,,50.0,19914.0,0.0,19914.0,20.46,0.0,20.46,41.0,0.0,357.0,26.0,할인,할인,70.381,일치,63.028,70.381,31.341,15.101
삼각김밥103,명동점,홍대2점,26.0,프로모션 추천,7380.0,프로모션 순비용이 재배치 비용보다 낮습니다.,31.570086139389197,10.344827586206897,12,8,61.9,검토 가능,7380.0,26.0,57,False,Greedy 선택 후보보다 우선순위가 낮음,6.81,1023,408,1,간편식,399,204.0,48.0,208692.0,B,0.930928637405371,2,60.0,60.0,6.0,NORMAL,66.7,False,58.0,MEDIUM,유통기한 임박,5.8,26.2,0.0,SAFE,"재고 여유 — 현재고(408), 재주문점(26)",0.0,332.3,48.8,74794.0,21.0,OPTIMAL,"적정 발주 — EOQ(332개), 권장 발주 주기 49일",21.0,47.9,6.84,9.65,4.03,STABLE,59.6,0.1,WMA,0.1,32.1,10.0,3.6,6.0,7.5,5.0,POOR,낮은 매칭,1.007,50.2,STABLE,11.6,LOW,76.6,HIGH,36.4,87.0,64.3,0.3,30.0,24538.0,49.1,0.385,0.385,88.5,False,9.4,442,30.6,329,100.0,0.999,4.9,33.1,50.0,REALLOCATE,92.5,1,100.0,46.9,41.3,disposal_risk,57.3,검토 필요,181,HEURISTIC 29% | ABC 14% | TURNOVER 14% | DISPOSAL_RISK 14% | SAFETY_STOCK 8% | EOQ 7% | DEMAND_FORECAST 7% | MATCH 5%,"['⏰ 유통기한 임박 (91%)', '❄️ 냉장·냉동 과잉 (80%)', '💸 배송비 상승 (100%)', '⚡ 복합 스트레스 (60%)']","{'재고위험': '24.9%', '판매가능성': '13.1%', '점포이동적합': '14.0%', '비용절감': '18.3%', '폐기회피이익': '13.7%', '실행가능성': '12.8%', '이력보정': '3.3%'}",True,True,False,True,False,True,56.3,32.8,48.9,52.2,41.5,71.9,50.2,49.5,0.0,22.1,검토,보류,⏸️,408,HIGH,신뢰도 높음 ●,#2e7d32,,,22.1,검토,보류,5,3,False,False,,50.0,22803.0,0.0,22803.0,23.67,0.0,23.67,47.0,0.0,408.0,26.0,할인,할인,65.928,일치,58.449,65.928,28.898,18.114
케이크028,마포2점,교대점,35.0,프로모션 추천,10397.0,프로모션 순비용이 재배치 비용보다 낮습니다.,27.632471939441402,14.224137931034484,12,8,61.9,검토 가능,10397.0,35.0,58,False,Greedy 선택 후보보다 우선순위가 낮음,3.28,1067,300,3,디저트,287,98.0,23.0,104566.0,B,0.9422926253008842,2,60.0,91.8,3.92,DEAD,49.0,True,68.0,HIGH,유통기한 임박 | 소진일수 92일 초과,2.8,12.6,0.0,SAFE,"재고 여유 — 현재고(300), 재주문점(13)",0.0,211.9,64.6,56511.0,40.3,OPTIMAL,"적정 발주 — EOQ(212개), 권장 발주 주기 65일",40.3,23.0,3.29,4.64,1.93,STABLE,91.3,0.0,WMA,0.0,36.9,10.0,8.4,6.0,7.5,5.0,POOR,낮은 매칭 · 폐기위험 높음,1.002,50.0,STABLE,17.8,LOW,69.6,MEDIUM,36.6,51.0,60.3,0.3,30.0,34417.0,68.8,0.385,0.385,88.5,False,11.7,368,37.1,227,100.0,0.999,4.9,28.6,50.0,REALLOCATE,92.4,2,99.8,56.8,42.5,disposal_risk,59.4,검토 필요,134,HEURISTIC 29% | ABC 14% | TURNOVER 14% | DISPOSAL_RISK 14% | SAFETY_STOCK 8% | EOQ 7% | DEMAND_FORECAST 7% | MATCH 5%,"['⏰ 유통기한 임박 (91%)', '❄️ 냉장·냉동 과잉 (80%)', '💸 배송비 상승 (100%)', '⚡ 복합 스트레스 (60%)']","{'재고위험': '24.9%', '판매가능성': '13.1%', '점포이동적합': '14.0%', '비용절감': '18.3%', '폐기회피이익': '13.7%', '실행가능성': '12.8%', '이력보정': '3.3%'}",True,True,False,True,False,True,56.1,32.7,51.9,55.1,53.3,57.2,51.3,50.2,0.0,23.8,검토,할인 판매,🏷️,399,HIGH,신뢰도 높음 ●,#2e7d32,,,23.8,검토,할인 판매,6,3,False,False,,50.0,14073.0,0.0,14073.0,13.97,0.0,13.97,28.0,0.0,300.0,35.0,할인,재고 이동,67.846,다름,67.846,60.66,28.341,16.123
케이크028,역삼점,교대점,35.0,프로모션 추천,10397.0,프로모션 순비용이 재배치 비용보다 낮습니다.,27.632471939441402,14.224137931034484,12,8,61.9,검토 가능,10397.0,35.0,59,False,Greedy 선택 후보보다 우선순위가 낮음,1.36,1067,346,2,디저트,343,41.0,10.0,43747.0,B,0.9422926253008842,2,60.0,253.2,1.42,DEAD,0.0,True,68.0,HIGH,유통기한 임박 | 소진일수 253일 초과,1.2,5.3,0.0,SAFE,"재고 여유 — 현재고(346), 재주문점(5)",0.0,136.4,100.3,36389.0,100.0,OVER,과잉 발주 위험 — 현재(345개) > EOQ(136개). 발주 주기 100일 권장,100.0,9.8,1.4,1.96,0.84,STABLE,247.1,0.0,WMA,0.0,36.9,10.0,8.4,6.0,7.5,5.0,POOR,낮은 매칭 · 폐기위험 높음,1.05,51.3,STABLE,35.0,LOW,73.1,HIGH,36.6,51.0,60.3,0.3,30.0,34417.0,68.8,0.385,0.385,88.5,False,11.7,368,41.4,118,100.0,0.999,4.9,28.6,50.0,REALLOCATE,92.3,2,99.8,56.8,36.4,disposal_risk,55.6,검토 필요,219,HEURISTIC 29% | ABC 14% | TURNOVER 14% | DISPOSAL_RISK 14% | SAFETY_STOCK 8% | EOQ 7% | DEMAND_FORECAST 7% | MATCH 5%,"['⏰ 유통기한 임박 (91%)', '❄️ 냉장·냉동 과잉 (80%)', '💸 배송비 상승 (100%)', '⚡ 복합 스트레스 (60%)']","{'재고위험': '24.9%', '판매가능성': '13.1%', '점포이동적합': '14.0%', '비용절감': '18.3%', '폐기회피이익': '13.7%', '실행가능성': '12.8%', '이력보정': '3.3%'}",True,True,False,True,False,True,43.1,33.1,52.7,64.0,53.3,57.2,51.3,48.8,0.0,18.8,검토,할인 판매,🏷️,426,HIGH,신뢰도 높음 ●,#2e7d32,,,18.8,검토,할인 판매,1,3,False,False,,50.0,17079.0,0.0,17079.0,17.31,0.0,17.31,35.0,0.0,346.0,35.0,할인,재고 이동,67.635,다름,67.635,67.247,30.875,14.351
케이크028,교대2점,교대점,35.0,프로모션 추천,10397.0,프로모션 순비용이 재배치 비용보다 낮습니다.,27.632471939441402,14.224137931034484,12,8,61.9,검토 가능,10397.0,35.0,60,False,Greedy 선택 후보보다 우선순위가 낮음,3.76,1067,301,5,디저트,275,113.0,26.0,120571.0,B,0.9422926253008842,2,60.0,79.9,4.5,SLOW,55.6,True,55.0,MEDIUM,유통기한 임박 | 소진일수 80일 초과,3.2,14.5,0.0,SAFE,"재고 여유 — 현재고(301), 재주문점(14)",0.0,226.8,60.3,60505.0,31.3,OPTIMAL,"적정 발주 — EOQ(227개), 권장 발주 주기 60일",31.3,26.1,3.73,5.28,2.18,STABLE,80.7,0.0,WMA,0.0,32.1,10.0,3.6,6.0,7.5,5.0,POOR,낮은 매칭,0.988,49.7,STABLE,15.9,LOW,62.6,MEDIUM,36.6,51.0,60.3,0.3,30.0,34417.0,68.8,0.385,0.385,88.5,False,8.6,469,30.5,331,100.0,0.999,4.9,28.6,50.0,REALLOCATE,92.1,2,99.8,56.8,44.8,disposal_risk,55.3,검토 필요,230,HEURISTIC 29% | ABC 14% | TURNOVER 14% | DISPOSAL_RISK 14% | SAFETY_STOCK 8% | EOQ 7% | DEMAND_FORECAST 7% | MATCH 5%,"['⏰ 유통기한 임박 (91%)', '❄️ 냉장·냉동 과잉 (80%)', '💸 배송비 상승 (100%)', '⚡ 복합 스트레스 (60%)']","{'재고위험': '24.9%', '판매가능성': '13.1%', '점포이동적합': '14.0%', '비용절감': '18.3%', '폐기회피이익': '13.7%', '실행가능성': '12.8%', '이력보정': '3.3%'}",True,True,False,True,False,True,52.0,32.6,48.4,53.7,53.3,57.2,49.6,48.4,0.0,17.5,검토,보류,⏸️,433,HIGH,신뢰도 높음 ●,#2e7d32,,,17.5,검토,보류,4,3,False,False,,50.0,18303.0,0.0,18303.0,18.67,0.0,18.67,37.0,0.0,301.0,35.0,할인,재고 이동,61.908,다름,61.908,60.64,27.714,16.827
마카롱084,합정점,성수점,56.0,프로모션 추천,17543.0,프로모션 순비용이 재배치 비용보다 낮습니다.,18.3059253458627,23.275862068965516,12,8,61.6,검토 가능,17543.0,56.0,61,False,Greedy 선택 후보보다 우선순위가 낮음,8.95,1121,365,1,디저트,353,268.0,63.0,300428.0,B,0.8740282082213574,2,60.0,40.9,8.81,NORMAL,77.3,False,43.4,MEDIUM,유통기한 임박,7.7,34.6,0.0,SAFE,"재고 여유 — 현재고(365), 재주문점(35)",0.0,341.4,38.1,95682.0,4.7,OPTIMAL,"적정 발주 — EOQ(341개), 권장 발주 주기 38일",4.7,62.9,8.99,12.68,5.29,STABLE,40.6,2.6,WMA,2.6,32.2,10.0,3.73,6.0,7.5,5.0,POOR,낮은 매칭,1.006,50.1,STABLE,7.9,LOW,76.6,HIGH,25.1,56.6,77.1,0.3,30.0,57788.0,100.0,0.385,0.385,88.5,False,28.1,38,24.1,465,100.0,0.999,4.9,44.2,50.0,REALLOCATE,92.0,2,99.8,72.3,40.4,turnover,55.8,검토 필요,215,HEURISTIC 29% | ABC 14% | TURNOVER 14% | DISPOSAL_RISK 14% | SAFETY_STOCK 8% | EOQ 7% | DEMAND_FORECAST 7% | MATCH 5%,"['⏰ 유통기한 임박 (91%)', '❄️ 냉장·냉동 과잉 (80%)', '💸 배송비 상승 (100%)', '⚡ 복합 스트레스 (60%)']","{'재고위험': '24.9%', '판매가능성': '13.1%', '점포이동적합': '14.0%', '비용절감': '18.3%', '폐기회피이익': '13.7%', '실행가능성': '12.8%', '이력보정': '3.3%'}",True,True,False,True,False,True,52.5,34.0,48.7,49.6,72.0,70.3,60.4,52.3,0.0,42.6,검토,보류,⏸️,298,HIGH,신뢰도 높음 ●,#2e7d32,,,42.6,검토,보류,6,4,False,False,,50.0,22488.0,0.0,22488.0,23.32,0.0,23.32,47.0,0.0,365.0,56.0,할인,재고 이동,63.33,다름,63.33,60.705,28.19,17.776
마카롱084,종로2점,성수점,56.0,프로모션 추천,17543.0,프로모션 순비용이 재배치 비용보다 낮습니다.,18.3059253458627,23.275862068965516,12,8,61.6,검토 가능,17543.0,56.0,62,False,Greedy 선택 후보보다 우선순위가 낮음,0.48,1121,311,2,디저트,310,14.0,3.0,15694.0,B,0.8740282082213574,2,60.0,666.4,0.54,DEAD,0.0,True,68.0,HIGH,유통기한 임박 | 소진일수 666일 초과,0.4,1.8,0.0,SAFE,"재고 여유 — 현재고(311), 재주문점(2)",0.0,79.1,164.8,22158.0,100.0,OVER,과잉 발주 위험 — 현재(311개) > EOQ(79개). 발주 주기 165일 권장,100.0,3.1,0.44,0.64,0.24,DECREASING,702.3,0.0,WMA,0.0,36.9,10.0,8.4,6.0,7.5,5.0,POOR,낮은 매칭 · 폐기위험 높음,0.893,47.3,DECLINING,37.7,LOW,73.1,HIGH,25.1,56.6,77.1,0.3,30.0,57788.0,100.0,0.385,0.385,88.5,False,11.7,368,42.1,91,100.0,0.999,4.9,44.2,50.0,REALLOCATE,91.9,2,99.8,72.3,36.5,disposal_risk,55.3,검토 필요,231,HEURISTIC 29% | ABC 14% | TURNOVER 14% | DISPOSAL_RISK 14% | SAFETY_STOCK 8% | EOQ 7% | DEMAND_FORECAST 7% | MATCH 5%,"['⏰ 유통기한 임박 (91%)', '❄️ 냉장·냉동 과잉 (80%)', '💸 배송비 상승 (100%)', '⚡ 복합 스트레스 (60%)']","{'재고위험': '24.9%', '판매가능성': '13.1%', '점포이동적합': '14.0%', '비용절감': '18.3%', '폐기회피이익': '13.7%', '실행가능성': '12.8%', '이력보정': '3.3%'}",True,True,False,True,False,True,43.4,31.9,54.4,63.9,72.0,70.3,51.3,53.1,0.0,52.0,검토,할인 판매,🏷️,248,HIGH,신뢰도 높음 ●,#2e7d32,,,52.0,검토,할인 판매,7,4,False,False,,50.0,29040.0,0.0,29040.0,30.6,0.0,30.6,61.0,0.0,311.0,56.0,할인,할인,73.57,일치,59.108,73.57,32.943,16.099
마카롱084,노원점,잠원점,50.0,프로모션 추천,15663.0,프로모션 순비용이 재배치 비용보다 낮습니다.,20.759592795614722,20.689655172413794,12,8,61.4,검토 가능,15663.0,50.0,63,False,Greedy 선택 후보보다 우선순위가 낮음,10.62,1121,292,1,디저트,278,319.0,74.0,357599.0,B,0.8740282082213574,2,60.0,27.5,13.11,FAST,84.7,False,38.0,LOW,유통기한 임박,9.1,41.0,0.0,SAFE,"재고 여유 — 현재고(292), 재주문점(41)",0.0,371.9,35.0,104227.0,19.1,OPTIMAL,"적정 발주 — EOQ(372개), 권장 발주 주기 35일",19.1,74.1,10.59,14.97,6.2,STABLE,27.6,6.1,WMA,6.1,28.8,10.0,0.3,6.0,7.5,5.0,POOR,낮은 매칭,0.995,49.9,STABLE,5.5,LOW,76.6,HIGH,30.3,34.9,77.2,0.3,30.0,51597.0,100.0,0.385,0.385,88.5,False,63.6,3,21.0,493,100.0,0.999,4.9,44.3,50.0,REALLOCATE,91.7,2,99.8,72.3,38.2,turnover,58.2,검토 필요,161,HEURISTIC 29% | ABC 14% | TURNOVER 14% | DISPOSAL_RISK 14% | SAFETY_STOCK 8% | EOQ 7% | DEMAND_FORECAST 7% | MATCH 5%,"['⏰ 유통기한 임박 (91%)', '❄️ 냉장·냉동 과잉 (80%)', '💸 배송비 상승 (100%)', '⚡ 복합 스트레스 (60%)']","{'재고위험': '24.9%', '판매가능성': '13.1%', '점포이동적합': '14.0%', '비용절감': '18.3%', '폐기회피이익': '13.7%', '실행가능성': '12.8%', '이력보정': '3.3%'}",True,True,False,True,False,True,52.1,35.7,46.6,51.6,72.0,63.1,79.9,51.5,0.0,35.2,검토,보류,⏸️,338,HIGH,신뢰도 높음 ●,#2e7d32,,,35.2,검토,보류,1,2,False,False,,50.0,17430.0,0.0,17430.0,17.7,0.0,17.7,35.0,0.0,292.0,50.0,할인,재고 이동,65.398,다름,65.398,54.17,26.2,17.081
마카롱084,종로2점,잠원점,50.0,프로모션 추천,15663.0,프로모션 순비용이 재배치 비용보다 낮습니다.,20.759592795614722,20.689655172413794,12,8,61.4,검토 가능,15663.0,50.0,64,False,Greedy 선택 후보보다 우선순위가 낮음,0.48,1121,311,2,디저트,310,14.0,3.0,15694.0,B,0.8740282082213574,2,60.0,666.4,0.54,DEAD,0.0,True,68.0,HIGH,유통기한 임박 | 소진일수 666일 초과,0.4,1.8,0.0,SAFE,"재고 여유 — 현재고(311), 재주문점(2)",0.0,79.1,164.8,22158.0,100.0,OVER,과잉 발주 위험 — 현재(311개) > EOQ(79개). 발주 주기 165일 권장,100.0,3.1,0.44,0.64,0.24,DECREASING,702.3,0.0,WMA,0.0,36.9,10.0,8.4,6.0,7.5,5.0,POOR,낮은 매칭 · 폐기위험 높음,0.893,47.3,DECLINING,37.7,LOW,73.1,HIGH,30.3,34.9,77.2,0.3,30.0,51597.0,100.0,0.385,0.385,88.5,False,11.7,368,42.1,91,100.0,0.999,4.9,44.3,50.0,REALLOCATE,91.6,2,99.8,72.3,36.5,disposal_risk,55.1,검토 필요,235,HEURISTIC 29% | ABC 14% | TURNOVER 14% | DISPOSAL_RISK 14% | SAFETY_STOCK 8% | EOQ 7% | DEMAND_FORECAST 7% | MATCH 5%,"['⏰ 유통기한 임박 (91%)', '❄️ 냉장·냉동 과잉 (80%)', '💸 배송비 상승 (100%)', '⚡ 복합 스트레스 (60%)']","{'재고위험': '24.9%', '판매가능성': '13.1%', '점포이동적합': '14.0%', '비용절감': '18.3%', '폐기회피이익': '13.7%', '실행가능성': '12.8%', '이력보정': '3.3%'}",True,True,False,True,False,True,43.4,31.9,54.5,63.8,72.0,63.1,51.3,52.2,0.0,41.3,검토,할인 판매,🏷️,305,HIGH,신뢰도 높음 ●,#2e7d32,,,41.3,검토,할인 판매,7,2,False,False,,50.0,19545.0,0.0,19545.0,20.05,0.0,20.05,40.0,0.0,311.0,50.0,할인,재고 이동,67.713,다름,67.713,67.398,31.386,14.536
마카롱084,노원점,합정점,45.0,프로모션 추천,14097.0,프로모션 순비용이 재배치 비용보다 낮습니다.,22.803445575567736,18.53448275862069,12,8,61.3,검토 가능,14097.0,45.0,65,False,Greedy 선택 후보보다 우선순위가 낮음,10.62,1121,292,1,디저트,278,319.0,74.0,357599.0,B,0.8740282082213574,2,60.0,27.5,13.11,FAST,84.7,False,38.0,LOW,유통기한 임박,9.1,41.0,0.0,SAFE,"재고 여유 — 현재고(292), 재주문점(41)",0.0,371.9,35.0,104227.0,19.1,OPTIMAL,"적정 발주 — EOQ(372개), 권장 발주 주기 35일",19.1,74.1,10.59,14.97,6.2,STABLE,27.6,6.1,WMA,6.1,28.8,10.0,0.3,6.0,7.5,5.0,POOR,낮은 매칭,0.995,49.9,STABLE,5.5,LOW,76.6,HIGH,37.3,59.9,78.8,0.3,30.0,46437.0,92.9,0.385,0.385,88.5,False,63.6,3,21.0,493,100.0,0.999,4.9,45.4,50.0,REALLOCATE,91.5,2,99.8,68.7,38.2,turnover,58.1,검토 필요,164,HEURISTIC 29% | ABC 14% | TURNOVER 14% | DISPOSAL_RISK 14% | SAFETY_STOCK 8% | EOQ 7% | DEMAND_FORECAST 7% | MATCH 5%,"['⏰ 유통기한 임박 (91%)', '❄️ 냉장·냉동 과잉 (80%)', '💸 배송비 상승 (100%)', '⚡ 복합 스트레스 (60%)']","{'재고위험': '24.9%', '판매가능성': '13.1%', '점포이동적합': '14.0%', '비용절감': '18.3%', '폐기회피이익': '13.7%', '실행가능성': '12.8%', '이력보정': '3.3%'}",True,True,False,True,False,True,52.1,35.7,46.7,51.6,67.7,72.5,79.9,52.1,0.0,41.0,검토,보류,⏸️,307,HIGH,신뢰도 높음 ●,#2e7d32,,,41.0,검토,보류,1,6,False,False,,50.0,28887.0,0.0,28887.0,30.43,0.0,30.43,61.0,0.0,292.0,45.0,할인,할인,61.632,일치,52.167,61.632,27.425,18.937
우유001,구로2점,교대점,25.0,프로모션 추천,7839.0,프로모션 순비용이 재배치 비용보다 낮습니다.,30.97102584181676,9.913793103448276,12,8,60.9,검토 가능,7839.0,25.0,66,False,Greedy 선택 후보보다 우선순위가 낮음,0.76,1122,290,5,유제품,285,23.0,5.0,25806.0,C,0.9845777913608548,3,20.0,378.3,0.95,DEAD,0.0,True,68.0,HIGH,유통기한 임박 | 소진일수 378일 초과 | 신선/냉장 고위험 카테고리,0.7,3.0,0.0,SAFE,"재고 여유 — 현재고(290), 재주문점(3)",0.0,84.0,110.5,33005.0,100.0,OVER,과잉 발주 위험 — 현재(289개) > EOQ(84개). 발주 주기 110일 권장,100.0,5.1,0.73,1.04,0.42,STABLE,398.0,0.0,WMA,0.0,33.9,10.0,8.4,3.0,7.5,5.0,POOR,낮은 매칭 · 폐기위험 높음,0.94,48.5,STABLE,36.5,LOW,62.6,MEDIUM,27.8,51.0,60.3,0.3,30.0,25821.0,51.6,0.385,0.385,88.5,True,11.6,380,41.2,128,100.0,0.999,4.9,28.6,50.0,REALLOCATE,91.3,2,99.8,48.0,41.6,disposal_risk,46.6,모니터링,423,HEURISTIC 29% | ABC 14% | TURNOVER 14% | DISPOSAL_RISK 14% | SAFETY_STOCK 8% | EOQ 7% | DEMAND_FORECAST 7% | MATCH 5%,"['⏰ 유통기한 임박 (91%)', '❄️ 냉장·냉동 과잉 (80%)', '💸 배송비 상승 (100%)', '⚡ 복합 스트레스 (60%)']","{'재고위험': '24.9%', '판매가능성': '13.1%', '점포이동적합': '14.0%', '비용절감': '18.3%', '폐기회피이익': '13.7%', '실행가능성': '12.8%', '이력보정': '3.3%'}",True,True,False,True,False,True,37.2,32.2,51.4,63.5,43.0,57.2,51.3,45.5,0.0,8.9,검토,할인 판매,🏷️,479,HIGH,신뢰도 높음 ●,#2e7d32,,,8.9,검토,할인 판매,1,3,False,False,,50.0,20697.0,0.0,20697.0,21.33,0.0,21.33,43.0,0.0,290.0,25.0,할인,할인,69.919,일치,55.266,69.919,30.557,14.381
치즈115,성수점,상암2점,38.0,프로모션 추천,12132.0,프로모션 순비용이 재배치 비용보다 낮습니다.,25.3680501174628,15.517241379310345,12,8,60.9,검토 가능,12132.0,38.0,67,False,Greedy 선택 후보보다 우선순위가 낮음,3.32,1141,356,6,유제품,329,100.0,23.0,114100.0,A,0.7440725160483704,1,100.0,106.8,3.37,DEAD,40.7,True,68.0,HIGH,유통기한 임박 | 소진일수 107일 초과 | 신선/냉장 고위험 카테고리,2.8,12.8,0.0,SAFE,"재고 여유 — 현재고(356), 재주문점(13)",0.0,174.2,52.5,69565.0,100.0,OVER,과잉 발주 위험 — 현재(353개) > EOQ(174개). 발주 주기 52일 권장,100.0,23.1,3.3,4.67,1.93,STABLE,107.9,0.0,WMA,0.0,40.9,10.0,8.4,10.0,7.5,5.0,FAIR,보통 매칭 · 폐기위험 높음 · 핵심(A)상품,0.99,49.7,STABLE,21.1,LOW,59.1,MEDIUM,27.8,61.3,73.0,0.3,30.0,39898.0,79.8,0.385,0.385,88.5,True,12.0,342,38.7,190,100.0,0.999,4.9,41.1,50.0,REALLOCATE,91.2,2,99.8,62.1,27.5,disposal_risk,69.7,검토 필요,12,HEURISTIC 29% | ABC 14% | TURNOVER 14% | DISPOSAL_RISK 14% | SAFETY_STOCK 8% | EOQ 7% | DEMAND_FORECAST 7% | MATCH 5%,"['⏰ 유통기한 임박 (91%)', '❄️ 냉장·냉동 과잉 (80%)', '💸 배송비 상승 (100%)', '⚡ 복합 스트레스 (60%)']","{'재고위험': '24.9%', '판매가능성': '13.1%', '점포이동적합': '14.0%', '비용절감': '18.3%', '폐기회피이익': '13.7%', '실행가능성': '12.8%', '이력보정': '3.3%'}",True,True,False,True,False,True,59.9,32.6,55.3,63.5,59.9,69.1,51.5,55.6,0.0,80.5,최적,할인 판매,🏷️,95,HIGH,신뢰도 높음 ●,#2e7d32,,,80.5,최적,할인 판매,4,3,False,False,,50.0,17214.0,0.0,17214.0,17.46,0.0,17.46,35.0,0.0,356.0,38.0,할인,재고 이동,73.513,다름,73.513,61.551,29.847,16.349
치즈115,문래점,상암2점,38.0,프로모션 추천,12132.0,프로모션 순비용이 재배치 비용보다 낮습니다.,25.3680501174628,15.517241379310345,12,8,60.9,검토 가능,12132.0,38.0,68,False,Greedy 선택 후보보다 우선순위가 낮음,2.72,1141,357,0,유제품,354,82.0,19.0,93562.0,A,0.7440725160483704,1,100.0,130.6,2.76,DEAD,27.4,True,78.0,HIGH,유통기한 임박 | 소진일수 131일 초과 | 신선/냉장 고위험 카테고리,2.3,10.5,0.0,SAFE,"재고 여유 — 현재고(357), 재주문점(10)",0.0,157.7,58.0,62966.0,100.0,OVER,과잉 발주 위험 — 현재(355개) > EOQ(158개). 발주 주기 58일 권장,100.0,19.0,2.71,3.84,1.59,STABLE,131.5,0.0,WMA,0.0,40.9,10.0,8.4,10.0,7.5,5.0,FAIR,보통 매칭 · 폐기위험 높음 · 핵심(A)상품,0.998,49.9,STABLE,25.6,LOW,78.3,HIGH,27.8,61.3,73.0,0.3,30.0,39898.0,79.8,0.385,0.385,88.5,True,13.9,174,43.8,44,100.0,0.999,4.9,41.1,50.0,REALLOCATE,91.1,2,99.8,62.1,23.7,disposal_risk,70.1,우선 처리,7,HEURISTIC 29% | ABC 14% | TURNOVER 14% | DISPOSAL_RISK 14% | SAFETY_STOCK 8% | EOQ 7% | DEMAND_FORECAST 7% | MATCH 5%,"['⏰ 유통기한 임박 (91%)', '❄️ 냉장·냉동 과잉 (80%)', '💸 배송비 상승 (100%)', '⚡ 복합 스트레스 (60%)']","{'재고위험': '24.9%', '판매가능성': '13.1%', '점포이동적합': '14.0%', '비용절감': '18.3%', '폐기회피이익': '13.7%', '실행가능성': '12.8%', '이력보정': '3.3%'}",True,True,False,True,False,True,60.9,32.7,56.3,63.5,59.9,69.1,52.6,55.9,0.0,84.6,최적,할인 판매,🏷️,73,HIGH,신뢰도 높음 ●,#2e7d32,,,84.6,최적,할인 판매,2,3,False,False,,50.0,19113.0,0.0,19113.0,19.57,0.0,19.57,39.0,0.0,357.0,38.0,할인,재고 이동,71.901,다름,71.901,65.528,31.042,16.491
치즈115,잠실점,상암2점,38.0,프로모션 추천,12132.0,프로모션 순비용이 재배치 비용보다 낮습니다.,25.3680501174628,15.517241379310345,12,8,60.9,검토 가능,12132.0,38.0,69,False,Greedy 선택 후보보다 우선순위가 낮음,6.87,1141,333,3,유제품,305,206.0,48.0,235046.0,A,0.7440725160483704,1,100.0,48.5,7.42,NORMAL,73.1,False,55.2,MEDIUM,유통기한 임박 | 신선/냉장 고위험 카테고리,5.9,26.5,0.0,SAFE,"재고 여유 — 현재고(333), 재주문점(26)",0.0,250.6,36.5,100069.0,30.5,OPTIMAL,"적정 발주 — EOQ(251개), 권장 발주 주기 36일",30.5,48.0,6.86,9.69,4.02,STABLE,48.6,1.5,WMA,1.5,36.2,10.0,3.68,10.0,7.5,5.0,POOR,낮은 매칭 · 핵심(A)상품,0.998,50.0,STABLE,9.5,LOW,69.6,MEDIUM,27.8,61.3,73.0,0.3,30.0,39898.0,79.8,0.385,0.385,88.5,True,18.3,74,29.9,348,100.0,0.999,4.9,41.1,50.0,REALLOCATE,90.9,2,99.8,62.1,26.3,disposal_risk,66.8,검토 필요,34,HEURISTIC 29% | ABC 14% | TURNOVER 14% | DISPOSAL_RISK 14% | SAFETY_STOCK 8% | EOQ 7% | DEMAND_FORECAST 7% | MATCH 5%,"['⏰ 유통기한 임박 (91%)', '❄️ 냉장·냉동 과잉 (80%)', '💸 배송비 상승 (100%)', '⚡ 복합 스트레스 (60%)']","{'재고위험': '24.9%', '판매가능성': '13.1%', '점포이동적합': '14.0%', '비용절감': '18.3%', '폐기회피이익': '13.7%', '실행가능성': '12.8%', '이력보정': '3.3%'}",True,True,False,True,False,True,62.7,33.4,51.4,53.1,59.9,69.1,55.0,53.9,0.0,59.4,검토,보류,⏸️,208,HIGH,신뢰도 높음 ●,#2e7d32,,,59.4,검토,보류,2,3,False,False,,50.0,22470.0,0.0,22470.0,23.3,0.0,23.3,47.0,0.0,333.0,38.0,할인,재고 이동,63.056,다름,63.056,59.922,27.828,18.78
치즈115,성수점,신촌점,39.0,프로모션 추천,12451.0,프로모션 순비용이 재배치 비용보다 낮습니다.,24.951709736361263,15.948275862068966,12,8,60.9,검토 가능,12451.0,39.0,70,False,Greedy 선택 후보보다 우선순위가 낮음,3.32,1141,356,6,유제품,329,100.0,23.0,114100.0,A,0.7440725160483704,1,100.0,106.8,3.37,DEAD,40.7,True,68.0,HIGH,유통기한 임박 | 소진일수 107일 초과 | 신선/냉장 고위험 카테고리,2.8,12.8,0.0,SAFE,"재고 여유 — 현재고(356), 재주문점(13)",0.0,174.2,52.5,69565.0,100.0,OVER,과잉 발주 위험 — 현재(353개) > EOQ(174개). 발주 주기 52일 권장,100.0,23.1,3.3,4.67,1.93,STABLE,107.9,0.0,WMA,0.0,40.9,10.0,8.4,10.0,7.5,5.0,FAIR,보통 매칭 · 폐기위험 높음 · 핵심(A)상품,0.99,49.7,STABLE,21.1,LOW,59.1,MEDIUM,36.7,58.0,73.0,0.3,30.0,40948.0,81.9,0.385,0.385,88.5,True,12.0,342,38.7,190,100.0,0.999,4.9,41.1,50.0,REALLOCATE,90.8,2,99.8,63.1,27.5,disposal_risk,69.7,검토 필요,11,HEURISTIC 29% | ABC 14% | TURNOVER 14% | DISPOSAL_RISK 14% | SAFETY_STOCK 8% | EOQ 7% | DEMAND_FORECAST 7% | MATCH 5%,"['⏰ 유통기한 임박 (91%)', '❄️ 냉장·냉동 과잉 (80%)', '💸 배송비 상승 (100%)', '⚡ 복합 스트레스 (60%)']","{'재고위험': '24.9%', '판매가능성': '13.1%', '점포이동적합': '14.0%', '비용절감': '18.3%', '폐기회피이익': '13.7%', '실행가능성': '12.8%', '이력보정': '3.3%'}",True,True,False,True,False,True,59.9,32.6,55.3,63.5,61.1,68.0,51.5,55.6,0.0,81.2,최적,할인 판매,🏷️,91,HIGH,신뢰도 높음 ●,#2e7d32,,,81.2,최적,할인 판매,4,0,False,False,,50.0,15621.0,0.0,15621.0,15.69,0.0,15.69,31.0,0.0,356.0,39.0,할인,재고 이동,75.585,다름,75.585,60.466,29.671,16.042
치즈115,문래점,신촌점,39.0,프로모션 추천,12451.0,프로모션 순비용이 재배치 비용보다 낮습니다.,24.951709736361263,15.948275862068966,12,8,60.9,검토 가능,12451.0,39.0,71,False,Greedy 선택 후보보다 우선순위가 낮음,2.72,1141,357,0,유제품,354,82.0,19.0,93562.0,A,0.7440725160483704,1,100.0,130.6,2.76,DEAD,27.4,True,78.0,HIGH,유통기한 임박 | 소진일수 131일 초과 | 신선/냉장 고위험 카테고리,2.3,10.5,0.0,SAFE,"재고 여유 — 현재고(357), 재주문점(10)",0.0,157.7,58.0,62966.0,100.0,OVER,과잉 발주 위험 — 현재(355개) > EOQ(158개). 발주 주기 58일 권장,100.0,19.0,2.71,3.84,1.59,STABLE,131.5,0.0,WMA,0.0,40.9,10.0,8.4,10.0,7.5,5.0,FAIR,보통 매칭 · 폐기위험 높음 · 핵심(A)상품,0.998,49.9,STABLE,25.6,LOW,78.3,HIGH,36.7,58.0,73.0,0.3,30.0,40948.0,81.9,0.385,0.385,88.5,True,13.9,174,43.8,44,100.0,0.999,4.9,41.1,50.0,REALLOCATE,90.7,2,99.8,63.1,23.7,disposal_risk,70.1,우선 처리,8,HEURISTIC 29% | ABC 14% | TURNOVER 14% | DISPOSAL_RISK 14% | SAFETY_STOCK 8% | EOQ 7% | DEMAND_FORECAST 7% | MATCH 5%,"['⏰ 유통기한 임박 (91%)', '❄️ 냉장·냉동 과잉 (80%)', '💸 배송비 상승 (100%)', '⚡ 복합 스트레스 (60%)']","{'재고위험': '24.9%', '판매가능성': '13.1%', '점포이동적합': '14.0%', '비용절감': '18.3%', '폐기회피이익': '13.7%', '실행가능성': '12.8%', '이력보정': '3.3%'}",True,True,False,True,False,True,60.9,32.7,56.3,63.5,61.1,68.0,52.6,56.0,0.0,84.8,최적,할인 판매,🏷️,72,HIGH,신뢰도 높음 ●,#2e7d32,,,84.8,최적,할인 판매,2,0,False,False,,50.0,15792.0,0.0,15792.0,15.88,0.0,15.88,32.0,0.0,357.0,39.0,할인,재고 이동,75.713,다름,75.713,63.392,30.652,15.905
치즈115,잠실점,신촌점,39.0,프로모션 추천,12451.0,프로모션 순비용이 재배치 비용보다 낮습니다.,24.951709736361263,15.948275862068966,12,8,60.9,검토 가능,12451.0,39.0,72,False,Greedy 선택 후보보다 우선순위가 낮음,6.87,1141,333,3,유제품,305,206.0,48.0,235046.0,A,0.7440725160483704,1,100.0,48.5,7.42,NORMAL,73.1,False,55.2,MEDIUM,유통기한 임박 | 신선/냉장 고위험 카테고리,5.9,26.5,0.0,SAFE,"재고 여유 — 현재고(333), 재주문점(26)",0.0,250.6,36.5,100069.0,30.5,OPTIMAL,"적정 발주 — EOQ(251개), 권장 발주 주기 36일",30.5,48.0,6.86,9.69,4.02,STABLE,48.6,1.5,WMA,1.5,36.2,10.0,3.68,10.0,7.5,5.0,POOR,낮은 매칭 · 핵심(A)상품,0.998,50.0,STABLE,9.5,LOW,69.6,MEDIUM,36.7,58.0,73.0,0.3,30.0,40948.0,81.9,0.385,0.385,88.5,True,18.3,74,29.9,348,100.0,0.999,4.9,41.1,50.0,REALLOCATE,90.5,2,99.8,63.1,26.3,disposal_risk,66.8,검토 필요,32,HEURISTIC 29% | ABC 14% | TURNOVER 14% | DISPOSAL_RISK 14% | SAFETY_STOCK 8% | EOQ 7% | DEMAND_FORECAST 7% | MATCH 5%,"['⏰ 유통기한 임박 (91%)', '❄️ 냉장·냉동 과잉 (80%)', '💸 배송비 상승 (100%)', '⚡ 복합 스트레스 (60%)']","{'재고위험': '24.9%', '판매가능성': '13.1%', '점포이동적합': '14.0%', '비용절감': '18.3%', '폐기회피이익': '13.7%', '실행가능성': '12.8%', '이력보정': '3.3%'}",True,True,False,True,False,True,62.7,33.4,51.4,53.1,61.1,68.0,55.0,53.9,0.0,59.8,검토,보류,⏸️,206,HIGH,신뢰도 높음 ●,#2e7d32,,,59.8,검토,보류,2,0,False,False,,50.0,20364.0,0.0,20364.0,20.96,0.0,20.96,42.0,0.0,333.0,39.0,할인,재고 이동,65.662,다름,65.662,58.515,27.587,18.387
우유001,구로2점,노원2점,21.0,프로모션 추천,6585.0,프로모션 순비용이 재배치 비용보다 낮습니다.,32.60767423649178,8.189655172413794,12,8,60.8,검토 가능,6585.0,21.0,73,False,Greedy 선택 후보보다 우선순위가 낮음,0.76,1122,290,5,유제품,285,23.0,5.0,25806.0,C,0.9845777913608548,3,20.0,378.3,0.95,DEAD,0.0,True,68.0,HIGH,유통기한 임박 | 소진일수 378일 초과 | 신선/냉장 고위험 카테고리,0.7,3.0,0.0,SAFE,"재고 여유 — 현재고(290), 재주문점(3)",0.0,84.0,110.5,33005.0,100.0,OVER,과잉 발주 위험 — 현재(289개) > EOQ(84개). 발주 주기 110일 권장,100.0,5.1,0.73,1.04,0.42,STABLE,398.0,0.0,WMA,0.0,33.9,10.0,8.4,3.0,7.5,5.0,POOR,낮은 매칭 · 폐기위험 높음,0.94,48.5,STABLE,36.5,LOW,62.6,MEDIUM,24.6,76.4,88.0,0.3,30.0,21689.0,43.4,0.385,0.385,88.5,True,11.6,380,41.1,135,100.0,0.999,4.9,51.1,50.0,REALLOCATE,90.4,2,99.8,43.9,41.7,disposal_risk,46.5,모니터링,424,HEURISTIC 29% | ABC 14% | TURNOVER 14% | DISPOSAL_RISK 14% | SAFETY_STOCK 8% | EOQ 7% | DEMAND_FORECAST 7% | MATCH 5%,"['⏰ 유통기한 임박 (91%)', '❄️ 냉장·냉동 과잉 (80%)', '💸 배송비 상승 (100%)', '⚡ 복합 스트레스 (60%)']","{'재고위험': '24.9%', '판매가능성': '13.1%', '점포이동적합': '14.0%', '비용절감': '18.3%', '폐기회피이익': '13.7%', '실행가능성': '12.8%', '이력보정': '3.3%'}",True,True,False,True,False,True,37.2,32.2,53.6,63.4,38.0,84.1,51.3,48.6,0.0,17.9,검토,할인 판매,🏷️,431,HIGH,신뢰도 높음 ●,#2e7d32,,,17.9,검토,할인 판매,1,2,False,False,,50.0,14010.0,0.0,14010.0,13.9,0.0,13.9,28.0,0.0,290.0,21.0,할인,할인,65.562,일치,61.426,65.562,29.481,13.273
우유001,신촌점,노원2점,21.0,프로모션 추천,6585.0,프로모션 순비용이 재배치 비용보다 낮습니다.,32.60767423649178,8.189655172413794,12,8,60.8,검토 가능,6585.0,21.0,74,False,Greedy 선택 후보보다 우선순위가 낮음,0.64,1122,369,3,유제품,367,19.0,4.0,21318.0,C,0.9845777913608548,3,20.0,582.6,0.62,DEAD,0.0,True,76.0,HIGH,유통기한 임박 | 소진일수 583일 초과 | 신선/냉장 고위험 카테고리,0.5,2.4,0.0,SAFE,"재고 여유 — 현재고(369), 재주문점(2)",0.0,77.1,120.5,30288.0,100.0,OVER,과잉 발주 위험 — 현재(368개) > EOQ(77개). 발주 주기 120일 권장,100.0,4.2,0.6,0.86,0.34,DECREASING,615.0,0.0,WMA,0.0,33.9,10.0,8.4,3.0,7.5,5.0,POOR,낮은 매칭 · 폐기위험 높음,0.893,47.3,DECLINING,37.7,LOW,69.6,MEDIUM,24.6,76.4,88.0,0.3,30.0,21689.0,43.4,0.385,0.385,88.5,True,13.2,245,44.6,25,100.0,0.999,4.9,51.1,50.0,REALLOCATE,90.3,2,99.8,43.9,37.7,disposal_risk,48.5,모니터링,380,HEURISTIC 29% | ABC 14% | TURNOVER 14% | DISPOSAL_RISK 14% | SAFETY_STOCK 8% | EOQ 7% | DEMAND_FORECAST 7% | MATCH 5%,"['⏰ 유통기한 임박 (91%)', '❄️ 냉장·냉동 과잉 (80%)', '💸 배송비 상승 (100%)', '⚡ 복합 스트레스 (60%)']","{'재고위험': '24.9%', '판매가능성': '13.1%', '점포이동적합': '14.0%', '비용절감': '18.3%', '폐기회피이익': '13.7%', '실행가능성': '12.8%', '이력보정': '3.3%'}",True,True,False,True,False,True,41.0,31.9,54.3,63.4,38.0,84.1,52.2,49.5,0.0,22.0,검토,할인 판매,🏷️,409,HIGH,신뢰도 높음 ●,#2e7d32,,,22.0,검토,할인 판매,0,2,False,False,,50.0,19671.0,0.0,19671.0,20.19,0.0,20.19,40.0,0.0,369.0,21.0,할인,할인,72.412,일치,58.862,72.412,31.593,14.299
우유001,교대점,노원2점,21.0,프로모션 추천,6585.0,프로모션 순비용이 재배치 비용보다 낮습니다.,32.60767423649178,8.189655172413794,12,8,60.8,검토 가능,6585.0,21.0,75,False,Greedy 선택 후보보다 우선순위가 낮음,6.28,1122,289,2,유제품,272,188.0,44.0,210936.0,C,0.9845777913608548,3,20.0,46.1,7.81,NORMAL,74.4,False,54.1,MEDIUM,유통기한 임박 | 신선/냉장 고위험 카테고리,5.4,24.2,0.0,SAFE,"재고 여유 — 현재고(289), 재주문점(24)",0.0,241.6,38.5,94876.0,17.4,OPTIMAL,"적정 발주 — EOQ(242개), 권장 발주 주기 38일",17.4,44.0,6.29,8.88,3.7,STABLE,46.0,1.9,WMA,1.9,29.2,10.0,3.7,3.0,7.5,5.0,POOR,낮은 매칭,1.001,50.0,STABLE,8.9,LOW,73.1,HIGH,24.6,76.4,88.0,0.3,30.0,21689.0,43.4,0.385,0.385,88.5,True,21.8,65,27.9,396,100.0,0.999,4.9,51.1,50.0,REALLOCATE,90.1,2,99.8,43.9,41.4,disposal_risk,49.6,모니터링,349,HEURISTIC 29% | ABC 14% | TURNOVER 14% | DISPOSAL_RISK 14% | SAFETY_STOCK 8% | EOQ 7% | DEMAND_FORECAST 7% | MATCH 5%,"['⏰ 유통기한 임박 (91%)', '❄️ 냉장·냉동 과잉 (80%)', '💸 배송비 상승 (100%)', '⚡ 복합 스트레스 (60%)']","{'재고위험': '24.9%', '판매가능성': '13.1%', '점포이동적합': '14.0%', '비용절감': '18.3%', '폐기회피이익': '13.7%', '실행가능성': '12.8%', '이력보정': '3.3%'}",True,True,False,True,False,True,50.6,33.6,48.8,51.0,38.0,84.1,56.9,49.1,0.0,20.5,검토,보류,⏸️,417,HIGH,신뢰도 높음 ●,#2e7d32,,,20.5,검토,보류,3,2,False,False,,50.0,23145.0,0.0,23145.0,24.05,0.0,24.05,48.0,0.0,289.0,21.0,할인,할인,63.605,일치,48.804,63.605,27.22,17.686
우유001,교대점,노원점,18.0,프로모션 추천,5644.0,프로모션 순비용이 재배치 비용보다 낮습니다.,33.8358131036283,6.896551724137931,12,8,60.7,검토 가능,5644.0,18.0,76,False,Greedy 선택 후보보다 우선순위가 낮음,6.28,1122,289,2,유제품,272,188.0,44.0,210936.0,C,0.9845777913608548,3,20.0,46.1,7.81,NORMAL,74.4,False,54.1,MEDIUM,유통기한 임박 | 신선/냉장 고위험 카테고리,5.4,24.2,0.0,SAFE,"재고 여유 — 현재고(289), 재주문점(24)",0.0,241.6,38.5,94876.0,17.4,OPTIMAL,"적정 발주 — EOQ(242개), 권장 발주 주기 38일",17.4,44.0,6.29,8.88,3.7,STABLE,46.0,1.9,WMA,1.9,29.2,10.0,3.7,3.0,7.5,5.0,POOR,낮은 매칭,1.001,50.0,STABLE,8.9,LOW,73.1,HIGH,27.4,51.6,91.3,0.3,30.0,18591.0,37.2,0.385,0.385,88.5,True,21.8,65,27.9,396,100.0,0.999,4.9,52.9,50.0,REALLOCATE,90.0,2,99.8,40.7,41.4,disposal_risk,49.5,모니터링,353,HEURISTIC 29% | ABC 14% | TURNOVER 14% | DISPOSAL_RISK 14% | SAFETY_STOCK 8% | EOQ 7% | DEMAND_FORECAST 7% | MATCH 5%,"['⏰ 유통기한 임박 (91%)', '❄️ 냉장·냉동 과잉 (80%)', '💸 배송비 상승 (100%)', '⚡ 복합 스트레스 (60%)']","{'재고위험': '24.9%', '판매가능성': '13.1%', '점포이동적합': '14.0%', '비용절감': '18.3%', '폐기회피이익': '13.7%', '실행가능성': '12.8%', '이력보정': '3.3%'}",True,True,False,True,False,True,50.6,33.6,49.0,51.0,34.3,78.1,56.9,47.8,0.0,15.8,검토,보류,⏸️,442,HIGH,신뢰도 높음 ●,#2e7d32,,,15.8,검토,보류,3,1,False,False,,50.0,15405.0,0.0,15405.0,15.45,0.0,15.45,31.0,0.0,289.0,18.0,할인,할인,58.607,일치,55.992,58.607,26.081,16.507
우유001,신촌점,노원점,18.0,프로모션 추천,5644.0,프로모션 순비용이 재배치 비용보다 낮습니다.,33.8358131036283,6.896551724137931,12,8,60.7,검토 가능,5644.0,18.0,77,False,Greedy 선택 후보보다 우선순위가 낮음,0.64,1122,369,3,유제품,367,19.0,4.0,21318.0,C,0.9845777913608548,3,20.0,582.6,0.62,DEAD,0.0,True,76.0,HIGH,유통기한 임박 | 소진일수 583일 초과 | 신선/냉장 고위험 카테고리,0.5,2.4,0.0,SAFE,"재고 여유 — 현재고(369), 재주문점(2)",0.0,77.1,120.5,30288.0,100.0,OVER,과잉 발주 위험 — 현재(368개) > EOQ(77개). 발주 주기 120일 권장,100.0,4.2,0.6,0.86,0.34,DECREASING,615.0,0.0,WMA,0.0,33.9,10.0,8.4,3.0,7.5,5.0,POOR,낮은 매칭 · 폐기위험 높음,0.893,47.3,DECLINING,37.7,LOW,69.6,MEDIUM,27.4,51.6,91.3,0.3,30.0,18591.0,37.2,0.385,0.385,88.5,True,13.2,245,44.6,25,100.0,0.999,4.9,52.9,50.0,REALLOCATE,89.9,2,99.8,40.7,37.7,disposal_risk,48.4,모니터링,384,HEURISTIC 29% | ABC 14% | TURNOVER 14% | DISPOSAL_RISK 14% | SAFETY_STOCK 8% | EOQ 7% | DEMAND_FORECAST 7% | MATCH 5%,"['⏰ 유통기한 임박 (91%)', '❄️ 냉장·냉동 과잉 (80%)', '💸 배송비 상승 (100%)', '⚡ 복합 스트레스 (60%)']","{'재고위험': '24.9%', '판매가능성': '13.1%', '점포이동적합': '14.0%', '비용절감': '18.3%', '폐기회피이익': '13.7%', '실행가능성': '12.8%', '이력보정': '3.3%'}",True,True,False,True,False,True,41.0,31.9,54.5,63.4,34.3,78.1,52.2,48.3,0.0,16.7,검토,할인 판매,🏷️,437,HIGH,신뢰도 높음 ●,#2e7d32,,,16.7,검토,할인 판매,0,1,False,False,,50.0,21075.0,0.0,21075.0,21.75,0.0,21.75,44.0,0.0,369.0,18.0,할인,할인,73.393,일치,56.361,73.393,31.648,14.612
우유001,구로2점,노원점,18.0,프로모션 추천,5644.0,프로모션 순비용이 재배치 비용보다 낮습니다.,33.8358131036283,6.896551724137931,12,8,60.7,검토 가능,5644.0,18.0,78,False,Greedy 선택 후보보다 우선순위가 낮음,0.76,1122,290,5,유제품,285,23.0,5.0,25806.0,C,0.9845777913608548,3,20.0,378.3,0.95,DEAD,0.0,True,68.0,HIGH,유통기한 임박 | 소진일수 378일 초과 | 신선/냉장 고위험 카테고리,0.7,3.0,0.0,SAFE,"재고 여유 — 현재고(290), 재주문점(3)",0.0,84.0,110.5,33005.0,100.0,OVER,과잉 발주 위험 — 현재(289개) > EOQ(84개). 발주 주기 110일 권장,100.0,5.1,0.73,1.04,0.42,STABLE,398.0,0.0,WMA,0.0,33.9,10.0,8.4,3.0,7.5,5.0,POOR,낮은 매칭 · 폐기위험 높음,0.94,48.5,STABLE,36.5,LOW,62.6,MEDIUM,27.4,51.6,91.3,0.3,30.0,18591.0,37.2,0.385,0.385,88.5,True,11.6,380,41.1,135,100.0,0.999,4.9,52.9,50.0,REALLOCATE,89.7,2,99.8,40.7,41.7,disposal_risk,46.4,모니터링,429,HEURISTIC 29% | ABC 14% | TURNOVER 14% | DISPOSAL_RISK 14% | SAFETY_STOCK 8% | EOQ 7% | DEMAND_FORECAST 7% | MATCH 5%,"['⏰ 유통기한 임박 (91%)', '❄️ 냉장·냉동 과잉 (80%)', '💸 배송비 상승 (100%)', '⚡ 복합 스트레스 (60%)']","{'재고위험': '24.9%', '판매가능성': '13.1%', '점포이동적합': '14.0%', '비용절감': '18.3%', '폐기회피이익': '13.7%', '실행가능성': '12.8%', '이력보정': '3.3%'}",True,True,False,True,False,True,37.2,32.2,53.8,63.4,34.3,78.1,51.3,47.3,0.0,12.6,검토,할인 판매,🏷️,459,HIGH,신뢰도 높음 ●,#2e7d32,,,12.6,검토,할인 판매,1,1,True,False,,50.0,22254.0,0.0,22254.0,23.06,0.0,23.06,46.0,0.0,290.0,18.0,할인,할인,70.888,일치,51.705,70.888,30.413,14.747
치즈115,성수점,강남2점,27.0,프로모션 추천,8620.0,프로모션 순비용이 재배치 비용보다 낮습니다.,29.951709736361263,10.775862068965516,12,8,60.7,검토 가능,8620.0,27.0,79,False,Greedy 선택 후보보다 우선순위가 낮음,3.32,1141,356,6,유제품,329,100.0,23.0,114100.0,A,0.7440725160483704,1,100.0,106.8,3.37,DEAD,40.7,True,68.0,HIGH,유통기한 임박 | 소진일수 107일 초과 | 신선/냉장 고위험 카테고리,2.8,12.8,0.0,SAFE,"재고 여유 — 현재고(356), 재주문점(13)",0.0,174.2,52.5,69565.0,100.0,OVER,과잉 발주 위험 — 현재(353개) > EOQ(174개). 발주 주기 52일 권장,100.0,23.1,3.3,4.67,1.93,STABLE,107.9,0.0,WMA,0.0,40.9,10.0,8.4,10.0,7.5,5.0,FAIR,보통 매칭 · 폐기위험 높음 · 핵심(A)상품,0.99,49.7,STABLE,21.1,LOW,59.1,MEDIUM,37.3,78.3,51.9,0.3,30.0,28348.0,56.7,0.385,0.385,88.5,True,12.0,342,38.7,190,100.0,0.999,4.9,17.1,50.0,REALLOCATE,89.6,2,99.8,50.5,27.5,disposal_risk,69.6,검토 필요,13,HEURISTIC 29% | ABC 14% | TURNOVER 14% | DISPOSAL_RISK 14% | SAFETY_STOCK 8% | EOQ 7% | DEMAND_FORECAST 7% | MATCH 5%,"['⏰ 유통기한 임박 (91%)', '❄️ 냉장·냉동 과잉 (80%)', '💸 배송비 상승 (100%)', '⚡ 복합 스트레스 (60%)']","{'재고위험': '24.9%', '판매가능성': '13.1%', '점포이동적합': '14.0%', '비용절감': '18.3%', '폐기회피이익': '13.7%', '실행가능성': '12.8%', '이력보정': '3.3%'}",True,True,False,True,False,True,59.9,32.6,52.9,63.4,46.0,60.7,51.5,52.2,0.0,41.7,검토,할인 판매,🏷️,303,HIGH,신뢰도 높음 ●,#2e7d32,,,41.7,검토,할인 판매,4,3,False,False,,50.0,20760.0,0.0,20760.0,21.4,0.0,21.4,43.0,0.0,356.0,27.0,할인,재고 이동,66.624,다름,66.624,63.931,29.804,17.147
치즈115,문래점,강남2점,27.0,프로모션 추천,8620.0,프로모션 순비용이 재배치 비용보다 낮습니다.,29.951709736361263,10.775862068965516,12,8,60.7,검토 가능,8620.0,27.0,80,False,Greedy 선택 후보보다 우선순위가 낮음,2.72,1141,357,0,유제품,354,82.0,19.0,93562.0,A,0.7440725160483704,1,100.0,130.6,2.76,DEAD,27.4,True,78.0,HIGH,유통기한 임박 | 소진일수 131일 초과 | 신선/냉장 고위험 카테고리,2.3,10.5,0.0,SAFE,"재고 여유 — 현재고(357), 재주문점(10)",0.0,157.7,58.0,62966.0,100.0,OVER,과잉 발주 위험 — 현재(355개) > EOQ(158개). 발주 주기 58일 권장,100.0,19.0,2.71,3.84,1.59,STABLE,131.5,0.0,WMA,0.0,40.9,10.0,8.4,10.0,7.5,5.0,FAIR,보통 매칭 · 폐기위험 높음 · 핵심(A)상품,0.998,49.9,STABLE,25.6,LOW,78.3,HIGH,37.3,78.3,51.9,0.3,30.0,28348.0,56.7,0.385,0.385,88.5,True,14.0,169,43.8,44,100.0,0.999,4.9,17.1,50.0,REALLOCATE,89.5,2,99.8,50.5,23.7,disposal_risk,69.9,검토 필요,9,HEURISTIC 29% | ABC 14% | TURNOVER 14% | DISPOSAL_RISK 14% | SAFETY_STOCK 8% | EOQ 7% | DEMAND_FORECAST 7% | MATCH 5%,"['⏰ 유통기한 임박 (91%)', '❄️ 냉장·냉동 과잉 (80%)', '💸 배송비 상승 (100%)', '⚡ 복합 스트레스 (60%)']","{'재고위험': '24.9%', '판매가능성': '13.1%', '점포이동적합': '14.0%', '비용절감': '18.3%', '폐기회피이익': '13.7%', '실행가능성': '12.8%', '이력보정': '3.3%'}",True,True,False,True,False,True,60.9,32.7,53.9,63.4,46.0,60.7,52.6,52.6,0.0,47.9,검토,할인 판매,🏷️,270,HIGH,신뢰도 높음 ●,#2e7d32,,,47.9,검토,할인 판매,2,3,False,False,,50.0,24657.0,0.0,24657.0,25.73,0.0,25.73,51.0,0.0,357.0,27.0,할인,할인,69.169,일치,62.915,69.169,31.256,17.625
치즈115,잠실점,강남2점,27.0,프로모션 추천,8620.0,프로모션 순비용이 재배치 비용보다 낮습니다.,29.951709736361263,10.775862068965516,12,8,60.7,검토 가능,8620.0,27.0,81,False,Greedy 선택 후보보다 우선순위가 낮음,6.87,1141,333,3,유제품,305,206.0,48.0,235046.0,A,0.7440725160483704,1,100.0,48.5,7.42,NORMAL,73.1,False,55.2,MEDIUM,유통기한 임박 | 신선/냉장 고위험 카테고리,5.9,26.5,0.0,SAFE,"재고 여유 — 현재고(333), 재주문점(26)",0.0,250.6,36.5,100069.0,30.5,OPTIMAL,"적정 발주 — EOQ(251개), 권장 발주 주기 36일",30.5,48.0,6.86,9.69,4.02,STABLE,48.6,1.5,WMA,1.5,36.2,10.0,3.68,10.0,7.5,5.0,POOR,낮은 매칭 · 핵심(A)상품,0.998,50.0,STABLE,9.5,LOW,69.6,MEDIUM,37.3,78.3,51.9,0.3,30.0,28348.0,56.7,0.385,0.385,88.5,True,18.3,74,29.9,348,100.0,0.999,4.9,17.1,50.0,REALLOCATE,89.3,1,100.0,50.5,26.3,disposal_risk,66.6,검토 필요,36,HEURISTIC 29% | ABC 14% | TURNOVER 14% | DISPOSAL_RISK 14% | SAFETY_STOCK 8% | EOQ 7% | DEMAND_FORECAST 7% | MATCH 5%,"['⏰ 유통기한 임박 (91%)', '❄️ 냉장·냉동 과잉 (80%)', '💸 배송비 상승 (100%)', '⚡ 복합 스트레스 (60%)']","{'재고위험': '24.9%', '판매가능성': '13.1%', '점포이동적합': '14.0%', '비용절감': '18.3%', '폐기회피이익': '13.7%', '실행가능성': '12.8%', '이력보정': '3.3%'}",True,True,False,True,False,True,62.7,33.4,49.0,53.0,46.0,60.7,55.1,50.6,0.0,25.7,검토,보류,⏸️,389,HIGH,신뢰도 높음 ●,#2e7d32,,,25.7,검토,보류,2,3,False,False,,50.0,25719.0,0.0,25719.0,26.91,0.0,26.91,54.0,0.0,333.0,27.0,할인,할인,62.08,일치,56.542,62.08,27.74,19.517
요거트093,홍대점,성수2점,24.0,프로모션 추천,7835.0,프로모션 순비용이 재배치 비용보다 낮습니다.,30.976246410858785,9.482758620689655,12,8,60.5,검토 가능,7835.0,24.0,82,False,Greedy 선택 후보보다 우선순위가 낮음,0.73,1165,352,1,유제품,351,22.0,5.0,25630.0,C,0.9924854109106338,3,20.0,480.0,0.75,DEAD,0.0,True,76.0,HIGH,유통기한 임박 | 소진일수 480일 초과 | 신선/냉장 고위험 카테고리,0.6,2.8,0.0,SAFE,"재고 여유 — 현재고(352), 재주문점(3)",0.0,80.8,110.7,32961.0,100.0,OVER,과잉 발주 위험 — 현재(351개) > EOQ(81개). 발주 주기 111일 권장,100.0,5.0,0.71,1.02,0.41,STABLE,492.8,0.0,WMA,0.0,33.9,10.0,8.4,3.0,7.5,5.0,POOR,낮은 매칭 · 폐기위험 높음,0.978,49.5,STABLE,35.6,LOW,76.6,HIGH,30.7,41.4,71.9,0.3,30.0,25717.0,51.4,0.385,0.385,88.5,True,13.3,237,44.1,35,100.0,0.999,4.9,40.2,50.0,REALLOCATE,89.2,2,99.8,47.8,37.8,disposal_risk,48.3,모니터링,388,HEURISTIC 29% | ABC 14% | TURNOVER 14% | DISPOSAL_RISK 14% | SAFETY_STOCK 8% | EOQ 7% | DEMAND_FORECAST 7% | MATCH 5%,"['⏰ 유통기한 임박 (91%)', '❄️ 냉장·냉동 과잉 (80%)', '💸 배송비 상승 (100%)', '⚡ 복합 스트레스 (60%)']","{'재고위험': '24.9%', '판매가능성': '13.1%', '점포이동적합': '14.0%', '비용절감': '18.3%', '폐기회피이익': '13.7%', '실행가능성': '12.8%', '이력보정': '3.3%'}",True,True,False,True,False,True,40.8,32.6,53.1,63.3,42.8,61.7,52.2,47.2,0.0,12.1,검토,할인 판매,🏷️,462,HIGH,신뢰도 높음 ●,#2e7d32,,,12.1,검토,할인 판매,2,1,False,False,,50.0,19563.0,0.0,19563.0,20.07,0.0,20.07,40.0,0.0,352.0,24.0,할인,할인,71.674,일치,59.059,71.674,31.47,14.242
요거트093,강남2점,성수2점,24.0,프로모션 추천,7835.0,프로모션 순비용이 재배치 비용보다 낮습니다.,30.976246410858785,9.482758620689655,12,8,60.5,검토 가능,7835.0,24.0,83,False,Greedy 선택 후보보다 우선순위가 낮음,3.05,1165,367,3,유제품,355,92.0,21.0,107180.0,C,0.9924854109106338,3,20.0,119.7,3.01,DEAD,33.5,True,76.0,HIGH,유통기한 임박 | 소진일수 120일 초과 | 신선/냉장 고위험 카테고리,2.6,11.7,0.0,SAFE,"재고 여유 — 현재고(367), 재주문점(12)",0.0,165.2,54.2,67374.0,100.0,OVER,과잉 발주 위험 — 현재(364개) > EOQ(165개). 발주 주기 54일 권장,100.0,21.1,3.01,4.27,1.76,STABLE,121.8,0.0,WMA,0.0,33.9,10.0,8.4,3.0,7.5,5.0,POOR,낮은 매칭 · 폐기위험 높음,0.984,49.6,STABLE,23.8,LOW,69.6,MEDIUM,30.7,41.4,71.9,0.3,30.0,25717.0,51.4,0.385,0.385,88.5,True,13.3,237,41.2,128,100.0,0.999,4.9,40.2,50.0,REALLOCATE,89.1,2,99.8,47.8,42.6,disposal_risk,53.8,모니터링,266,HEURISTIC 29% | ABC 14% | TURNOVER 14% | DISPOSAL_RISK 14% | SAFETY_STOCK 8% | EOQ 7% | DEMAND_FORECAST 7% | MATCH 5%,"['⏰ 유통기한 임박 (91%)', '❄️ 냉장·냉동 과잉 (80%)', '💸 배송비 상승 (100%)', '⚡ 복합 스트레스 (60%)']","{'재고위험': '24.9%', '판매가능성': '13.1%', '점포이동적합': '14.0%', '비용절감': '18.3%', '폐기회피이익': '13.7%', '실행가능성': '12.8%', '이력보정': '3.3%'}",True,True,False,True,False,True,49.6,32.6,52.5,63.3,42.8,61.7,52.2,49.3,0.0,20.8,검토,할인 판매,🏷️,415,HIGH,신뢰도 높음 ●,#2e7d32,,,20.8,검토,할인 판매,3,1,False,False,,50.0,19851.0,0.0,19851.0,20.39,0.0,20.39,41.0,0.0,367.0,24.0,할인,할인,69.753,일치,60.566,69.753,31.151,15.369
요거트093,종로2점,성수2점,24.0,프로모션 추천,7835.0,프로모션 순비용이 재배치 비용보다 낮습니다.,30.976246410858785,9.482758620689655,12,8,60.5,검토 가능,7835.0,24.0,84,False,Greedy 선택 후보보다 우선순위가 낮음,0.76,1165,335,0,유제품,334,23.0,5.0,26795.0,C,0.9924854109106338,3,20.0,437.0,0.82,DEAD,0.0,True,78.0,HIGH,유통기한 임박 | 소진일수 437일 초과 | 신선/냉장 고위험 카테고리,0.7,3.0,0.0,SAFE,"재고 여유 — 현재고(335), 재주문점(3)",0.0,82.5,108.6,33632.0,100.0,OVER,과잉 발주 위험 — 현재(334개) > EOQ(82개). 발주 주기 109일 권장,100.0,5.1,0.73,1.04,0.42,STABLE,459.8,0.0,WMA,0.0,33.9,10.0,8.4,3.0,7.5,5.0,POOR,낮은 매칭 · 폐기위험 높음,0.94,48.5,STABLE,36.5,LOW,78.3,HIGH,30.7,41.4,71.9,0.3,30.0,25717.0,51.4,0.385,0.385,88.5,True,13.7,193,45.1,9,100.0,0.999,4.9,40.2,50.0,REALLOCATE,88.9,2,99.8,47.8,36.7,disposal_risk,48.8,모니터링,369,HEURISTIC 29% | ABC 14% | TURNOVER 14% | DISPOSAL_RISK 14% | SAFETY_STOCK 8% | EOQ 7% | DEMAND_FORECAST 7% | MATCH 5%,"['⏰ 유통기한 임박 (91%)', '❄️ 냉장·냉동 과잉 (80%)', '💸 배송비 상승 (100%)', '⚡ 복합 스트레스 (60%)']","{'재고위험': '24.9%', '판매가능성': '13.1%', '점포이동적합': '14.0%', '비용절감': '18.3%', '폐기회피이익': '13.7%', '실행가능성': '12.8%', '이력보정': '3.3%'}",True,True,False,True,False,True,41.8,32.2,53.3,63.3,42.8,61.7,52.4,47.4,0.0,13.6,검토,할인 판매,🏷️,454,HIGH,신뢰도 높음 ●,#2e7d32,,,13.6,검토,할인 판매,7,1,False,False,,50.0,25530.0,0.0,25530.0,26.7,0.0,26.7,53.0,0.0,335.0,24.0,할인,할인,75.488,일치,52.222,75.488,32.233,15.358
요거트093,홍대점,청량리2점,29.0,프로모션 추천,9467.0,프로모션 순비용이 재배치 비용보다 낮습니다.,28.846254241712348,11.637931034482758,12,8,60.5,검토 가능,9467.0,29.0,85,False,Greedy 선택 후보보다 우선순위가 낮음,0.73,1165,352,1,유제품,351,22.0,5.0,25630.0,C,0.9924854109106338,3,20.0,480.0,0.75,DEAD,0.0,True,76.0,HIGH,유통기한 임박 | 소진일수 480일 초과 | 신선/냉장 고위험 카테고리,0.6,2.8,0.0,SAFE,"재고 여유 — 현재고(352), 재주문점(3)",0.0,80.8,110.7,32961.0,100.0,OVER,과잉 발주 위험 — 현재(351개) > EOQ(81개). 발주 주기 111일 권장,100.0,5.0,0.71,1.02,0.41,STABLE,492.8,0.0,WMA,0.0,33.9,10.0,8.4,3.0,7.5,5.0,POOR,낮은 매칭 · 폐기위험 높음,0.978,49.5,STABLE,35.6,LOW,76.6,HIGH,36.0,85.4,58.3,0.3,30.0,31075.0,62.2,0.385,0.385,88.5,True,13.3,237,44.1,35,100.0,0.999,4.9,26.2,50.0,REALLOCATE,88.8,2,99.8,53.2,37.8,disposal_risk,48.3,모니터링,387,HEURISTIC 29% | ABC 14% | TURNOVER 14% | DISPOSAL_RISK 14% | SAFETY_STOCK 8% | EOQ 7% | DEMAND_FORECAST 7% | MATCH 5%,"['⏰ 유통기한 임박 (91%)', '❄️ 냉장·냉동 과잉 (80%)', '💸 배송비 상승 (100%)', '⚡ 복합 스트레스 (60%)']","{'재고위험': '24.9%', '판매가능성': '13.1%', '점포이동적합': '14.0%', '비용절감': '18.3%', '폐기회피이익': '13.7%', '실행가능성': '12.8%', '이력보정': '3.3%'}",True,True,False,True,False,True,40.8,32.6,51.7,63.3,49.3,67.3,52.2,48.6,0.0,18.2,검토,할인 판매,🏷️,429,HIGH,신뢰도 높음 ●,#2e7d32,,,18.2,검토,할인 판매,2,1,False,False,,50.0,22380.0,0.0,22380.0,23.2,0.0,23.2,46.0,0.0,352.0,29.0,할인,할인,73.403,일치,57.396,73.403,32.058,14.64
요거트093,강남2점,청량리2점,29.0,프로모션 추천,9467.0,프로모션 순비용이 재배치 비용보다 낮습니다.,28.846254241712348,11.637931034482758,12,8,60.5,검토 가능,9467.0,29.0,86,False,Greedy 선택 후보보다 우선순위가 낮음,3.05,1165,367,3,유제품,355,92.0,21.0,107180.0,C,0.9924854109106338,3,20.0,119.7,3.01,DEAD,33.5,True,76.0,HIGH,유통기한 임박 | 소진일수 120일 초과 | 신선/냉장 고위험 카테고리,2.6,11.7,0.0,SAFE,"재고 여유 — 현재고(367), 재주문점(12)",0.0,165.2,54.2,67374.0,100.0,OVER,과잉 발주 위험 — 현재(364개) > EOQ(165개). 발주 주기 54일 권장,100.0,21.1,3.01,4.27,1.76,STABLE,121.8,0.0,WMA,0.0,33.9,10.0,8.4,3.0,7.5,5.0,POOR,낮은 매칭 · 폐기위험 높음,0.984,49.6,STABLE,23.8,LOW,69.6,MEDIUM,36.0,85.4,58.3,0.3,30.0,31075.0,62.2,0.385,0.385,88.5,True,13.3,237,41.2,128,100.0,0.999,4.9,26.2,50.0,REALLOCATE,88.7,2,99.8,53.2,42.6,disposal_risk,53.8,모니터링,268,HEURISTIC 29% | ABC 14% | TURNOVER 14% | DISPOSAL_RISK 14% | SAFETY_STOCK 8% | EOQ 7% | DEMAND_FORECAST 7% | MATCH 5%,"['⏰ 유통기한 임박 (91%)', '❄️ 냉장·냉동 과잉 (80%)', '💸 배송비 상승 (100%)', '⚡ 복합 스트레스 (60%)']","{'재고위험': '24.9%', '판매가능성': '13.1%', '점포이동적합': '14.0%', '비용절감': '18.3%', '폐기회피이익': '13.7%', '실행가능성': '12.8%', '이력보정': '3.3%'}",True,True,False,True,False,True,49.6,32.6,51.1,63.3,49.3,67.3,52.2,50.7,0.0,27.7,검토,할인 판매,🏷️,378,HIGH,신뢰도 높음 ●,#2e7d32,,,27.7,검토,할인 판매,3,1,False,False,,50.0,26070.0,0.0,26070.0,27.3,0.0,27.3,55.0,0.0,367.0,29.0,할인,할인,73.73,일치,55.144,73.73,32.2,16.372
요거트093,종로2점,청량리2점,29.0,프로모션 추천,9467.0,프로모션 순비용이 재배치 비용보다 낮습니다.,28.846254241712348,11.637931034482758,12,8,60.5,검토 가능,9467.0,29.0,87,False,Greedy 선택 후보보다 우선순위가 낮음,0.76,1165,335,0,유제품,334,23.0,5.0,26795.0,C,0.9924854109106338,3,20.0,437.0,0.82,DEAD,0.0,True,78.0,HIGH,유통기한 임박 | 소진일수 437일 초과 | 신선/냉장 고위험 카테고리,0.7,3.0,0.0,SAFE,"재고 여유 — 현재고(335), 재주문점(3)",0.0,82.5,108.6,33632.0,100.0,OVER,과잉 발주 위험 — 현재(334개) > EOQ(82개). 발주 주기 109일 권장,100.0,5.1,0.73,1.04,0.42,STABLE,459.8,0.0,WMA,0.0,33.9,10.0,8.4,3.0,7.5,5.0,POOR,낮은 매칭 · 폐기위험 높음,0.94,48.5,STABLE,36.5,LOW,78.3,HIGH,36.0,85.4,58.3,0.3,30.0,31075.0,62.2,0.385,0.385,88.5,True,13.7,193,45.1,9,100.0,0.999,4.9,26.2,50.0,REALLOCATE,88.5,1,100.0,53.2,36.7,disposal_risk,48.8,모니터링,367,HEURISTIC 29% | ABC 14% | TURNOVER 14% | DISPOSAL_RISK 14% | SAFETY_STOCK 8% | EOQ 7% | DEMAND_FORECAST 7% | MATCH 5%,"['⏰ 유통기한 임박 (91%)', '❄️ 냉장·냉동 과잉 (80%)', '💸 배송비 상승 (100%)', '⚡ 복합 스트레스 (60%)']","{'재고위험': '24.9%', '판매가능성': '13.1%', '점포이동적합': '14.0%', '비용절감': '18.3%', '폐기회피이익': '13.7%', '실행가능성': '12.8%', '이력보정': '3.3%'}",True,True,False,True,False,True,41.8,32.2,51.9,63.3,49.3,67.3,52.5,48.8,0.0,19.2,검토,할인 판매,🏷️,424,HIGH,신뢰도 높음 ●,#2e7d32,,,19.2,검토,할인 판매,7,1,False,False,,50.0,35304.0,0.0,35304.0,37.56,0.0,37.56,75.0,0.0,335.0,29.0,할인,할인,81.667,일치,45.021,81.667,33.543,16.238
요거트093,종로2점,구로점,37.0,프로모션 추천,12079.0,프로모션 순비용이 재배치 비용보다 낮습니다.,25.437222657269643,15.086206896551724,12,8,60.5,검토 가능,12079.0,37.0,88,False,Greedy 선택 후보보다 우선순위가 낮음,0.76,1165,335,0,유제품,334,23.0,5.0,26795.0,C,0.9924854109106338,3,20.0,437.0,0.82,DEAD,0.0,True,78.0,HIGH,유통기한 임박 | 소진일수 437일 초과 | 신선/냉장 고위험 카테고리,0.7,3.0,0.0,SAFE,"재고 여유 — 현재고(335), 재주문점(3)",0.0,82.5,108.6,33632.0,100.0,OVER,과잉 발주 위험 — 현재(334개) > EOQ(82개). 발주 주기 109일 권장,100.0,5.1,0.73,1.04,0.42,STABLE,459.8,0.0,WMA,0.0,33.9,10.0,8.4,3.0,7.5,5.0,POOR,낮은 매칭 · 폐기위험 높음,0.94,48.5,STABLE,36.5,LOW,78.3,HIGH,37.5,60.3,79.5,0.3,30.0,39647.0,79.3,0.385,0.385,88.5,True,13.7,193,45.1,9,100.0,0.999,4.9,45.9,50.0,REALLOCATE,88.4,2,99.8,61.8,36.7,disposal_risk,48.8,모니터링,372,HEURISTIC 29% | ABC 14% | TURNOVER 14% | DISPOSAL_RISK 14% | SAFETY_STOCK 8% | EOQ 7% | DEMAND_FORECAST 7% | MATCH 5%,"['⏰ 유통기한 임박 (91%)', '❄️ 냉장·냉동 과잉 (80%)', '💸 배송비 상승 (100%)', '⚡ 복합 스트레스 (60%)']","{'재고위험': '24.9%', '판매가능성': '13.1%', '점포이동적합': '14.0%', '비용절감': '18.3%', '폐기회피이익': '13.7%', '실행가능성': '12.8%', '이력보정': '3.3%'}",True,True,False,True,False,True,41.8,32.2,53.9,63.3,59.6,73.1,52.4,51.2,0.0,31.3,검토,할인 판매,🏷️,359,HIGH,신뢰도 높음 ●,#2e7d32,,,31.3,검토,할인 판매,7,2,False,False,,50.0,25071.0,0.0,25071.0,26.19,0.0,26.19,52.0,0.0,335.0,37.0,할인,할인,74.987,일치,56.227,74.987,32.741,15.054
요거트093,강남2점,구로점,37.0,프로모션 추천,12079.0,프로모션 순비용이 재배치 비용보다 낮습니다.,25.437222657269643,15.086206896551724,12,8,60.5,검토 가능,12079.0,37.0,89,False,Greedy 선택 후보보다 우선순위가 낮음,3.05,1165,367,3,유제품,355,92.0,21.0,107180.0,C,0.9924854109106338,3,20.0,119.7,3.01,DEAD,33.5,True,76.0,HIGH,유통기한 임박 | 소진일수 120일 초과 | 신선/냉장 고위험 카테고리,2.6,11.7,0.0,SAFE,"재고 여유 — 현재고(367), 재주문점(12)",0.0,165.2,54.2,67374.0,100.0,OVER,과잉 발주 위험 — 현재(364개) > EOQ(165개). 발주 주기 54일 권장,100.0,21.1,3.01,4.27,1.76,STABLE,121.8,0.0,WMA,0.0,33.9,10.0,8.4,3.0,7.5,5.0,POOR,낮은 매칭 · 폐기위험 높음,0.984,49.6,STABLE,23.8,LOW,69.6,MEDIUM,37.5,60.3,79.5,0.3,30.0,39647.0,79.3,0.385,0.385,88.5,True,13.3,237,41.2,128,100.0,0.999,4.9,45.9,50.0,REALLOCATE,88.3,2,99.8,61.8,42.6,disposal_risk,53.8,모니터링,267,HEURISTIC 29% | ABC 14% | TURNOVER 14% | DISPOSAL_RISK 14% | SAFETY_STOCK 8% | EOQ 7% | DEMAND_FORECAST 7% | MATCH 5%,"['⏰ 유통기한 임박 (91%)', '❄️ 냉장·냉동 과잉 (80%)', '💸 배송비 상승 (100%)', '⚡ 복합 스트레스 (60%)']","{'재고위험': '24.9%', '판매가능성': '13.1%', '점포이동적합': '14.0%', '비용절감': '18.3%', '폐기회피이익': '13.7%', '실행가능성': '12.8%', '이력보정': '3.3%'}",True,True,False,True,False,True,49.6,32.6,53.1,63.3,59.6,73.1,52.2,53.1,0.0,52.2,검토,할인 판매,🏷️,247,HIGH,신뢰도 높음 ●,#2e7d32,,,52.2,검토,할인 판매,3,2,False,False,,50.0,38337.0,0.0,38337.0,40.93,0.0,40.93,82.0,0.0,367.0,37.0,할인,할인,81.404,일치,46.677,81.404,33.907,17.427
냉동만두095,명동점,강남2점,11.0,프로모션 추천,3670.0,프로모션 순비용이 재배치 비용보다 낮습니다.,36.41216392586792,3.8793103448275863,12,8,60.3,검토 가능,3670.0,11.0,90,False,Greedy 선택 후보보다 우선순위가 낮음,3.91,1189,380,25,냉동식품,244,117.0,27.0,139113.0,C,0.9888591331875551,3,20.0,97.4,3.69,DEAD,45.9,True,39.8,LOW,소진일수 97일 초과 | 신선/냉장 고위험 카테고리,3.4,15.1,0.0,SAFE,"재고 여유 — 현재고(380), 재주문점(15)",0.0,200.0,51.2,71349.0,88.3,OVER,과잉 발주 위험 — 현재(377개) > EOQ(200개). 발주 주기 51일 권장,88.3,27.1,3.87,5.48,2.26,STABLE,98.2,0.0,WMA,0.0,25.5,10.0,0.0,3.0,7.5,5.0,POOR,낮은 매칭,0.986,49.7,STABLE,19.2,LOW,43.3,MEDIUM,32.0,78.3,51.9,0.3,30.0,12025.0,24.0,0.385,0.385,88.5,True,5.3,492,23.8,470,100.0,0.999,4.9,17.1,50.0,REALLOCATE,88.1,2,99.8,34.1,54.3,disposal_risk,43.4,모니터링,457,HEURISTIC 29% | ABC 14% | TURNOVER 14% | DISPOSAL_RISK 14% | SAFETY_STOCK 8% | EOQ 7% | DEMAND_FORECAST 7% | MATCH 5%,"['⏰ 유통기한 임박 (91%)', '❄️ 냉장·냉동 과잉 (80%)', '💸 배송비 상승 (100%)', '⚡ 복합 스트레스 (60%)']","{'재고위험': '24.9%', '판매가능성': '13.1%', '점포이동적합': '14.0%', '비용절감': '18.3%', '폐기회피이익': '13.7%', '실행가능성': '12.8%', '이력보정': '3.3%'}",True,True,False,True,False,True,36.6,32.6,42.9,61.4,26.4,60.7,47.8,42.0,0.0,5.0,검토,보류,⏸️,500,HIGH,신뢰도 높음 ●,#2e7d32,,,5.0,검토,보류,5,3,False,False,,50.0,27348.0,0.0,27348.0,28.72,0.0,28.72,57.0,0.0,380.0,11.0,할인,할인,67.676,일치,46.576,67.676,28.576,16.225
마카롱053,사당점,왕십리2점,60.0,재배치 추천,18330.0,프로모션 순비용이 재배치 비용보다 높습니다.,17.278778386844166,25.0,18,0,60.3,검토 가능,18330.0,60.0,91,False,Greedy 선택 후보보다 우선순위가 낮음,3.98,3122,339,2,디저트,328,119.0,28.0,371518.0,A,0.2370369123281216,1,100.0,85.5,4.21,SLOW,52.5,True,65.7,HIGH,유통기한 임박 | 소진일수 86일 초과,3.4,15.3,0.0,SAFE,"재고 여유 — 현재고(339), 재주문점(15)",0.0,136.4,34.3,106482.0,100.0,OVER,과잉 발주 위험 — 현재(336개) > EOQ(136개). 발주 주기 34일 권장,100.0,27.9,3.99,5.63,2.34,STABLE,85.1,0.0,WMA,0.0,40.9,10.0,8.4,10.0,7.5,5.0,FAIR,보통 매칭 · 폐기위험 높음 · 핵심(A)상품,1.005,50.1,STABLE,16.6,LOW,73.1,HIGH,35.3,64.5,83.5,0.3,30.0,206454.0,100.0,0.385,0.385,88.5,False,11.6,380,36.6,237,100.0,0.999,4.9,48.5,50.0,REALLOCATE,88.0,2,99.8,72.1,27.9,disposal_risk,70.6,우선 처리,5,HEURISTIC 29% | ABC 14% | TURNOVER 14% | DISPOSAL_RISK 14% | SAFETY_STOCK 8% | EOQ 7% | DEMAND_FORECAST 7% | MATCH 5%,"['⏰ 유통기한 임박 (91%)', '❄️ 냉장·냉동 과잉 (80%)', '💸 배송비 상승 (100%)', '⚡ 복합 스트레스 (60%)']","{'재고위험': '24.9%', '판매가능성': '13.1%', '점포이동적합': '14.0%', '비용절감': '18.3%', '폐기회피이익': '13.7%', '실행가능성': '12.8%', '이력보정': '3.3%'}",True,True,False,True,False,True,62.0,32.7,55.6,63.2,72.0,77.2,51.3,58.8,0.0,97.4,최적,할인 판매,🏷️,4,HIGH,신뢰도 높음 ●,#2e7d32,,,97.4,최적,할인 판매,3,6,False,False,,50.0,18330.0,0.0,18330.0,18.7,0.0,18.7,37.0,0.0,339.0,60.0,재고 이동,재고 이동,77.993,일치,77.993,60.621,30.502,16.502
냉동만두095,명동점,잠실2점,24.0,프로모션 추천,8008.0,프로모션 순비용이 재배치 비용보다 낮습니다.,30.750456799791177,9.482758620689655,12,8,60.2,검토 가능,8008.0,24.0,92,False,Greedy 선택 후보보다 우선순위가 낮음,3.91,1189,380,25,냉동식품,244,117.0,27.0,139113.0,C,0.9888591331875551,3,20.0,97.4,3.69,DEAD,45.9,True,39.8,LOW,소진일수 97일 초과 | 신선/냉장 고위험 카테고리,3.4,15.1,0.0,SAFE,"재고 여유 — 현재고(380), 재주문점(15)",0.0,200.0,51.2,71349.0,88.3,OVER,과잉 발주 위험 — 현재(377개) > EOQ(200개). 발주 주기 51일 권장,88.3,27.1,3.87,5.48,2.26,STABLE,98.2,0.0,WMA,0.0,25.5,10.0,0.0,3.0,7.5,5.0,POOR,낮은 매칭,0.986,49.7,STABLE,19.2,LOW,43.3,MEDIUM,36.1,52.7,74.6,0.3,30.0,26235.0,52.5,0.385,0.385,88.5,True,5.4,491,23.8,470,100.0,0.999,4.9,42.4,50.0,REALLOCATE,87.9,2,99.8,48.3,54.3,disposal_risk,43.3,모니터링,460,HEURISTIC 29% | ABC 14% | TURNOVER 14% | DISPOSAL_RISK 14% | SAFETY_STOCK 8% | EOQ 7% | DEMAND_FORECAST 7% | MATCH 5%,"['⏰ 유통기한 임박 (91%)', '❄️ 냉장·냉동 과잉 (80%)', '💸 배송비 상승 (100%)', '⚡ 복합 스트레스 (60%)']","{'재고위험': '24.9%', '판매가능성': '13.1%', '점포이동적합': '14.0%', '비용절감': '18.3%', '폐기회피이익': '13.7%', '실행가능성': '12.8%', '이력보정': '3.3%'}",True,True,False,True,False,True,36.6,32.6,45.5,61.4,43.5,67.3,47.9,45.5,0.0,9.3,검토,보류,⏸️,477,HIGH,신뢰도 높음 ●,#2e7d32,,,9.3,검토,보류,5,4,False,False,,50.0,25323.0,0.0,25323.0,26.47,0.0,26.47,53.0,0.0,380.0,24.0,할인,할인,66.148,일치,51.524,66.148,28.925,15.882
냉동만두095,잠실2점,역삼점,29.0,프로모션 추천,9676.0,프로모션 순비용이 재배치 비용보다 낮습니다.,28.573479509266512,11.637931034482758,12,8,60.2,검토 가능,9676.0,29.0,93,False,Greedy 선택 후보보다 우선순위가 낮음,5.24,1189,346,5,냉동식품,310,157.0,37.0,186673.0,C,0.9888591331875551,3,20.0,66.1,5.45,SLOW,63.3,True,54.1,MEDIUM,유통기한 임박 | 소진일수 66일 초과 | 신선/냉장 고위험 카테고리,4.5,20.2,0.0,SAFE,"재고 여유 — 현재고(346), 재주문점(20)",0.0,231.6,44.2,82597.0,47.5,OPTIMAL,"적정 발주 — EOQ(232개), 권장 발주 주기 44일",47.5,36.9,5.27,7.43,3.11,STABLE,65.6,0.0,WMA,0.0,29.1,10.0,3.6,3.0,7.5,5.0,POOR,낮은 매칭,1.009,50.2,STABLE,12.8,LOW,62.6,MEDIUM,29.3,75.5,74.5,0.3,30.0,31701.0,63.4,0.385,0.385,88.5,True,8.5,472,28.7,377,100.0,0.999,4.9,42.2,50.0,REALLOCATE,87.7,2,99.8,53.7,45.5,disposal_risk,47.9,모니터링,394,HEURISTIC 29% | ABC 14% | TURNOVER 14% | DISPOSAL_RISK 14% | SAFETY_STOCK 8% | EOQ 7% | DEMAND_FORECAST 7% | MATCH 5%,"['⏰ 유통기한 임박 (91%)', '❄️ 냉장·냉동 과잉 (80%)', '💸 배송비 상승 (100%)', '⚡ 복합 스트레스 (60%)']","{'재고위험': '24.9%', '판매가능성': '13.1%', '점포이동적합': '14.0%', '비용절감': '18.3%', '폐기회피이익': '13.7%', '실행가능성': '12.8%', '이력보정': '3.3%'}",True,True,False,True,False,True,47.6,32.8,48.1,55.2,50.0,74.8,49.6,49.4,0.0,21.2,검토,보류,⏸️,413,HIGH,신뢰도 높음 ●,#2e7d32,,,21.2,검토,보류,4,1,False,False,,50.0,20022.0,0.0,20022.0,20.58,0.0,20.58,41.0,0.0,346.0,29.0,할인,할인,63.079,일치,57.104,63.079,28.244,16.28
냉동만두095,동대문점,역삼점,29.0,프로모션 추천,9676.0,프로모션 순비용이 재배치 비용보다 낮습니다.,28.573479509266512,11.637931034482758,12,8,60.2,검토 가능,9676.0,29.0,94,False,Greedy 선택 후보보다 우선순위가 낮음,1.98,1189,346,15,냉동식품,305,59.0,14.0,70151.0,C,0.9888591331875551,3,20.0,175.9,2.05,DEAD,2.3,True,47.2,MEDIUM,소진일수 176일 초과 | 신선/냉장 고위험 카테고리,1.7,7.6,0.0,SAFE,"재고 여유 — 현재고(346), 재주문점(8)",0.0,142.3,71.9,50773.0,100.0,OVER,과잉 발주 위험 — 현재(344개) > EOQ(142개). 발주 주기 72일 권장,100.0,13.9,1.99,2.8,1.17,STABLE,174.2,0.0,WMA,0.0,29.1,10.0,3.6,3.0,7.5,5.0,POOR,낮은 매칭,1.01,50.3,STABLE,34.0,LOW,43.3,MEDIUM,29.3,75.5,74.5,0.3,30.0,31701.0,63.4,0.385,0.385,88.5,True,7.0,484,31.2,317,100.0,0.999,4.9,42.2,50.0,REALLOCATE,87.6,2,99.8,53.7,51.7,disposal_risk,39.8,후순위,476,HEURISTIC 29% | ABC 14% | TURNOVER 14% | DISPOSAL_RISK 14% | SAFETY_STOCK 8% | EOQ 7% | DEMAND_FORECAST 7% | MATCH 5%,"['⏰ 유통기한 임박 (91%)', '❄️ 냉장·냉동 과잉 (80%)', '💸 배송비 상승 (100%)', '⚡ 복합 스트레스 (60%)']","{'재고위험': '24.9%', '판매가능성': '13.1%', '점포이동적합': '14.0%', '비용절감': '18.3%', '폐기회피이익': '13.7%', '실행가능성': '12.8%', '이력보정': '3.3%'}",True,True,False,True,False,True,28.3,32.8,48.6,63.1,50.0,74.8,48.8,46.1,0.0,10.0,검토,보류,⏸️,473,HIGH,신뢰도 높음 ●,#2e7d32,,,10.0,검토,보류,3,1,False,False,,50.0,20130.0,0.0,20130.0,20.7,0.0,20.7,41.0,0.0,346.0,29.0,할인,할인,66.368,일치,56.989,66.368,29.488,13.582
냉동만두089,왕십리2점,목동2점,2.0,프로모션 추천,921.0,프로모션 순비용이 재배치 비용보다 낮습니다.,40.0,0.0,12,8,60.0,검토 가능,921.0,2.0,95,False,Greedy 선택 후보보다 우선순위가 낮음,8.87,1611,353,0,냉동식품,341,266.0,62.0,428526.0,C,0.9715029951148774,3,20.0,39.8,9.04,NORMAL,77.9,False,50.9,MEDIUM,유통기한 임박 | 신선/냉장 고위험 카테고리,7.6,34.2,0.0,SAFE,"재고 여유 — 현재고(353), 재주문점(34)",0.0,258.8,29.2,125088.0,33.5,OPTIMAL,"적정 발주 — EOQ(259개), 권장 발주 주기 29일",33.5,62.0,8.86,12.52,5.2,STABLE,39.9,2.7,WMA,2.7,29.2,10.0,3.73,3.0,7.5,5.0,POOR,낮은 매칭,0.999,50.0,STABLE,7.8,LOW,78.3,HIGH,23.4,80.7,77.5,0.3,30.0,2945.0,5.9,0.385,0.385,88.5,True,29.6,37,26.4,427,100.0,0.999,4.9,44.5,50.0,REALLOCATE,87.5,1,100.0,25.0,40.9,turnover,50.4,모니터링,337,HEURISTIC 29% | ABC 14% | TURNOVER 14% | DISPOSAL_RISK 14% | SAFETY_STOCK 8% | EOQ 7% | DEMAND_FORECAST 7% | MATCH 5%,"['⏰ 유통기한 임박 (91%)', '❄️ 냉장·냉동 과잉 (80%)', '💸 배송비 상승 (100%)', '⚡ 복합 스트레스 (60%)']","{'재고위험': '24.9%', '판매가능성': '13.1%', '점포이동적합': '14.0%', '비용절감': '18.3%', '폐기회피이익': '13.7%', '실행가능성': '12.8%', '이력보정': '3.3%'}",True,True,False,True,False,True,50.1,34.0,47.9,53.0,15.5,78.6,61.3,45.5,0.0,8.7,검토,보류,⏸️,480,HIGH,신뢰도 높음 ●,#2e7d32,,,8.7,검토,보류,6,4,False,False,,50.0,27915.0,0.0,27915.0,29.35,0.0,29.35,59.0,0.0,353.0,2.0,할인,할인,67.015,일치,42.905,67.015,27.292,17.944
에너지드링크008,목동점,동대문2점,49.0,재배치 추천,15063.0,프로모션 순비용이 재배치 비용보다 높습니다.,21.542678151918558,20.25862068965517,18,0,59.8,검토 가능,15063.0,49.0,96,False,Greedy 선택 후보보다 우선순위가 낮음,2.76,1345,382,1,음료,379,83.0,19.0,111635.0,B,0.897833316964399,2,60.0,138.1,2.61,DEAD,23.3,True,68.0,HIGH,유통기한 임박 | 소진일수 138일 초과,2.4,10.7,0.0,SAFE,"재고 여유 — 현재고(382), 재주문점(11)",0.0,204.0,73.9,49385.0,86.1,OVER,과잉 발주 위험 — 현재(380개) > EOQ(204개). 발주 주기 74일 권장,86.1,19.1,2.73,3.87,1.59,STABLE,140.0,0.0,WMA,0.0,36.9,10.0,8.4,6.0,7.5,5.0,POOR,낮은 매칭 · 폐기위험 높음,0.983,49.6,STABLE,27.3,LOW,76.6,HIGH,34.5,65.3,83.9,0.3,30.0,64023.0,100.0,0.385,0.385,88.5,False,11.8,362,39.4,181,100.0,0.999,4.9,48.7,50.0,REALLOCATE,87.3,2,99.8,72.0,42.7,disposal_risk,56.6,검토 필요,199,HEURISTIC 29% | ABC 14% | TURNOVER 14% | DISPOSAL_RISK 14% | SAFETY_STOCK 8% | EOQ 7% | DEMAND_FORECAST 7% | MATCH 5%,"['⏰ 유통기한 임박 (91%)', '❄️ 냉장·냉동 과잉 (80%)', '💸 배송비 상승 (100%)', '⚡ 복합 스트레스 (60%)']","{'재고위험': '24.9%', '판매가능성': '13.1%', '점포이동적합': '14.0%', '비용절감': '18.3%', '폐기회피이익': '13.7%', '실행가능성': '12.8%', '이력보정': '3.3%'}",True,True,False,True,False,True,49.3,32.6,54.4,60.8,72.0,77.7,51.4,55.1,0.0,74.5,권장,할인 판매,🏷️,127,HIGH,신뢰도 높음 ●,#2e7d32,,,74.5,권장,할인 판매,2,2,True,False,,50.0,15063.0,0.0,15063.0,15.07,0.0,15.07,30.0,0.0,382.0,49.0,재고 이동,재고 이동,74.589,일치,74.589,64.101,30.744,14.457
냉동만두111,명동점,신촌2점,20.0,프로모션 추천,7261.0,프로모션 순비용이 재배치 비용보다 낮습니다.,31.725398068389453,7.758620689655173,12,8,59.5,검토 가능,7261.0,20.0,97,False,Greedy 선택 후보보다 우선순위가 낮음,3.76,1287,375,14,냉동식품,302,113.0,26.0,145431.0,B,0.9116495803212774,2,60.0,99.6,3.62,DEAD,44.7,True,36.0,LOW,소진일수 100일 초과 | 신선/냉장 고위험 카테고리,3.2,14.5,0.0,SAFE,"재고 여유 — 현재고(375), 재주문점(14)",0.0,188.5,50.1,72793.0,97.2,OVER,과잉 발주 위험 — 현재(372개) > EOQ(188개). 발주 주기 50일 권장,97.2,26.1,3.73,5.28,2.18,STABLE,100.6,0.0,WMA,0.0,28.5,10.0,0.0,6.0,7.5,5.0,POOR,낮은 매칭,0.988,49.7,STABLE,19.7,LOW,43.3,MEDIUM,38.4,43.2,61.1,0.3,30.0,23627.0,47.3,0.385,0.385,88.5,True,4.8,499,23.0,485,100.0,0.999,4.9,29.5,50.0,REALLOCATE,87.2,2,99.8,45.6,49.8,disposal_risk,50.2,모니터링,339,HEURISTIC 29% | ABC 14% | TURNOVER 14% | DISPOSAL_RISK 14% | SAFETY_STOCK 8% | EOQ 7% | DEMAND_FORECAST 7% | MATCH 5%,"['⏰ 유통기한 임박 (91%)', '❄️ 냉장·냉동 과잉 (80%)', '💸 배송비 상승 (100%)', '⚡ 복합 스트레스 (60%)']","{'재고위험': '24.9%', '판매가능성': '13.1%', '점포이동적합': '14.0%', '비용절감': '18.3%', '폐기회피이익': '13.7%', '실행가능성': '12.8%', '이력보정': '3.3%'}",True,True,False,True,False,True,40.6,32.6,45.4,62.3,40.4,55.1,47.6,44.7,0.0,7.6,검토,보류,⏸️,486,HIGH,신뢰도 높음 ●,#2e7d32,,,7.6,검토,보류,5,3,False,False,,50.0,12804.0,0.0,12804.0,12.56,0.0,12.56,25.0,0.0,375.0,20.0,할인,재고 이동,67.261,다름,67.261,54.642,26.325,14.29
냉동만두111,상암점,신촌2점,20.0,프로모션 추천,7261.0,프로모션 순비용이 재배치 비용보다 낮습니다.,31.725398068389453,7.758620689655173,12,8,59.5,검토 가능,7261.0,20.0,98,False,Greedy 선택 후보보다 우선순위가 낮음,2.94,1287,346,14,냉동식품,289,88.0,21.0,113256.0,B,0.9116495803212774,2,60.0,118.0,3.05,DEAD,34.4,True,36.0,LOW,소진일수 118일 초과 | 신선/냉장 고위험 카테고리,2.5,11.3,0.0,SAFE,"재고 여유 — 현재고(346), 재주문점(11)",0.0,166.7,56.7,64368.0,100.0,OVER,과잉 발주 위험 — 현재(344개) > EOQ(167개). 발주 주기 57일 권장,100.0,20.8,2.97,4.18,1.76,STABLE,116.4,0.0,WMA,0.0,28.5,10.0,0.0,6.0,7.5,5.0,POOR,낮은 매칭,1.02,50.5,STABLE,22.9,LOW,43.3,MEDIUM,38.4,43.2,61.1,0.3,30.0,23627.0,47.3,0.385,0.385,88.5,True,4.8,499,23.8,470,100.0,0.999,4.9,29.5,50.0,REALLOCATE,87.1,2,99.8,45.6,50.9,disposal_risk,48.7,모니터링,376,HEURISTIC 29% | ABC 14% | TURNOVER 14% | DISPOSAL_RISK 14% | SAFETY_STOCK 8% | EOQ 7% | DEMAND_FORECAST 7% | MATCH 5%,"['⏰ 유통기한 임박 (91%)', '❄️ 냉장·냉동 과잉 (80%)', '💸 배송비 상승 (100%)', '⚡ 복합 스트레스 (60%)']","{'재고위험': '24.9%', '판매가능성': '13.1%', '점포이동적합': '14.0%', '비용절감': '18.3%', '폐기회피이익': '13.7%', '실행가능성': '12.8%', '이력보정': '3.3%'}",True,True,False,True,False,True,37.8,32.8,45.5,62.7,40.4,55.1,47.6,44.1,0.0,6.1,검토,보류,⏸️,494,HIGH,신뢰도 높음 ●,#2e7d32,,,6.1,검토,보류,1,3,False,False,,50.0,14460.0,0.0,14460.0,14.4,0.0,14.4,29.0,0.0,346.0,20.0,할인,재고 이동,64.154,다름,64.154,55.838,26.46,14.277
냉동만두111,노원점,잠실2점,29.0,프로모션 추천,10529.0,프로모션 순비용이 재배치 비용보다 낮습니다.,27.460193161054555,11.637931034482758,12,8,59.1,검토 가능,10529.0,29.0,99,False,Greedy 선택 후보보다 우선순위가 낮음,1.08,1287,398,3,냉동식품,394,32.0,8.0,41184.0,B,0.9116495803212774,2,60.0,373.1,0.96,DEAD,0.0,True,74.0,HIGH,유통기한 임박 | 소진일수 373일 초과 | 신선/냉장 고위험 카테고리,0.9,4.1,0.0,SAFE,"재고 여유 — 현재고(398), 재주문점(4)",0.0,101.0,93.5,39013.0,100.0,OVER,과잉 발주 위험 — 현재(397개) > EOQ(101개). 발주 주기 94일 권장,100.0,7.8,1.11,1.56,0.67,STABLE,357.2,0.0,WMA,0.0,36.9,10.0,8.4,6.0,7.5,5.0,POOR,낮은 매칭 · 폐기위험 높음,1.058,51.5,STABLE,35.0,LOW,69.6,MEDIUM,36.1,52.7,74.6,0.3,30.0,34259.0,68.5,0.385,0.385,88.5,True,13.1,256,43.7,48,100.0,0.999,4.9,42.4,50.0,REALLOCATE,86.9,2,99.8,56.1,34.8,disposal_risk,54.6,모니터링,247,HEURISTIC 29% | ABC 14% | TURNOVER 14% | DISPOSAL_RISK 14% | SAFETY_STOCK 8% | EOQ 7% | DEMAND_FORECAST 7% | MATCH 5%,"['⏰ 유통기한 임박 (91%)', '❄️ 냉장·냉동 과잉 (80%)', '💸 배송비 상승 (100%)', '⚡ 복합 스트레스 (60%)']","{'재고위험': '24.9%', '판매가능성': '13.1%', '점포이동적합': '14.0%', '비용절감': '18.3%', '폐기회피이익': '13.7%', '실행가능성': '12.8%', '이력보정': '3.3%'}",True,True,False,True,False,True,45.8,33.2,54.6,62.5,53.1,67.3,52.1,50.7,0.0,27.4,검토,할인 판매,🏷️,380,HIGH,신뢰도 높음 ●,#2e7d32,,,27.4,검토,할인 판매,1,4,False,False,,50.0,20103.0,0.0,20103.0,20.67,0.0,20.67,41.0,0.0,398.0,29.0,할인,할인,69.409,일치,64.313,69.409,31.334,14.798
냉동만두111,상암점,잠실2점,29.0,프로모션 추천,10529.0,프로모션 순비용이 재배치 비용보다 낮습니다.,27.460193161054555,11.637931034482758,12,8,59.1,검토 가능,10529.0,29.0,100,False,Greedy 선택 후보보다 우선순위가 낮음,2.94,1287,346,14,냉동식품,289,88.0,21.0,113256.0,B,0.9116495803212774,2,60.0,118.0,3.05,DEAD,34.4,True,36.0,LOW,소진일수 118일 초과 | 신선/냉장 고위험 카테고리,2.5,11.3,0.0,SAFE,"재고 여유 — 현재고(346), 재주문점(11)",0.0,166.7,56.7,64368.0,100.0,OVER,과잉 발주 위험 — 현재(344개) > EOQ(167개). 발주 주기 57일 권장,100.0,20.8,2.97,4.18,1.76,STABLE,116.4,0.0,WMA,0.0,28.5,10.0,0.0,6.0,7.5,5.0,POOR,낮은 매칭,1.02,50.5,STABLE,22.9,LOW,43.3,MEDIUM,36.1,52.7,74.6,0.3,30.0,34259.0,68.5,0.385,0.385,88.5,True,4.9,497,23.8,470,100.0,0.999,4.9,42.4,50.0,REALLOCATE,86.8,2,99.8,56.1,51.0,disposal_risk,48.3,모니터링,386,HEURISTIC 29% | ABC 14% | TURNOVER 14% | DISPOSAL_RISK 14% | SAFETY_STOCK 8% | EOQ 7% | DEMAND_FORECAST 7% | MATCH 5%,"['⏰ 유통기한 임박 (91%)', '❄️ 냉장·냉동 과잉 (80%)', '💸 배송비 상승 (100%)', '⚡ 복합 스트레스 (60%)']","{'재고위험': '24.9%', '판매가능성': '13.1%', '점포이동적합': '14.0%', '비용절감': '18.3%', '폐기회피이익': '13.7%', '실행가능성': '12.8%', '이력보정': '3.3%'}",True,True,False,True,False,True,37.8,32.8,46.8,62.5,53.1,67.3,47.6,47.6,0.0,14.1,검토,보류,⏸️,451,HIGH,신뢰도 높음 ●,#2e7d32,,,14.1,검토,보류,1,4,False,False,,50.0,23028.0,0.0,23028.0,23.92,0.0,23.92,48.0,0.0,346.0,29.0,할인,할인,60.943,일치,57.168,60.943,27.897,15.582
냉동만두111,명동점,잠실2점,29.0,프로모션 추천,10529.0,프로모션 순비용이 재배치 비용보다 낮습니다.,27.460193161054555,11.637931034482758,12,8,59.1,검토 가능,10529.0,29.0,101,False,Greedy 선택 후보보다 우선순위가 낮음,3.76,1287,375,14,냉동식품,302,113.0,26.0,145431.0,B,0.9116495803212774,2,60.0,99.6,3.62,DEAD,44.7,True,36.0,LOW,소진일수 100일 초과 | 신선/냉장 고위험 카테고리,3.2,14.5,0.0,SAFE,"재고 여유 — 현재고(375), 재주문점(14)",0.0,188.5,50.1,72793.0,97.2,OVER,과잉 발주 위험 — 현재(372개) > EOQ(188개). 발주 주기 50일 권장,97.2,26.1,3.73,5.28,2.18,STABLE,100.6,0.0,WMA,0.0,28.5,10.0,0.0,6.0,7.5,5.0,POOR,낮은 매칭,0.988,49.7,STABLE,19.7,LOW,43.3,MEDIUM,36.1,52.7,74.6,0.3,30.0,34259.0,68.5,0.385,0.385,88.5,True,4.9,497,23.0,485,100.0,0.999,4.9,42.4,50.0,REALLOCATE,86.7,2,99.8,56.1,50.0,disposal_risk,49.9,모니터링,346,HEURISTIC 29% | ABC 14% | TURNOVER 14% | DISPOSAL_RISK 14% | SAFETY_STOCK 8% | EOQ 7% | DEMAND_FORECAST 7% | MATCH 5%,"['⏰ 유통기한 임박 (91%)', '❄️ 냉장·냉동 과잉 (80%)', '💸 배송비 상승 (100%)', '⚡ 복합 스트레스 (60%)']","{'재고위험': '24.9%', '판매가능성': '13.1%', '점포이동적합': '14.0%', '비용절감': '18.3%', '폐기회피이익': '13.7%', '실행가능성': '12.8%', '이력보정': '3.3%'}",True,True,False,True,False,True,40.6,32.6,46.7,62.1,53.1,67.3,47.6,48.1,0.0,16.2,검토,보류,⏸️,440,HIGH,신뢰도 높음 ●,#2e7d32,,,16.2,검토,보류,5,4,False,False,,50.0,25323.0,0.0,25323.0,26.47,0.0,26.47,53.0,0.0,375.0,29.0,할인,할인,62.332,일치,55.956,62.332,28.291,16.291
아이스라떼021,역삼점,건대2점,26.0,프로모션 추천,9744.0,프로모션 순비용이 재배치 비용보다 낮습니다.,28.484729835552077,10.344827586206897,12,8,58.8,검토 가능,9744.0,26.0,102,False,Greedy 선택 후보보다 우선순위가 낮음,8.19,1326,361,3,유제품,327,246.0,57.0,326196.0,A,0.4654709961716218,1,100.0,44.0,8.18,NORMAL,75.6,False,53.0,MEDIUM,유통기한 임박 | 신선/냉장 고위험 카테고리,7.0,31.6,0.0,SAFE,"재고 여유 — 현재고(361), 재주문점(32)",0.0,253.8,31.0,117786.0,39.5,OPTIMAL,"적정 발주 — EOQ(254개), 권장 발주 주기 31일",39.5,57.1,8.16,11.54,4.78,STABLE,44.3,2.1,WMA,2.1,36.2,10.0,3.7,10.0,7.5,5.0,POOR,낮은 매칭 · 핵심(A)상품,0.994,49.9,STABLE,8.7,LOW,69.6,MEDIUM,31.0,53.0,56.9,0.3,30.0,31627.0,63.3,0.385,0.385,88.5,True,23.9,53,28.8,373,100.0,0.999,4.9,24.3,50.0,REALLOCATE,86.5,2,99.8,53.4,26.3,turnover,65.9,검토 필요,44,HEURISTIC 29% | ABC 14% | TURNOVER 14% | DISPOSAL_RISK 14% | SAFETY_STOCK 8% | EOQ 7% | DEMAND_FORECAST 7% | MATCH 5%,"['⏰ 유통기한 임박 (91%)', '❄️ 냉장·냉동 과잉 (80%)', '💸 배송비 상승 (100%)', '⚡ 복합 스트레스 (60%)']","{'재고위험': '24.9%', '판매가능성': '13.1%', '점포이동적합': '14.0%', '비용절감': '18.3%', '폐기회피이익': '13.7%', '실행가능성': '12.8%', '이력보정': '3.3%'}",True,True,False,True,False,True,62.4,33.7,49.5,53.3,50.0,55.6,58.1,50.6,0.0,25.5,검토,보류,⏸️,390,HIGH,신뢰도 높음 ●,#2e7d32,,,25.5,검토,보류,1,5,False,False,,50.0,15270.0,0.0,15270.0,15.3,0.0,15.3,31.0,0.0,361.0,26.0,할인,재고 이동,68.36,다름,68.36,53.958,26.102,17.454
아이스라떼021,상암점,건대2점,26.0,프로모션 추천,9744.0,프로모션 순비용이 재배치 비용보다 낮습니다.,28.484729835552077,10.344827586206897,12,8,58.8,검토 가능,9744.0,26.0,103,False,Greedy 선택 후보보다 우선순위가 낮음,4.3,1326,258,3,유제품,240,129.0,30.0,171054.0,A,0.4654709961716218,1,100.0,60.0,6.0,NORMAL,66.7,False,61.0,HIGH,유통기한 임박 | 신선/냉장 고위험 카테고리,3.7,16.6,0.0,SAFE,"재고 여유 — 현재고(258), 재주문점(17)",0.0,183.9,42.8,85347.0,38.3,OPTIMAL,"적정 발주 — EOQ(184개), 권장 발주 주기 43일",38.3,30.0,4.29,6.06,2.51,STABLE,60.2,0.0,WMA,0.0,40.9,10.0,8.4,10.0,7.5,5.0,FAIR,보통 매칭 · 폐기위험 높음 · 핵심(A)상품,0.997,49.9,STABLE,11.7,LOW,69.6,MEDIUM,31.0,53.0,56.9,0.3,30.0,31627.0,63.3,0.385,0.385,88.5,True,10.7,414,33.4,290,100.0,0.999,4.9,24.3,50.0,REALLOCATE,86.4,2,99.8,53.4,27.0,disposal_risk,66.0,검토 필요,42,HEURISTIC 29% | ABC 14% | TURNOVER 14% | DISPOSAL_RISK 14% | SAFETY_STOCK 8% | EOQ 7% | DEMAND_FORECAST 7% | MATCH 5%,"['⏰ 유통기한 임박 (91%)', '❄️ 냉장·냉동 과잉 (80%)', '💸 배송비 상승 (100%)', '⚡ 복합 스트레스 (60%)']","{'재고위험': '24.9%', '판매가능성': '13.1%', '점포이동적합': '14.0%', '비용절감': '18.3%', '폐기회피이익': '13.7%', '실행가능성': '12.8%', '이력보정': '3.3%'}",True,True,False,True,False,True,63.6,32.7,52.5,53.1,50.0,55.6,50.8,51.1,0.0,30.9,검토,할인 판매,🏷️,361,HIGH,신뢰도 높음 ●,#2e7d32,,,30.9,검토,할인 판매,1,5,False,False,,50.0,18519.0,0.0,18519.0,18.91,0.0,18.91,38.0,0.0,258.0,26.0,할인,재고 이동,61.581,다름,61.581,55.735,26.189,18.118
아이스라떼021,합정2점,건대2점,26.0,프로모션 추천,9744.0,프로모션 순비용이 재배치 비용보다 낮습니다.,28.484729835552077,10.344827586206897,12,8,58.8,검토 가능,9744.0,26.0,104,False,Greedy 선택 후보보다 우선순위가 낮음,6.28,1326,321,1,유제품,313,188.0,44.0,249288.0,A,0.4654709961716218,1,100.0,51.2,7.03,NORMAL,71.6,False,56.6,MEDIUM,유통기한 임박 | 신선/냉장 고위험 카테고리,5.4,24.2,0.0,SAFE,"재고 여유 — 현재고(321), 재주문점(24)",0.0,222.2,35.4,103141.0,42.0,OPTIMAL,"적정 발주 — EOQ(222개), 권장 발주 주기 35일",42.0,44.0,6.29,8.88,3.7,STABLE,51.1,1.2,WMA,1.2,36.2,10.0,3.66,10.0,7.5,5.0,POOR,낮은 매칭 · 핵심(A)상품,1.001,50.0,STABLE,9.9,LOW,76.6,HIGH,31.0,53.0,56.9,0.3,30.0,31627.0,63.3,0.385,0.385,88.5,True,16.0,85,30.4,337,100.0,0.999,4.9,24.3,50.0,REALLOCATE,86.3,2,99.8,53.4,26.7,disposal_risk,65.6,검토 필요,47,HEURISTIC 29% | ABC 14% | TURNOVER 14% | DISPOSAL_RISK 14% | SAFETY_STOCK 8% | EOQ 7% | DEMAND_FORECAST 7% | MATCH 5%,"['⏰ 유통기한 임박 (91%)', '❄️ 냉장·냉동 과잉 (80%)', '💸 배송비 상승 (100%)', '⚡ 복합 스트레스 (60%)']","{'재고위험': '24.9%', '판매가능성': '13.1%', '점포이동적합': '14.0%', '비용절감': '18.3%', '폐기회피이익': '13.7%', '실행가능성': '12.8%', '이력보정': '3.3%'}",True,True,False,True,False,True,62.9,33.3,49.8,53.6,50.0,55.6,53.7,50.7,0.0,28.7,검토,보류,⏸️,373,HIGH,신뢰도 높음 ●,#2e7d32,,,28.7,검토,보류,0,5,False,False,,50.0,36177.0,0.0,36177.0,38.53,0.0,38.53,77.0,0.0,321.0,26.0,할인,할인,67.352,일치,47.357,67.352,28.557,20.137
아이스라떼021,역삼점,왕십리2점,27.0,프로모션 추천,10119.0,프로모션 순비용이 재배치 비용보다 낮습니다.,27.99530148786218,10.775862068965516,12,8,58.8,검토 가능,10119.0,27.0,105,False,Greedy 선택 후보보다 우선순위가 낮음,8.19,1326,361,3,유제품,327,246.0,57.0,326196.0,A,0.4654709961716218,1,100.0,44.0,8.18,NORMAL,75.6,False,53.0,MEDIUM,유통기한 임박 | 신선/냉장 고위험 카테고리,7.0,31.6,0.0,SAFE,"재고 여유 — 현재고(361), 재주문점(32)",0.0,253.8,31.0,117786.0,39.5,OPTIMAL,"적정 발주 — EOQ(254개), 권장 발주 주기 31일",39.5,57.1,8.16,11.54,4.78,STABLE,44.3,2.1,WMA,2.1,36.2,10.0,3.7,10.0,7.5,5.0,POOR,낮은 매칭 · 핵심(A)상품,0.994,49.9,STABLE,8.7,LOW,69.6,MEDIUM,35.3,64.5,83.5,0.3,30.0,32843.0,65.7,0.385,0.385,88.5,True,23.9,53,28.8,373,100.0,0.999,4.9,48.5,50.0,REALLOCATE,86.1,2,99.8,54.6,26.3,turnover,65.9,검토 필요,45,HEURISTIC 29% | ABC 14% | TURNOVER 14% | DISPOSAL_RISK 14% | SAFETY_STOCK 8% | EOQ 7% | DEMAND_FORECAST 7% | MATCH 5%,"['⏰ 유통기한 임박 (91%)', '❄️ 냉장·냉동 과잉 (80%)', '💸 배송비 상승 (100%)', '⚡ 복합 스트레스 (60%)']","{'재고위험': '24.9%', '판매가능성': '13.1%', '점포이동적합': '14.0%', '비용절감': '18.3%', '폐기회피이익': '13.7%', '실행가능성': '12.8%', '이력보정': '3.3%'}",True,True,False,True,False,True,62.4,33.7,51.9,53.3,51.4,77.2,58.1,53.8,0.0,59.0,검토,보류,⏸️,210,HIGH,신뢰도 높음 ●,#2e7d32,,,59.0,검토,보류,1,6,False,False,,50.0,31461.0,0.0,31461.0,33.29,0.0,33.29,67.0,0.0,361.0,27.0,할인,할인,64.361,일치,52.371,64.361,28.158,19.794
아이스라떼021,상암점,왕십리2점,27.0,프로모션 추천,10119.0,프로모션 순비용이 재배치 비용보다 낮습니다.,27.99530148786218,10.775862068965516,12,8,58.8,검토 가능,10119.0,27.0,106,False,Greedy 선택 후보보다 우선순위가 낮음,4.3,1326,258,3,유제품,240,129.0,30.0,171054.0,A,0.4654709961716218,1,100.0,60.0,6.0,NORMAL,66.7,False,61.0,HIGH,유통기한 임박 | 신선/냉장 고위험 카테고리,3.7,16.6,0.0,SAFE,"재고 여유 — 현재고(258), 재주문점(17)",0.0,183.9,42.8,85347.0,38.3,OPTIMAL,"적정 발주 — EOQ(184개), 권장 발주 주기 43일",38.3,30.0,4.29,6.06,2.51,STABLE,60.2,0.0,WMA,0.0,40.9,10.0,8.4,10.0,7.5,5.0,FAIR,보통 매칭 · 폐기위험 높음 · 핵심(A)상품,0.997,49.9,STABLE,11.7,LOW,69.6,MEDIUM,35.3,64.5,83.5,0.3,30.0,32843.0,65.7,0.385,0.385,88.5,True,10.7,414,33.4,290,100.0,0.999,4.9,48.5,50.0,REALLOCATE,86.0,2,99.8,54.6,27.0,disposal_risk,66.0,검토 필요,43,HEURISTIC 29% | ABC 14% | TURNOVER 14% | DISPOSAL_RISK 14% | SAFETY_STOCK 8% | EOQ 7% | DEMAND_FORECAST 7% | MATCH 5%,"['⏰ 유통기한 임박 (91%)', '❄️ 냉장·냉동 과잉 (80%)', '💸 배송비 상승 (100%)', '⚡ 복합 스트레스 (60%)']","{'재고위험': '24.9%', '판매가능성': '13.1%', '점포이동적합': '14.0%', '비용절감': '18.3%', '폐기회피이익': '13.7%', '실행가능성': '12.8%', '이력보정': '3.3%'}",True,True,False,True,False,True,63.6,32.7,54.9,53.1,51.4,77.2,50.8,54.4,0.0,64.6,검토,할인 판매,🏷️,180,HIGH,신뢰도 높음 ●,#2e7d32,,,64.6,검토,할인 판매,1,6,False,False,,50.0,32721.0,0.0,32721.0,34.69,0.0,34.69,69.0,0.0,258.0,27.0,할인,할인,64.766,일치,48.401,64.766,27.913,19.896
냉동만두111,노원점,압구정점,36.0,프로모션 추천,13070.0,프로모션 순비용이 재배치 비용보다 낮습니다.,24.143826677107807,14.655172413793101,12,8,58.8,검토 가능,13070.0,36.0,107,False,Greedy 선택 후보보다 우선순위가 낮음,1.08,1287,398,3,냉동식품,394,32.0,8.0,41184.0,B,0.9116495803212774,2,60.0,373.1,0.96,DEAD,0.0,True,74.0,HIGH,유통기한 임박 | 소진일수 373일 초과 | 신선/냉장 고위험 카테고리,0.9,4.1,0.0,SAFE,"재고 여유 — 현재고(398), 재주문점(4)",0.0,101.0,93.5,39013.0,100.0,OVER,과잉 발주 위험 — 현재(397개) > EOQ(101개). 발주 주기 94일 권장,100.0,7.8,1.11,1.56,0.67,STABLE,357.2,0.0,WMA,0.0,36.9,10.0,8.4,6.0,7.5,5.0,POOR,낮은 매칭 · 폐기위험 높음,1.058,51.5,STABLE,35.0,LOW,69.6,MEDIUM,36.8,53.2,90.7,0.3,30.0,42528.0,85.1,0.385,0.385,88.5,True,13.1,256,43.7,48,100.0,0.999,4.9,52.6,50.0,REALLOCATE,85.9,2,99.8,64.3,34.9,disposal_risk,54.3,모니터링,253,HEURISTIC 29% | ABC 14% | TURNOVER 14% | DISPOSAL_RISK 14% | SAFETY_STOCK 8% | EOQ 7% | DEMAND_FORECAST 7% | MATCH 5%,"['⏰ 유통기한 임박 (91%)', '❄️ 냉장·냉동 과잉 (80%)', '💸 배송비 상승 (100%)', '⚡ 복합 스트레스 (60%)']","{'재고위험': '24.9%', '판매가능성': '13.1%', '점포이동적합': '14.0%', '비용절감': '18.3%', '폐기회피이익': '13.7%', '실행가능성': '12.8%', '이력보정': '3.3%'}",True,True,False,True,False,True,45.8,33.2,55.6,62.3,63.1,78.2,52.1,53.6,0.0,55.5,검토,할인 판매,🏷️,229,HIGH,신뢰도 높음 ●,#2e7d32,,,55.5,검토,할인 판매,1,0,False,False,,50.0,23874.0,0.0,23874.0,24.86,0.0,24.86,50.0,0.0,398.0,36.0,할인,할인,71.559,일치,61.915,71.559,32.08,15.328
냉동만두111,명동점,압구정점,36.0,프로모션 추천,13070.0,프로모션 순비용이 재배치 비용보다 낮습니다.,24.143826677107807,14.655172413793101,12,8,58.8,검토 가능,13070.0,36.0,108,False,Greedy 선택 후보보다 우선순위가 낮음,3.76,1287,375,14,냉동식품,302,113.0,26.0,145431.0,B,0.9116495803212774,2,60.0,99.6,3.62,DEAD,44.7,True,36.0,LOW,소진일수 100일 초과 | 신선/냉장 고위험 카테고리,3.2,14.5,0.0,SAFE,"재고 여유 — 현재고(375), 재주문점(14)",0.0,188.5,50.1,72793.0,97.2,OVER,과잉 발주 위험 — 현재(372개) > EOQ(188개). 발주 주기 50일 권장,97.2,26.1,3.73,5.28,2.18,STABLE,100.6,0.0,WMA,0.0,28.5,10.0,0.0,6.0,7.5,5.0,POOR,낮은 매칭,0.988,49.7,STABLE,19.7,LOW,43.3,MEDIUM,36.8,53.2,90.7,0.3,30.0,42528.0,85.1,0.385,0.385,88.5,True,5.0,495,23.0,485,100.0,0.999,4.9,52.6,50.0,REALLOCATE,85.7,2,99.8,64.3,50.1,disposal_risk,49.6,모니터링,350,HEURISTIC 29% | ABC 14% | TURNOVER 14% | DISPOSAL_RISK 14% | SAFETY_STOCK 8% | EOQ 7% | DEMAND_FORECAST 7% | MATCH 5%,"['⏰ 유통기한 임박 (91%)', '❄️ 냉장·냉동 과잉 (80%)', '💸 배송비 상승 (100%)', '⚡ 복합 스트레스 (60%)']","{'재고위험': '24.9%', '판매가능성': '13.1%', '점포이동적합': '14.0%', '비용절감': '18.3%', '폐기회피이익': '13.7%', '실행가능성': '12.8%', '이력보정': '3.3%'}",True,True,False,True,False,True,40.6,32.6,47.7,61.9,63.1,78.2,47.7,51.0,0.0,30.0,검토,보류,⏸️,366,HIGH,신뢰도 높음 ●,#2e7d32,,,30.0,검토,보류,5,0,False,False,,50.0,25899.0,0.0,25899.0,27.11,0.0,27.11,54.0,0.0,375.0,36.0,할인,할인,62.33,일치,57.167,62.33,28.596,16.239
냉동만두111,상암점,압구정점,36.0,프로모션 추천,13070.0,프로모션 순비용이 재배치 비용보다 낮습니다.,24.143826677107807,14.655172413793101,12,8,58.8,검토 가능,13070.0,36.0,109,False,Greedy 선택 후보보다 우선순위가 낮음,2.94,1287,346,14,냉동식품,289,88.0,21.0,113256.0,B,0.9116495803212774,2,60.0,118.0,3.05,DEAD,34.4,True,36.0,LOW,소진일수 118일 초과 | 신선/냉장 고위험 카테고리,2.5,11.3,0.0,SAFE,"재고 여유 — 현재고(346), 재주문점(11)",0.0,166.7,56.7,64368.0,100.0,OVER,과잉 발주 위험 — 현재(344개) > EOQ(167개). 발주 주기 57일 권장,100.0,20.8,2.97,4.18,1.76,STABLE,116.4,0.0,WMA,0.0,28.5,10.0,0.0,6.0,7.5,5.0,POOR,낮은 매칭,1.02,50.5,STABLE,22.9,LOW,43.3,MEDIUM,36.8,53.2,90.7,0.3,30.0,42528.0,85.1,0.385,0.385,88.5,True,5.0,495,23.8,470,100.0,0.999,4.9,52.6,50.0,REALLOCATE,85.6,2,99.8,64.3,51.2,disposal_risk,48.1,모니터링,392,HEURISTIC 29% | ABC 14% | TURNOVER 14% | DISPOSAL_RISK 14% | SAFETY_STOCK 8% | EOQ 7% | DEMAND_FORECAST 7% | MATCH 5%,"['⏰ 유통기한 임박 (91%)', '❄️ 냉장·냉동 과잉 (80%)', '💸 배송비 상승 (100%)', '⚡ 복합 스트레스 (60%)']","{'재고위험': '24.9%', '판매가능성': '13.1%', '점포이동적합': '14.0%', '비용절감': '18.3%', '폐기회피이익': '13.7%', '실행가능성': '12.8%', '이력보정': '3.3%'}",True,True,False,True,False,True,37.8,32.8,47.8,62.3,63.1,78.2,47.7,50.4,0.0,25.1,검토,보류,⏸️,392,HIGH,신뢰도 높음 ●,#2e7d32,,,25.1,검토,보류,1,0,False,False,,50.0,27402.0,0.0,27402.0,28.78,0.0,28.78,58.0,0.0,346.0,36.0,할인,할인,63.456,일치,54.17,63.456,28.718,16.208
아이스라떼021,역삼점,문래2점,31.0,프로모션 추천,11618.0,프로모션 순비용이 재배치 비용보다 낮습니다.,26.03889323936309,12.5,12,8,58.5,검토 가능,11618.0,31.0,110,False,Greedy 선택 후보보다 우선순위가 낮음,8.19,1326,361,3,유제품,327,246.0,57.0,326196.0,A,0.4654709961716218,1,100.0,44.0,8.18,NORMAL,75.6,False,53.0,MEDIUM,유통기한 임박 | 신선/냉장 고위험 카테고리,7.0,31.6,0.0,SAFE,"재고 여유 — 현재고(361), 재주문점(32)",0.0,253.8,31.0,117786.0,39.5,OPTIMAL,"적정 발주 — EOQ(254개), 권장 발주 주기 31일",39.5,57.1,8.16,11.54,4.78,STABLE,44.3,2.1,WMA,2.1,36.2,10.0,3.7,10.0,7.5,5.0,POOR,낮은 매칭 · 핵심(A)상품,0.994,49.9,STABLE,8.7,LOW,69.6,MEDIUM,28.3,51.7,85.1,0.3,30.0,37709.0,75.4,0.385,0.385,88.5,True,23.9,53,28.8,373,100.0,0.999,4.9,49.4,50.0,REALLOCATE,85.5,2,99.8,59.4,26.4,turnover,65.6,검토 필요,48,HEURISTIC 29% | ABC 14% | TURNOVER 14% | DISPOSAL_RISK 14% | SAFETY_STOCK 8% | EOQ 7% | DEMAND_FORECAST 7% | MATCH 5%,"['⏰ 유통기한 임박 (91%)', '❄️ 냉장·냉동 과잉 (80%)', '💸 배송비 상승 (100%)', '⚡ 복합 스트레스 (60%)']","{'재고위험': '24.9%', '판매가능성': '13.1%', '점포이동적합': '14.0%', '비용절감': '18.3%', '폐기회피이익': '13.7%', '실행가능성': '12.8%', '이력보정': '3.3%'}",True,True,False,True,False,True,62.4,33.7,52.0,53.1,57.2,74.0,58.1,54.2,0.0,62.0,검토,보류,⏸️,194,HIGH,신뢰도 높음 ●,#2e7d32,,,62.0,검토,보류,1,4,False,False,,50.0,16692.0,0.0,16692.0,16.88,0.0,16.88,34.0,0.0,361.0,31.0,할인,재고 이동,68.096,다름,68.096,54.556,26.437,17.587
아이스라떼021,상암점,문래2점,31.0,프로모션 추천,11618.0,프로모션 순비용이 재배치 비용보다 낮습니다.,26.03889323936309,12.5,12,8,58.5,검토 가능,11618.0,31.0,111,False,Greedy 선택 후보보다 우선순위가 낮음,4.3,1326,258,3,유제품,240,129.0,30.0,171054.0,A,0.4654709961716218,1,100.0,60.0,6.0,NORMAL,66.7,False,61.0,HIGH,유통기한 임박 | 신선/냉장 고위험 카테고리,3.7,16.6,0.0,SAFE,"재고 여유 — 현재고(258), 재주문점(17)",0.0,183.9,42.8,85347.0,38.3,OPTIMAL,"적정 발주 — EOQ(184개), 권장 발주 주기 43일",38.3,30.0,4.29,6.06,2.51,STABLE,60.2,0.0,WMA,0.0,40.9,10.0,8.4,10.0,7.5,5.0,FAIR,보통 매칭 · 폐기위험 높음 · 핵심(A)상품,0.997,49.9,STABLE,11.7,LOW,69.6,MEDIUM,28.3,51.7,85.1,0.3,30.0,37709.0,75.4,0.385,0.385,88.5,True,10.8,413,33.4,290,100.0,0.999,4.9,49.4,50.0,REALLOCATE,85.3,2,99.8,59.4,27.1,disposal_risk,65.8,검토 필요,46,HEURISTIC 29% | ABC 14% | TURNOVER 14% | DISPOSAL_RISK 14% | SAFETY_STOCK 8% | EOQ 7% | DEMAND_FORECAST 7% | MATCH 5%,"['⏰ 유통기한 임박 (91%)', '❄️ 냉장·냉동 과잉 (80%)', '💸 배송비 상승 (100%)', '⚡ 복합 스트레스 (60%)']","{'재고위험': '24.9%', '판매가능성': '13.1%', '점포이동적합': '14.0%', '비용절감': '18.3%', '폐기회피이익': '13.7%', '실행가능성': '12.8%', '이력보정': '3.3%'}",True,True,False,True,False,True,63.6,32.7,55.0,52.9,57.2,74.0,50.8,54.8,0.0,70.4,권장,할인 판매,🏷️,149,HIGH,신뢰도 높음 ●,#2e7d32,,,70.4,권장,할인 판매,1,4,False,False,,50.0,19869.0,0.0,19869.0,20.41,0.0,20.41,41.0,0.0,258.0,31.0,할인,재고 이동,61.369,다름,61.369,56.3,26.517,18.243
아이스라떼021,합정2점,문래2점,31.0,프로모션 추천,11618.0,프로모션 순비용이 재배치 비용보다 낮습니다.,26.03889323936309,12.5,12,8,58.5,검토 가능,11618.0,31.0,112,False,Greedy 선택 후보보다 우선순위가 낮음,6.28,1326,321,1,유제품,313,188.0,44.0,249288.0,A,0.4654709961716218,1,100.0,51.2,7.03,NORMAL,71.6,False,56.6,MEDIUM,유통기한 임박 | 신선/냉장 고위험 카테고리,5.4,24.2,0.0,SAFE,"재고 여유 — 현재고(321), 재주문점(24)",0.0,222.2,35.4,103141.0,42.0,OPTIMAL,"적정 발주 — EOQ(222개), 권장 발주 주기 35일",42.0,44.0,6.29,8.88,3.7,STABLE,51.1,1.2,WMA,1.2,36.2,10.0,3.66,10.0,7.5,5.0,POOR,낮은 매칭 · 핵심(A)상품,1.001,50.0,STABLE,9.9,LOW,76.6,HIGH,28.3,51.7,85.1,0.3,30.0,37709.0,75.4,0.385,0.385,88.5,True,16.0,85,30.4,337,100.0,0.999,4.9,49.4,50.0,REALLOCATE,85.2,1,100.0,59.4,26.7,disposal_risk,65.4,검토 필요,50,HEURISTIC 29% | ABC 14% | TURNOVER 14% | DISPOSAL_RISK 14% | SAFETY_STOCK 8% | EOQ 7% | DEMAND_FORECAST 7% | MATCH 5%,"['⏰ 유통기한 임박 (91%)', '❄️ 냉장·냉동 과잉 (80%)', '💸 배송비 상승 (100%)', '⚡ 복합 스트레스 (60%)']","{'재고위험': '24.9%', '판매가능성': '13.1%', '점포이동적합': '14.0%', '비용절감': '18.3%', '폐기회피이익': '13.7%', '실행가능성': '12.8%', '이력보정': '3.3%'}",True,True,False,True,False,True,62.9,33.3,52.3,53.5,57.2,74.0,53.8,54.4,0.0,64.8,검토,보류,⏸️,179,HIGH,신뢰도 높음 ●,#2e7d32,,,64.8,검토,보류,0,4,False,False,,50.0,32964.0,0.0,32964.0,34.96,0.0,34.96,70.0,0.0,321.0,31.0,할인,할인,65.023,일치,51.016,65.023,28.388,19.846
라면055,종로2점,건대점,23.0,프로모션 추천,9082.0,프로모션 순비용이 재배치 비용보다 낮습니다.,29.34873401200731,9.051724137931034,12,8,58.4,검토 가능,9082.0,23.0,113,False,Greedy 선택 후보보다 우선순위가 낮음,5.01,1393,365,5,간편식,330,150.0,35.0,208950.0,A,0.6891881063563887,1,100.0,73.0,4.93,SLOW,59.4,True,56.5,MEDIUM,유통기한 임박 | 소진일수 73일 초과,4.3,19.3,0.0,SAFE,"재고 여유 — 현재고(365), 재주문점(19)",0.0,244.3,48.8,74860.0,47.6,OPTIMAL,"적정 발주 — EOQ(244개), 권장 발주 주기 49일",47.6,35.0,5.0,7.07,2.93,STABLE,73.0,0.0,WMA,0.0,36.1,10.0,3.6,10.0,7.5,5.0,POOR,낮은 매칭 · 핵심(A)상품,0.998,50.0,STABLE,14.2,LOW,62.6,MEDIUM,32.8,46.6,67.1,0.3,30.0,29365.0,58.7,0.385,0.385,88.5,False,9.5,439,31.3,315,100.0,0.999,4.9,35.9,50.0,REALLOCATE,85.1,2,99.8,51.0,28.5,disposal_risk,62.7,검토 필요,87,HEURISTIC 29% | ABC 14% | TURNOVER 14% | DISPOSAL_RISK 14% | SAFETY_STOCK 8% | EOQ 7% | DEMAND_FORECAST 7% | MATCH 5%,"['⏰ 유통기한 임박 (91%)', '❄️ 냉장·냉동 과잉 (80%)', '💸 배송비 상승 (100%)', '⚡ 복합 스트레스 (60%)']","{'재고위험': '24.9%', '판매가능성': '13.1%', '점포이동적합': '14.0%', '비용절감': '18.3%', '폐기회피이익': '13.7%', '실행가능성': '12.8%', '이력보정': '3.3%'}",True,True,False,True,False,True,59.7,32.7,51.1,54.3,47.2,60.3,50.1,50.4,0.0,24.6,검토,보류,⏸️,395,HIGH,신뢰도 높음 ●,#2e7d32,,,24.6,검토,보류,7,3,False,False,,50.0,14280.0,0.0,14280.0,14.2,0.0,14.2,28.0,0.0,365.0,23.0,할인,재고 이동,68.883,다름,68.883,54.868,26.392,16.733
라면055,구로2점,건대점,23.0,프로모션 추천,9082.0,프로모션 순비용이 재배치 비용보다 낮습니다.,29.34873401200731,9.051724137931034,12,8,58.4,검토 가능,9082.0,23.0,114,False,Greedy 선택 후보보다 우선순위가 낮음,1.84,1393,331,7,간편식,313,55.0,13.0,76615.0,A,0.6891881063563887,1,100.0,180.5,1.99,DEAD,0.0,True,65.0,HIGH,유통기한 임박 | 소진일수 180일 초과,1.6,7.1,0.0,SAFE,"재고 여유 — 현재고(331), 재주문점(7)",0.0,148.0,80.4,45367.0,100.0,OVER,과잉 발주 위험 — 현재(329개) > EOQ(148개). 발주 주기 80일 권장,100.0,13.0,1.86,2.62,1.1,STABLE,178.2,0.0,WMA,0.0,40.9,10.0,8.4,10.0,7.5,5.0,FAIR,보통 매칭 · 폐기위험 높음 · 핵심(A)상품,1.009,50.2,STABLE,35.0,LOW,55.6,MEDIUM,32.8,46.6,67.1,0.3,30.0,29365.0,58.7,0.385,0.385,88.5,False,11.6,380,40.8,145,100.0,0.999,4.9,35.9,50.0,REALLOCATE,84.9,2,99.8,51.0,21.1,disposal_risk,60.0,검토 필요,120,HEURISTIC 29% | ABC 14% | TURNOVER 14% | DISPOSAL_RISK 14% | SAFETY_STOCK 8% | EOQ 7% | DEMAND_FORECAST 7% | MATCH 5%,"['⏰ 유통기한 임박 (91%)', '❄️ 냉장·냉동 과잉 (80%)', '💸 배송비 상승 (100%)', '⚡ 복합 스트레스 (60%)']","{'재고위험': '24.9%', '판매가능성': '13.1%', '점포이동적합': '14.0%', '비용절감': '18.3%', '폐기회피이익': '13.7%', '실행가능성': '12.8%', '이력보정': '3.3%'}",True,True,False,True,False,True,47.8,32.8,55.2,62.1,47.2,60.3,51.3,49.4,0.0,21.4,검토,할인 판매,🏷️,412,HIGH,신뢰도 높음 ●,#2e7d32,,,21.4,검토,할인 판매,1,3,False,False,,50.0,18249.0,0.0,18249.0,18.61,0.0,18.61,37.0,0.0,331.0,23.0,할인,재고 이동,64.802,다름,64.802,62.502,28.917,15.227
라면055,교대2점,건대점,23.0,프로모션 추천,9082.0,프로모션 순비용이 재배치 비용보다 낮습니다.,29.34873401200731,9.051724137931034,12,8,58.4,검토 가능,9082.0,23.0,115,False,Greedy 선택 후보보다 우선순위가 낮음,3.49,1393,272,2,간편식,263,105.0,24.0,146265.0,A,0.6891881063563887,1,100.0,77.7,4.63,SLOW,56.8,True,66.9,HIGH,유통기한 임박 | 소진일수 78일 초과,3.0,13.5,0.0,SAFE,"재고 여유 — 현재고(272), 재주문점(14)",0.0,203.9,58.4,62481.0,31.9,OPTIMAL,"적정 발주 — EOQ(204개), 권장 발주 주기 58일",31.9,24.2,3.46,4.9,2.02,STABLE,78.7,0.0,WMA,0.0,40.9,10.0,8.4,10.0,7.5,5.0,FAIR,보통 매칭 · 폐기위험 높음 · 핵심(A)상품,0.982,49.6,STABLE,15.6,LOW,73.1,HIGH,32.8,46.6,67.1,0.3,30.0,29365.0,58.7,0.385,0.385,88.5,False,11.9,351,36.8,233,100.0,0.999,4.9,35.9,50.0,REALLOCATE,84.8,2,99.8,51.0,27.5,disposal_risk,65.1,검토 필요,53,HEURISTIC 29% | ABC 14% | TURNOVER 14% | DISPOSAL_RISK 14% | SAFETY_STOCK 8% | EOQ 7% | DEMAND_FORECAST 7% | MATCH 5%,"['⏰ 유통기한 임박 (91%)', '❄️ 냉장·냉동 과잉 (80%)', '💸 배송비 상승 (100%)', '⚡ 복합 스트레스 (60%)']","{'재고위험': '24.9%', '판매가능성': '13.1%', '점포이동적합': '14.0%', '비용절감': '18.3%', '폐기회피이익': '13.7%', '실행가능성': '12.8%', '이력보정': '3.3%'}",True,True,False,True,False,True,63.7,32.6,54.4,51.9,47.2,60.3,51.5,51.4,0.0,32.8,검토,할인 판매,🏷️,351,HIGH,신뢰도 높음 ●,#2e7d32,,,32.8,검토,할인 판매,4,3,False,False,,50.0,25242.0,0.0,25242.0,26.38,0.0,26.38,53.0,0.0,272.0,23.0,할인,할인,61.944,일치,53.623,61.944,27.483,19.167
마카롱015,신림점,문래2점,41.0,재배치 추천,13542.0,프로모션 순비용이 재배치 비용보다 높습니다.,23.527799530148783,16.810344827586206,18,0,58.3,검토 가능,13542.0,41.0,116,False,Greedy 선택 후보보다 우선순위가 낮음,5.77,2785,340,3,디저트,316,173.0,40.0,481805.0,A,0.3993310944514818,1,100.0,59.0,6.11,NORMAL,67.2,False,52.5,MEDIUM,유통기한 임박,4.9,22.2,0.0,SAFE,"재고 여유 — 현재고(340), 재주문점(22)",0.0,173.9,30.1,121092.0,92.7,OVER,과잉 발주 위험 — 현재(335개) > EOQ(174개). 발주 주기 30일 권장,92.7,40.2,5.74,8.12,3.36,STABLE,59.2,0.1,WMA,0.1,36.1,10.0,3.6,10.0,7.5,5.0,POOR,낮은 매칭 · 핵심(A)상품,0.99,49.8,STABLE,11.7,LOW,69.6,MEDIUM,21.4,51.7,85.1,0.3,30.0,123480.0,100.0,0.385,0.385,88.5,False,8.9,462,29.1,369,100.0,0.999,4.9,49.4,50.0,REALLOCATE,84.7,2,99.8,71.7,27.6,disposal_risk,66.1,검토 필요,41,HEURISTIC 29% | ABC 14% | TURNOVER 14% | DISPOSAL_RISK 14% | SAFETY_STOCK 8% | EOQ 7% | DEMAND_FORECAST 7% | MATCH 5%,"['⏰ 유통기한 임박 (91%)', '❄️ 냉장·냉동 과잉 (80%)', '💸 배송비 상승 (100%)', '⚡ 복합 스트레스 (60%)']","{'재고위험': '24.9%', '판매가능성': '13.1%', '점포이동적합': '14.0%', '비용절감': '18.3%', '폐기회피이익': '13.7%', '실행가능성': '12.8%', '이력보정': '3.3%'}",True,True,False,True,False,True,60.0,32.7,52.0,61.0,72.0,74.0,49.8,56.9,0.0,90.9,최적,보류,⏸️,39,HIGH,신뢰도 높음 ●,#2e7d32,,,90.9,최적,보류,1,4,False,False,,50.0,13542.0,0.0,13542.0,13.38,0.0,13.38,27.0,0.0,340.0,41.0,재고 이동,재고 이동,76.32,일치,76.32,53.052,27.315,16.079
라면055,교대2점,문래2점,25.0,프로모션 추천,9871.0,프로모션 순비용이 재배치 비용보다 낮습니다.,28.318976768467763,9.913793103448276,12,8,58.2,검토 가능,9871.0,25.0,117,False,Greedy 선택 후보보다 우선순위가 낮음,3.49,1393,272,2,간편식,263,105.0,24.0,146265.0,A,0.6891881063563887,1,100.0,77.7,4.63,SLOW,56.8,True,66.9,HIGH,유통기한 임박 | 소진일수 78일 초과,3.0,13.5,0.0,SAFE,"재고 여유 — 현재고(272), 재주문점(14)",0.0,203.9,58.4,62481.0,31.9,OPTIMAL,"적정 발주 — EOQ(204개), 권장 발주 주기 58일",31.9,24.2,3.46,4.9,2.02,STABLE,78.7,0.0,WMA,0.0,40.9,10.0,8.4,10.0,7.5,5.0,FAIR,보통 매칭 · 폐기위험 높음 · 핵심(A)상품,0.982,49.6,STABLE,15.6,LOW,73.1,HIGH,29.2,51.7,85.1,0.3,30.0,31919.0,63.8,0.385,0.385,88.5,False,12.0,342,36.8,233,100.0,0.999,4.9,49.4,50.0,REALLOCATE,84.5,2,99.8,53.5,27.5,disposal_risk,64.9,검토 필요,56,HEURISTIC 29% | ABC 14% | TURNOVER 14% | DISPOSAL_RISK 14% | SAFETY_STOCK 8% | EOQ 7% | DEMAND_FORECAST 7% | MATCH 5%,"['⏰ 유통기한 임박 (91%)', '❄️ 냉장·냉동 과잉 (80%)', '💸 배송비 상승 (100%)', '⚡ 복합 스트레스 (60%)']","{'재고위험': '24.9%', '판매가능성': '13.1%', '점포이동적합': '14.0%', '비용절감': '18.3%', '폐기회피이익': '13.7%', '실행가능성': '12.8%', '이력보정': '3.3%'}",True,True,False,True,False,True,63.7,32.6,55.7,51.8,50.3,74.0,51.5,53.7,0.0,57.6,검토,할인 판매,🏷️,218,HIGH,신뢰도 높음 ●,#2e7d32,,,57.6,검토,할인 판매,4,4,True,False,,50.0,19185.0,0.0,19185.0,19.65,0.0,19.65,39.0,0.0,272.0,25.0,할인,재고 이동,60.725,다름,60.725,57.792,26.716,18.057
라면055,종로2점,문래2점,25.0,프로모션 추천,9871.0,프로모션 순비용이 재배치 비용보다 낮습니다.,28.318976768467763,9.913793103448276,12,8,58.2,검토 가능,9871.0,25.0,118,False,Greedy 선택 후보보다 우선순위가 낮음,5.01,1393,365,5,간편식,330,150.0,35.0,208950.0,A,0.6891881063563887,1,100.0,73.0,4.93,SLOW,59.4,True,56.5,MEDIUM,유통기한 임박 | 소진일수 73일 초과,4.3,19.3,0.0,SAFE,"재고 여유 — 현재고(365), 재주문점(19)",0.0,244.3,48.8,74860.0,47.6,OPTIMAL,"적정 발주 — EOQ(244개), 권장 발주 주기 49일",47.6,35.0,5.0,7.07,2.93,STABLE,73.0,0.0,WMA,0.0,36.1,10.0,3.6,10.0,7.5,5.0,POOR,낮은 매칭 · 핵심(A)상품,0.998,50.0,STABLE,14.2,LOW,62.6,MEDIUM,29.2,51.7,85.1,0.3,30.0,31919.0,63.8,0.385,0.385,88.5,False,9.6,437,31.3,315,100.0,0.999,4.9,49.4,50.0,REALLOCATE,84.4,2,99.8,53.5,28.5,disposal_risk,62.5,검토 필요,93,HEURISTIC 29% | ABC 14% | TURNOVER 14% | DISPOSAL_RISK 14% | SAFETY_STOCK 8% | EOQ 7% | DEMAND_FORECAST 7% | MATCH 5%,"['⏰ 유통기한 임박 (91%)', '❄️ 냉장·냉동 과잉 (80%)', '💸 배송비 상승 (100%)', '⚡ 복합 스트레스 (60%)']","{'재고위험': '24.9%', '판매가능성': '13.1%', '점포이동적합': '14.0%', '비용절감': '18.3%', '폐기회피이익': '13.7%', '실행가능성': '12.8%', '이력보정': '3.3%'}",True,True,False,True,False,True,59.7,32.7,52.4,54.2,50.3,74.0,50.2,52.7,0.0,48.8,검토,보류,⏸️,265,HIGH,신뢰도 높음 ●,#2e7d32,,,48.8,검토,보류,7,4,False,False,,50.0,30939.0,0.0,30939.0,32.71,0.0,32.71,65.0,0.0,365.0,25.0,할인,할인,65.458,일치,52.357,65.458,28.542,19.211
라면055,구로2점,문래2점,25.0,프로모션 추천,9871.0,프로모션 순비용이 재배치 비용보다 낮습니다.,28.318976768467763,9.913793103448276,12,8,58.2,검토 가능,9871.0,25.0,119,False,Greedy 선택 후보보다 우선순위가 낮음,1.84,1393,331,7,간편식,313,55.0,13.0,76615.0,A,0.6891881063563887,1,100.0,180.5,1.99,DEAD,0.0,True,65.0,HIGH,유통기한 임박 | 소진일수 180일 초과,1.6,7.1,0.0,SAFE,"재고 여유 — 현재고(331), 재주문점(7)",0.0,148.0,80.4,45367.0,100.0,OVER,과잉 발주 위험 — 현재(329개) > EOQ(148개). 발주 주기 80일 권장,100.0,13.0,1.86,2.62,1.1,STABLE,178.2,0.0,WMA,0.0,40.9,10.0,8.4,10.0,7.5,5.0,FAIR,보통 매칭 · 폐기위험 높음 · 핵심(A)상품,1.009,50.2,STABLE,35.0,LOW,55.6,MEDIUM,29.2,51.7,85.1,0.3,30.0,31919.0,63.8,0.385,0.385,88.5,False,11.6,380,40.8,145,100.0,0.999,4.9,49.4,50.0,REALLOCATE,84.3,2,99.8,53.5,21.2,disposal_risk,59.9,검토 필요,124,HEURISTIC 29% | ABC 14% | TURNOVER 14% | DISPOSAL_RISK 14% | SAFETY_STOCK 8% | EOQ 7% | DEMAND_FORECAST 7% | MATCH 5%,"['⏰ 유통기한 임박 (91%)', '❄️ 냉장·냉동 과잉 (80%)', '💸 배송비 상승 (100%)', '⚡ 복합 스트레스 (60%)']","{'재고위험': '24.9%', '판매가능성': '13.1%', '점포이동적합': '14.0%', '비용절감': '18.3%', '폐기회피이익': '13.7%', '실행가능성': '12.8%', '이력보정': '3.3%'}",True,True,False,True,False,True,47.8,32.8,56.5,62.0,50.3,74.0,51.3,51.8,0.0,36.3,검토,할인 판매,🏷️,332,HIGH,신뢰도 높음 ●,#2e7d32,,,36.3,검토,할인 판매,1,4,False,False,,50.0,31515.0,0.0,31515.0,33.35,0.0,33.35,67.0,0.0,331.0,25.0,할인,할인,70.961,일치,51.366,70.961,30.678,17.307
도시락063,노원점,잠원2점,23.0,프로모션 추천,9337.0,프로모션 순비용이 재배치 비용보다 낮습니다.,29.015922735578176,9.051724137931034,12,8,58.1,검토 가능,9337.0,23.0,120,False,Greedy 선택 후보보다 우선순위가 낮음,7.15,1430,386,3,신선식품,356,214.0,50.0,306020.0,A,0.6192170178364518,1,100.0,54.1,6.65,NORMAL,69.9,False,60.1,HIGH,유통기한 임박 | 신선/냉장 고위험 카테고리,6.1,27.6,0.0,SAFE,"재고 여유 — 현재고(386), 재주문점(28)",0.0,228.3,31.9,114288.0,66.4,OVER,과잉 발주 위험 — 현재(380개) > EOQ(228개). 발주 주기 32일 권장,66.4,50.0,7.14,10.09,4.19,STABLE,54.0,0.8,WMA,0.8,40.9,10.0,8.44,10.0,7.5,5.0,FAIR,보통 매칭 · 폐기위험 높음 · 핵심(A)상품,0.999,50.0,STABLE,10.5,LOW,69.6,MEDIUM,31.8,61.1,64.3,0.3,30.0,30131.0,60.3,0.385,0.385,88.5,True,13.8,181,32.8,297,100.0,0.999,4.9,33.1,50.0,REALLOCATE,84.1,2,99.8,51.8,26.9,disposal_risk,68.3,검토 필요,22,HEURISTIC 29% | ABC 14% | TURNOVER 14% | DISPOSAL_RISK 14% | SAFETY_STOCK 8% | EOQ 7% | DEMAND_FORECAST 7% | MATCH 5%,"['⏰ 유통기한 임박 (91%)', '❄️ 냉장·냉동 과잉 (80%)', '💸 배송비 상승 (100%)', '⚡ 복합 스트레스 (60%)']","{'재고위험': '24.9%', '판매가능성': '13.1%', '점포이동적합': '14.0%', '비용절감': '18.3%', '폐기회피이익': '13.7%', '실행가능성': '12.8%', '이력보정': '3.3%'}",True,True,False,True,False,True,64.1,33.1,53.3,56.9,48.2,63.2,52.5,52.8,0.0,49.9,검토,할인 판매,🏷️,259,HIGH,신뢰도 높음 ●,#2e7d32,,,49.9,검토,할인 판매,1,2,False,False,,50.0,19743.0,0.0,19743.0,20.27,0.0,20.27,41.0,0.0,386.0,23.0,할인,재고 이동,65.309,다름,65.309,58.564,27.667,17.891
도시락063,잠실2점,잠원2점,23.0,프로모션 추천,9337.0,프로모션 순비용이 재배치 비용보다 낮습니다.,29.015922735578176,9.051724137931034,12,8,58.1,검토 가능,9337.0,23.0,121,False,Greedy 선택 후보보다 우선순위가 낮음,6.71,1430,398,0,신선식품,389,201.0,47.0,287430.0,A,0.6192170178364518,1,100.0,59.4,6.06,NORMAL,67.0,False,64.7,HIGH,유통기한 임박 | 신선/냉장 고위험 카테고리,5.8,25.9,0.0,SAFE,"재고 여유 — 현재고(398), 재주문점(26)",0.0,221.2,33.0,110716.0,77.3,OVER,과잉 발주 위험 — 현재(392개) > EOQ(221개). 발주 주기 33일 권장,77.3,47.0,6.71,9.48,3.95,STABLE,59.3,0.1,WMA,0.1,40.9,10.0,8.4,10.0,7.5,5.0,FAIR,보통 매칭 · 폐기위험 높음 · 핵심(A)상품,1.001,50.0,STABLE,11.5,LOW,78.3,HIGH,31.8,61.1,64.3,0.3,30.0,30131.0,60.3,0.385,0.385,88.5,True,11.7,368,34.8,275,100.0,0.999,4.9,33.1,50.0,REALLOCATE,84.0,2,99.8,51.8,26.6,disposal_risk,69.2,검토 필요,14,HEURISTIC 29% | ABC 14% | TURNOVER 14% | DISPOSAL_RISK 14% | SAFETY_STOCK 8% | EOQ 7% | DEMAND_FORECAST 7% | MATCH 5%,"['⏰ 유통기한 임박 (91%)', '❄️ 냉장·냉동 과잉 (80%)', '💸 배송비 상승 (100%)', '⚡ 복합 스트레스 (60%)']","{'재고위험': '24.9%', '판매가능성': '13.1%', '점포이동적합': '14.0%', '비용절감': '18.3%', '폐기회피이익': '13.7%', '실행가능성': '12.8%', '이력보정': '3.3%'}",True,True,False,True,False,True,65.4,32.8,53.7,58.6,48.2,63.2,51.3,53.4,0.0,54.6,검토,할인 판매,🏷️,234,HIGH,신뢰도 높음 ●,#2e7d32,,,54.6,검토,할인 판매,4,2,False,False,,50.0,28275.0,0.0,28275.0,29.75,0.0,29.75,60.0,0.0,398.0,23.0,할인,할인,65.387,일치,57.421,65.387,29.465,19.256
도시락063,건대2점,잠원2점,23.0,프로모션 추천,9337.0,프로모션 순비용이 재배치 비용보다 낮습니다.,29.015922735578176,9.051724137931034,12,8,58.1,검토 가능,9337.0,23.0,122,False,Greedy 선택 후보보다 우선순위가 낮음,2.49,1430,345,5,신선식품,328,75.0,17.0,107250.0,A,0.6192170178364518,1,100.0,138.0,2.61,DEAD,23.3,True,70.0,HIGH,유통기한 임박 | 소진일수 138일 초과 | 신선/냉장 고위험 카테고리,2.1,9.6,0.0,SAFE,"재고 여유 — 현재고(345), 재주문점(10)",0.0,134.8,54.1,67445.0,100.0,OVER,과잉 발주 위험 — 현재(343개) > EOQ(135개). 발주 주기 54일 권장,100.0,17.2,2.46,3.48,1.43,STABLE,140.4,0.0,WMA,0.0,40.9,10.0,8.4,10.0,7.5,5.0,FAIR,보통 매칭 · 폐기위험 높음 · 핵심(A)상품,0.975,49.4,STABLE,27.6,LOW,62.6,MEDIUM,31.8,61.1,64.3,0.3,30.0,30131.0,60.3,0.385,0.385,88.5,True,12.6,283,41.0,138,100.0,0.999,4.9,33.1,50.0,REALLOCATE,83.9,2,99.8,51.8,25.7,disposal_risk,64.9,검토 필요,57,HEURISTIC 29% | ABC 14% | TURNOVER 14% | DISPOSAL_RISK 14% | SAFETY_STOCK 8% | EOQ 7% | DEMAND_FORECAST 7% | MATCH 5%,"['⏰ 유통기한 임박 (91%)', '❄️ 냉장·냉동 과잉 (80%)', '💸 배송비 상승 (100%)', '⚡ 복합 스트레스 (60%)']","{'재고위험': '24.9%', '판매가능성': '13.1%', '점포이동적합': '14.0%', '비용절감': '18.3%', '폐기회피이익': '13.7%', '실행가능성': '12.8%', '이력보정': '3.3%'}",True,True,False,True,False,True,56.2,32.5,54.9,62.0,48.2,63.2,51.8,52.0,0.0,38.7,검토,할인 판매,🏷️,319,HIGH,신뢰도 높음 ●,#2e7d32,,,38.7,검토,할인 판매,5,2,False,False,,50.0,29976.0,0.0,29976.0,31.64,0.0,31.64,63.0,0.0,345.0,23.0,할인,할인,69.334,일치,54.086,69.334,30.531,18.036
에너지드링크008,홍대2점,노원점,34.0,프로모션 추천,12936.0,프로모션 순비용이 재배치 비용보다 낮습니다.,24.31871574001566,13.793103448275861,12,8,58.1,검토 가능,12936.0,34.0,123,False,Greedy 선택 후보보다 우선순위가 낮음,4.3,1345,353,4,음료,329,129.0,30.0,173505.0,B,0.897833316964399,2,60.0,82.1,4.39,SLOW,54.4,True,56.0,MEDIUM,유통기한 임박 | 소진일수 82일 초과,3.7,16.6,0.0,SAFE,"재고 여유 — 현재고(353), 재주문점(17)",0.0,254.6,59.2,61642.0,37.2,OPTIMAL,"적정 발주 — EOQ(255개), 권장 발주 주기 59일",37.2,30.0,4.29,6.06,2.51,STABLE,82.4,0.0,WMA,0.0,32.1,10.0,3.6,6.0,7.5,5.0,POOR,낮은 매칭,0.997,49.9,STABLE,16.0,LOW,66.1,MEDIUM,24.3,51.6,91.3,0.3,30.0,41940.0,83.9,0.385,0.385,88.5,False,9.2,456,30.7,326,100.0,0.999,4.9,52.9,50.0,REALLOCATE,83.7,2,99.8,63.6,45.8,disposal_risk,52.4,모니터링,293,HEURISTIC 29% | ABC 14% | TURNOVER 14% | DISPOSAL_RISK 14% | SAFETY_STOCK 8% | EOQ 7% | DEMAND_FORECAST 7% | MATCH 5%,"['⏰ 유통기한 임박 (91%)', '❄️ 냉장·냉동 과잉 (80%)', '💸 배송비 상승 (100%)', '⚡ 복합 스트레스 (60%)']","{'재고위험': '24.9%', '판매가능성': '13.1%', '점포이동적합': '14.0%', '비용절감': '18.3%', '폐기회피이익': '13.7%', '실행가능성': '12.8%', '이력보정': '3.3%'}",True,True,False,True,False,True,52.1,32.7,50.9,52.5,62.3,78.1,50.0,52.5,0.0,45.6,검토,보류,⏸️,282,HIGH,신뢰도 높음 ●,#2e7d32,,,45.6,검토,보류,3,1,False,False,,50.0,21552.0,0.0,21552.0,22.28,0.0,22.28,45.0,0.0,353.0,34.0,할인,할인,61.441,일치,58.968,61.441,27.963,16.963
에너지드링크008,왕십리점,노원점,34.0,프로모션 추천,12936.0,프로모션 순비용이 재배치 비용보다 낮습니다.,24.31871574001566,13.793103448275861,12,8,58.1,검토 가능,12936.0,34.0,124,False,Greedy 선택 후보보다 우선순위가 낮음,4.8,1345,271,0,음료,265,144.0,34.0,193680.0,B,0.897833316964399,2,60.0,56.5,6.38,NORMAL,68.6,False,53.2,MEDIUM,유통기한 임박,4.1,18.5,0.0,SAFE,"재고 여유 — 현재고(271), 재주문점(18)",0.0,269.0,56.0,65128.0,0.6,OPTIMAL,"적정 발주 — EOQ(269개), 권장 발주 주기 56일",0.6,33.8,4.83,6.81,2.85,STABLE,56.1,0.5,WMA,0.5,32.1,10.0,3.62,6.0,7.5,5.0,POOR,낮은 매칭,1.012,50.3,STABLE,11.0,LOW,78.3,HIGH,24.3,51.6,91.3,0.3,30.0,41940.0,83.9,0.385,0.385,88.5,False,10.3,425,28.4,386,100.0,0.999,4.9,52.9,50.0,REALLOCATE,83.6,2,99.8,63.6,42.6,disposal_risk,51.8,모니터링,313,HEURISTIC 29% | ABC 14% | TURNOVER 14% | DISPOSAL_RISK 14% | SAFETY_STOCK 8% | EOQ 7% | DEMAND_FORECAST 7% | MATCH 5%,"['⏰ 유통기한 임박 (91%)', '❄️ 냉장·냉동 과잉 (80%)', '💸 배송비 상승 (100%)', '⚡ 복합 스트레스 (60%)']","{'재고위험': '24.9%', '판매가능성': '13.1%', '점포이동적합': '14.0%', '비용절감': '18.3%', '폐기회피이익': '13.7%', '실행가능성': '12.8%', '이력보정': '3.3%'}",True,True,False,True,False,True,54.6,33.0,50.4,47.0,62.3,78.1,50.6,52.1,0.0,40.0,검토,보류,⏸️,312,HIGH,신뢰도 높음 ●,#2e7d32,,,40.0,검토,보류,0,1,False,False,,50.0,31515.0,0.0,31515.0,33.35,0.0,33.35,67.0,0.0,271.0,34.0,할인,할인,64.409,일치,45.646,64.409,27.263,18.869
라면023,구로2점,합정점,49.0,재배치 추천,16404.0,프로모션 순비용이 재배치 비용보다 높습니다.,19.792482380579482,20.25862068965517,18,0,58.1,검토 가능,16404.0,49.0,125,False,Greedy 선택 후보보다 우선순위가 낮음,1.92,1516,364,3,간편식,356,58.0,13.0,87928.0,C,0.9802414294306119,3,20.0,188.3,1.91,DEAD,0.0,True,73.0,HIGH,유통기한 임박 | 소진일수 188일 초과,1.6,7.4,0.0,SAFE,"재고 여유 — 현재고(364), 재주문점(7)",0.0,145.0,75.5,48346.0,100.0,OVER,과잉 발주 위험 — 현재(362개) > EOQ(145개). 발주 주기 76일 권장,100.0,13.2,1.89,2.68,1.09,STABLE,193.0,0.0,WMA,0.0,33.9,10.0,8.4,3.0,7.5,5.0,POOR,낮은 매칭 · 폐기위험 높음,0.967,49.2,STABLE,35.8,LOW,69.6,MEDIUM,38.0,59.9,78.8,0.3,30.0,72737.0,100.0,0.385,0.385,88.5,False,12.8,273,42.8,65,100.0,0.999,4.9,45.4,50.0,REALLOCATE,83.5,2,99.8,71.6,40.2,disposal_risk,45.4,모니터링,440,HEURISTIC 29% | ABC 14% | TURNOVER 14% | DISPOSAL_RISK 14% | SAFETY_STOCK 8% | EOQ 7% | DEMAND_FORECAST 7% | MATCH 5%,"['⏰ 유통기한 임박 (91%)', '❄️ 냉장·냉동 과잉 (80%)', '💸 배송비 상승 (100%)', '⚡ 복합 스트레스 (60%)']","{'재고위험': '24.9%', '판매가능성': '13.1%', '점포이동적합': '14.0%', '비용절감': '18.3%', '폐기회피이익': '13.7%', '실행가능성': '12.8%', '이력보정': '3.3%'}",True,True,False,True,False,True,39.4,32.5,53.4,62.0,72.0,72.5,52.0,52.0,0.0,38.9,검토,할인 판매,🏷️,318,HIGH,신뢰도 높음 ●,#2e7d32,,,38.9,검토,할인 판매,1,6,False,False,,50.0,16404.0,0.0,16404.0,16.56,0.0,16.56,33.0,0.0,364.0,49.0,재고 이동,재고 이동,68.79,일치,68.79,68.013,31.707,13.012
냉동만두089,강남점,합정2점,15.0,프로모션 추천,6904.0,프로모션 순비용이 재배치 비용보다 낮습니다.,32.19133385539023,5.603448275862069,12,8,57.8,검토 가능,6904.0,15.0,126,False,Greedy 선택 후보보다 우선순위가 낮음,0.7,1611,263,56,냉동식품,209,21.0,5.0,33831.0,C,0.9715029951148774,3,20.0,375.7,0.96,DEAD,0.0,True,36.0,LOW,소진일수 376일 초과 | 신선/냉장 고위험 카테고리,0.6,2.7,0.0,SAFE,"재고 여유 — 현재고(263), 재주문점(3)",0.0,72.7,103.9,35140.0,100.0,OVER,과잉 발주 위험 — 현재(262개) > EOQ(73개). 발주 주기 104일 권장,100.0,5.0,0.71,1.0,0.43,STABLE,368.2,0.0,WMA,0.0,25.5,10.0,0.0,3.0,7.5,5.0,POOR,낮은 매칭,1.02,50.5,STABLE,35.0,LOW,43.3,MEDIUM,37.1,60.8,84.8,0.3,30.0,22094.0,44.2,0.385,0.385,88.5,True,5.2,493,26.1,436,100.0,0.999,4.9,49.3,50.0,REALLOCATE,83.3,2,99.8,43.7,55.9,disposal_risk,33.4,후순위,487,HEURISTIC 29% | ABC 14% | TURNOVER 14% | DISPOSAL_RISK 14% | SAFETY_STOCK 8% | EOQ 7% | DEMAND_FORECAST 7% | MATCH 5%,"['⏰ 유통기한 임박 (91%)', '❄️ 냉장·냉동 과잉 (80%)', '💸 배송비 상승 (100%)', '⚡ 복합 스트레스 (60%)']","{'재고위험': '24.9%', '판매가능성': '13.1%', '점포이동적합': '14.0%', '비용절감': '18.3%', '폐기회피이익': '13.7%', '실행가능성': '12.8%', '이력보정': '3.3%'}",True,True,False,True,False,True,22.7,32.8,46.6,61.8,38.5,76.8,47.8,42.9,0.0,5.2,검토,보류,⏸️,499,HIGH,신뢰도 높음 ●,#2e7d32,,,5.2,검토,보류,0,0,True,False,,50.0,23667.0,0.0,23667.0,24.63,0.0,24.63,49.0,0.0,263.0,15.0,할인,할인,63.408,일치,44.582,63.408,27.188,14.055
냉동만두089,목동2점,합정2점,15.0,프로모션 추천,6904.0,프로모션 순비용이 재배치 비용보다 낮습니다.,32.19133385539023,5.603448275862069,12,8,57.8,검토 가능,6904.0,15.0,127,False,Greedy 선택 후보보다 우선순위가 낮음,0.67,1611,172,39,냉동식품,136,20.0,5.0,32220.0,C,0.9715029951148774,3,20.0,258.0,1.4,DEAD,0.0,True,36.0,LOW,소진일수 258일 초과 | 신선/냉장 고위험 카테고리,0.6,2.6,0.0,SAFE,"재고 여유 — 현재고(172), 재주문점(3)",0.0,71.1,106.1,34379.0,100.0,OVER,과잉 발주 위험 — 현재(171개) > EOQ(71개). 발주 주기 106일 권장,100.0,4.9,0.7,0.98,0.42,STABLE,245.7,0.0,WMA,0.0,25.5,10.0,0.0,3.0,7.5,5.0,POOR,낮은 매칭,1.066,51.7,STABLE,35.0,LOW,43.3,MEDIUM,37.1,60.8,84.8,0.3,30.0,22094.0,44.2,0.385,0.385,88.5,True,5.2,493,26.1,436,100.0,0.999,4.9,49.3,50.0,REALLOCATE,83.2,2,99.8,43.7,55.9,disposal_risk,33.4,후순위,488,HEURISTIC 29% | ABC 14% | TURNOVER 14% | DISPOSAL_RISK 14% | SAFETY_STOCK 8% | EOQ 7% | DEMAND_FORECAST 7% | MATCH 5%,"['⏰ 유통기한 임박 (91%)', '❄️ 냉장·냉동 과잉 (80%)', '💸 배송비 상승 (100%)', '⚡ 복합 스트레스 (60%)']","{'재고위험': '24.9%', '판매가능성': '13.1%', '점포이동적합': '14.0%', '비용절감': '18.3%', '폐기회피이익': '13.7%', '실행가능성': '12.8%', '이력보정': '3.3%'}",True,True,False,True,False,True,22.7,33.2,46.6,61.8,38.5,76.8,47.8,42.9,0.0,5.4,검토,보류,⏸️,498,HIGH,신뢰도 높음 ●,#2e7d32,,,5.4,검토,보류,4,0,False,False,,50.0,34179.0,0.0,34179.0,36.31,0.0,36.31,73.0,0.0,172.0,15.0,할인,할인,68.049,일치,32.657,68.049,27.402,15.1
도시락063,건대2점,교대2점,26.0,프로모션 추천,10555.0,프로모션 순비용이 재배치 비용보다 낮습니다.,27.426259462281386,10.344827586206897,12,8,57.8,검토 가능,10555.0,26.0,128,False,Greedy 선택 후보보다 우선순위가 낮음,2.49,1430,345,5,신선식품,328,75.0,17.0,107250.0,A,0.6192170178364518,1,100.0,138.0,2.61,DEAD,23.3,True,70.0,HIGH,유통기한 임박 | 소진일수 138일 초과 | 신선/냉장 고위험 카테고리,2.1,9.6,0.0,SAFE,"재고 여유 — 현재고(345), 재주문점(10)",0.0,134.8,54.1,67445.0,100.0,OVER,과잉 발주 위험 — 현재(343개) > EOQ(135개). 발주 주기 54일 권장,100.0,17.2,2.46,3.48,1.43,STABLE,140.4,0.0,WMA,0.0,40.9,10.0,8.4,10.0,7.5,5.0,FAIR,보통 매칭 · 폐기위험 높음 · 핵심(A)상품,0.975,49.4,STABLE,27.6,LOW,62.6,MEDIUM,33.8,48.1,65.5,0.3,30.0,34061.0,68.1,0.385,0.385,88.5,True,12.6,283,41.0,138,100.0,0.999,4.9,34.3,50.0,REALLOCATE,83.1,2,99.8,55.6,25.7,disposal_risk,64.6,검토 필요,60,HEURISTIC 29% | ABC 14% | TURNOVER 14% | DISPOSAL_RISK 14% | SAFETY_STOCK 8% | EOQ 7% | DEMAND_FORECAST 7% | MATCH 5%,"['⏰ 유통기한 임박 (91%)', '❄️ 냉장·냉동 과잉 (80%)', '💸 배송비 상승 (100%)', '⚡ 복합 스트레스 (60%)']","{'재고위험': '24.9%', '판매가능성': '13.1%', '점포이동적합': '14.0%', '비용절감': '18.3%', '폐기회피이익': '13.7%', '실행가능성': '12.8%', '이력보정': '3.3%'}",True,True,False,True,False,True,56.2,32.5,55.0,61.8,52.9,59.7,51.8,52.1,0.0,40.8,검토,할인 판매,🏷️,308,HIGH,신뢰도 높음 ●,#2e7d32,,,40.8,검토,할인 판매,5,4,False,False,,50.0,17889.0,0.0,17889.0,18.21,0.0,18.21,36.0,0.0,345.0,26.0,할인,재고 이동,67.725,다름,67.725,61.203,29.004,15.921
도시락063,잠실2점,교대2점,26.0,프로모션 추천,10555.0,프로모션 순비용이 재배치 비용보다 낮습니다.,27.426259462281386,10.344827586206897,12,8,57.8,검토 가능,10555.0,26.0,129,False,Greedy 선택 후보보다 우선순위가 낮음,6.71,1430,398,0,신선식품,389,201.0,47.0,287430.0,A,0.6192170178364518,1,100.0,59.4,6.06,NORMAL,67.0,False,64.7,HIGH,유통기한 임박 | 신선/냉장 고위험 카테고리,5.8,25.9,0.0,SAFE,"재고 여유 — 현재고(398), 재주문점(26)",0.0,221.2,33.0,110716.0,77.3,OVER,과잉 발주 위험 — 현재(392개) > EOQ(221개). 발주 주기 33일 권장,77.3,47.0,6.71,9.48,3.95,STABLE,59.3,0.1,WMA,0.1,40.9,10.0,8.4,10.0,7.5,5.0,FAIR,보통 매칭 · 폐기위험 높음 · 핵심(A)상품,1.001,50.0,STABLE,11.5,LOW,78.3,HIGH,33.8,48.1,65.5,0.3,30.0,34061.0,68.1,0.385,0.385,88.5,True,11.7,368,34.8,275,100.0,0.999,4.9,34.3,50.0,REALLOCATE,82.9,1,100.0,55.6,26.6,disposal_risk,69.0,검토 필요,15,HEURISTIC 29% | ABC 14% | TURNOVER 14% | DISPOSAL_RISK 14% | SAFETY_STOCK 8% | EOQ 7% | DEMAND_FORECAST 7% | MATCH 5%,"['⏰ 유통기한 임박 (91%)', '❄️ 냉장·냉동 과잉 (80%)', '💸 배송비 상승 (100%)', '⚡ 복합 스트레스 (60%)']","{'재고위험': '24.9%', '판매가능성': '13.1%', '점포이동적합': '14.0%', '비용절감': '18.3%', '폐기회피이익': '13.7%', '실행가능성': '12.8%', '이력보정': '3.3%'}",True,True,False,True,False,True,65.4,32.8,53.8,58.4,52.9,59.7,51.4,53.6,0.0,56.3,검토,할인 판매,🏷️,225,HIGH,신뢰도 높음 ●,#2e7d32,,,56.3,검토,할인 판매,4,4,True,False,,50.0,22317.0,0.0,22317.0,23.13,0.0,23.13,46.0,0.0,398.0,26.0,할인,재고 이동,64.698,다름,64.698,61.174,28.723,18.127
마카롱015,잠원2점,용산2점,44.0,재배치 추천,15000.0,프로모션 순비용이 재배치 비용보다 높습니다.,21.62490211433046,18.103448275862068,18,0,57.7,검토 가능,15000.0,44.0,130,False,Greedy 선택 후보보다 우선순위가 낮음,3.48,2785,325,0,디저트,321,104.0,24.0,289640.0,A,0.3993310944514818,1,100.0,93.8,3.84,DEAD,47.9,True,70.0,HIGH,유통기한 임박 | 소진일수 94일 초과,3.0,13.4,0.0,SAFE,"재고 여유 — 현재고(325), 재주문점(13)",0.0,135.1,38.8,94041.0,100.0,OVER,과잉 발주 위험 — 현재(322개) > EOQ(135개). 발주 주기 39일 권장,100.0,24.1,3.44,4.88,2.01,STABLE,94.4,0.0,WMA,0.0,40.9,10.0,8.4,10.0,7.5,5.0,FAIR,보통 매칭 · 폐기위험 높음 · 핵심(A)상품,0.985,49.6,STABLE,18.5,LOW,78.3,HIGH,40.9,46.9,72.2,0.3,30.0,132048.0,100.0,0.385,0.385,88.5,False,12.6,283,38.7,190,100.0,0.999,4.9,40.4,50.0,REALLOCATE,82.8,2,99.8,71.5,27.5,disposal_risk,68.6,검토 필요,21,HEURISTIC 29% | ABC 14% | TURNOVER 14% | DISPOSAL_RISK 14% | SAFETY_STOCK 8% | EOQ 7% | DEMAND_FORECAST 7% | MATCH 5%,"['⏰ 유통기한 임박 (91%)', '❄️ 냉장·냉동 과잉 (80%)', '💸 배송비 상승 (100%)', '⚡ 복합 스트레스 (60%)']","{'재고위험': '24.9%', '판매가능성': '13.1%', '점포이동적합': '14.0%', '비용절감': '18.3%', '폐기회피이익': '13.7%', '실행가능성': '12.8%', '이력보정': '3.3%'}",True,True,False,True,False,True,62.7,32.6,55.2,61.7,72.0,63.8,51.8,56.9,0.0,90.7,최적,할인 판매,🏷️,40,HIGH,신뢰도 높음 ●,#2e7d32,,,90.7,최적,할인 판매,2,5,False,False,,50.0,15000.0,0.0,15000.0,15.0,0.0,15.0,30.0,0.0,325.0,44.0,재고 이동,재고 이동,76.118,일치,76.118,57.612,29.035,15.992
도시락063,건대2점,노원점,28.0,프로모션 추천,11367.0,프로모션 순비용이 재배치 비용보다 낮습니다.,26.366483946750193,11.206896551724139,12,8,57.6,검토 가능,11367.0,28.0,131,False,Greedy 선택 후보보다 우선순위가 낮음,2.49,1430,345,5,신선식품,328,75.0,17.0,107250.0,A,0.6192170178364518,1,100.0,138.0,2.61,DEAD,23.3,True,70.0,HIGH,유통기한 임박 | 소진일수 138일 초과 | 신선/냉장 고위험 카테고리,2.1,9.6,0.0,SAFE,"재고 여유 — 현재고(345), 재주문점(10)",0.0,134.8,54.1,67445.0,100.0,OVER,과잉 발주 위험 — 현재(343개) > EOQ(135개). 발주 주기 54일 권장,100.0,17.2,2.46,3.48,1.43,STABLE,140.4,0.0,WMA,0.0,40.9,10.0,8.4,10.0,7.5,5.0,FAIR,보통 매칭 · 폐기위험 높음 · 핵심(A)상품,0.975,49.4,STABLE,27.6,LOW,62.6,MEDIUM,40.5,51.6,91.3,0.3,30.0,36681.0,73.4,0.385,0.385,88.5,True,12.6,283,41.0,138,100.0,0.999,4.9,52.9,50.0,REALLOCATE,82.7,2,99.8,58.2,25.8,disposal_risk,64.4,검토 필요,64,HEURISTIC 29% | ABC 14% | TURNOVER 14% | DISPOSAL_RISK 14% | SAFETY_STOCK 8% | EOQ 7% | DEMAND_FORECAST 7% | MATCH 5%,"['⏰ 유통기한 임박 (91%)', '❄️ 냉장·냉동 과잉 (80%)', '💸 배송비 상승 (100%)', '⚡ 복합 스트레스 (60%)']","{'재고위험': '24.9%', '판매가능성': '13.1%', '점포이동적합': '14.0%', '비용절감': '18.3%', '폐기회피이익': '13.7%', '실행가능성': '12.8%', '이력보정': '3.3%'}",True,True,False,True,False,True,56.2,32.5,56.9,61.7,56.0,78.1,51.8,55.2,0.0,75.3,권장,할인 판매,🏷️,123,HIGH,신뢰도 높음 ●,#2e7d32,,,75.3,권장,할인 판매,5,1,False,False,,50.0,16557.0,0.0,16557.0,16.73,0.0,16.73,33.0,0.0,345.0,28.0,할인,재고 이동,69.651,다름,69.651,60.148,28.868,15.637
도시락063,잠실2점,노원점,28.0,프로모션 추천,11367.0,프로모션 순비용이 재배치 비용보다 낮습니다.,26.366483946750193,11.206896551724139,12,8,57.6,검토 가능,11367.0,28.0,132,False,Greedy 선택 후보보다 우선순위가 낮음,6.71,1430,398,0,신선식품,389,201.0,47.0,287430.0,A,0.6192170178364518,1,100.0,59.4,6.06,NORMAL,67.0,False,64.7,HIGH,유통기한 임박 | 신선/냉장 고위험 카테고리,5.8,25.9,0.0,SAFE,"재고 여유 — 현재고(398), 재주문점(26)",0.0,221.2,33.0,110716.0,77.3,OVER,과잉 발주 위험 — 현재(392개) > EOQ(221개). 발주 주기 33일 권장,77.3,47.0,6.71,9.48,3.95,STABLE,59.3,0.1,WMA,0.1,40.9,10.0,8.4,10.0,7.5,5.0,FAIR,보통 매칭 · 폐기위험 높음 · 핵심(A)상품,1.001,50.0,STABLE,11.5,LOW,78.3,HIGH,40.5,51.6,91.3,0.3,30.0,36681.0,73.4,0.385,0.385,88.5,True,11.7,368,34.8,275,100.0,0.999,4.9,52.9,50.0,REALLOCATE,82.5,2,99.8,58.2,26.6,disposal_risk,68.8,검토 필요,17,HEURISTIC 29% | ABC 14% | TURNOVER 14% | DISPOSAL_RISK 14% | SAFETY_STOCK 8% | EOQ 7% | DEMAND_FORECAST 7% | MATCH 5%,"['⏰ 유통기한 임박 (91%)', '❄️ 냉장·냉동 과잉 (80%)', '💸 배송비 상승 (100%)', '⚡ 복합 스트레스 (60%)']","{'재고위험': '24.9%', '판매가능성': '13.1%', '점포이동적합': '14.0%', '비용절감': '18.3%', '폐기회피이익': '13.7%', '실행가능성': '12.8%', '이력보정': '3.3%'}",True,True,False,True,False,True,65.4,32.8,55.7,58.3,56.0,78.1,51.3,56.7,0.0,89.8,최적,할인 판매,🏷️,45,HIGH,신뢰도 높음 ●,#2e7d32,,,89.8,최적,할인 판매,4,1,False,False,,50.0,20103.0,0.0,20103.0,20.67,0.0,20.67,41.0,0.0,398.0,28.0,할인,재고 이동,67.587,다름,67.587,59.543,28.468,17.688
라면066,왕십리2점,구로점,30.0,프로모션 추천,12107.0,프로모션 순비용이 재배치 비용보다 낮습니다.,25.400678673975463,12.068965517241379,12,8,57.5,검토 가능,12107.0,30.0,133,False,Greedy 선택 후보보다 우선순위가 낮음,11.19,1422,369,0,간편식,354,336.0,78.0,477792.0,A,0.5693552650486264,1,100.0,32.9,10.93,NORMAL,81.7,False,46.5,MEDIUM,유통기한 임박,9.6,43.2,0.0,SAFE,"재고 여유 — 현재고(369), 재주문점(43)",0.0,361.3,32.3,113038.0,0.4,OPTIMAL,"적정 발주 — EOQ(361개), 권장 발주 주기 32일",0.4,78.1,11.16,15.77,6.54,STABLE,33.1,3.6,WMA,3.6,36.3,10.0,3.78,10.0,7.5,5.0,POOR,낮은 매칭 · 핵심(A)상품,0.996,49.9,STABLE,6.5,LOW,78.3,HIGH,29.7,60.3,79.5,0.3,30.0,39085.0,78.2,0.385,0.385,88.5,False,38.8,15,25.7,450,100.0,0.999,4.9,45.9,50.0,REALLOCATE,82.4,2,99.8,60.6,25.5,turnover,62.5,검토 필요,90,HEURISTIC 29% | ABC 14% | TURNOVER 14% | DISPOSAL_RISK 14% | SAFETY_STOCK 8% | EOQ 7% | DEMAND_FORECAST 7% | MATCH 5%,"['⏰ 유통기한 임박 (91%)', '❄️ 냉장·냉동 과잉 (80%)', '💸 배송비 상승 (100%)', '⚡ 복합 스트레스 (60%)']","{'재고위험': '24.9%', '판매가능성': '13.1%', '점포이동적합': '14.0%', '비용절감': '18.3%', '폐기회피이익': '13.7%', '실행가능성': '12.8%', '이력보정': '3.3%'}",True,True,False,True,False,True,61.1,34.5,51.1,46.7,58.9,73.1,66.2,52.8,0.0,49.7,검토,보류,⏸️,260,HIGH,신뢰도 높음 ●,#2e7d32,,,49.7,검토,보류,6,2,False,False,,50.0,21372.0,0.0,21372.0,22.08,0.0,22.08,44.0,0.0,369.0,30.0,할인,재고 이동,60.144,다름,60.144,55.448,25.692,18.764
라면066,성수2점,구로점,30.0,프로모션 추천,12107.0,프로모션 순비용이 재배치 비용보다 낮습니다.,25.400678673975463,12.068965517241379,12,8,57.5,검토 가능,12107.0,30.0,134,False,Greedy 선택 후보보다 우선순위가 낮음,2.25,1422,314,3,간편식,305,68.0,16.0,96696.0,A,0.5693552650486264,1,100.0,138.5,2.6,DEAD,23.1,True,73.0,HIGH,유통기한 임박 | 소진일수 138일 초과,1.9,8.6,0.0,SAFE,"재고 여유 — 현재고(314), 재주문점(9)",0.0,162.0,72.0,50687.0,92.7,OVER,과잉 발주 위험 — 현재(312개) > EOQ(162개). 발주 주기 72일 권장,92.7,15.9,2.27,3.2,1.34,STABLE,138.2,0.0,WMA,0.0,40.9,10.0,8.4,10.0,7.5,5.0,FAIR,보통 매칭 · 폐기위험 높음 · 핵심(A)상품,1.016,50.4,STABLE,27.1,LOW,69.6,MEDIUM,29.7,60.3,79.5,0.3,30.0,39085.0,78.2,0.385,0.385,88.5,False,13.2,245,42.0,95,100.0,0.999,4.9,45.9,50.0,REALLOCATE,82.3,2,99.8,60.6,24.9,disposal_risk,64.6,검토 필요,61,HEURISTIC 29% | ABC 14% | TURNOVER 14% | DISPOSAL_RISK 14% | SAFETY_STOCK 8% | EOQ 7% | DEMAND_FORECAST 7% | MATCH 5%,"['⏰ 유통기한 임박 (91%)', '❄️ 냉장·냉동 과잉 (80%)', '💸 배송비 상승 (100%)', '⚡ 복합 스트레스 (60%)']","{'재고위험': '24.9%', '판매가능성': '13.1%', '점포이동적합': '14.0%', '비용절감': '18.3%', '폐기회피이익': '13.7%', '실행가능성': '12.8%', '이력보정': '3.3%'}",True,True,False,True,False,True,57.5,32.8,56.4,60.5,58.9,73.1,52.2,55.0,0.0,73.0,권장,할인 판매,🏷️,135,HIGH,신뢰도 높음 ●,#2e7d32,,,73.0,권장,할인 판매,1,2,False,False,,50.0,21786.0,0.0,21786.0,22.54,0.0,22.54,45.0,0.0,314.0,30.0,할인,할인,63.303,일치,63.19,63.303,29.432,16.72
라면066,명동점,구로점,30.0,프로모션 추천,12107.0,프로모션 순비용이 재배치 비용보다 낮습니다.,25.400678673975463,12.068965517241379,12,8,57.5,검토 가능,12107.0,30.0,135,False,Greedy 선택 후보보다 우선순위가 낮음,6.77,1422,332,0,간편식,323,203.0,47.0,288666.0,A,0.5693552650486264,1,100.0,49.1,7.34,NORMAL,72.7,False,54.5,MEDIUM,유통기한 임박,5.8,26.1,0.0,SAFE,"재고 여유 — 현재고(332), 재주문점(26)",0.0,281.0,41.5,87923.0,16.1,OPTIMAL,"적정 발주 — EOQ(281개), 권장 발주 주기 42일",16.1,47.2,6.74,9.54,3.95,STABLE,49.2,1.4,WMA,1.4,36.2,10.0,3.67,10.0,7.5,5.0,POOR,낮은 매칭 · 핵심(A)상품,0.992,49.8,STABLE,9.7,LOW,78.3,HIGH,29.7,60.3,79.5,0.3,30.0,39085.0,78.2,0.385,0.385,88.5,False,17.5,78,29.5,360,100.0,0.999,4.9,45.9,50.0,REALLOCATE,82.1,1,100.0,60.6,26.8,disposal_risk,62.5,검토 필요,91,HEURISTIC 29% | ABC 14% | TURNOVER 14% | DISPOSAL_RISK 14% | SAFETY_STOCK 8% | EOQ 7% | DEMAND_FORECAST 7% | MATCH 5%,"['⏰ 유통기한 임박 (91%)', '❄️ 냉장·냉동 과잉 (80%)', '💸 배송비 상승 (100%)', '⚡ 복합 스트레스 (60%)']","{'재고위험': '24.9%', '판매가능성': '13.1%', '점포이동적합': '14.0%', '비용절감': '18.3%', '폐기회피이익': '13.7%', '실행가능성': '12.8%', '이력보정': '3.3%'}",True,True,False,True,False,True,62.3,33.3,51.8,49.0,58.9,73.1,54.6,53.5,0.0,54.9,검토,보류,⏸️,232,HIGH,신뢰도 높음 ●,#2e7d32,,,54.9,검토,보류,5,2,False,False,,50.0,22371.0,0.0,22371.0,23.19,0.0,23.19,46.0,0.0,332.0,30.0,할인,재고 이동,59.08,다름,59.08,57.263,26.403,18.733
라면086,건대점,역삼2점,41.0,재배치 추천,14217.0,프로모션 순비용이 재배치 비용보다 높습니다.,22.64682850430697,16.810344827586206,18,0,57.5,검토 가능,14217.0,41.0,136,False,Greedy 선택 후보보다 우선순위가 낮음,5.61,3405,356,5,간편식,317,168.0,39.0,572040.0,A,0.04778947291941071,1,100.0,63.6,5.66,SLOW,64.7,True,51.8,MEDIUM,유통기한 임박,4.8,21.6,0.0,SAFE,"재고 여유 — 현재고(356), 재주문점(22)",0.0,165.3,29.5,123851.0,100.0,OVER,과잉 발주 위험 — 현재(351개) > EOQ(165개). 발주 주기 30일 권장,100.0,39.1,5.59,7.9,3.27,STABLE,63.7,0.0,WMA,0.0,36.1,10.0,3.6,10.0,7.5,5.0,POOR,낮은 매칭 · 핵심(A)상품,0.993,49.8,STABLE,12.5,LOW,62.6,MEDIUM,32.0,36.3,72.3,0.3,30.0,153309.0,100.0,0.385,0.385,88.5,False,8.7,467,28.9,372,100.0,0.999,4.9,40.5,50.0,REALLOCATE,82.0,2,99.8,71.5,28.2,disposal_risk,65.3,검토 필요,51,HEURISTIC 29% | ABC 14% | TURNOVER 14% | DISPOSAL_RISK 14% | SAFETY_STOCK 8% | EOQ 7% | DEMAND_FORECAST 7% | MATCH 5%,"['⏰ 유통기한 임박 (91%)', '❄️ 냉장·냉동 과잉 (80%)', '💸 배송비 상승 (100%)', '⚡ 복합 스트레스 (60%)']","{'재고위험': '24.9%', '판매가능성': '13.1%', '점포이동적합': '14.0%', '비용절감': '18.3%', '폐기회피이익': '13.7%', '실행가능성': '12.8%', '이력보정': '3.3%'}",True,True,False,True,False,True,59.0,32.6,51.1,61.6,72.0,60.3,49.7,54.9,0.0,71.9,권장,보류,⏸️,141,HIGH,신뢰도 높음 ●,#2e7d32,,,71.9,권장,보류,3,2,False,False,,50.0,14217.0,0.0,14217.0,14.13,0.0,14.13,28.0,0.0,356.0,41.0,재고 이동,재고 이동,76.219,일치,76.219,53.227,27.464,15.914
치즈120,건대점,명동점,20.0,프로모션 추천,8881.0,프로모션 순비용이 재배치 비용보다 낮습니다.,29.611067606369094,7.758620689655173,12,8,57.4,검토 가능,8881.0,20.0,137,False,Greedy 선택 후보보다 우선순위가 낮음,1.02,1557,381,2,유제품,379,31.0,7.0,48267.0,A,0.6546146767550513,1,100.0,368.7,0.98,DEAD,0.0,True,76.0,HIGH,유통기한 임박 | 소진일수 369일 초과 | 신선/냉장 고위험 카테고리,0.9,4.0,0.0,SAFE,"재고 여유 — 현재고(381), 재주문점(4)",0.0,82.7,81.1,45043.0,100.0,OVER,과잉 발주 위험 — 현재(380개) > EOQ(83개). 발주 주기 81일 권장,100.0,7.1,1.01,1.44,0.59,STABLE,375.6,0.0,WMA,0.0,40.9,10.0,8.4,10.0,7.5,5.0,FAIR,보통 매칭 · 폐기위험 높음 · 핵심(A)상품,0.98,49.5,STABLE,35.5,LOW,73.1,HIGH,33.1,50.9,53.5,0.3,30.0,28487.0,57.0,0.385,0.385,88.5,True,13.8,181,45.3,5,100.0,0.999,4.9,19.6,50.0,REALLOCATE,81.9,2,99.8,50.0,18.4,disposal_risk,62.0,검토 필요,100,HEURISTIC 29% | ABC 14% | TURNOVER 14% | DISPOSAL_RISK 14% | SAFETY_STOCK 8% | EOQ 7% | DEMAND_FORECAST 7% | MATCH 5%,"['⏰ 유통기한 임박 (91%)', '❄️ 냉장·냉동 과잉 (80%)', '💸 배송비 상승 (100%)', '⚡ 복합 스트레스 (60%)']","{'재고위험': '24.9%', '판매가능성': '13.1%', '점포이동적합': '14.0%', '비용절감': '18.3%', '폐기회피이익': '13.7%', '실행가능성': '12.8%', '이력보정': '3.3%'}",True,True,False,True,False,True,52.8,32.6,54.4,61.6,46.2,52.6,52.5,49.3,0.0,21.0,검토,할인 판매,🏷️,414,HIGH,신뢰도 높음 ●,#2e7d32,,,21.0,검토,할인 판매,3,5,False,False,,50.0,21336.0,0.0,21336.0,22.04,0.0,22.04,44.0,0.0,381.0,20.0,할인,할인,66.882,일치,63.043,66.882,30.278,15.927
치즈120,선릉2점,명동점,20.0,프로모션 추천,8881.0,프로모션 순비용이 재배치 비용보다 낮습니다.,29.611067606369094,7.758620689655173,12,8,57.4,검토 가능,8881.0,20.0,138,False,Greedy 선택 후보보다 우선순위가 낮음,11.21,1557,352,0,유제품,337,336.0,78.0,523152.0,A,0.6546146767550513,1,100.0,31.4,11.45,NORMAL,82.6,False,48.7,MEDIUM,유통기한 임박 | 신선/냉장 고위험 카테고리,9.6,43.2,0.0,SAFE,"재고 여유 — 현재고(352), 재주문점(43)",0.0,274.0,24.4,149323.0,25.0,OPTIMAL,"적정 발주 — EOQ(274개), 권장 발주 주기 24일",25.0,78.2,11.17,15.8,6.55,STABLE,31.5,3.8,WMA,3.8,36.3,10.0,3.79,10.0,7.5,5.0,POOR,낮은 매칭 · 핵심(A)상품,0.994,49.9,STABLE,6.3,LOW,78.3,HIGH,33.1,50.9,53.5,0.3,30.0,28487.0,57.0,0.385,0.385,88.5,True,40.9,9,26.6,417,100.0,0.999,4.9,19.6,50.0,REALLOCATE,81.7,2,99.8,50.0,25.3,turnover,65.0,검토 필요,54,HEURISTIC 29% | ABC 14% | TURNOVER 14% | DISPOSAL_RISK 14% | SAFETY_STOCK 8% | EOQ 7% | DEMAND_FORECAST 7% | MATCH 5%,"['⏰ 유통기한 임박 (91%)', '❄️ 냉장·냉동 과잉 (80%)', '💸 배송비 상승 (100%)', '⚡ 복합 스트레스 (60%)']","{'재고위험': '24.9%', '판매가능성': '13.1%', '점포이동적합': '14.0%', '비용절감': '18.3%', '폐기회피이익': '13.7%', '실행가능성': '12.8%', '이력보정': '3.3%'}",True,True,False,True,False,True,62.3,34.6,48.6,50.3,46.2,52.6,67.4,49.1,0.0,20.3,검토,보류,⏸️,418,HIGH,신뢰도 높음 ●,#2e7d32,,,20.3,검토,보류,6,5,False,False,,50.0,26943.0,0.0,26943.0,28.27,0.0,28.27,57.0,0.0,352.0,20.0,할인,할인,59.088,일치,52.944,59.088,26.284,19.575
치즈120,왕십리2점,명동점,20.0,프로모션 추천,8881.0,프로모션 순비용이 재배치 비용보다 낮습니다.,29.611067606369094,7.758620689655173,12,8,57.4,검토 가능,8881.0,20.0,139,False,Greedy 선택 후보보다 우선순위가 낮음,3.45,1557,312,2,유제품,303,104.0,24.0,161928.0,A,0.6546146767550513,1,100.0,90.0,4.0,SLOW,50.0,True,76.0,HIGH,유통기한 임박 | 소진일수 90일 초과 | 신선/냉장 고위험 카테고리,3.0,13.4,0.0,SAFE,"재고 여유 — 현재고(312), 재주문점(13)",0.0,152.0,44.1,82839.0,100.0,OVER,과잉 발주 위험 — 현재(309개) > EOQ(152개). 발주 주기 44일 권장,100.0,24.1,3.44,4.87,2.02,STABLE,90.6,0.0,WMA,0.0,40.9,10.0,8.4,10.0,7.5,5.0,FAIR,보통 매칭 · 폐기위험 높음 · 핵심(A)상품,0.994,49.8,STABLE,17.7,LOW,73.1,HIGH,33.1,50.9,53.5,0.3,30.0,28487.0,57.0,0.385,0.385,88.5,True,13.8,181,40.9,142,100.0,0.999,4.9,19.6,50.0,REALLOCATE,81.6,2,99.8,50.0,26.0,disposal_risk,70.2,우선 처리,6,HEURISTIC 29% | ABC 14% | TURNOVER 14% | DISPOSAL_RISK 14% | SAFETY_STOCK 8% | EOQ 7% | DEMAND_FORECAST 7% | MATCH 5%,"['⏰ 유통기한 임박 (91%)', '❄️ 냉장·냉동 과잉 (80%)', '💸 배송비 상승 (100%)', '⚡ 복합 스트레스 (60%)']","{'재고위험': '24.9%', '판매가능성': '13.1%', '점포이동적합': '14.0%', '비용절감': '18.3%', '폐기회피이익': '13.7%', '실행가능성': '12.8%', '이력보정': '3.3%'}",True,True,False,True,False,True,66.0,32.6,53.5,61.6,46.2,52.6,52.5,52.5,0.0,45.4,검토,할인 판매,🏷️,283,HIGH,신뢰도 높음 ●,#2e7d32,,,45.4,검토,할인 판매,6,5,False,False,,50.0,27672.0,0.0,27672.0,29.08,0.0,29.08,58.0,0.0,312.0,20.0,할인,할인,65.7,일치,55.813,65.7,29.657,18.794
에너지드링크008,목동점,선릉2점,47.0,프로모션 추천,17882.0,프로모션 순비용이 재배치 비용보다 낮습니다.,17.86348211955103,19.396551724137932,12,8,57.3,검토 가능,17882.0,47.0,140,False,Greedy 선택 후보보다 우선순위가 낮음,2.76,1345,382,1,음료,379,83.0,19.0,111635.0,B,0.897833316964399,2,60.0,138.1,2.61,DEAD,23.3,True,68.0,HIGH,유통기한 임박 | 소진일수 138일 초과,2.4,10.7,0.0,SAFE,"재고 여유 — 현재고(382), 재주문점(11)",0.0,204.0,73.9,49385.0,86.1,OVER,과잉 발주 위험 — 현재(380개) > EOQ(204개). 발주 주기 74일 권장,86.1,19.1,2.73,3.87,1.59,STABLE,140.0,0.0,WMA,0.0,36.9,10.0,8.4,6.0,7.5,5.0,POOR,낮은 매칭 · 폐기위험 높음,0.983,49.6,STABLE,27.3,LOW,76.6,HIGH,43.5,74.2,100.0,0.3,30.0,57976.0,100.0,0.385,0.385,88.5,False,12.0,342,39.3,183,100.0,0.999,4.9,57.0,50.0,REALLOCATE,81.5,2,99.8,71.5,43.4,disposal_risk,54.3,모니터링,255,HEURISTIC 29% | ABC 14% | TURNOVER 14% | DISPOSAL_RISK 14% | SAFETY_STOCK 8% | EOQ 7% | DEMAND_FORECAST 7% | MATCH 5%,"['⏰ 유통기한 임박 (91%)', '❄️ 냉장·냉동 과잉 (80%)', '💸 배송비 상승 (100%)', '⚡ 복합 스트레스 (60%)']","{'재고위험': '24.9%', '판매가능성': '13.1%', '점포이동적합': '14.0%', '비용절감': '18.3%', '폐기회피이익': '13.7%', '실행가능성': '12.8%', '이력보정': '3.3%'}",True,True,False,True,False,True,49.3,32.6,55.2,59.4,72.0,91.4,51.5,56.7,0.0,90.5,최적,할인 판매,🏷️,41,HIGH,신뢰도 높음 ●,#2e7d32,,,90.5,최적,할인 판매,2,6,False,False,,50.0,20112.0,0.0,20112.0,20.68,0.0,20.68,41.0,0.0,382.0,47.0,할인,재고 이동,67.602,다름,67.602,64.585,30.527,15.128
삼각김밥018,청량리2점,역삼2점,25.0,프로모션 추천,10651.0,프로모션 순비용이 재배치 비용보다 낮습니다.,27.300965805272774,9.913793103448276,12,8,57.2,검토 가능,10651.0,25.0,141,False,Greedy 선택 후보보다 우선순위가 낮음,3.85,1497,358,0,간편식,353,116.0,27.0,173652.0,B,0.8571555525070628,2,60.0,92.6,3.89,DEAD,48.6,True,75.0,HIGH,유통기한 임박 | 소진일수 93일 초과,3.3,14.8,0.0,SAFE,"재고 여유 — 현재고(358), 재주문점(15)",0.0,206.6,53.7,68030.0,71.7,OVER,과잉 발주 위험 — 현재(355개) > EOQ(207개). 발주 주기 54일 권장,71.7,27.0,3.86,5.45,2.27,STABLE,92.8,0.0,WMA,0.0,36.9,10.0,8.4,6.0,7.5,5.0,POOR,낮은 매칭 · 폐기위험 높음,1.002,50.0,STABLE,18.1,LOW,78.3,HIGH,32.0,36.3,72.3,0.3,30.0,34259.0,68.5,0.385,0.385,88.5,False,13.4,227,39.8,170,100.0,0.999,4.9,40.5,50.0,REALLOCATE,81.3,2,99.8,55.7,41.1,disposal_risk,59.2,검토 필요,138,HEURISTIC 29% | ABC 14% | TURNOVER 14% | DISPOSAL_RISK 14% | SAFETY_STOCK 8% | EOQ 7% | DEMAND_FORECAST 7% | MATCH 5%,"['⏰ 유통기한 임박 (91%)', '❄️ 냉장·냉동 과잉 (80%)', '💸 배송비 상승 (100%)', '⚡ 복합 스트레스 (60%)']","{'재고위험': '24.9%', '판매가능성': '13.1%', '점포이동적합': '14.0%', '비용절감': '18.3%', '폐기회피이익': '13.7%', '실행가능성': '12.8%', '이력보정': '3.3%'}",True,True,False,True,False,True,59.1,32.7,53.6,57.2,53.1,60.3,52.3,51.9,0.0,38.4,검토,할인 판매,🏷️,321,HIGH,신뢰도 높음 ●,#2e7d32,,,38.4,검토,할인 판매,1,2,False,False,,50.0,17520.0,0.0,17520.0,17.8,0.0,17.8,36.0,0.0,358.0,25.0,할인,재고 이동,64.325,다름,64.325,62.132,28.893,16.271
삼각김밥018,압구정2점,역삼2점,25.0,프로모션 추천,10651.0,프로모션 순비용이 재배치 비용보다 낮습니다.,27.300965805272774,9.913793103448276,12,8,57.2,검토 가능,10651.0,25.0,142,False,Greedy 선택 후보보다 우선순위가 낮음,7.17,1497,321,4,간편식,281,215.0,50.0,321855.0,B,0.8571555525070628,2,60.0,44.8,8.04,NORMAL,75.1,False,42.4,MEDIUM,유통기한 임박,6.1,27.6,0.0,SAFE,"재고 여유 — 현재고(321), 재주문점(28)",0.0,281.9,39.3,92839.0,11.7,OPTIMAL,"적정 발주 — EOQ(282개), 권장 발주 주기 39일",11.7,50.1,7.16,10.11,4.2,STABLE,44.9,2.0,WMA,2.0,32.2,10.0,3.7,6.0,7.5,5.0,POOR,낮은 매칭,0.996,49.9,STABLE,8.8,LOW,66.1,MEDIUM,32.0,36.3,72.3,0.3,30.0,34259.0,68.5,0.385,0.385,88.5,False,22.2,64,23.7,475,100.0,0.999,4.9,40.5,50.0,REALLOCATE,81.2,2,99.8,55.7,42.1,turnover,51.3,모니터링,322,HEURISTIC 29% | ABC 14% | TURNOVER 14% | DISPOSAL_RISK 14% | SAFETY_STOCK 8% | EOQ 7% | DEMAND_FORECAST 7% | MATCH 5%,"['⏰ 유통기한 임박 (91%)', '❄️ 냉장·냉동 과잉 (80%)', '💸 배송비 상승 (100%)', '⚡ 복합 스트레스 (60%)']","{'재고위험': '24.9%', '판매가능성': '13.1%', '점포이동적합': '14.0%', '비용절감': '18.3%', '폐기회피이익': '13.7%', '실행가능성': '12.8%', '이력보정': '3.3%'}",True,True,False,True,False,True,51.5,33.7,48.3,48.2,53.1,60.3,57.1,47.8,0.0,15.1,검토,보류,⏸️,446,HIGH,신뢰도 높음 ●,#2e7d32,,,15.1,검토,보류,3,2,False,False,,50.0,17817.0,0.0,17817.0,18.13,0.0,18.13,36.0,0.0,321.0,25.0,할인,재고 이동,57.422,다름,57.422,53.831,24.844,17.048
삼각김밥018,동대문점,압구정2점,25.0,프로모션 추천,10651.0,프로모션 순비용이 재배치 비용보다 낮습니다.,27.300965805272774,9.913793103448276,12,8,57.2,검토 가능,10651.0,25.0,143,False,Greedy 선택 후보보다 우선순위가 낮음,1.65,1497,398,0,간편식,396,50.0,12.0,74850.0,B,0.8571555525070628,2,60.0,238.8,1.51,DEAD,0.0,True,75.0,HIGH,유통기한 임박 | 소진일수 239일 초과,1.4,6.4,0.0,SAFE,"재고 여유 — 현재고(398), 재주문점(6)",0.0,135.2,81.9,44536.0,100.0,OVER,과잉 발주 위험 — 현재(397개) > EOQ(135개). 발주 주기 82일 권장,100.0,11.8,1.69,2.37,1.01,STABLE,236.1,0.0,WMA,0.0,36.9,10.0,8.4,6.0,7.5,5.0,POOR,낮은 매칭 · 폐기위험 높음,1.039,51.0,STABLE,35.0,LOW,78.3,HIGH,32.5,72.4,62.9,0.3,30.0,34259.0,68.5,0.385,0.385,88.5,False,13.4,227,44.0,37,100.0,0.999,4.9,31.6,50.0,REALLOCATE,81.1,2,99.8,55.7,34.9,disposal_risk,53.2,모니터링,276,HEURISTIC 29% | ABC 14% | TURNOVER 14% | DISPOSAL_RISK 14% | SAFETY_STOCK 8% | EOQ 7% | DEMAND_FORECAST 7% | MATCH 5%,"['⏰ 유통기한 임박 (91%)', '❄️ 냉장·냉동 과잉 (80%)', '💸 배송비 상승 (100%)', '⚡ 복합 스트레스 (60%)']","{'재고위험': '24.9%', '판매가능성': '13.1%', '점포이동적합': '14.0%', '비용절감': '18.3%', '폐기회피이익': '13.7%', '실행가능성': '12.8%', '이력보정': '3.3%'}",True,True,False,True,False,True,46.2,33.0,53.6,61.5,53.1,66.1,52.3,50.3,0.0,24.0,검토,할인 판매,🏷️,398,HIGH,신뢰도 높음 ●,#2e7d32,,,24.0,검토,할인 판매,3,3,True,False,,50.0,25125.0,0.0,25125.0,26.25,0.0,26.25,52.0,0.0,398.0,25.0,할인,할인,71.478,일치,57.297,71.478,31.468,15.616
삼각김밥018,청량리2점,압구정2점,25.0,프로모션 추천,10651.0,프로모션 순비용이 재배치 비용보다 낮습니다.,27.300965805272774,9.913793103448276,12,8,57.2,검토 가능,10651.0,25.0,144,False,Greedy 선택 후보보다 우선순위가 낮음,3.85,1497,358,0,간편식,353,116.0,27.0,173652.0,B,0.8571555525070628,2,60.0,92.6,3.89,DEAD,48.6,True,75.0,HIGH,유통기한 임박 | 소진일수 93일 초과,3.3,14.8,0.0,SAFE,"재고 여유 — 현재고(358), 재주문점(15)",0.0,206.6,53.7,68030.0,71.7,OVER,과잉 발주 위험 — 현재(355개) > EOQ(207개). 발주 주기 54일 권장,71.7,27.0,3.86,5.45,2.27,STABLE,92.8,0.0,WMA,0.0,36.9,10.0,8.4,6.0,7.5,5.0,POOR,낮은 매칭 · 폐기위험 높음,1.002,50.0,STABLE,18.1,LOW,78.3,HIGH,32.5,72.4,62.9,0.3,30.0,34259.0,68.5,0.385,0.385,88.5,False,13.4,227,39.8,170,100.0,0.999,4.9,31.6,50.0,REALLOCATE,80.9,2,99.8,55.7,41.1,disposal_risk,59.2,검토 필요,140,HEURISTIC 29% | ABC 14% | TURNOVER 14% | DISPOSAL_RISK 14% | SAFETY_STOCK 8% | EOQ 7% | DEMAND_FORECAST 7% | MATCH 5%,"['⏰ 유통기한 임박 (91%)', '❄️ 냉장·냉동 과잉 (80%)', '💸 배송비 상승 (100%)', '⚡ 복합 스트레스 (60%)']","{'재고위험': '24.9%', '판매가능성': '13.1%', '점포이동적합': '14.0%', '비용절감': '18.3%', '폐기회피이익': '13.7%', '실행가능성': '12.8%', '이력보정': '3.3%'}",True,True,False,True,False,True,59.1,32.7,52.7,57.2,53.1,66.1,52.3,52.6,0.0,46.9,검토,할인 판매,🏷️,275,HIGH,신뢰도 높음 ●,#2e7d32,,,46.9,검토,할인 판매,1,3,False,False,,50.0,27312.0,0.0,27312.0,28.68,0.0,28.68,57.0,0.0,358.0,25.0,할인,할인,68.419,일치,53.986,68.419,30.164,17.902
삼각김밥018,동대문점,역삼2점,25.0,프로모션 추천,10651.0,프로모션 순비용이 재배치 비용보다 낮습니다.,27.300965805272774,9.913793103448276,12,8,57.2,검토 가능,10651.0,25.0,145,False,Greedy 선택 후보보다 우선순위가 낮음,1.65,1497,398,0,간편식,396,50.0,12.0,74850.0,B,0.8571555525070628,2,60.0,238.8,1.51,DEAD,0.0,True,75.0,HIGH,유통기한 임박 | 소진일수 239일 초과,1.4,6.4,0.0,SAFE,"재고 여유 — 현재고(398), 재주문점(6)",0.0,135.2,81.9,44536.0,100.0,OVER,과잉 발주 위험 — 현재(397개) > EOQ(135개). 발주 주기 82일 권장,100.0,11.8,1.69,2.37,1.01,STABLE,236.1,0.0,WMA,0.0,36.9,10.0,8.4,6.0,7.5,5.0,POOR,낮은 매칭 · 폐기위험 높음,1.039,51.0,STABLE,35.0,LOW,78.3,HIGH,32.0,36.3,72.3,0.3,30.0,34259.0,68.5,0.385,0.385,88.5,False,13.4,227,44.0,37,100.0,0.999,4.9,40.5,50.0,REALLOCATE,80.8,2,99.8,55.7,34.9,disposal_risk,53.2,모니터링,277,HEURISTIC 29% | ABC 14% | TURNOVER 14% | DISPOSAL_RISK 14% | SAFETY_STOCK 8% | EOQ 7% | DEMAND_FORECAST 7% | MATCH 5%,"['⏰ 유통기한 임박 (91%)', '❄️ 냉장·냉동 과잉 (80%)', '💸 배송비 상승 (100%)', '⚡ 복합 스트레스 (60%)']","{'재고위험': '24.9%', '판매가능성': '13.1%', '점포이동적합': '14.0%', '비용절감': '18.3%', '폐기회피이익': '13.7%', '실행가능성': '12.8%', '이력보정': '3.3%'}",True,True,False,True,False,True,46.2,33.0,54.5,61.5,53.1,60.3,52.3,49.7,0.0,22.7,검토,할인 판매,🏷️,405,HIGH,신뢰도 높음 ●,#2e7d32,,,22.7,검토,할인 판매,3,2,False,False,,50.0,31470.0,0.0,31470.0,33.3,0.0,33.3,67.0,0.0,398.0,25.0,할인,할인,75.633,일치,51.047,75.633,32.249,16.471
라면066,왕십리2점,명동점,34.0,프로모션 추천,13721.0,프로모션 순비용이 재배치 비용보다 낮습니다.,23.294179065518144,13.793103448275861,12,8,57.1,검토 가능,13721.0,34.0,146,False,Greedy 선택 후보보다 우선순위가 낮음,11.19,1422,369,0,간편식,354,336.0,78.0,477792.0,A,0.5693552650486264,1,100.0,32.9,10.93,NORMAL,81.7,False,46.5,MEDIUM,유통기한 임박,9.6,43.2,0.0,SAFE,"재고 여유 — 현재고(369), 재주문점(43)",0.0,361.3,32.3,113038.0,0.4,OPTIMAL,"적정 발주 — EOQ(361개), 권장 발주 주기 32일",0.4,78.1,11.16,15.77,6.54,STABLE,33.1,3.6,WMA,3.6,36.3,10.0,3.78,10.0,7.5,5.0,POOR,낮은 매칭 · 핵심(A)상품,0.996,49.9,STABLE,6.5,LOW,78.3,HIGH,42.3,50.9,53.5,0.3,30.0,44297.0,88.6,0.385,0.385,88.5,False,38.8,15,25.7,450,100.0,0.999,4.9,19.6,50.0,REALLOCATE,80.7,2,99.8,65.7,25.5,turnover,62.1,검토 필요,99,HEURISTIC 29% | ABC 14% | TURNOVER 14% | DISPOSAL_RISK 14% | SAFETY_STOCK 8% | EOQ 7% | DEMAND_FORECAST 7% | MATCH 5%,"['⏰ 유통기한 임박 (91%)', '❄️ 냉장·냉동 과잉 (80%)', '💸 배송비 상승 (100%)', '⚡ 복합 스트레스 (60%)']","{'재고위험': '24.9%', '판매가능성': '13.1%', '점포이동적합': '14.0%', '비용절감': '18.3%', '폐기회피이익': '13.7%', '실행가능성': '12.8%', '이력보정': '3.3%'}",True,True,False,True,False,True,61.1,34.5,48.4,46.5,65.2,52.6,66.2,50.6,0.0,26.1,검토,보류,⏸️,387,HIGH,신뢰도 높음 ●,#2e7d32,,,26.1,검토,보류,6,5,False,False,,50.0,27672.0,0.0,27672.0,29.08,0.0,29.08,58.0,0.0,369.0,34.0,할인,할인,59.146,일치,54.769,59.146,26.561,19.582
에너지드링크008,왕십리점,동대문2점,49.0,프로모션 추천,18643.0,프로모션 순비용이 재배치 비용보다 낮습니다.,16.870268859305664,20.25862068965517,12,8,57.1,검토 가능,18643.0,49.0,147,False,Greedy 선택 후보보다 우선순위가 낮음,4.8,1345,271,0,음료,265,144.0,34.0,193680.0,B,0.897833316964399,2,60.0,56.5,6.38,NORMAL,68.6,False,53.2,MEDIUM,유통기한 임박,4.1,18.5,0.0,SAFE,"재고 여유 — 현재고(271), 재주문점(18)",0.0,269.0,56.0,65128.0,0.6,OPTIMAL,"적정 발주 — EOQ(269개), 권장 발주 주기 56일",0.6,33.8,4.83,6.81,2.85,STABLE,56.1,0.5,WMA,0.5,32.1,10.0,3.62,6.0,7.5,5.0,POOR,낮은 매칭,1.012,50.3,STABLE,11.0,LOW,78.3,HIGH,34.5,65.3,83.9,0.3,30.0,60443.0,100.0,0.385,0.385,88.5,False,10.4,421,28.4,386,100.0,0.999,4.9,48.7,50.0,REALLOCATE,80.5,2,99.8,71.4,42.9,disposal_risk,51.0,모니터링,327,HEURISTIC 29% | ABC 14% | TURNOVER 14% | DISPOSAL_RISK 14% | SAFETY_STOCK 8% | EOQ 7% | DEMAND_FORECAST 7% | MATCH 5%,"['⏰ 유통기한 임박 (91%)', '❄️ 냉장·냉동 과잉 (80%)', '💸 배송비 상승 (100%)', '⚡ 복합 스트레스 (60%)']","{'재고위험': '24.9%', '판매가능성': '13.1%', '점포이동적합': '14.0%', '비용절감': '18.3%', '폐기회피이익': '13.7%', '실행가능성': '12.8%', '이력보정': '3.3%'}",True,True,False,True,False,True,54.6,33.0,50.0,46.5,72.0,77.7,50.6,53.2,0.0,52.7,검토,보류,⏸️,244,HIGH,신뢰도 높음 ●,#2e7d32,,,52.7,검토,보류,0,2,False,False,,50.0,19455.0,0.0,19455.0,19.95,0.0,19.95,40.0,0.0,271.0,49.0,할인,재고 이동,60.357,다름,60.357,55.658,26.295,17.178
에너지드링크008,홍대2점,동대문2점,49.0,프로모션 추천,18643.0,프로모션 순비용이 재배치 비용보다 낮습니다.,16.870268859305664,20.25862068965517,12,8,57.1,검토 가능,18643.0,49.0,148,False,Greedy 선택 후보보다 우선순위가 낮음,4.3,1345,353,4,음료,329,129.0,30.0,173505.0,B,0.897833316964399,2,60.0,82.1,4.39,SLOW,54.4,True,56.0,MEDIUM,유통기한 임박 | 소진일수 82일 초과,3.7,16.6,0.0,SAFE,"재고 여유 — 현재고(353), 재주문점(17)",0.0,254.6,59.2,61642.0,37.2,OPTIMAL,"적정 발주 — EOQ(255개), 권장 발주 주기 59일",37.2,30.0,4.29,6.06,2.51,STABLE,82.4,0.0,WMA,0.0,32.1,10.0,3.6,6.0,7.5,5.0,POOR,낮은 매칭,0.997,49.9,STABLE,16.0,LOW,66.1,MEDIUM,34.5,65.3,83.9,0.3,30.0,60443.0,100.0,0.385,0.385,88.5,False,9.4,442,30.7,326,100.0,0.999,4.9,48.7,50.0,REALLOCATE,80.4,2,99.8,71.4,46.1,disposal_risk,51.5,모니터링,320,HEURISTIC 29% | ABC 14% | TURNOVER 14% | DISPOSAL_RISK 14% | SAFETY_STOCK 8% | EOQ 7% | DEMAND_FORECAST 7% | MATCH 5%,"['⏰ 유통기한 임박 (91%)', '❄️ 냉장·냉동 과잉 (80%)', '💸 배송비 상승 (100%)', '⚡ 복합 스트레스 (60%)']","{'재고위험': '24.9%', '판매가능성': '13.1%', '점포이동적합': '14.0%', '비용절감': '18.3%', '폐기회피이익': '13.7%', '실행가능성': '12.8%', '이력보정': '3.3%'}",True,True,False,True,False,True,52.1,32.7,50.5,52.0,72.0,77.7,50.1,53.6,0.0,55.9,검토,보류,⏸️,227,HIGH,신뢰도 높음 ●,#2e7d32,,,55.9,검토,보류,3,2,False,False,,50.0,24036.0,0.0,24036.0,25.04,0.0,25.04,50.0,0.0,353.0,49.0,할인,할인,61.993,일치,60.081,61.993,28.705,17.043
차음료020,신림2점,이태원점,23.0,프로모션 추천,10186.0,프로모션 순비용이 재배치 비용보다 낮습니다.,27.90785695640825,9.051724137931034,12,8,57.0,검토 가능,10186.0,23.0,149,False,Greedy 선택 후보보다 우선순위가 낮음,2.56,1553,345,0,음료,342,77.0,18.0,119581.0,B,0.8486147856750119,2,60.0,134.4,2.68,DEAD,25.3,True,70.0,HIGH,유통기한 임박 | 소진일수 134일 초과,2.2,9.9,0.0,SAFE,"재고 여유 — 현재고(345), 재주문점(10)",0.0,182.8,71.4,51108.0,87.5,OVER,과잉 발주 위험 — 현재(343개) > EOQ(183개). 발주 주기 71일 권장,87.5,18.0,2.57,3.63,1.52,STABLE,134.2,0.0,WMA,0.0,36.9,10.0,8.4,6.0,7.5,5.0,POOR,낮은 매칭 · 폐기위험 높음,1.004,50.1,STABLE,26.2,LOW,78.3,HIGH,32.8,0.0,60.8,0.3,30.0,32677.0,65.4,0.385,0.385,88.5,False,12.4,304,39.8,170,100.0,0.999,4.9,29.3,50.0,REALLOCATE,80.3,2,99.8,54.1,43.0,disposal_risk,55.0,검토 필요,238,HEURISTIC 29% | ABC 14% | TURNOVER 14% | DISPOSAL_RISK 14% | SAFETY_STOCK 8% | EOQ 7% | DEMAND_FORECAST 7% | MATCH 5%,"['⏰ 유통기한 임박 (91%)', '❄️ 냉장·냉동 과잉 (80%)', '💸 배송비 상승 (100%)', '⚡ 복합 스트레스 (60%)']","{'재고위험': '24.9%', '판매가능성': '13.1%', '점포이동적합': '14.0%', '비용절감': '18.3%', '폐기회피이익': '13.7%', '실행가능성': '12.8%', '이력보정': '3.3%'}",True,True,False,True,False,True,50.7,32.7,52.5,59.5,51.2,40.5,51.7,47.3,0.0,13.0,검토,할인 판매,🏷️,457,HIGH,신뢰도 높음 ●,#2e7d32,,,13.0,검토,할인 판매,2,7,False,False,,50.0,16152.0,0.0,16152.0,16.28,0.0,16.28,33.0,0.0,345.0,23.0,할인,재고 이동,64.263,다름,64.263,61.636,28.676,15.024
차음료020,강남2점,이태원점,23.0,프로모션 추천,10186.0,프로모션 순비용이 재배치 비용보다 낮습니다.,27.90785695640825,9.051724137931034,12,8,57.0,검토 가능,10186.0,23.0,150,False,Greedy 선택 후보보다 우선순위가 낮음,5.12,1553,334,3,음료,313,154.0,36.0,239162.0,B,0.8486147856750119,2,60.0,65.1,5.53,SLOW,63.8,True,55.5,MEDIUM,유통기한 임박,4.4,19.8,0.0,SAFE,"재고 여유 — 현재고(334), 재주문점(20)",0.0,258.6,50.5,72278.0,27.5,OPTIMAL,"적정 발주 — EOQ(259개), 권장 발주 주기 50일",27.5,35.9,5.13,7.24,3.02,STABLE,65.1,0.0,WMA,0.0,32.1,10.0,3.6,6.0,7.5,5.0,POOR,낮은 매칭,1.004,50.1,STABLE,12.7,LOW,69.6,MEDIUM,32.8,0.0,60.8,0.3,30.0,32677.0,65.4,0.385,0.385,88.5,False,9.3,451,29.6,356,100.0,0.999,4.9,29.3,50.0,REALLOCATE,80.1,2,99.8,54.1,43.8,disposal_risk,52.2,모니터링,299,HEURISTIC 29% | ABC 14% | TURNOVER 14% | DISPOSAL_RISK 14% | SAFETY_STOCK 8% | EOQ 7% | DEMAND_FORECAST 7% | MATCH 5%,"['⏰ 유통기한 임박 (91%)', '❄️ 냉장·냉동 과잉 (80%)', '💸 배송비 상승 (100%)', '⚡ 복합 스트레스 (60%)']","{'재고위험': '24.9%', '판매가능성': '13.1%', '점포이동적합': '14.0%', '비용절감': '18.3%', '폐기회피이익': '13.7%', '실행가능성': '12.8%', '이력보정': '3.3%'}",True,True,False,True,False,True,54.4,32.7,48.3,50.5,51.2,40.5,50.0,46.0,0.0,9.7,검토,보류,⏸️,475,HIGH,신뢰도 높음 ●,#2e7d32,,,9.7,검토,보류,3,7,False,False,,50.0,34215.0,0.0,34215.0,36.35,0.0,36.35,73.0,0.0,334.0,23.0,할인,할인,67.636,일치,43.837,67.636,28.108,18.706
라면023,선릉2점,동대문2점,26.0,프로모션 추천,11226.0,프로모션 순비용이 재배치 비용보다 낮습니다.,26.550509005481597,10.344827586206897,12,8,56.9,검토 가능,11226.0,26.0,151,False,Greedy 선택 후보보다 우선순위가 낮음,7.66,1516,350,4,간편식,308,230.0,54.0,348680.0,C,0.9802414294306119,3,20.0,45.7,7.89,NORMAL,74.6,False,42.8,MEDIUM,유통기한 임박,6.6,29.6,0.0,SAFE,"재고 여유 — 현재고(350), 재주문점(30)",0.0,289.5,37.8,96565.0,18.6,OPTIMAL,"적정 발주 — EOQ(290개), 권장 발주 주기 38일",18.6,53.8,7.69,10.85,4.53,STABLE,45.5,1.9,WMA,1.9,29.2,10.0,3.7,3.0,7.5,5.0,POOR,낮은 매칭,1.007,50.2,STABLE,8.9,LOW,66.1,MEDIUM,31.9,65.3,83.9,0.3,30.0,36073.0,72.1,0.385,0.385,88.5,False,21.2,68,23.2,483,100.0,0.999,4.9,48.7,50.0,DISCOUNT,80.0,2,99.8,57.4,44.4,turnover,43.4,모니터링,458,HEURISTIC 29% | ABC 14% | TURNOVER 14% | DISPOSAL_RISK 14% | SAFETY_STOCK 8% | EOQ 7% | DEMAND_FORECAST 7% | MATCH 5%,"['⏰ 유통기한 임박 (91%)', '❄️ 냉장·냉동 과잉 (80%)', '💸 배송비 상승 (100%)', '⚡ 복합 스트레스 (60%)']","{'재고위험': '24.9%', '판매가능성': '13.1%', '점포이동적합': '14.0%', '비용절감': '18.3%', '폐기회피이익': '13.7%', '실행가능성': '12.8%', '이력보정': '3.3%'}",True,True,False,True,False,True,45.5,33.7,47.7,49.1,55.3,77.7,56.6,48.9,0.0,19.7,검토,보류,⏸️,421,HIGH,신뢰도 높음 ●,#2e7d32,,,19.7,검토,보류,6,2,False,False,,50.0,24270.0,0.0,24270.0,25.3,0.0,25.3,51.0,0.0,350.0,26.0,할인,할인,60.742,일치,48.822,60.742,26.501,17.075
라면023,종로2점,동대문2점,26.0,프로모션 추천,11226.0,프로모션 순비용이 재배치 비용보다 낮습니다.,26.550509005481597,10.344827586206897,12,8,56.9,검토 가능,11226.0,26.0,152,False,Greedy 선택 후보보다 우선순위가 낮음,0.44,1516,310,3,간편식,309,13.0,3.0,19708.0,C,0.9802414294306119,3,20.0,715.4,0.5,DEAD,0.0,True,73.0,HIGH,유통기한 임박 | 소진일수 715일 초과,0.4,1.7,0.0,SAFE,"재고 여유 — 현재고(310), 재주문점(2)",0.0,69.4,157.7,23144.0,100.0,OVER,과잉 발주 위험 — 현재(310개) > EOQ(69개). 발주 주기 158일 권장,100.0,3.0,0.43,0.61,0.25,STABLE,723.3,0.0,WMA,0.0,33.9,10.0,8.4,3.0,7.5,5.0,POOR,낮은 매칭 · 폐기위험 높음,0.974,49.4,STABLE,35.6,LOW,69.6,MEDIUM,31.9,65.3,83.9,0.3,30.0,36073.0,72.1,0.385,0.385,88.5,False,12.9,266,42.7,70,100.0,0.999,4.9,48.7,50.0,DISCOUNT,79.9,2,99.8,57.4,40.6,disposal_risk,44.3,모니터링,449,HEURISTIC 29% | ABC 14% | TURNOVER 14% | DISPOSAL_RISK 14% | SAFETY_STOCK 8% | EOQ 7% | DEMAND_FORECAST 7% | MATCH 5%,"['⏰ 유통기한 임박 (91%)', '❄️ 냉장·냉동 과잉 (80%)', '💸 배송비 상승 (100%)', '⚡ 복합 스트레스 (60%)']","{'재고위험': '24.9%', '판매가능성': '13.1%', '점포이동적합': '14.0%', '비용절감': '18.3%', '폐기회피이익': '13.7%', '실행가능성': '12.8%', '이력보정': '3.3%'}",True,True,False,True,False,True,39.4,32.5,53.7,61.3,55.3,77.7,52.0,50.3,0.0,24.2,검토,할인 판매,🏷️,397,HIGH,신뢰도 높음 ●,#2e7d32,,,24.2,검토,할인 판매,7,2,False,False,,50.0,25692.0,0.0,25692.0,26.88,0.0,26.88,54.0,0.0,310.0,26.0,할인,할인,71.458,일치,50.003,71.458,30.92,15.008
푸딩047,교대점,마포2점,27.0,프로모션 추천,11536.0,프로모션 순비용이 재배치 비용보다 낮습니다.,26.145914904724616,10.775862068965516,12,8,56.9,검토 가능,11536.0,27.0,153,False,Greedy 선택 후보보다 우선순위가 낮음,0.4,1501,353,4,디저트,351,12.0,3.0,18012.0,B,0.8822434874513435,2,60.0,882.5,0.41,DEAD,0.0,True,60.0,HIGH,유통기한 임박 | 소진일수 882일 초과,0.3,1.5,0.0,SAFE,"재고 여유 — 현재고(353), 재주문점(2)",0.0,62.4,156.0,23407.0,100.0,OVER,과잉 발주 위험 — 현재(353개) > EOQ(62개). 발주 주기 156일 권장,100.0,2.9,0.41,0.58,0.25,STABLE,852.1,0.0,WMA,0.0,36.9,10.0,8.4,6.0,7.5,5.0,POOR,낮은 매칭 · 폐기위험 높음,1.071,51.8,STABLE,35.0,LOW,66.1,MEDIUM,36.4,18.3,70.1,0.3,30.0,37096.0,74.2,0.385,0.385,88.5,False,10.5,420,38.0,212,100.0,0.999,4.9,38.7,50.0,DISCOUNT,79.7,2,99.8,58.5,40.7,disposal_risk,49.1,모니터링,358,HEURISTIC 29% | ABC 14% | TURNOVER 14% | DISPOSAL_RISK 14% | SAFETY_STOCK 8% | EOQ 7% | DEMAND_FORECAST 7% | MATCH 5%,"['⏰ 유통기한 임박 (91%)', '❄️ 냉장·냉동 과잉 (80%)', '💸 배송비 상승 (100%)', '⚡ 복합 스트레스 (60%)']","{'재고위험': '24.9%', '판매가능성': '13.1%', '점포이동적합': '14.0%', '비용절감': '18.3%', '폐기회피이익': '13.7%', '실행가능성': '12.8%', '이력보정': '3.3%'}",True,True,False,True,False,True,39.5,33.2,53.1,61.3,56.5,52.8,50.7,47.3,0.0,12.8,검토,할인 판매,🏷️,458,HIGH,신뢰도 높음 ●,#2e7d32,,,12.8,검토,할인 판매,3,6,False,False,,50.0,14073.0,0.0,14073.0,13.97,0.0,13.97,28.0,0.0,353.0,27.0,할인,재고 이동,66.698,다름,66.698,60.422,28.477,13.351
푸딩047,신촌2점,마포2점,27.0,프로모션 추천,11536.0,프로모션 순비용이 재배치 비용보다 낮습니다.,26.145914904724616,10.775862068965516,12,8,56.9,검토 가능,11536.0,27.0,154,False,Greedy 선택 후보보다 우선순위가 낮음,0.54,1501,318,0,디저트,318,16.0,4.0,24016.0,B,0.8822434874513435,2,60.0,596.2,0.6,DEAD,0.0,True,70.0,HIGH,유통기한 임박 | 소진일수 596일 초과,0.5,2.1,0.0,SAFE,"재고 여유 — 현재고(318), 재주문점(2)",0.0,72.5,134.3,27196.0,100.0,OVER,과잉 발주 위험 — 현재(318개) > EOQ(72개). 발주 주기 134일 권장,100.0,3.9,0.56,0.78,0.33,STABLE,570.8,0.0,WMA,0.0,36.9,10.0,8.4,6.0,7.5,5.0,POOR,낮은 매칭 · 폐기위험 높음,1.058,51.5,STABLE,35.0,LOW,78.3,HIGH,36.4,18.3,70.1,0.3,30.0,37096.0,74.2,0.385,0.385,88.5,False,12.4,304,42.0,95,100.0,0.999,4.9,38.7,50.0,DISCOUNT,79.6,2,99.8,58.5,37.1,disposal_risk,51.6,모니터링,318,HEURISTIC 29% | ABC 14% | TURNOVER 14% | DISPOSAL_RISK 14% | SAFETY_STOCK 8% | EOQ 7% | DEMAND_FORECAST 7% | MATCH 5%,"['⏰ 유통기한 임박 (91%)', '❄️ 냉장·냉동 과잉 (80%)', '💸 배송비 상승 (100%)', '⚡ 복합 스트레스 (60%)']","{'재고위험': '24.9%', '판매가능성': '13.1%', '점포이동적합': '14.0%', '비용절감': '18.3%', '폐기회피이익': '13.7%', '실행가능성': '12.8%', '이력보정': '3.3%'}",True,True,False,True,False,True,44.0,33.2,53.9,61.3,56.5,52.8,51.7,48.5,0.0,17.7,검토,할인 판매,🏷️,432,HIGH,신뢰도 높음 ●,#2e7d32,,,17.7,검토,할인 판매,3,6,False,False,,50.0,16575.0,0.0,16575.0,16.75,0.0,16.75,34.0,0.0,318.0,27.0,할인,재고 이동,63.615,다름,63.615,63.034,29.199,14.118
푸딩047,잠실2점,마포2점,27.0,프로모션 추천,11536.0,프로모션 순비용이 재배치 비용보다 낮습니다.,26.145914904724616,10.775862068965516,12,8,56.9,검토 가능,11536.0,27.0,155,False,Greedy 선택 후보보다 우선순위가 낮음,5.1,1501,326,2,디저트,312,153.0,36.0,229653.0,B,0.8822434874513435,2,60.0,63.9,5.63,SLOW,64.5,True,55.0,MEDIUM,유통기한 임박,4.4,19.7,0.0,SAFE,"재고 여유 — 현재고(326), 재주문점(20)",0.0,222.7,43.7,83578.0,44.4,OPTIMAL,"적정 발주 — EOQ(223개), 권장 발주 주기 44일",44.4,35.9,5.13,7.23,3.02,STABLE,63.6,0.0,WMA,0.0,32.1,10.0,3.6,6.0,7.5,5.0,POOR,낮은 매칭,1.008,50.2,STABLE,12.4,LOW,73.1,HIGH,36.4,18.3,70.1,0.3,30.0,37096.0,74.2,0.385,0.385,88.5,False,9.2,456,29.4,363,100.0,0.999,4.9,38.7,50.0,DISCOUNT,79.5,2,99.8,58.5,43.7,disposal_risk,53.3,모니터링,275,HEURISTIC 29% | ABC 14% | TURNOVER 14% | DISPOSAL_RISK 14% | SAFETY_STOCK 8% | EOQ 7% | DEMAND_FORECAST 7% | MATCH 5%,"['⏰ 유통기한 임박 (91%)', '❄️ 냉장·냉동 과잉 (80%)', '💸 배송비 상승 (100%)', '⚡ 복합 스트레스 (60%)']","{'재고위험': '24.9%', '판매가능성': '13.1%', '점포이동적합': '14.0%', '비용절감': '18.3%', '폐기회피이익': '13.7%', '실행가능성': '12.8%', '이력보정': '3.3%'}",True,True,False,True,False,True,54.3,32.8,49.2,53.0,56.5,52.8,50.0,48.9,0.0,19.5,검토,보류,⏸️,422,HIGH,신뢰도 높음 ●,#2e7d32,,,19.5,검토,보류,4,6,False,False,,50.0,22785.0,0.0,22785.0,23.65,0.0,23.65,47.0,0.0,326.0,27.0,할인,할인,59.849,일치,55.278,59.849,27.149,17.467
빵101,구로2점,노원2점,39.0,재배치 추천,14010.0,프로모션 순비용이 재배치 비용보다 높습니다.,22.91699295223179,15.948275862068966,18,0,56.9,검토 가능,14010.0,39.0,156,False,Greedy 선택 후보보다 우선순위가 낮음,4.62,1530,326,2,디저트,314,139.0,32.0,212670.0,A,0.6777629930142552,1,100.0,70.4,5.12,SLOW,60.9,True,58.2,MEDIUM,유통기한 임박 | 소진일수 70일 초과,4.0,17.9,0.0,SAFE,"재고 여유 — 현재고(326), 재주문점(18)",0.0,210.0,45.5,80312.0,53.3,OVER,과잉 발주 위험 — 현재(322개) > EOQ(210개). 발주 주기 46일 권장,53.3,32.1,4.59,6.49,2.68,STABLE,71.1,0.0,WMA,0.0,36.1,10.0,3.6,10.0,7.5,5.0,POOR,낮은 매칭 · 핵심(A)상품,0.989,49.7,STABLE,14.0,LOW,73.1,HIGH,27.2,76.4,88.0,0.3,30.0,57594.0,100.0,0.385,0.385,88.5,False,10.0,430,31.8,306,100.0,0.999,4.9,51.1,50.0,DISCOUNT,79.3,2,99.8,71.4,28.3,disposal_risk,62.5,검토 필요,92,HEURISTIC 29% | ABC 14% | TURNOVER 14% | DISPOSAL_RISK 14% | SAFETY_STOCK 8% | EOQ 7% | DEMAND_FORECAST 7% | MATCH 5%,"['⏰ 유통기한 임박 (91%)', '❄️ 냉장·냉동 과잉 (80%)', '💸 배송비 상승 (100%)', '⚡ 복합 스트레스 (60%)']","{'재고위험': '24.9%', '판매가능성': '13.1%', '점포이동적합': '14.0%', '비용절감': '18.3%', '폐기회피이익': '13.7%', '실행가능성': '12.8%', '이력보정': '3.3%'}",True,True,False,True,False,True,60.9,32.6,52.7,54.3,72.0,84.1,50.4,57.3,0.0,93.5,최적,보류,⏸️,25,HIGH,신뢰도 높음 ●,#2e7d32,,,93.5,최적,보류,1,2,False,False,,50.0,14010.0,0.0,14010.0,13.9,0.0,13.9,28.0,0.0,326.0,39.0,재고 이동,재고 이동,72.301,일치,72.301,53.497,26.733,16.454
라면066,성수2점,왕십리2점,56.0,재배치 추천,19590.0,프로모션 순비용이 재배치 비용보다 높습니다.,15.634299138606107,23.275862068965516,18,0,56.9,검토 가능,19590.0,56.0,157,False,Greedy 선택 후보보다 우선순위가 낮음,2.25,1422,314,3,간편식,305,68.0,16.0,96696.0,A,0.5693552650486264,1,100.0,138.5,2.6,DEAD,23.1,True,73.0,HIGH,유통기한 임박 | 소진일수 138일 초과,1.9,8.6,0.0,SAFE,"재고 여유 — 현재고(314), 재주문점(9)",0.0,162.0,72.0,50687.0,92.7,OVER,과잉 발주 위험 — 현재(312개) > EOQ(162개). 발주 주기 72일 권장,92.7,15.9,2.27,3.2,1.34,STABLE,138.2,0.0,WMA,0.0,40.9,10.0,8.4,10.0,7.5,5.0,FAIR,보통 매칭 · 폐기위험 높음 · 핵심(A)상품,1.016,50.4,STABLE,27.1,LOW,69.6,MEDIUM,35.3,64.5,83.5,0.3,30.0,75968.0,100.0,0.385,0.385,88.5,False,13.2,245,42.0,95,100.0,0.999,4.9,48.5,50.0,DISCOUNT,79.2,2,99.8,71.4,25.0,disposal_risk,64.0,검토 필요,69,HEURISTIC 29% | ABC 14% | TURNOVER 14% | DISPOSAL_RISK 14% | SAFETY_STOCK 8% | EOQ 7% | DEMAND_FORECAST 7% | MATCH 5%,"['⏰ 유통기한 임박 (91%)', '❄️ 냉장·냉동 과잉 (80%)', '💸 배송비 상승 (100%)', '⚡ 복합 스트레스 (60%)']","{'재고위험': '24.9%', '판매가능성': '13.1%', '점포이동적합': '14.0%', '비용절감': '18.3%', '폐기회피이익': '13.7%', '실행가능성': '12.8%', '이력보정': '3.3%'}",True,True,False,True,False,True,57.5,32.8,56.7,60.2,72.0,77.2,52.2,57.3,0.0,92.6,최적,할인 판매,🏷️,30,HIGH,신뢰도 높음 ●,#2e7d32,,,92.6,최적,할인 판매,1,6,False,False,,50.0,19590.0,0.0,19590.0,20.1,0.0,20.1,40.0,0.0,314.0,56.0,재고 이동,재고 이동,72.61,일치,72.61,61.87,30.353,15.877
딸기우유064,신림점,목동2점,16.0,프로모션 추천,8003.0,프로모션 순비용이 재배치 비용보다 낮습니다.,30.75698251109371,6.0344827586206895,12,8,56.8,검토 가능,8003.0,16.0,158,False,Greedy 선택 후보보다 우선순위가 낮음,5.02,1744,318,2,유제품,304,151.0,35.0,263344.0,A,0.7116460387421867,1,100.0,63.2,5.7,SLOW,64.9,True,62.6,HIGH,유통기한 임박 | 신선/냉장 고위험 카테고리,4.3,19.4,0.0,SAFE,"재고 여유 — 현재고(318), 재주문점(19)",0.0,173.3,34.5,105756.0,81.0,OVER,과잉 발주 위험 — 현재(314개) > EOQ(173개). 발주 주기 34일 권장,81.0,35.1,5.01,7.09,2.94,STABLE,63.4,0.0,WMA,0.0,40.9,10.0,8.4,10.0,7.5,5.0,FAIR,보통 매칭 · 폐기위험 높음 · 핵심(A)상품,0.996,49.9,STABLE,12.4,LOW,73.1,HIGH,31.4,80.7,77.5,0.3,30.0,25482.0,51.0,0.385,0.385,88.5,True,11.3,402,34.2,282,100.0,0.999,4.9,44.5,50.0,DISCOUNT,79.1,2,99.8,46.9,27.3,disposal_risk,67.4,검토 필요,27,HEURISTIC 29% | ABC 14% | TURNOVER 14% | DISPOSAL_RISK 14% | SAFETY_STOCK 8% | EOQ 7% | DEMAND_FORECAST 7% | MATCH 5%,"['⏰ 유통기한 임박 (91%)', '❄️ 냉장·냉동 과잉 (80%)', '💸 배송비 상승 (100%)', '⚡ 복합 스트레스 (60%)']","{'재고위험': '24.9%', '판매가능성': '13.1%', '점포이동적합': '14.0%', '비용절감': '18.3%', '폐기회피이익': '13.7%', '실행가능성': '12.8%', '이력보정': '3.3%'}",True,True,False,True,False,True,63.9,32.7,54.7,58.4,42.6,78.6,51.1,54.4,0.0,64.3,검토,할인 판매,🏷️,182,HIGH,신뢰도 높음 ●,#2e7d32,,,64.3,검토,할인 판매,1,4,False,False,,50.0,15765.0,0.0,15765.0,15.85,0.0,15.85,32.0,0.0,318.0,16.0,할인,재고 이동,65.857,다름,65.857,54.343,26.336,17.085
딸기우유064,건대점,명동점,16.0,프로모션 추천,8003.0,프로모션 순비용이 재배치 비용보다 낮습니다.,30.75698251109371,6.0344827586206895,12,8,56.8,검토 가능,8003.0,16.0,159,False,Greedy 선택 후보보다 우선순위가 낮음,3.68,1744,323,4,유제품,303,110.0,26.0,191840.0,A,0.7116460387421867,1,100.0,88.1,4.09,SLOW,51.1,True,67.0,HIGH,유통기한 임박 | 소진일수 88일 초과 | 신선/냉장 고위험 카테고리,3.2,14.2,0.0,SAFE,"재고 여유 — 현재고(323), 재주문점(14)",0.0,148.3,40.3,90548.0,100.0,OVER,과잉 발주 위험 — 현재(320개) > EOQ(148개). 발주 주기 40일 권장,100.0,25.9,3.7,5.22,2.18,STABLE,87.3,0.0,WMA,0.0,40.9,10.0,8.4,10.0,7.5,5.0,FAIR,보통 매칭 · 폐기위험 높음 · 핵심(A)상품,1.009,50.2,STABLE,17.1,LOW,66.1,MEDIUM,33.1,50.9,53.5,0.3,30.0,25482.0,51.0,0.385,0.385,88.5,True,12.1,333,37.1,227,100.0,0.999,4.9,19.6,50.0,DISCOUNT,78.9,2,99.8,46.9,28.1,disposal_risk,67.6,검토 필요,24,HEURISTIC 29% | ABC 14% | TURNOVER 14% | DISPOSAL_RISK 14% | SAFETY_STOCK 8% | EOQ 7% | DEMAND_FORECAST 7% | MATCH 5%,"['⏰ 유통기한 임박 (91%)', '❄️ 냉장·냉동 과잉 (80%)', '💸 배송비 상승 (100%)', '⚡ 복합 스트레스 (60%)']","{'재고위험': '24.9%', '판매가능성': '13.1%', '점포이동적합': '14.0%', '비용절감': '18.3%', '폐기회피이익': '13.7%', '실행가능성': '12.8%', '이력보정': '3.3%'}",True,True,False,True,False,True,62.2,32.8,52.8,61.2,42.6,52.6,51.6,50.9,0.0,29.6,검토,할인 판매,🏷️,368,HIGH,신뢰도 높음 ●,#2e7d32,,,29.6,검토,할인 판매,3,5,False,False,,50.0,21336.0,0.0,21336.0,22.04,0.0,22.04,44.0,0.0,323.0,16.0,할인,재고 이동,61.004,다름,61.004,59.812,27.944,17.501
딸기우유064,건대점,목동2점,16.0,프로모션 추천,8003.0,프로모션 순비용이 재배치 비용보다 낮습니다.,30.75698251109371,6.0344827586206895,12,8,56.8,검토 가능,8003.0,16.0,160,False,Greedy 선택 후보보다 우선순위가 낮음,3.68,1744,323,4,유제품,303,110.0,26.0,191840.0,A,0.7116460387421867,1,100.0,88.1,4.09,SLOW,51.1,True,67.0,HIGH,유통기한 임박 | 소진일수 88일 초과 | 신선/냉장 고위험 카테고리,3.2,14.2,0.0,SAFE,"재고 여유 — 현재고(323), 재주문점(14)",0.0,148.3,40.3,90548.0,100.0,OVER,과잉 발주 위험 — 현재(320개) > EOQ(148개). 발주 주기 40일 권장,100.0,25.9,3.7,5.22,2.18,STABLE,87.3,0.0,WMA,0.0,40.9,10.0,8.4,10.0,7.5,5.0,FAIR,보통 매칭 · 폐기위험 높음 · 핵심(A)상품,1.009,50.2,STABLE,17.1,LOW,66.1,MEDIUM,31.4,80.7,77.5,0.3,30.0,25482.0,51.0,0.385,0.385,88.5,True,12.1,333,37.1,227,100.0,0.999,4.9,44.5,50.0,DISCOUNT,78.8,2,99.8,46.9,28.1,disposal_risk,67.6,검토 필요,23,HEURISTIC 29% | ABC 14% | TURNOVER 14% | DISPOSAL_RISK 14% | SAFETY_STOCK 8% | EOQ 7% | DEMAND_FORECAST 7% | MATCH 5%,"['⏰ 유통기한 임박 (91%)', '❄️ 냉장·냉동 과잉 (80%)', '💸 배송비 상승 (100%)', '⚡ 복합 스트레스 (60%)']","{'재고위험': '24.9%', '판매가능성': '13.1%', '점포이동적합': '14.0%', '비용절감': '18.3%', '폐기회피이익': '13.7%', '실행가능성': '12.8%', '이력보정': '3.3%'}",True,True,False,True,False,True,62.2,32.8,55.3,61.2,42.6,78.6,51.6,54.6,0.0,67.6,권장,할인 판매,🏷️,164,HIGH,신뢰도 높음 ●,#2e7d32,,,67.6,권장,할인 판매,3,4,False,False,,50.0,22695.0,0.0,22695.0,23.55,0.0,23.55,47.0,0.0,323.0,16.0,할인,할인,60.694,일치,59.534,60.694,28.124,17.738
딸기우유064,이태원점,명동점,16.0,프로모션 추천,8003.0,프로모션 순비용이 재배치 비용보다 낮습니다.,30.75698251109371,6.0344827586206895,12,8,56.8,검토 가능,8003.0,16.0,161,False,Greedy 선택 후보보다 우선순위가 낮음,3.51,1744,350,2,유제품,341,105.0,25.0,183120.0,A,0.7116460387421867,1,100.0,100.0,3.6,DEAD,44.4,True,76.0,HIGH,유통기한 임박 | 소진일수 100일 초과 | 신선/냉장 고위험 카테고리,3.0,13.5,0.0,SAFE,"재고 여유 — 현재고(350), 재주문점(14)",0.0,144.9,41.3,88432.0,100.0,OVER,과잉 발주 위험 — 현재(347개) > EOQ(145개). 발주 주기 41일 권장,100.0,24.8,3.54,4.99,2.09,STABLE,98.8,0.0,WMA,0.0,40.9,10.0,8.4,10.0,7.5,5.0,FAIR,보통 매칭 · 폐기위험 높음 · 핵심(A)상품,1.018,50.4,STABLE,19.4,LOW,73.1,HIGH,33.1,50.9,53.5,0.3,30.0,25482.0,51.0,0.385,0.385,88.5,True,13.8,181,41.3,123,100.0,0.999,4.9,19.6,50.0,DISCOUNT,78.7,2,99.8,46.9,26.1,disposal_risk,68.7,검토 필요,18,HEURISTIC 29% | ABC 14% | TURNOVER 14% | DISPOSAL_RISK 14% | SAFETY_STOCK 8% | EOQ 7% | DEMAND_FORECAST 7% | MATCH 5%,"['⏰ 유통기한 임박 (91%)', '❄️ 냉장·냉동 과잉 (80%)', '💸 배송비 상승 (100%)', '⚡ 복합 스트레스 (60%)']","{'재고위험': '24.9%', '판매가능성': '13.1%', '점포이동적합': '14.0%', '비용절감': '18.3%', '폐기회피이익': '13.7%', '실행가능성': '12.8%', '이력보정': '3.3%'}",True,True,False,True,False,True,64.5,32.8,53.6,61.2,42.6,52.6,52.5,51.6,0.0,35.8,검토,할인 판매,🏷️,335,HIGH,신뢰도 높음 ●,#2e7d32,,,35.8,검토,할인 판매,7,5,False,False,,50.0,26466.0,0.0,26466.0,27.74,0.0,27.74,55.0,0.0,350.0,16.0,할인,할인,65.806,일치,56.996,65.806,29.652,18.343
딸기우유064,이태원점,목동2점,16.0,프로모션 추천,8003.0,프로모션 순비용이 재배치 비용보다 낮습니다.,30.75698251109371,6.0344827586206895,12,8,56.8,검토 가능,8003.0,16.0,162,False,Greedy 선택 후보보다 우선순위가 낮음,3.51,1744,350,2,유제품,341,105.0,25.0,183120.0,A,0.7116460387421867,1,100.0,100.0,3.6,DEAD,44.4,True,76.0,HIGH,유통기한 임박 | 소진일수 100일 초과 | 신선/냉장 고위험 카테고리,3.0,13.5,0.0,SAFE,"재고 여유 — 현재고(350), 재주문점(14)",0.0,144.9,41.3,88432.0,100.0,OVER,과잉 발주 위험 — 현재(347개) > EOQ(145개). 발주 주기 41일 권장,100.0,24.8,3.54,4.99,2.09,STABLE,98.8,0.0,WMA,0.0,40.9,10.0,8.4,10.0,7.5,5.0,FAIR,보통 매칭 · 폐기위험 높음 · 핵심(A)상품,1.018,50.4,STABLE,19.4,LOW,73.1,HIGH,31.4,80.7,77.5,0.3,30.0,25482.0,51.0,0.385,0.385,88.5,True,13.8,181,41.3,123,100.0,0.999,4.9,44.5,50.0,DISCOUNT,78.5,2,99.8,46.9,26.1,disposal_risk,68.7,검토 필요,19,HEURISTIC 29% | ABC 14% | TURNOVER 14% | DISPOSAL_RISK 14% | SAFETY_STOCK 8% | EOQ 7% | DEMAND_FORECAST 7% | MATCH 5%,"['⏰ 유통기한 임박 (91%)', '❄️ 냉장·냉동 과잉 (80%)', '💸 배송비 상승 (100%)', '⚡ 복합 스트레스 (60%)']","{'재고위험': '24.9%', '판매가능성': '13.1%', '점포이동적합': '14.0%', '비용절감': '18.3%', '폐기회피이익': '13.7%', '실행가능성': '12.8%', '이력보정': '3.3%'}",True,True,False,True,False,True,64.5,32.8,56.1,61.2,42.6,78.6,52.5,55.3,0.0,76.8,권장,할인 판매,🏷️,115,HIGH,신뢰도 높음 ●,#2e7d32,,,76.8,권장,할인 판매,7,4,False,False,,50.0,35790.0,0.0,35790.0,38.1,0.0,38.1,76.0,0.0,350.0,16.0,할인,할인,71.769,일치,48.978,71.769,30.679,19.215
과일컵009,강남점,여의도점,23.0,프로모션 추천,10303.0,프로모션 순비용이 재배치 비용보다 낮습니다.,27.755155311929,9.051724137931034,12,8,56.8,검토 가능,10303.0,23.0,163,False,Greedy 선택 후보보다 우선순위가 낮음,8.72,1570,282,0,신선식품,270,262.0,61.0,411340.0,A,0.36475460817772537,1,100.0,32.3,11.15,NORMAL,82.1,False,51.2,MEDIUM,유통기한 임박 | 신선/냉장 고위험 카테고리,7.5,33.7,0.0,SAFE,"재고 여유 — 현재고(282), 재주문점(34)",0.0,240.7,27.6,132248.0,14.0,OPTIMAL,"적정 발주 — EOQ(241개), 권장 발주 주기 28일",14.0,61.0,8.71,12.31,5.12,STABLE,32.4,3.7,WMA,3.7,36.3,10.0,3.78,10.0,7.5,5.0,POOR,낮은 매칭 · 핵심(A)상품,0.999,50.0,STABLE,6.3,LOW,78.3,HIGH,37.3,75.5,67.7,0.3,30.0,33029.0,66.1,0.385,0.385,88.5,True,40.1,12,27.5,403,100.0,0.999,4.9,36.5,50.0,DISCOUNT,78.4,2,99.8,54.4,25.4,turnover,64.2,검토 필요,67,HEURISTIC 29% | ABC 14% | TURNOVER 14% | DISPOSAL_RISK 14% | SAFETY_STOCK 8% | EOQ 7% | DEMAND_FORECAST 7% | MATCH 5%,"['⏰ 유통기한 임박 (91%)', '❄️ 냉장·냉동 과잉 (80%)', '💸 배송비 상승 (100%)', '⚡ 복합 스트레스 (60%)']","{'재고위험': '24.9%', '판매가능성': '13.1%', '점포이동적합': '14.0%', '비용절감': '18.3%', '폐기회피이익': '13.7%', '실행가능성': '12.8%', '이력보정': '3.3%'}",True,True,False,True,False,True,63.3,34.6,50.5,48.3,51.7,70.3,67.0,52.2,0.0,41.9,검토,보류,⏸️,302,HIGH,신뢰도 높음 ●,#2e7d32,,,41.9,검토,보류,0,2,False,False,,50.0,21435.0,0.0,21435.0,22.15,0.0,22.15,44.0,0.0,282.0,23.0,할인,재고 이동,56.21,다름,56.21,53.868,24.912,18.995
과일컵009,청량리2점,여의도점,23.0,프로모션 추천,10303.0,프로모션 순비용이 재배치 비용보다 낮습니다.,27.755155311929,9.051724137931034,12,8,56.8,검토 가능,10303.0,23.0,164,False,Greedy 선택 후보보다 우선순위가 낮음,5.14,1570,352,1,신선식품,345,154.0,36.0,241780.0,A,0.36475460817772537,1,100.0,68.6,5.25,SLOW,61.9,True,67.3,HIGH,유통기한 임박 | 소진일수 69일 초과 | 신선/냉장 고위험 카테고리,4.4,19.8,0.0,SAFE,"재고 여유 — 현재고(352), 재주문점(20)",0.0,184.8,36.0,101534.0,88.1,OVER,과잉 발주 위험 — 현재(348개) > EOQ(185개). 발주 주기 36일 권장,88.1,36.0,5.14,7.26,3.02,STABLE,68.4,0.0,WMA,0.0,40.9,10.0,8.4,10.0,7.5,5.0,FAIR,보통 매칭 · 폐기위험 높음 · 핵심(A)상품,1.001,50.0,STABLE,13.3,LOW,76.6,HIGH,37.3,75.5,67.7,0.3,30.0,33029.0,66.1,0.385,0.385,88.5,True,12.2,327,36.3,242,100.0,0.999,4.9,36.5,50.0,DISCOUNT,78.3,2,99.8,54.4,27.0,disposal_risk,68.6,검토 필요,20,HEURISTIC 29% | ABC 14% | TURNOVER 14% | DISPOSAL_RISK 14% | SAFETY_STOCK 8% | EOQ 7% | DEMAND_FORECAST 7% | MATCH 5%,"['⏰ 유통기한 임박 (91%)', '❄️ 냉장·냉동 과잉 (80%)', '💸 배송비 상승 (100%)', '⚡ 복합 스트레스 (60%)']","{'재고위험': '24.9%', '판매가능성': '13.1%', '점포이동적합': '14.0%', '비용절감': '18.3%', '폐기회피이익': '13.7%', '실행가능성': '12.8%', '이력보정': '3.3%'}",True,True,False,True,False,True,65.2,32.7,54.3,59.5,51.7,70.3,51.6,55.0,0.0,73.4,권장,할인 판매,🏷️,133,HIGH,신뢰도 높음 ●,#2e7d32,,,73.4,권장,할인 판매,1,2,False,False,,50.0,23514.0,0.0,23514.0,24.46,0.0,24.46,49.0,0.0,352.0,23.0,할인,재고 이동,61.282,다름,61.282,61.057,28.506,18.193
차음료020,신림2점,강남점,25.0,프로모션 추천,11071.0,프로모션 순비용이 재배치 비용보다 낮습니다.,26.752806055860088,9.913793103448276,12,8,56.7,검토 가능,11071.0,25.0,165,False,Greedy 선택 후보보다 우선순위가 낮음,2.56,1553,345,0,음료,342,77.0,18.0,119581.0,B,0.8486147856750119,2,60.0,134.4,2.68,DEAD,25.3,True,70.0,HIGH,유통기한 임박 | 소진일수 134일 초과,2.2,9.9,0.0,SAFE,"재고 여유 — 현재고(345), 재주문점(10)",0.0,182.8,71.4,51108.0,87.5,OVER,과잉 발주 위험 — 현재(343개) > EOQ(183개). 발주 주기 71일 권장,87.5,18.0,2.57,3.63,1.52,STABLE,134.2,0.0,WMA,0.0,36.9,10.0,8.4,6.0,7.5,5.0,POOR,낮은 매칭 · 폐기위험 높음,1.004,50.1,STABLE,26.2,LOW,78.3,HIGH,31.9,38.9,80.3,0.3,30.0,35519.0,71.0,0.385,0.385,88.5,False,12.5,293,39.8,170,100.0,0.999,4.9,46.4,50.0,DISCOUNT,78.1,2,99.8,56.8,43.0,disposal_risk,54.7,모니터링,244,HEURISTIC 29% | ABC 14% | TURNOVER 14% | DISPOSAL_RISK 14% | SAFETY_STOCK 8% | EOQ 7% | DEMAND_FORECAST 7% | MATCH 5%,"['⏰ 유통기한 임박 (91%)', '❄️ 냉장·냉동 과잉 (80%)', '💸 배송비 상승 (100%)', '⚡ 복합 스트레스 (60%)']","{'재고위험': '24.9%', '판매가능성': '13.1%', '점포이동적합': '14.0%', '비용절감': '18.3%', '폐기회피이익': '13.7%', '실행가능성': '12.8%', '이력보정': '3.3%'}",True,True,False,True,False,True,50.7,32.7,54.2,59.3,54.6,66.5,51.8,51.3,0.0,32.2,검토,할인 판매,🏷️,354,HIGH,신뢰도 높음 ●,#2e7d32,,,32.2,검토,할인 판매,2,0,False,False,,50.0,17565.0,0.0,17565.0,17.85,0.0,17.85,36.0,0.0,345.0,25.0,할인,재고 이동,63.197,다름,63.197,62.282,28.88,15.209
차음료020,왕십리2점,강남점,25.0,프로모션 추천,11071.0,프로모션 순비용이 재배치 비용보다 낮습니다.,26.752806055860088,9.913793103448276,12,8,56.7,검토 가능,11071.0,25.0,166,False,Greedy 선택 후보보다 우선순위가 낮음,5.14,1553,335,3,음료,314,154.0,36.0,239162.0,B,0.8486147856750119,2,60.0,65.3,5.52,SLOW,63.7,True,55.6,MEDIUM,유통기한 임박,4.4,19.8,0.0,SAFE,"재고 여유 — 현재고(335), 재주문점(20)",0.0,259.1,50.4,72419.0,27.6,OPTIMAL,"적정 발주 — EOQ(259개), 권장 발주 주기 50일",27.6,36.0,5.14,7.26,3.02,STABLE,65.1,0.0,WMA,0.0,32.1,10.0,3.6,6.0,7.5,5.0,POOR,낮은 매칭,1.001,50.0,STABLE,12.7,LOW,69.6,MEDIUM,31.9,38.9,80.3,0.3,30.0,35519.0,71.0,0.385,0.385,88.5,False,9.3,451,29.7,355,100.0,0.999,4.9,46.4,50.0,DISCOUNT,78.0,2,99.8,56.8,43.9,disposal_risk,51.9,모니터링,310,HEURISTIC 29% | ABC 14% | TURNOVER 14% | DISPOSAL_RISK 14% | SAFETY_STOCK 8% | EOQ 7% | DEMAND_FORECAST 7% | MATCH 5%,"['⏰ 유통기한 임박 (91%)', '❄️ 냉장·냉동 과잉 (80%)', '💸 배송비 상승 (100%)', '⚡ 복합 스트레스 (60%)']","{'재고위험': '24.9%', '판매가능성': '13.1%', '점포이동적합': '14.0%', '비용절감': '18.3%', '폐기회피이익': '13.7%', '실행가능성': '12.8%', '이력보정': '3.3%'}",True,True,False,True,False,True,54.4,32.7,50.0,50.3,54.6,66.5,50.0,50.0,0.0,23.5,검토,보류,⏸️,401,HIGH,신뢰도 높음 ●,#2e7d32,,,23.5,검토,보류,6,0,False,False,,50.0,18177.0,0.0,18177.0,18.53,0.0,18.53,37.0,0.0,335.0,25.0,할인,재고 이동,58.981,다름,58.981,57.13,26.293,16.833
탄산음료116,청량리점,잠원2점,34.0,재배치 추천,12498.0,프로모션 순비용이 재배치 비용보다 높습니다.,24.890368050117463,13.793103448275861,18,0,56.7,검토 가능,12498.0,34.0,167,False,Greedy 선택 후보보다 우선순위가 낮음,8.08,2699,359,6,음료,292,242.0,57.0,653158.0,A,0.41626294718817425,1,100.0,44.5,8.09,NORMAL,75.3,False,37.2,LOW,유통기한 임박,6.9,31.1,0.0,SAFE,"재고 여유 — 현재고(359), 재주문점(31)",0.0,246.4,30.5,119699.0,42.9,OPTIMAL,"적정 발주 — EOQ(246개), 권장 발주 주기 30일",42.9,56.8,8.11,11.45,4.78,STABLE,44.2,2.1,WMA,2.1,32.6,10.0,0.11,10.0,7.5,5.0,POOR,낮은 매칭 · 핵심(A)상품,1.008,50.2,STABLE,8.6,LOW,59.1,MEDIUM,36.7,61.1,64.3,0.3,30.0,97621.0,100.0,0.385,0.385,88.5,False,22.9,61,21.6,492,100.0,0.999,4.9,33.1,50.0,DISCOUNT,77.9,2,99.8,71.3,26.3,turnover,59.2,검토 필요,139,HEURISTIC 29% | ABC 14% | TURNOVER 14% | DISPOSAL_RISK 14% | SAFETY_STOCK 8% | EOQ 7% | DEMAND_FORECAST 7% | MATCH 5%,"['⏰ 유통기한 임박 (91%)', '❄️ 냉장·냉동 과잉 (80%)', '💸 배송비 상승 (100%)', '⚡ 복합 스트레스 (60%)']","{'재고위험': '24.9%', '판매가능성': '13.1%', '점포이동적합': '14.0%', '비용절감': '18.3%', '폐기회피이익': '13.7%', '실행가능성': '12.8%', '이력보정': '3.3%'}",True,True,False,True,False,True,55.2,33.8,47.3,52.6,72.0,63.2,57.5,52.4,0.0,43.6,검토,보류,⏸️,293,HIGH,신뢰도 높음 ●,#2e7d32,,,43.6,검토,보류,2,2,True,False,,50.0,12498.0,0.0,12498.0,12.22,0.0,12.22,24.0,0.0,359.0,34.0,재고 이동,재고 이동,71.53,일치,71.53,49.352,25.006,16.111
아이스라떼060,합정점,역삼2점,37.0,재배치 추천,13632.0,프로모션 순비용이 재배치 비용보다 높습니다.,23.41033672670321,15.086206896551724,18,0,56.5,검토 가능,13632.0,37.0,168,False,Greedy 선택 후보보다 우선순위가 낮음,8.88,3510,301,1,유제품,289,266.0,62.0,933660.0,A,0.19496939414720207,1,100.0,33.9,10.6,NORMAL,81.2,False,48.0,MEDIUM,유통기한 임박 | 신선/냉장 고위험 카테고리,7.6,34.2,0.0,SAFE,"재고 여유 — 현재고(301), 재주문점(34)",0.0,162.4,18.3,199545.0,80.7,OVER,과잉 발주 위험 — 현재(293개) > EOQ(162개). 발주 주기 18일 권장,80.7,62.1,8.87,12.53,5.21,STABLE,33.9,3.5,WMA,3.5,36.3,10.0,3.77,10.0,7.5,5.0,POOR,낮은 매칭 · 핵심(A)상품,0.997,49.9,STABLE,6.7,LOW,76.6,HIGH,35.3,36.3,72.3,0.3,30.0,142212.0,100.0,0.385,0.385,88.5,True,37.9,22,26.3,429,100.0,0.999,4.9,40.5,50.0,DISCOUNT,77.7,2,99.8,71.3,25.7,turnover,67.5,검토 필요,26,HEURISTIC 29% | ABC 14% | TURNOVER 14% | DISPOSAL_RISK 14% | SAFETY_STOCK 8% | EOQ 7% | DEMAND_FORECAST 7% | MATCH 5%,"['⏰ 유통기한 임박 (91%)', '❄️ 냉장·냉동 과잉 (80%)', '💸 배송비 상승 (100%)', '⚡ 복합 스트레스 (60%)']","{'재고위험': '24.9%', '판매가능성': '13.1%', '점포이동적합': '14.0%', '비용절감': '18.3%', '폐기회피이익': '13.7%', '실행가능성': '12.8%', '이력보정': '3.3%'}",True,True,False,True,False,True,61.6,34.4,50.6,58.2,72.0,60.3,65.8,55.1,0.0,75.1,권장,보류,⏸️,124,HIGH,신뢰도 높음 ●,#2e7d32,,,75.1,권장,보류,6,2,False,False,,50.0,13632.0,0.0,13632.0,13.48,0.0,13.48,27.0,0.0,301.0,37.0,재고 이동,재고 이동,72.553,일치,72.553,49.571,25.798,16.513
마카롱026,동대문2점,왕십리2점,60.0,재배치 추천,21201.0,프로모션 순비용이 재배치 비용보다 높습니다.,13.531714956930305,25.0,18,0,56.5,검토 가능,21201.0,60.0,169,False,Greedy 선택 후보보다 우선순위가 낮음,8.78,2160,288,6,디저트,215,263.0,61.0,568080.0,A,0.2761574542214094,1,100.0,32.9,10.96,NORMAL,81.7,False,31.4,LOW,유통기한 임박,7.5,33.8,0.0,SAFE,"재고 여유 — 현재고(288), 재주문점(34)",0.0,243.6,27.7,131550.0,15.1,OPTIMAL,"적정 발주 — EOQ(244개), 권장 발주 주기 28일",15.1,61.2,8.74,12.36,5.12,STABLE,32.9,3.6,WMA,3.6,32.7,10.0,0.18,10.0,7.5,5.0,POOR,낮은 매칭 · 핵심(A)상품,0.993,49.8,STABLE,6.6,LOW,59.1,MEDIUM,35.3,64.5,83.5,0.3,30.0,134319.0,100.0,0.385,0.385,88.5,False,38.2,20,18.9,498,100.0,0.999,4.9,48.5,50.0,DISCOUNT,77.6,2,99.8,71.3,24.4,turnover,57.8,검토 필요,172,HEURISTIC 29% | ABC 14% | TURNOVER 14% | DISPOSAL_RISK 14% | SAFETY_STOCK 8% | EOQ 7% | DEMAND_FORECAST 7% | MATCH 5%,"['⏰ 유통기한 임박 (91%)', '❄️ 냉장·냉동 과잉 (80%)', '💸 배송비 상승 (100%)', '⚡ 복합 스트레스 (60%)']","{'재고위험': '24.9%', '판매가능성': '13.1%', '점포이동적합': '14.0%', '비용절감': '18.3%', '폐기회피이익': '13.7%', '실행가능성': '12.8%', '이력보정': '3.3%'}",True,True,False,True,False,True,54.3,34.4,48.3,48.3,72.0,77.2,65.9,53.4,0.0,53.8,검토,보류,⏸️,238,HIGH,신뢰도 높음 ●,#2e7d32,,,53.8,검토,보류,2,6,False,False,,50.0,21201.0,0.0,21201.0,21.89,0.0,21.89,44.0,0.0,288.0,60.0,재고 이동,재고 이동,64.902,일치,64.902,50.479,25.279,17.806
라면055,종로2점,구로점,47.0,프로모션 추천,18558.0,프로모션 순비용이 재배치 비용보다 낮습니다.,16.981205951448707,19.396551724137932,12,8,56.4,검토 가능,18558.0,47.0,170,False,Greedy 선택 후보보다 우선순위가 낮음,5.01,1393,365,5,간편식,330,150.0,35.0,208950.0,A,0.6891881063563887,1,100.0,73.0,4.93,SLOW,59.4,True,56.5,MEDIUM,유통기한 임박 | 소진일수 73일 초과,4.3,19.3,0.0,SAFE,"재고 여유 — 현재고(365), 재주문점(19)",0.0,244.3,48.8,74860.0,47.6,OPTIMAL,"적정 발주 — EOQ(244개), 권장 발주 주기 49일",47.6,35.0,5.0,7.07,2.93,STABLE,73.0,0.0,WMA,0.0,36.1,10.0,3.6,10.0,7.5,5.0,POOR,낮은 매칭 · 핵심(A)상품,0.998,50.0,STABLE,14.2,LOW,62.6,MEDIUM,29.7,60.3,79.5,0.3,30.0,60007.0,100.0,0.385,0.385,88.5,False,9.8,434,31.2,317,100.0,0.999,4.9,45.9,50.0,DISCOUNT,77.5,2,99.8,71.3,28.7,disposal_risk,60.9,검토 필요,108,HEURISTIC 29% | ABC 14% | TURNOVER 14% | DISPOSAL_RISK 14% | SAFETY_STOCK 8% | EOQ 7% | DEMAND_FORECAST 7% | MATCH 5%,"['⏰ 유통기한 임박 (91%)', '❄️ 냉장·냉동 과잉 (80%)', '💸 배송비 상승 (100%)', '⚡ 복합 스트레스 (60%)']","{'재고위험': '24.9%', '판매가능성': '13.1%', '점포이동적합': '14.0%', '비용절감': '18.3%', '폐기회피이익': '13.7%', '실행가능성': '12.8%', '이력보정': '3.3%'}",True,True,False,True,False,True,59.7,32.7,52.1,53.2,72.0,73.1,50.3,55.3,0.0,77.9,권장,보류,⏸️,109,HIGH,신뢰도 높음 ●,#2e7d32,,,77.9,권장,보류,7,2,False,False,,50.0,25071.0,0.0,25071.0,26.19,0.0,26.19,52.0,0.0,365.0,47.0,할인,재고 이동,63.002,다름,63.002,59.928,28.404,18.041
라면055,교대2점,구로점,47.0,프로모션 추천,18558.0,프로모션 순비용이 재배치 비용보다 낮습니다.,16.981205951448707,19.396551724137932,12,8,56.4,검토 가능,18558.0,47.0,171,False,Greedy 선택 후보보다 우선순위가 낮음,3.49,1393,272,2,간편식,263,105.0,24.0,146265.0,A,0.6891881063563887,1,100.0,77.7,4.63,SLOW,56.8,True,66.9,HIGH,유통기한 임박 | 소진일수 78일 초과,3.0,13.5,0.0,SAFE,"재고 여유 — 현재고(272), 재주문점(14)",0.0,203.9,58.4,62481.0,31.9,OPTIMAL,"적정 발주 — EOQ(204개), 권장 발주 주기 58일",31.9,24.2,3.46,4.9,2.02,STABLE,78.7,0.0,WMA,0.0,40.9,10.0,8.4,10.0,7.5,5.0,FAIR,보통 매칭 · 폐기위험 높음 · 핵심(A)상품,0.982,49.6,STABLE,15.6,LOW,73.1,HIGH,29.7,60.3,79.5,0.3,30.0,60007.0,100.0,0.385,0.385,88.5,False,12.1,333,36.7,236,100.0,0.999,4.9,45.9,50.0,DISCOUNT,77.3,2,99.8,71.3,27.7,disposal_risk,63.3,검토 필요,79,HEURISTIC 29% | ABC 14% | TURNOVER 14% | DISPOSAL_RISK 14% | SAFETY_STOCK 8% | EOQ 7% | DEMAND_FORECAST 7% | MATCH 5%,"['⏰ 유통기한 임박 (91%)', '❄️ 냉장·냉동 과잉 (80%)', '💸 배송비 상승 (100%)', '⚡ 복합 스트레스 (60%)']","{'재고위험': '24.9%', '판매가능성': '13.1%', '점포이동적합': '14.0%', '비용절감': '18.3%', '폐기회피이익': '13.7%', '실행가능성': '12.8%', '이력보정': '3.3%'}",True,True,False,True,False,True,63.7,32.6,55.3,50.8,72.0,73.1,51.6,56.4,0.0,87.4,최적,할인 판매,🏷️,58,HIGH,신뢰도 높음 ●,#2e7d32,,,87.4,최적,할인 판매,4,2,False,False,,50.0,31038.0,0.0,31038.0,32.82,0.0,32.82,66.0,0.0,272.0,47.0,할인,할인,63.724,일치,53.904,63.724,28.757,19.335
빵101,구로2점,명동점,30.0,프로모션 추천,13079.0,프로모션 순비용이 재배치 비용보다 낮습니다.,24.13208039676325,12.068965517241379,12,8,56.2,검토 가능,13079.0,30.0,172,False,Greedy 선택 후보보다 우선순위가 낮음,4.62,1530,326,2,디저트,314,139.0,32.0,212670.0,A,0.6777629930142552,1,100.0,70.4,5.12,SLOW,60.9,True,58.2,MEDIUM,유통기한 임박 | 소진일수 70일 초과,4.0,17.9,0.0,SAFE,"재고 여유 — 현재고(326), 재주문점(18)",0.0,210.0,45.5,80312.0,53.3,OVER,과잉 발주 위험 — 현재(322개) > EOQ(210개). 발주 주기 46일 권장,53.3,32.1,4.59,6.49,2.68,STABLE,71.1,0.0,WMA,0.0,36.1,10.0,3.6,10.0,7.5,5.0,POOR,낮은 매칭 · 핵심(A)상품,0.989,49.7,STABLE,14.0,LOW,73.1,HIGH,28.9,50.9,53.5,0.3,30.0,42001.0,84.0,0.385,0.385,88.5,False,10.1,428,31.8,306,100.0,0.999,4.9,19.6,50.0,DISCOUNT,77.2,2,99.8,63.2,28.3,disposal_risk,61.8,검토 필요,102,HEURISTIC 29% | ABC 14% | TURNOVER 14% | DISPOSAL_RISK 14% | SAFETY_STOCK 8% | EOQ 7% | DEMAND_FORECAST 7% | MATCH 5%,"['⏰ 유통기한 임박 (91%)', '❄️ 냉장·냉동 과잉 (80%)', '💸 배송비 상승 (100%)', '⚡ 복합 스트레스 (60%)']","{'재고위험': '24.9%', '판매가능성': '13.1%', '점포이동적합': '14.0%', '비용절감': '18.3%', '폐기회피이익': '13.7%', '실행가능성': '12.8%', '이력보정': '3.3%'}",True,True,False,True,False,True,60.9,32.6,49.6,53.9,62.4,52.6,50.5,51.5,0.0,34.3,검토,보류,⏸️,343,HIGH,신뢰도 높음 ●,#2e7d32,,,34.3,검토,보류,1,5,False,False,,50.0,15360.0,0.0,15360.0,15.4,0.0,15.4,31.0,0.0,326.0,30.0,할인,재고 이동,67.99,다름,67.99,53.117,26.144,16.751
빵101,마포점,명동점,30.0,프로모션 추천,13079.0,프로모션 순비용이 재배치 비용보다 낮습니다.,24.13208039676325,12.068965517241379,12,8,56.2,검토 가능,13079.0,30.0,173,False,Greedy 선택 후보보다 우선순위가 낮음,5.24,1530,288,2,디저트,274,157.0,37.0,240210.0,A,0.6777629930142552,1,100.0,55.0,6.54,NORMAL,69.4,False,50.5,MEDIUM,유통기한 임박,4.5,20.2,0.0,SAFE,"재고 여유 — 현재고(288), 재주문점(20)",0.0,223.6,42.7,85532.0,26.8,OPTIMAL,"적정 발주 — EOQ(224개), 권장 발주 주기 43일",26.8,36.9,5.27,7.43,3.11,STABLE,54.6,0.7,WMA,0.7,36.1,10.0,3.64,10.0,7.5,5.0,POOR,낮은 매칭 · 핵심(A)상품,1.009,50.2,STABLE,10.7,LOW,73.1,HIGH,28.9,50.9,53.5,0.3,30.0,42001.0,84.0,0.385,0.385,88.5,False,11.5,389,28.0,393,100.0,0.999,4.9,19.6,50.0,DISCOUNT,77.1,2,99.8,63.2,27.7,disposal_risk,59.9,검토 필요,122,HEURISTIC 29% | ABC 14% | TURNOVER 14% | DISPOSAL_RISK 14% | SAFETY_STOCK 8% | EOQ 7% | DEMAND_FORECAST 7% | MATCH 5%,"['⏰ 유통기한 임박 (91%)', '❄️ 냉장·냉동 과잉 (80%)', '💸 배송비 상승 (100%)', '⚡ 복합 스트레스 (60%)']","{'재고위험': '24.9%', '판매가능성': '13.1%', '점포이동적합': '14.0%', '비용절감': '18.3%', '폐기회피이익': '13.7%', '실행가능성': '12.8%', '이력보정': '3.3%'}",True,True,False,True,False,True,59.6,33.1,48.8,49.9,62.4,52.6,51.2,50.4,0.0,24.8,검토,보류,⏸️,394,HIGH,신뢰도 높음 ●,#2e7d32,,,24.8,검토,보류,4,5,False,False,,50.0,23433.0,0.0,23433.0,24.37,0.0,24.37,49.0,0.0,288.0,30.0,할인,재고 이동,56.002,다름,56.002,55.553,25.739,18.593
빵101,마포점,문래점,31.0,프로모션 추천,13515.0,프로모션 순비용이 재배치 비용보다 낮습니다.,23.563038371182458,12.5,12,8,56.1,검토 가능,13515.0,31.0,174,False,Greedy 선택 후보보다 우선순위가 낮음,5.24,1530,288,2,디저트,274,157.0,37.0,240210.0,A,0.6777629930142552,1,100.0,55.0,6.54,NORMAL,69.4,False,50.5,MEDIUM,유통기한 임박,4.5,20.2,0.0,SAFE,"재고 여유 — 현재고(288), 재주문점(20)",0.0,223.6,42.7,85532.0,26.8,OPTIMAL,"적정 발주 — EOQ(224개), 권장 발주 주기 43일",26.8,36.9,5.27,7.43,3.11,STABLE,54.6,0.7,WMA,0.7,36.1,10.0,3.64,10.0,7.5,5.0,POOR,낮은 매칭 · 핵심(A)상품,1.009,50.2,STABLE,10.7,LOW,73.1,HIGH,36.5,59.6,68.4,0.3,30.0,43401.0,86.8,0.385,0.385,88.5,False,11.5,389,28.0,393,100.0,0.999,4.9,37.1,50.0,DISCOUNT,76.9,2,99.8,64.6,27.7,disposal_risk,59.9,검토 필요,121,HEURISTIC 29% | ABC 14% | TURNOVER 14% | DISPOSAL_RISK 14% | SAFETY_STOCK 8% | EOQ 7% | DEMAND_FORECAST 7% | MATCH 5%,"['⏰ 유통기한 임박 (91%)', '❄️ 냉장·냉동 과잉 (80%)', '💸 배송비 상승 (100%)', '⚡ 복합 스트레스 (60%)']","{'재고위험': '24.9%', '판매가능성': '13.1%', '점포이동적합': '14.0%', '비용절감': '18.3%', '폐기회피이익': '13.7%', '실행가능성': '12.8%', '이력보정': '3.3%'}",True,True,False,True,False,True,59.6,33.1,50.6,49.9,64.1,65.5,51.2,52.5,0.0,46.4,검토,보류,⏸️,278,HIGH,신뢰도 높음 ●,#2e7d32,,,46.4,검토,보류,4,2,False,False,,50.0,19869.0,0.0,19869.0,20.41,0.0,20.41,41.0,0.0,288.0,31.0,할인,재고 이동,60.113,다름,60.113,53.121,25.28,17.943
딸기우유107,동대문점,압구정점,28.0,프로모션 추천,12593.0,프로모션 순비용이 재배치 비용보다 낮습니다.,24.766379535369353,11.206896551724139,12,8,56.0,검토 가능,12593.0,28.0,175,False,Greedy 선택 후보보다 우선순위가 낮음,1.11,1576,327,2,유제품,324,33.0,8.0,52008.0,C,0.952938343188488,3,20.0,297.3,1.21,DEAD,0.0,True,76.0,HIGH,유통기한 임박 | 소진일수 297일 초과 | 신선/냉장 고위험 카테고리,1.0,4.3,0.0,SAFE,"재고 여유 — 현재고(327), 재주문점(4)",0.0,85.7,77.2,47274.0,100.0,OVER,과잉 발주 위험 — 현재(326개) > EOQ(86개). 발주 주기 77일 권장,100.0,7.9,1.13,1.59,0.67,STABLE,289.7,0.0,WMA,0.0,33.9,10.0,8.4,3.0,7.5,5.0,POOR,낮은 매칭 · 폐기위험 높음,1.03,50.7,STABLE,35.0,LOW,73.1,HIGH,35.8,53.2,90.7,0.3,30.0,40361.0,80.7,0.385,0.385,88.5,True,13.6,209,43.7,48,100.0,0.999,4.9,52.6,50.0,DISCOUNT,76.8,2,99.8,61.6,39.3,disposal_risk,44.3,모니터링,450,HEURISTIC 29% | ABC 14% | TURNOVER 14% | DISPOSAL_RISK 14% | SAFETY_STOCK 8% | EOQ 7% | DEMAND_FORECAST 7% | MATCH 5%,"['⏰ 유통기한 임박 (91%)', '❄️ 냉장·냉동 과잉 (80%)', '💸 배송비 상승 (100%)', '⚡ 복합 스트레스 (60%)']","{'재고위험': '24.9%', '판매가능성': '13.1%', '점포이동적합': '14.0%', '비용절감': '18.3%', '폐기회피이익': '13.7%', '실행가능성': '12.8%', '이력보정': '3.3%'}",True,True,False,True,False,True,40.7,32.9,54.3,60.8,60.4,78.2,52.4,51.4,0.0,33.7,검토,할인 판매,🏷️,346,HIGH,신뢰도 높음 ●,#2e7d32,,,33.7,검토,할인 판매,3,0,False,False,,50.0,16863.0,0.0,16863.0,17.07,0.0,17.07,34.0,0.0,327.0,28.0,할인,할인,65.881,일치,60.751,65.881,30.009,13.396
치즈120,건대점,교대2점,30.0,프로모션 추천,13322.0,프로모션 순비용이 재배치 비용보다 낮습니다.,23.81493082746019,12.068965517241379,12,8,55.9,검토 가능,13322.0,30.0,176,False,Greedy 선택 후보보다 우선순위가 낮음,1.02,1557,381,2,유제품,379,31.0,7.0,48267.0,A,0.6546146767550513,1,100.0,368.7,0.98,DEAD,0.0,True,76.0,HIGH,유통기한 임박 | 소진일수 369일 초과 | 신선/냉장 고위험 카테고리,0.9,4.0,0.0,SAFE,"재고 여유 — 현재고(381), 재주문점(4)",0.0,82.7,81.1,45043.0,100.0,OVER,과잉 발주 위험 — 현재(380개) > EOQ(83개). 발주 주기 81일 권장,100.0,7.1,1.01,1.44,0.59,STABLE,375.6,0.0,WMA,0.0,40.9,10.0,8.4,10.0,7.5,5.0,FAIR,보통 매칭 · 폐기위험 높음 · 핵심(A)상품,0.98,49.5,STABLE,35.5,LOW,73.1,HIGH,27.6,48.1,65.5,0.3,30.0,42730.0,85.5,0.385,0.385,88.5,True,13.9,174,45.3,5,100.0,0.999,4.9,34.3,50.0,DISCOUNT,76.7,2,99.8,63.9,18.6,disposal_risk,60.6,검토 필요,111,HEURISTIC 29% | ABC 14% | TURNOVER 14% | DISPOSAL_RISK 14% | SAFETY_STOCK 8% | EOQ 7% | DEMAND_FORECAST 7% | MATCH 5%,"['⏰ 유통기한 임박 (91%)', '❄️ 냉장·냉동 과잉 (80%)', '💸 배송비 상승 (100%)', '⚡ 복합 스트레스 (60%)']","{'재고위험': '24.9%', '판매가능성': '13.1%', '점포이동적합': '14.0%', '비용절감': '18.3%', '폐기회피이익': '13.7%', '실행가능성': '12.8%', '이력보정': '3.3%'}",True,True,False,True,False,True,52.8,32.6,55.9,60.7,63.3,59.7,52.6,52.6,0.0,48.1,검토,할인 판매,🏷️,269,HIGH,신뢰도 높음 ●,#2e7d32,,,48.1,검토,할인 판매,3,4,False,False,,50.0,25242.0,0.0,25242.0,26.38,0.0,26.38,53.0,0.0,381.0,30.0,할인,할인,68.141,일치,60.971,68.141,30.895,16.325
치즈120,선릉2점,교대2점,30.0,프로모션 추천,13322.0,프로모션 순비용이 재배치 비용보다 낮습니다.,23.81493082746019,12.068965517241379,12,8,55.9,검토 가능,13322.0,30.0,177,False,Greedy 선택 후보보다 우선순위가 낮음,11.21,1557,352,0,유제품,337,336.0,78.0,523152.0,A,0.6546146767550513,1,100.0,31.4,11.45,NORMAL,82.6,False,48.7,MEDIUM,유통기한 임박 | 신선/냉장 고위험 카테고리,9.6,43.2,0.0,SAFE,"재고 여유 — 현재고(352), 재주문점(43)",0.0,274.0,24.4,149323.0,25.0,OPTIMAL,"적정 발주 — EOQ(274개), 권장 발주 주기 24일",25.0,78.2,11.17,15.8,6.55,STABLE,31.5,3.8,WMA,3.8,36.3,10.0,3.79,10.0,7.5,5.0,POOR,낮은 매칭 · 핵심(A)상품,0.994,49.9,STABLE,6.3,LOW,78.3,HIGH,27.6,48.1,65.5,0.3,30.0,42730.0,85.5,0.385,0.385,88.5,True,41.0,8,26.5,423,100.0,0.999,4.9,34.3,50.0,DISCOUNT,76.5,2,99.8,63.9,25.4,turnover,63.7,검토 필요,74,HEURISTIC 29% | ABC 14% | TURNOVER 14% | DISPOSAL_RISK 14% | SAFETY_STOCK 8% | EOQ 7% | DEMAND_FORECAST 7% | MATCH 5%,"['⏰ 유통기한 임박 (91%)', '❄️ 냉장·냉동 과잉 (80%)', '💸 배송비 상승 (100%)', '⚡ 복합 스트레스 (60%)']","{'재고위험': '24.9%', '판매가능성': '13.1%', '점포이동적합': '14.0%', '비용절감': '18.3%', '폐기회피이익': '13.7%', '실행가능성': '12.8%', '이력보정': '3.3%'}",True,True,False,True,False,True,62.3,34.6,50.1,49.5,63.3,59.7,67.5,52.4,0.0,44.0,검토,보류,⏸️,291,HIGH,신뢰도 높음 ●,#2e7d32,,,44.0,검토,보류,6,4,False,False,,50.0,29778.0,0.0,29778.0,31.42,0.0,31.42,63.0,0.0,352.0,30.0,할인,할인,59.573,일치,52.564,59.573,26.703,19.617
치즈120,왕십리2점,교대2점,30.0,프로모션 추천,13322.0,프로모션 순비용이 재배치 비용보다 낮습니다.,23.81493082746019,12.068965517241379,12,8,55.9,검토 가능,13322.0,30.0,178,False,Greedy 선택 후보보다 우선순위가 낮음,3.45,1557,312,2,유제품,303,104.0,24.0,161928.0,A,0.6546146767550513,1,100.0,90.0,4.0,SLOW,50.0,True,76.0,HIGH,유통기한 임박 | 소진일수 90일 초과 | 신선/냉장 고위험 카테고리,3.0,13.4,0.0,SAFE,"재고 여유 — 현재고(312), 재주문점(13)",0.0,152.0,44.1,82839.0,100.0,OVER,과잉 발주 위험 — 현재(309개) > EOQ(152개). 발주 주기 44일 권장,100.0,24.1,3.44,4.87,2.02,STABLE,90.6,0.0,WMA,0.0,40.9,10.0,8.4,10.0,7.5,5.0,FAIR,보통 매칭 · 폐기위험 높음 · 핵심(A)상품,0.994,49.8,STABLE,17.7,LOW,73.1,HIGH,27.6,48.1,65.5,0.3,30.0,42730.0,85.5,0.385,0.385,88.5,True,13.9,174,40.8,145,100.0,0.999,4.9,34.3,50.0,DISCOUNT,76.4,2,99.8,63.9,26.1,disposal_risk,68.9,검토 필요,16,HEURISTIC 29% | ABC 14% | TURNOVER 14% | DISPOSAL_RISK 14% | SAFETY_STOCK 8% | EOQ 7% | DEMAND_FORECAST 7% | MATCH 5%,"['⏰ 유통기한 임박 (91%)', '❄️ 냉장·냉동 과잉 (80%)', '💸 배송비 상승 (100%)', '⚡ 복합 스트레스 (60%)']","{'재고위험': '24.9%', '판매가능성': '13.1%', '점포이동적합': '14.0%', '비용절감': '18.3%', '폐기회피이익': '13.7%', '실행가능성': '12.8%', '이력보정': '3.3%'}",True,True,False,True,False,True,66.0,32.6,55.0,60.7,63.3,59.7,52.6,55.8,0.0,83.8,최적,할인 판매,🏷️,77,HIGH,신뢰도 높음 ●,#2e7d32,,,83.8,최적,할인 판매,6,4,False,False,,50.0,32118.0,0.0,32118.0,34.02,0.0,34.02,68.0,0.0,312.0,30.0,할인,할인,67.251,일치,53.933,67.251,30.266,19.015
푸딩047,잠실2점,신촌점,39.0,재배치 추천,14712.0,프로모션 순비용이 재배치 비용보다 높습니다.,22.000783085356304,15.948275862068966,18,0,55.9,검토 가능,14712.0,39.0,179,False,Greedy 선택 후보보다 우선순위가 낮음,5.1,1501,326,2,디저트,312,153.0,36.0,229653.0,B,0.8822434874513435,2,60.0,63.9,5.63,SLOW,64.5,True,55.0,MEDIUM,유통기한 임박,4.4,19.7,0.0,SAFE,"재고 여유 — 현재고(326), 재주문점(20)",0.0,222.7,43.7,83578.0,44.4,OPTIMAL,"적정 발주 — EOQ(223개), 권장 발주 주기 44일",44.4,35.9,5.13,7.23,3.02,STABLE,63.6,0.0,WMA,0.0,32.1,10.0,3.6,6.0,7.5,5.0,POOR,낮은 매칭,1.008,50.2,STABLE,12.4,LOW,73.1,HIGH,33.8,58.0,73.0,0.3,30.0,55535.0,100.0,0.385,0.385,88.5,False,9.3,451,29.3,365,100.0,0.999,4.9,41.1,50.0,DISCOUNT,76.3,2,99.8,71.2,43.9,disposal_risk,52.4,모니터링,291,HEURISTIC 29% | ABC 14% | TURNOVER 14% | DISPOSAL_RISK 14% | SAFETY_STOCK 8% | EOQ 7% | DEMAND_FORECAST 7% | MATCH 5%,"['⏰ 유통기한 임박 (91%)', '❄️ 냉장·냉동 과잉 (80%)', '💸 배송비 상승 (100%)', '⚡ 복합 스트레스 (60%)']","{'재고위험': '24.9%', '판매가능성': '13.1%', '점포이동적합': '14.0%', '비용절감': '18.3%', '폐기회피이익': '13.7%', '실행가능성': '12.8%', '이력보정': '3.3%'}",True,True,False,True,False,True,54.3,32.8,49.4,52.4,72.0,68.0,50.0,52.9,0.0,50.3,검토,보류,⏸️,257,HIGH,신뢰도 높음 ●,#2e7d32,,,50.3,검토,보류,4,0,False,False,,50.0,14712.0,0.0,14712.0,14.68,0.0,14.68,29.0,0.0,326.0,39.0,재고 이동,재고 이동,67.158,일치,67.158,54.547,26.593,15.812
딸기우유107,동대문점,용산2점,29.0,프로모션 추천,13043.0,프로모션 순비용이 재배치 비용보다 낮습니다.,24.179065518141478,11.637931034482758,12,8,55.8,검토 가능,13043.0,29.0,180,False,Greedy 선택 후보보다 우선순위가 낮음,1.11,1576,327,2,유제품,324,33.0,8.0,52008.0,C,0.952938343188488,3,20.0,297.3,1.21,DEAD,0.0,True,76.0,HIGH,유통기한 임박 | 소진일수 297일 초과 | 신선/냉장 고위험 카테고리,1.0,4.3,0.0,SAFE,"재고 여유 — 현재고(327), 재주문점(4)",0.0,85.7,77.2,47274.0,100.0,OVER,과잉 발주 위험 — 현재(326개) > EOQ(86개). 발주 주기 77일 권장,100.0,7.9,1.13,1.59,0.67,STABLE,289.7,0.0,WMA,0.0,33.9,10.0,8.4,3.0,7.5,5.0,POOR,낮은 매칭 · 폐기위험 높음,1.03,50.7,STABLE,35.0,LOW,73.1,HIGH,41.7,46.9,72.2,0.3,30.0,41802.0,83.6,0.385,0.385,88.5,True,13.6,209,43.7,48,100.0,0.999,4.9,40.4,50.0,DISCOUNT,76.1,2,99.8,63.0,39.4,disposal_risk,44.1,모니터링,451,HEURISTIC 29% | ABC 14% | TURNOVER 14% | DISPOSAL_RISK 14% | SAFETY_STOCK 8% | EOQ 7% | DEMAND_FORECAST 7% | MATCH 5%,"['⏰ 유통기한 임박 (91%)', '❄️ 냉장·냉동 과잉 (80%)', '💸 배송비 상승 (100%)', '⚡ 복합 스트레스 (60%)']","{'재고위험': '24.9%', '판매가능성': '13.1%', '점포이동적합': '14.0%', '비용절감': '18.3%', '폐기회피이익': '13.7%', '실행가능성': '12.8%', '이력보정': '3.3%'}",True,True,False,True,False,True,40.7,32.9,53.0,60.7,62.2,63.8,52.4,49.6,0.0,22.3,검토,할인 판매,🏷️,407,HIGH,신뢰도 높음 ●,#2e7d32,,,22.3,검토,할인 판매,3,5,False,False,,50.0,18735.0,0.0,18735.0,19.15,0.0,19.15,38.0,0.0,327.0,29.0,할인,할인,66.934,일치,58.956,66.934,30.258,13.686
차음료020,신림2점,명동2점,31.0,프로모션 추천,13729.0,프로모션 순비용이 재배치 비용보다 낮습니다.,23.283737927434093,12.5,12,8,55.8,검토 가능,13729.0,31.0,181,False,Greedy 선택 후보보다 우선순위가 낮음,2.56,1553,345,0,음료,342,77.0,18.0,119581.0,B,0.8486147856750119,2,60.0,134.4,2.68,DEAD,25.3,True,70.0,HIGH,유통기한 임박 | 소진일수 134일 초과,2.2,9.9,0.0,SAFE,"재고 여유 — 현재고(345), 재주문점(10)",0.0,182.8,71.4,51108.0,87.5,OVER,과잉 발주 위험 — 현재(343개) > EOQ(183개). 발주 주기 71일 권장,87.5,18.0,2.57,3.63,1.52,STABLE,134.2,0.0,WMA,0.0,36.9,10.0,8.4,6.0,7.5,5.0,POOR,낮은 매칭 · 폐기위험 높음,1.004,50.1,STABLE,26.2,LOW,78.3,HIGH,34.9,73.5,61.0,0.3,30.0,44043.0,88.1,0.385,0.385,88.5,False,12.5,293,39.7,177,100.0,0.999,4.9,29.5,50.0,DISCOUNT,76.0,2,99.8,65.2,43.3,disposal_risk,53.9,모니터링,260,HEURISTIC 29% | ABC 14% | TURNOVER 14% | DISPOSAL_RISK 14% | SAFETY_STOCK 8% | EOQ 7% | DEMAND_FORECAST 7% | MATCH 5%,"['⏰ 유통기한 임박 (91%)', '❄️ 냉장·냉동 과잉 (80%)', '💸 배송비 상승 (100%)', '⚡ 복합 스트레스 (60%)']","{'재고위험': '24.9%', '판매가능성': '13.1%', '점포이동적합': '14.0%', '비용절감': '18.3%', '폐기회피이익': '13.7%', '실행가능성': '12.8%', '이력보정': '3.3%'}",True,True,False,True,False,True,50.7,32.7,52.5,58.8,64.9,65.2,51.8,52.2,0.0,41.5,검토,할인 판매,🏷️,304,HIGH,신뢰도 높음 ●,#2e7d32,,,41.5,검토,할인 판매,2,3,False,False,,50.0,15684.0,0.0,15684.0,15.76,0.0,15.76,32.0,0.0,345.0,31.0,할인,재고 이동,66.537,다름,66.537,60.296,28.69,14.711
차음료020,강남2점,명동2점,31.0,프로모션 추천,13729.0,프로모션 순비용이 재배치 비용보다 낮습니다.,23.283737927434093,12.5,12,8,55.8,검토 가능,13729.0,31.0,182,False,Greedy 선택 후보보다 우선순위가 낮음,5.12,1553,334,3,음료,313,154.0,36.0,239162.0,B,0.8486147856750119,2,60.0,65.1,5.53,SLOW,63.8,True,55.5,MEDIUM,유통기한 임박,4.4,19.8,0.0,SAFE,"재고 여유 — 현재고(334), 재주문점(20)",0.0,258.6,50.5,72278.0,27.5,OPTIMAL,"적정 발주 — EOQ(259개), 권장 발주 주기 50일",27.5,35.9,5.13,7.24,3.02,STABLE,65.1,0.0,WMA,0.0,32.1,10.0,3.6,6.0,7.5,5.0,POOR,낮은 매칭,1.004,50.1,STABLE,12.7,LOW,69.6,MEDIUM,34.9,73.5,61.0,0.3,30.0,44043.0,88.1,0.385,0.385,88.5,False,9.4,442,29.6,356,100.0,0.999,4.9,29.5,50.0,DISCOUNT,75.9,2,99.8,65.2,44.1,disposal_risk,51.1,모니터링,326,HEURISTIC 29% | ABC 14% | TURNOVER 14% | DISPOSAL_RISK 14% | SAFETY_STOCK 8% | EOQ 7% | DEMAND_FORECAST 7% | MATCH 5%,"['⏰ 유통기한 임박 (91%)', '❄️ 냉장·냉동 과잉 (80%)', '💸 배송비 상승 (100%)', '⚡ 복합 스트레스 (60%)']","{'재고위험': '24.9%', '판매가능성': '13.1%', '점포이동적합': '14.0%', '비용절감': '18.3%', '폐기회피이익': '13.7%', '실행가능성': '12.8%', '이력보정': '3.3%'}",True,True,False,True,False,True,54.4,32.7,48.3,49.8,64.9,65.2,50.1,50.9,0.0,29.4,검토,보류,⏸️,369,HIGH,신뢰도 높음 ●,#2e7d32,,,29.4,검토,보류,3,3,True,False,,50.0,18411.0,0.0,18411.0,18.79,0.0,18.79,38.0,0.0,334.0,31.0,할인,재고 이동,59.935,다름,59.935,56.495,26.369,16.716
딸기우유107,압구정점,용산점,30.0,프로모션 추천,13493.0,프로모션 순비용이 재배치 비용보다 낮습니다.,23.5917515009136,12.068965517241379,12,8,55.7,검토 가능,13493.0,30.0,183,False,Greedy 선택 후보보다 우선순위가 낮음,9.25,1576,385,0,유제품,373,278.0,65.0,438128.0,C,0.952938343188488,3,20.0,41.5,8.66,NORMAL,76.9,False,53.8,MEDIUM,유통기한 임박 | 신선/냉장 고위험 카테고리,7.9,35.6,0.0,SAFE,"재고 여유 — 현재고(385), 재주문점(36)",0.0,247.4,26.7,136468.0,52.4,OVER,과잉 발주 위험 — 현재(377개) > EOQ(247개). 발주 주기 27일 권장,52.4,64.9,9.27,13.09,5.46,STABLE,41.5,2.5,WMA,2.5,29.2,10.0,3.72,3.0,7.5,5.0,POOR,낮은 매칭,1.004,50.1,STABLE,8.1,LOW,78.3,HIGH,31.3,76.7,77.1,0.3,30.0,43243.0,86.5,0.385,0.385,88.5,True,27.9,41,27.4,404,100.0,0.999,4.9,44.2,50.0,DISCOUNT,75.7,1,100.0,64.4,41.9,turnover,48.3,모니터링,385,HEURISTIC 29% | ABC 14% | TURNOVER 14% | DISPOSAL_RISK 14% | SAFETY_STOCK 8% | EOQ 7% | DEMAND_FORECAST 7% | MATCH 5%,"['⏰ 유통기한 임박 (91%)', '❄️ 냉장·냉동 과잉 (80%)', '💸 배송비 상승 (100%)', '⚡ 복합 스트레스 (60%)']","{'재고위험': '24.9%', '판매가능성': '13.1%', '점포이동적합': '14.0%', '비용절감': '18.3%', '폐기회피이익': '13.7%', '실행가능성': '12.8%', '이력보정': '3.3%'}",True,True,False,True,False,True,51.1,34.0,48.0,53.5,63.9,77.0,60.3,52.3,0.0,42.8,검토,보류,⏸️,297,HIGH,신뢰도 높음 ●,#2e7d32,,,42.8,검토,보류,0,0,True,False,,50.0,18231.0,0.0,18231.0,18.59,0.0,18.59,37.0,0.0,385.0,30.0,할인,재고 이동,60.05,다름,60.05,58.318,27.266,15.926
딸기우유107,동대문점,용산점,30.0,프로모션 추천,13493.0,프로모션 순비용이 재배치 비용보다 낮습니다.,23.5917515009136,12.068965517241379,12,8,55.7,검토 가능,13493.0,30.0,184,False,Greedy 선택 후보보다 우선순위가 낮음,1.11,1576,327,2,유제품,324,33.0,8.0,52008.0,C,0.952938343188488,3,20.0,297.3,1.21,DEAD,0.0,True,76.0,HIGH,유통기한 임박 | 소진일수 297일 초과 | 신선/냉장 고위험 카테고리,1.0,4.3,0.0,SAFE,"재고 여유 — 현재고(327), 재주문점(4)",0.0,85.7,77.2,47274.0,100.0,OVER,과잉 발주 위험 — 현재(326개) > EOQ(86개). 발주 주기 77일 권장,100.0,7.9,1.13,1.59,0.67,STABLE,289.7,0.0,WMA,0.0,33.9,10.0,8.4,3.0,7.5,5.0,POOR,낮은 매칭 · 폐기위험 높음,1.03,50.7,STABLE,35.0,LOW,73.1,HIGH,31.3,76.7,77.1,0.3,30.0,43243.0,86.5,0.385,0.385,88.5,True,13.6,209,43.7,48,100.0,0.999,4.9,44.2,50.0,DISCOUNT,75.6,2,99.8,64.4,39.4,disposal_risk,44.0,모니터링,452,HEURISTIC 29% | ABC 14% | TURNOVER 14% | DISPOSAL_RISK 14% | SAFETY_STOCK 8% | EOQ 7% | DEMAND_FORECAST 7% | MATCH 5%,"['⏰ 유통기한 임박 (91%)', '❄️ 냉장·냉동 과잉 (80%)', '💸 배송비 상승 (100%)', '⚡ 복합 스트레스 (60%)']","{'재고위험': '24.9%', '판매가능성': '13.1%', '점포이동적합': '14.0%', '비용절감': '18.3%', '폐기회피이익': '13.7%', '실행가능성': '12.8%', '이력보정': '3.3%'}",True,True,False,True,False,True,40.7,32.9,53.4,60.6,63.9,77.0,52.4,51.6,0.0,35.9,검토,할인 판매,🏷️,334,HIGH,신뢰도 높음 ●,#2e7d32,,,35.9,검토,할인 판매,3,0,False,False,,50.0,33396.0,0.0,33396.0,35.44,0.0,35.44,71.0,0.0,327.0,30.0,할인,할인,76.282,일치,44.898,76.282,32.058,15.631
아이스라떼060,건대점,역삼2점,37.0,재배치 추천,14217.0,프로모션 순비용이 재배치 비용보다 높습니다.,22.64682850430697,15.086206896551724,18,0,55.7,검토 가능,14217.0,37.0,185,False,Greedy 선택 후보보다 우선순위가 낮음,5.09,3510,294,1,유제품,287,153.0,36.0,537030.0,A,0.19496939414720207,1,100.0,57.6,6.24,NORMAL,68.0,False,59.8,MEDIUM,유통기한 임박 | 신선/냉장 고위험 카테고리,4.4,19.7,0.0,SAFE,"재고 여유 — 현재고(294), 재주문점(20)",0.0,123.0,24.2,151075.0,100.0,OVER,과잉 발주 위험 — 현재(290개) > EOQ(123개). 발주 주기 24일 권장,100.0,35.9,5.13,7.23,3.03,STABLE,57.3,0.4,WMA,0.4,36.1,10.0,3.62,10.0,7.5,5.0,POOR,낮은 매칭 · 핵심(A)상품,1.01,50.3,STABLE,11.2,LOW,76.6,HIGH,35.3,36.3,72.3,0.3,30.0,141627.0,100.0,0.385,0.385,88.5,True,11.5,389,31.8,306,100.0,0.999,4.9,40.5,50.0,DISCOUNT,75.5,2,99.8,71.1,27.1,disposal_risk,66.6,검토 필요,37,HEURISTIC 29% | ABC 14% | TURNOVER 14% | DISPOSAL_RISK 14% | SAFETY_STOCK 8% | EOQ 7% | DEMAND_FORECAST 7% | MATCH 5%,"['⏰ 유통기한 임박 (91%)', '❄️ 냉장·냉동 과잉 (80%)', '💸 배송비 상승 (100%)', '⚡ 복합 스트레스 (60%)']","{'재고위험': '24.9%', '판매가능성': '13.1%', '점포이동적합': '14.0%', '비용절감': '18.3%', '폐기회피이익': '13.7%', '실행가능성': '12.8%', '이력보정': '3.3%'}",True,True,False,True,False,True,63.4,33.0,51.7,60.6,72.0,60.3,51.2,56.0,0.0,85.0,최적,보류,⏸️,71,HIGH,신뢰도 높음 ●,#2e7d32,,,85.0,최적,보류,3,2,False,False,,50.0,14217.0,0.0,14217.0,14.13,0.0,14.13,28.0,0.0,294.0,37.0,재고 이동,재고 이동,73.285,일치,73.285,51.71,26.803,16.273
삼각김밥102,명동점,혜화점,16.0,프로모션 추천,8895.0,프로모션 순비용이 재배치 비용보다 낮습니다.,29.592795614722004,6.0344827586206895,12,8,55.6,검토 가능,8895.0,16.0,186,False,Greedy 선택 후보보다 우선순위가 낮음,5.77,1930,394,7,간편식,338,173.0,40.0,333890.0,B,0.8034296376654122,2,60.0,68.3,5.27,SLOW,62.1,True,54.2,MEDIUM,유통기한 임박 | 소진일수 68일 초과,4.9,22.2,0.0,SAFE,"재고 여유 — 현재고(394), 재주문점(22)",0.0,222.7,38.6,94564.0,74.7,OVER,과잉 발주 위험 — 현재(389개) > EOQ(223개). 발주 주기 39일 권장,74.7,40.2,5.74,8.12,3.36,STABLE,68.6,0.0,WMA,0.0,32.1,10.0,3.6,6.0,7.5,5.0,POOR,낮은 매칭,0.99,49.8,STABLE,13.5,LOW,55.6,MEDIUM,34.3,56.6,43.4,0.3,30.0,28161.0,56.3,0.385,0.385,88.5,False,9.2,456,29.3,365,100.0,0.999,4.9,0.9,50.0,DISCOUNT,75.3,2,99.8,49.3,44.9,disposal_risk,53.6,모니터링,271,HEURISTIC 29% | ABC 14% | TURNOVER 14% | DISPOSAL_RISK 14% | SAFETY_STOCK 8% | EOQ 7% | DEMAND_FORECAST 7% | MATCH 5%,"['⏰ 유통기한 임박 (91%)', '❄️ 냉장·냉동 과잉 (80%)', '💸 배송비 상승 (100%)', '⚡ 복합 스트레스 (60%)']","{'재고위험': '24.9%', '판매가능성': '13.1%', '점포이동적합': '14.0%', '비용절감': '18.3%', '폐기회피이익': '13.7%', '실행가능성': '12.8%', '이력보정': '3.3%'}",True,True,False,True,False,True,53.4,32.6,45.4,56.8,45.8,47.8,50.0,46.7,0.0,11.2,검토,보류,⏸️,467,HIGH,신뢰도 높음 ●,#2e7d32,,,11.2,검토,보류,5,7,False,False,,50.0,30345.0,0.0,30345.0,32.05,0.0,32.05,64.0,0.0,394.0,16.0,할인,할인,65.485,일치,48.876,65.485,28.386,17.895
케이크037,성수2점,종로점,17.0,프로모션 추천,9319.0,프로모션 순비용이 재배치 비용보다 낮습니다.,29.039415296267293,6.4655172413793105,12,8,55.5,검토 가능,9319.0,17.0,187,False,Greedy 선택 후보보다 우선순위가 낮음,2.11,1904,325,1,디저트,323,63.0,15.0,119952.0,B,0.9047806372637078,2,60.0,154.8,2.33,DEAD,14.0,True,68.0,HIGH,유통기한 임박 | 소진일수 155일 초과,1.8,8.1,0.0,SAFE,"재고 여유 — 현재고(325), 재주문점(8)",0.0,127.2,60.3,60547.0,100.0,OVER,과잉 발주 위험 — 현재(323개) > EOQ(127개). 발주 주기 60일 권장,100.0,14.9,2.13,3.0,1.26,STABLE,152.7,0.0,WMA,0.0,36.9,10.0,8.4,6.0,7.5,5.0,POOR,낮은 매칭 · 폐기위험 높음,1.016,50.4,STABLE,29.9,LOW,76.6,HIGH,35.9,71.9,45.6,0.3,30.0,29523.0,59.0,0.385,0.385,88.5,False,12.2,327,39.8,170,100.0,0.999,4.9,5.6,50.0,DISCOUNT,75.2,2,99.8,50.6,42.2,disposal_risk,52.2,모니터링,301,HEURISTIC 29% | ABC 14% | TURNOVER 14% | DISPOSAL_RISK 14% | SAFETY_STOCK 8% | EOQ 7% | DEMAND_FORECAST 7% | MATCH 5%,"['⏰ 유통기한 임박 (91%)', '❄️ 냉장·냉동 과잉 (80%)', '💸 배송비 상승 (100%)', '⚡ 복합 스트레스 (60%)']","{'재고위험': '24.9%', '판매가능성': '13.1%', '점포이동적합': '14.0%', '비용절감': '18.3%', '폐기회피이익': '13.7%', '실행가능성': '12.8%', '이력보정': '3.3%'}",True,True,False,True,False,True,46.8,32.8,50.1,60.5,47.4,54.4,51.6,47.5,0.0,13.8,검토,할인 판매,🏷️,453,HIGH,신뢰도 높음 ●,#2e7d32,,,13.8,검토,할인 판매,1,2,False,False,,50.0,12624.0,0.0,12624.0,12.36,0.0,12.36,25.0,0.0,325.0,17.0,할인,재고 이동,65.414,다름,65.414,58.336,27.626,13.881
케이크037,홍대2점,종로점,17.0,프로모션 추천,9319.0,프로모션 순비용이 재배치 비용보다 낮습니다.,29.039415296267293,6.4655172413793105,12,8,55.5,검토 가능,9319.0,17.0,188,False,Greedy 선택 후보보다 우선순위가 낮음,2.65,1904,327,5,디저트,309,80.0,19.0,152320.0,B,0.9047806372637078,2,60.0,122.6,2.94,DEAD,31.9,True,60.0,HIGH,유통기한 임박 | 소진일수 123일 초과,2.3,10.2,0.0,SAFE,"재고 여유 — 현재고(327), 재주문점(10)",0.0,142.5,53.8,67854.0,100.0,OVER,과잉 발주 위험 — 현재(325개) > EOQ(142개). 발주 주기 54일 권장,100.0,18.8,2.69,3.78,1.59,STABLE,121.8,0.0,WMA,0.0,36.9,10.0,8.4,6.0,7.5,5.0,POOR,낮은 매칭 · 폐기위험 높음,1.024,50.6,STABLE,24.0,LOW,62.6,MEDIUM,35.9,71.9,45.6,0.3,30.0,29523.0,59.0,0.385,0.385,88.5,False,10.6,416,35.2,267,100.0,0.999,4.9,5.6,50.0,DISCOUNT,75.1,2,99.8,50.6,47.5,disposal_risk,53.1,모니터링,280,HEURISTIC 29% | ABC 14% | TURNOVER 14% | DISPOSAL_RISK 14% | SAFETY_STOCK 8% | EOQ 7% | DEMAND_FORECAST 7% | MATCH 5%,"['⏰ 유통기한 임박 (91%)', '❄️ 냉장·냉동 과잉 (80%)', '💸 배송비 상승 (100%)', '⚡ 복합 스트레스 (60%)']","{'재고위험': '24.9%', '판매가능성': '13.1%', '점포이동적합': '14.0%', '비용절감': '18.3%', '폐기회피이익': '13.7%', '실행가능성': '12.8%', '이력보정': '3.3%'}",True,True,False,True,False,True,48.0,32.9,49.2,60.5,47.4,54.4,50.7,47.6,0.0,14.5,검토,할인 판매,🏷️,449,HIGH,신뢰도 높음 ●,#2e7d32,,,14.5,검토,할인 판매,3,2,False,False,,50.0,15333.0,0.0,15333.0,15.37,0.0,15.37,31.0,0.0,327.0,17.0,할인,재고 이동,62.541,다름,62.541,57.41,27.145,14.731
케이크037,명동2점,종로점,17.0,프로모션 추천,9319.0,프로모션 순비용이 재배치 비용보다 낮습니다.,29.039415296267293,6.4655172413793105,12,8,55.5,검토 가능,9319.0,17.0,189,False,Greedy 선택 후보보다 우선순위가 낮음,8.33,1904,358,1,디저트,347,250.0,58.0,476000.0,B,0.9047806372637078,2,60.0,43.0,8.38,NORMAL,76.1,False,44.5,MEDIUM,유통기한 임박,7.1,32.1,0.0,SAFE,"재고 여유 — 현재고(358), 재주문점(32)",0.0,252.7,30.3,120302.0,38.9,OPTIMAL,"적정 발주 — EOQ(253개), 권장 발주 주기 30일",38.9,58.1,8.3,11.74,4.86,STABLE,43.1,2.2,WMA,2.2,32.2,10.0,3.71,6.0,7.5,5.0,POOR,낮은 매칭,0.995,49.9,STABLE,8.5,LOW,76.6,HIGH,35.9,71.9,45.6,0.3,30.0,29523.0,59.0,0.385,0.385,88.5,False,24.4,49,24.4,461,100.0,0.999,4.9,5.6,50.0,DISCOUNT,74.9,2,99.8,50.6,42.0,turnover,52.5,모니터링,288,HEURISTIC 29% | ABC 14% | TURNOVER 14% | DISPOSAL_RISK 14% | SAFETY_STOCK 8% | EOQ 7% | DEMAND_FORECAST 7% | MATCH 5%,"['⏰ 유통기한 임박 (91%)', '❄️ 냉장·냉동 과잉 (80%)', '💸 배송비 상승 (100%)', '⚡ 복합 스트레스 (60%)']","{'재고위험': '24.9%', '판매가능성': '13.1%', '점포이동적합': '14.0%', '비용절감': '18.3%', '폐기회피이익': '13.7%', '실행가능성': '12.8%', '이력보정': '3.3%'}",True,True,False,True,False,True,52.7,33.8,44.9,51.4,47.4,54.4,58.3,46.7,0.0,11.0,검토,보류,⏸️,468,HIGH,신뢰도 높음 ●,#2e7d32,,,11.0,검토,보류,3,2,False,False,,50.0,18528.0,0.0,18528.0,18.92,0.0,18.92,38.0,0.0,358.0,17.0,할인,재고 이동,56.988,다름,56.988,54.292,25.14,16.926
과일컵009,왕십리2점,신림2점,36.0,재배치 추천,14082.0,프로모션 순비용이 재배치 비용보다 높습니다.,22.82302270947533,14.655172413793101,18,0,55.5,검토 가능,14082.0,36.0,190,False,Greedy 선택 후보보다 우선순위가 낮음,6.55,1570,269,1,신선식품,260,196.0,46.0,307720.0,A,0.36475460817772537,1,100.0,41.2,8.74,NORMAL,77.1,False,53.6,MEDIUM,유통기한 임박 | 신선/냉장 고위험 카테고리,5.6,25.2,0.0,SAFE,"재고 여유 — 현재고(269), 재주문점(25)",0.0,208.6,31.8,114618.0,26.3,OPTIMAL,"적정 발주 — EOQ(209개), 권장 발주 주기 32일",26.3,45.9,6.56,9.26,3.86,STABLE,41.0,2.5,WMA,2.5,36.2,10.0,3.72,10.0,7.5,5.0,POOR,낮은 매칭 · 핵심(A)상품,1.003,50.1,STABLE,8.0,LOW,76.6,HIGH,28.1,79.7,70.8,0.3,30.0,53742.0,100.0,0.385,0.385,88.5,True,28.1,38,28.7,377,100.0,0.999,4.9,39.2,50.0,DISCOUNT,74.8,1,100.0,71.1,26.4,turnover,62.7,검토 필요,85,HEURISTIC 29% | ABC 14% | TURNOVER 14% | DISPOSAL_RISK 14% | SAFETY_STOCK 8% | EOQ 7% | DEMAND_FORECAST 7% | MATCH 5%,"['⏰ 유통기한 임박 (91%)', '❄️ 냉장·냉동 과잉 (80%)', '💸 배송비 상승 (100%)', '⚡ 복합 스트레스 (60%)']","{'재고위험': '24.9%', '판매가능성': '13.1%', '점포이동적합': '14.0%', '비용절감': '18.3%', '폐기회피이익': '13.7%', '실행가능성': '12.8%', '이력보정': '3.3%'}",True,True,False,True,False,True,63.0,34.0,51.0,49.5,72.0,73.8,60.5,55.6,0.0,81.4,최적,보류,⏸️,90,HIGH,신뢰도 높음 ●,#2e7d32,,,81.4,최적,보류,6,2,False,False,,50.0,14082.0,0.0,14082.0,13.98,0.0,13.98,28.0,0.0,269.0,36.0,재고 이동,재고 이동,67.687,일치,67.687,49.268,24.732,17.221
냉동치킨098,잠원2점,청량리점,31.0,재배치 추천,12498.0,프로모션 순비용이 재배치 비용보다 높습니다.,24.890368050117463,12.5,18,0,55.4,검토 가능,12498.0,31.0,191,False,Greedy 선택 후보보다 우선순위가 낮음,2.21,2295,362,3,냉동식품,353,66.0,15.0,151470.0,A,0.4811722501962872,1,100.0,164.5,2.19,DEAD,8.6,True,74.0,HIGH,유통기한 임박 | 소진일수 164일 초과 | 신선/냉장 고위험 카테고리,1.9,8.5,0.0,SAFE,"재고 여유 — 현재고(362), 재주문점(8)",0.0,108.2,49.0,74524.0,100.0,OVER,과잉 발주 위험 — 현재(360개) > EOQ(108개). 발주 주기 49일 권장,100.0,15.2,2.17,3.08,1.26,STABLE,166.7,0.0,WMA,0.0,40.9,10.0,8.4,10.0,7.5,5.0,FAIR,보통 매칭 · 폐기위험 높음 · 핵심(A)상품,0.97,49.2,STABLE,32.6,LOW,69.6,MEDIUM,36.2,73.8,68.5,0.3,30.0,72876.0,100.0,0.385,0.385,88.5,True,13.6,209,43.7,48,100.0,0.999,4.9,37.2,50.0,DISCOUNT,74.7,2,99.8,71.1,21.8,disposal_risk,61.1,검토 필요,105,HEURISTIC 29% | ABC 14% | TURNOVER 14% | DISPOSAL_RISK 14% | SAFETY_STOCK 8% | EOQ 7% | DEMAND_FORECAST 7% | MATCH 5%,"['⏰ 유통기한 임박 (91%)', '❄️ 냉장·냉동 과잉 (80%)', '💸 배송비 상승 (100%)', '⚡ 복합 스트레스 (60%)']","{'재고위험': '24.9%', '판매가능성': '13.1%', '점포이동적합': '14.0%', '비용절감': '18.3%', '폐기회피이익': '13.7%', '실행가능성': '12.8%', '이력보정': '3.3%'}",True,True,False,True,False,True,54.1,32.5,55.9,60.5,72.0,70.3,52.4,55.4,0.0,79.2,권장,할인 판매,🏷️,102,HIGH,신뢰도 높음 ●,#2e7d32,,,79.2,권장,할인 판매,2,2,True,False,,50.0,12498.0,0.0,12498.0,12.22,0.0,12.22,24.0,0.0,362.0,31.0,재고 이동,재고 이동,74.713,일치,74.713,58.893,28.873,14.336
과일컵009,왕십리2점,강남점,32.0,프로모션 추천,14335.0,프로모션 순비용이 재배치 비용보다 낮습니다.,22.492821717567214,12.931034482758621,12,8,55.4,검토 가능,14335.0,32.0,192,False,Greedy 선택 후보보다 우선순위가 낮음,6.55,1570,269,1,신선식품,260,196.0,46.0,307720.0,A,0.36475460817772537,1,100.0,41.2,8.74,NORMAL,77.1,False,53.6,MEDIUM,유통기한 임박 | 신선/냉장 고위험 카테고리,5.6,25.2,0.0,SAFE,"재고 여유 — 현재고(269), 재주문점(25)",0.0,208.6,31.8,114618.0,26.3,OPTIMAL,"적정 발주 — EOQ(209개), 권장 발주 주기 32일",26.3,45.9,6.56,9.26,3.86,STABLE,41.0,2.5,WMA,2.5,36.2,10.0,3.72,10.0,7.5,5.0,POOR,낮은 매칭 · 핵심(A)상품,1.003,50.1,STABLE,8.0,LOW,76.6,HIGH,35.7,38.9,80.3,0.3,30.0,45953.0,91.9,0.385,0.385,88.5,True,28.1,38,28.7,377,100.0,0.999,4.9,46.4,50.0,DISCOUNT,74.5,2,99.8,67.0,26.4,turnover,62.6,검토 필요,89,HEURISTIC 29% | ABC 14% | TURNOVER 14% | DISPOSAL_RISK 14% | SAFETY_STOCK 8% | EOQ 7% | DEMAND_FORECAST 7% | MATCH 5%,"['⏰ 유통기한 임박 (91%)', '❄️ 냉장·냉동 과잉 (80%)', '💸 배송비 상승 (100%)', '⚡ 복합 스트레스 (60%)']","{'재고위험': '24.9%', '판매가능성': '13.1%', '점포이동적합': '14.0%', '비용절감': '18.3%', '폐기회피이익': '13.7%', '실행가능성': '12.8%', '이력보정': '3.3%'}",True,True,False,True,False,True,63.0,34.0,51.7,49.4,67.1,66.5,60.4,54.1,0.0,60.9,검토,보류,⏸️,200,HIGH,신뢰도 높음 ●,#2e7d32,,,60.9,검토,보류,6,0,False,False,,50.0,18177.0,0.0,18177.0,18.53,0.0,18.53,37.0,0.0,269.0,32.0,할인,재고 이동,61.957,다름,61.957,51.03,24.86,17.954
과일컵009,청량리2점,강남점,32.0,프로모션 추천,14335.0,프로모션 순비용이 재배치 비용보다 낮습니다.,22.492821717567214,12.931034482758621,12,8,55.4,검토 가능,14335.0,32.0,193,False,Greedy 선택 후보보다 우선순위가 낮음,5.14,1570,352,1,신선식품,345,154.0,36.0,241780.0,A,0.36475460817772537,1,100.0,68.6,5.25,SLOW,61.9,True,67.3,HIGH,유통기한 임박 | 소진일수 69일 초과 | 신선/냉장 고위험 카테고리,4.4,19.8,0.0,SAFE,"재고 여유 — 현재고(352), 재주문점(20)",0.0,184.8,36.0,101534.0,88.1,OVER,과잉 발주 위험 — 현재(348개) > EOQ(185개). 발주 주기 36일 권장,88.1,36.0,5.14,7.26,3.02,STABLE,68.4,0.0,WMA,0.0,40.9,10.0,8.4,10.0,7.5,5.0,FAIR,보통 매칭 · 폐기위험 높음 · 핵심(A)상품,1.001,50.0,STABLE,13.3,LOW,76.6,HIGH,35.7,38.9,80.3,0.3,30.0,45953.0,91.9,0.385,0.385,88.5,True,12.3,318,36.2,246,100.0,0.999,4.9,46.4,50.0,DISCOUNT,74.4,2,99.8,67.0,27.1,disposal_risk,67.3,검토 필요,28,HEURISTIC 29% | ABC 14% | TURNOVER 14% | DISPOSAL_RISK 14% | SAFETY_STOCK 8% | EOQ 7% | DEMAND_FORECAST 7% | MATCH 5%,"['⏰ 유통기한 임박 (91%)', '❄️ 냉장·냉동 과잉 (80%)', '💸 배송비 상승 (100%)', '⚡ 복합 스트레스 (60%)']","{'재고위험': '24.9%', '판매가능성': '13.1%', '점포이동적합': '14.0%', '비용절감': '18.3%', '폐기회피이익': '13.7%', '실행가능성': '12.8%', '이력보정': '3.3%'}",True,True,False,True,False,True,65.2,32.7,55.3,58.7,67.1,66.5,51.7,56.7,0.0,90.4,최적,할인 판매,🏷️,42,HIGH,신뢰도 높음 ●,#2e7d32,,,90.4,최적,할인 판매,1,0,False,False,,50.0,26862.0,0.0,26862.0,28.18,0.0,28.18,56.0,0.0,352.0,32.0,할인,할인,61.983,일치,59.7,61.983,29.014,18.499
라면023,구로2점,선릉2점,37.0,프로모션 추천,15975.0,프로모션 순비용이 재배치 비용보다 낮습니다.,20.352388410336726,15.086206896551724,12,8,55.4,검토 가능,15975.0,37.0,194,False,Greedy 선택 후보보다 우선순위가 낮음,1.92,1516,364,3,간편식,356,58.0,13.0,87928.0,C,0.9802414294306119,3,20.0,188.3,1.91,DEAD,0.0,True,73.0,HIGH,유통기한 임박 | 소진일수 188일 초과,1.6,7.4,0.0,SAFE,"재고 여유 — 현재고(364), 재주문점(7)",0.0,145.0,75.5,48346.0,100.0,OVER,과잉 발주 위험 — 현재(362개) > EOQ(145개). 발주 주기 76일 권장,100.0,13.2,1.89,2.68,1.09,STABLE,193.0,0.0,WMA,0.0,33.9,10.0,8.4,3.0,7.5,5.0,POOR,낮은 매칭 · 폐기위험 높음,0.967,49.2,STABLE,35.8,LOW,69.6,MEDIUM,34.3,74.2,100.0,0.3,30.0,51335.0,100.0,0.385,0.385,88.5,False,13.0,262,42.7,70,100.0,0.999,4.9,57.0,50.0,DISCOUNT,74.3,2,99.8,71.1,41.1,disposal_risk,43.0,모니터링,461,HEURISTIC 29% | ABC 14% | TURNOVER 14% | DISPOSAL_RISK 14% | SAFETY_STOCK 8% | EOQ 7% | DEMAND_FORECAST 7% | MATCH 5%,"['⏰ 유통기한 임박 (91%)', '❄️ 냉장·냉동 과잉 (80%)', '💸 배송비 상승 (100%)', '⚡ 복합 스트레스 (60%)']","{'재고위험': '24.9%', '판매가능성': '13.1%', '점포이동적합': '14.0%', '비용절감': '18.3%', '폐기회피이익': '13.7%', '실행가능성': '12.8%', '이력보정': '3.3%'}",True,True,False,True,False,True,39.4,32.5,54.5,60.5,72.0,91.4,52.1,54.3,0.0,63.0,검토,할인 판매,🏷️,189,HIGH,신뢰도 높음 ●,#2e7d32,,,63.0,검토,할인 판매,1,6,False,False,,50.0,23982.0,0.0,23982.0,24.98,0.0,24.98,50.0,0.0,364.0,37.0,할인,할인,70.26,일치,56.252,70.26,31.37,14.295
푸딩047,신촌2점,여의도점,39.0,프로모션 추천,16663.0,프로모션 순비용이 재배치 비용보다 낮습니다.,19.45445053510833,15.948275862068966,12,8,55.4,검토 가능,16663.0,39.0,195,False,Greedy 선택 후보보다 우선순위가 낮음,0.54,1501,318,0,디저트,318,16.0,4.0,24016.0,B,0.8822434874513435,2,60.0,596.2,0.6,DEAD,0.0,True,70.0,HIGH,유통기한 임박 | 소진일수 596일 초과,0.5,2.1,0.0,SAFE,"재고 여유 — 현재고(318), 재주문점(2)",0.0,72.5,134.3,27196.0,100.0,OVER,과잉 발주 위험 — 현재(318개) > EOQ(72개). 발주 주기 134일 권장,100.0,3.9,0.56,0.78,0.33,STABLE,570.8,0.0,WMA,0.0,36.9,10.0,8.4,6.0,7.5,5.0,POOR,낮은 매칭 · 폐기위험 높음,1.058,51.5,STABLE,35.0,LOW,78.3,HIGH,29.5,75.5,67.7,0.3,30.0,53584.0,100.0,0.385,0.385,88.5,False,12.6,283,41.9,99,100.0,0.999,4.9,36.5,50.0,DISCOUNT,74.1,2,99.8,71.1,37.4,disposal_risk,50.3,모니터링,338,HEURISTIC 29% | ABC 14% | TURNOVER 14% | DISPOSAL_RISK 14% | SAFETY_STOCK 8% | EOQ 7% | DEMAND_FORECAST 7% | MATCH 5%,"['⏰ 유통기한 임박 (91%)', '❄️ 냉장·냉동 과잉 (80%)', '💸 배송비 상승 (100%)', '⚡ 복합 스트레스 (60%)']","{'재고위험': '24.9%', '판매가능성': '13.1%', '점포이동적합': '14.0%', '비용절감': '18.3%', '폐기회피이익': '13.7%', '실행가능성': '12.8%', '이력보정': '3.3%'}",True,True,False,True,False,True,44.0,33.2,53.6,60.5,72.0,70.3,51.8,52.7,0.0,49.0,검토,할인 판매,🏷️,264,HIGH,신뢰도 높음 ●,#2e7d32,,,49.0,검토,할인 판매,3,2,False,False,,50.0,16755.0,0.0,16755.0,16.95,0.0,16.95,34.0,0.0,318.0,39.0,할인,재고 이동,66.234,다름,66.234,61.76,29.39,13.812
푸딩047,잠실2점,여의도점,39.0,프로모션 추천,16663.0,프로모션 순비용이 재배치 비용보다 낮습니다.,19.45445053510833,15.948275862068966,12,8,55.4,검토 가능,16663.0,39.0,196,False,Greedy 선택 후보보다 우선순위가 낮음,5.1,1501,326,2,디저트,312,153.0,36.0,229653.0,B,0.8822434874513435,2,60.0,63.9,5.63,SLOW,64.5,True,55.0,MEDIUM,유통기한 임박,4.4,19.7,0.0,SAFE,"재고 여유 — 현재고(326), 재주문점(20)",0.0,222.7,43.7,83578.0,44.4,OPTIMAL,"적정 발주 — EOQ(223개), 권장 발주 주기 44일",44.4,35.9,5.13,7.23,3.02,STABLE,63.6,0.0,WMA,0.0,32.1,10.0,3.6,6.0,7.5,5.0,POOR,낮은 매칭,1.008,50.2,STABLE,12.4,LOW,73.1,HIGH,29.5,75.5,67.7,0.3,30.0,53584.0,100.0,0.385,0.385,88.5,False,9.4,442,29.3,365,100.0,0.999,4.9,36.5,50.0,DISCOUNT,74.0,2,99.8,71.1,44.0,disposal_risk,51.9,모니터링,309,HEURISTIC 29% | ABC 14% | TURNOVER 14% | DISPOSAL_RISK 14% | SAFETY_STOCK 8% | EOQ 7% | DEMAND_FORECAST 7% | MATCH 5%,"['⏰ 유통기한 임박 (91%)', '❄️ 냉장·냉동 과잉 (80%)', '💸 배송비 상승 (100%)', '⚡ 복합 스트레스 (60%)']","{'재고위험': '24.9%', '판매가능성': '13.1%', '점포이동적합': '14.0%', '비용절감': '18.3%', '폐기회피이익': '13.7%', '실행가능성': '12.8%', '이력보정': '3.3%'}",True,True,False,True,False,True,54.3,32.8,49.0,52.1,72.0,70.3,50.1,53.0,0.0,51.4,검토,보류,⏸️,251,HIGH,신뢰도 높음 ●,#2e7d32,,,51.4,검토,보류,4,2,False,False,,50.0,24729.0,0.0,24729.0,25.81,0.0,25.81,52.0,0.0,326.0,39.0,할인,할인,59.812,일치,55.811,59.812,27.595,17.498
라면002,청량리2점,노원2점,17.0,프로모션 추천,9472.0,프로모션 순비용이 재배치 비용보다 낮습니다.,28.839728530409815,6.4655172413793105,12,8,55.3,검토 가능,9472.0,17.0,197,False,Greedy 선택 후보보다 우선순위가 낮음,5.01,1934,364,3,간편식,343,150.0,35.0,290100.0,A,0.764781727743596,1,100.0,72.8,4.95,SLOW,59.6,True,64.4,HIGH,유통기한 임박 | 소진일수 73일 초과,4.3,19.3,0.0,SAFE,"재고 여유 — 현재고(364), 재주문점(19)",0.0,207.3,41.4,88207.0,73.5,OVER,과잉 발주 위험 — 현재(360개) > EOQ(207개). 발주 주기 41일 권장,73.5,35.0,5.0,7.07,2.93,STABLE,72.8,0.0,WMA,0.0,40.9,10.0,8.4,10.0,7.5,5.0,FAIR,보통 매칭 · 폐기위험 높음 · 핵심(A)상품,0.998,50.0,STABLE,14.2,LOW,69.6,MEDIUM,30.8,76.4,88.0,0.3,30.0,29982.0,60.0,0.385,0.385,88.5,False,11.8,362,35.3,266,100.0,0.999,4.9,51.1,50.0,DISCOUNT,73.9,2,99.8,51.1,28.0,disposal_risk,65.1,검토 필요,52,HEURISTIC 29% | ABC 14% | TURNOVER 14% | DISPOSAL_RISK 14% | SAFETY_STOCK 8% | EOQ 7% | DEMAND_FORECAST 7% | MATCH 5%,"['⏰ 유통기한 임박 (91%)', '❄️ 냉장·냉동 과잉 (80%)', '💸 배송비 상승 (100%)', '⚡ 복합 스트레스 (60%)']","{'재고위험': '24.9%', '판매가능성': '13.1%', '점포이동적합': '14.0%', '비용절감': '18.3%', '폐기회피이익': '13.7%', '실행가능성': '12.8%', '이력보정': '3.3%'}",True,True,False,True,False,True,63.3,32.7,55.6,56.4,48.0,84.1,51.4,55.5,0.0,79.4,권장,할인 판매,🏷️,101,HIGH,신뢰도 높음 ●,#2e7d32,,,79.4,권장,할인 판매,1,2,False,False,,50.0,28851.0,0.0,28851.0,30.39,0.0,30.39,61.0,0.0,364.0,17.0,할인,할인,63.436,일치,53.146,63.436,28.28,18.891
푸딩047,교대점,여의도점,39.0,재배치 추천,15189.0,프로모션 순비용이 재배치 비용보다 높습니다.,21.378230227094754,15.948275862068966,18,0,55.3,검토 가능,15189.0,39.0,198,False,Greedy 선택 후보보다 우선순위가 낮음,0.4,1501,353,4,디저트,351,12.0,3.0,18012.0,B,0.8822434874513435,2,60.0,882.5,0.41,DEAD,0.0,True,60.0,HIGH,유통기한 임박 | 소진일수 882일 초과,0.3,1.5,0.0,SAFE,"재고 여유 — 현재고(353), 재주문점(2)",0.0,62.4,156.0,23407.0,100.0,OVER,과잉 발주 위험 — 현재(353개) > EOQ(62개). 발주 주기 156일 권장,100.0,2.9,0.41,0.58,0.25,STABLE,852.1,0.0,WMA,0.0,36.9,10.0,8.4,6.0,7.5,5.0,POOR,낮은 매칭 · 폐기위험 높음,1.071,51.8,STABLE,35.0,LOW,66.1,MEDIUM,29.5,75.5,67.7,0.3,30.0,55058.0,100.0,0.385,0.385,88.5,False,10.6,416,37.9,214,100.0,0.999,4.9,36.5,50.0,DISCOUNT,73.7,2,99.8,71.1,41.2,disposal_risk,47.6,모니터링,405,HEURISTIC 29% | ABC 14% | TURNOVER 14% | DISPOSAL_RISK 14% | SAFETY_STOCK 8% | EOQ 7% | DEMAND_FORECAST 7% | MATCH 5%,"['⏰ 유통기한 임박 (91%)', '❄️ 냉장·냉동 과잉 (80%)', '💸 배송비 상승 (100%)', '⚡ 복합 스트레스 (60%)']","{'재고위험': '24.9%', '판매가능성': '13.1%', '점포이동적합': '14.0%', '비용절감': '18.3%', '폐기회피이익': '13.7%', '실행가능성': '12.8%', '이력보정': '3.3%'}",True,True,False,True,False,True,39.5,33.2,52.8,60.4,72.0,70.3,50.7,51.5,0.0,34.4,검토,할인 판매,🏷️,342,HIGH,신뢰도 높음 ●,#2e7d32,,,34.4,검토,할인 판매,3,2,False,False,,50.0,15189.0,0.0,15189.0,15.21,0.0,15.21,30.0,0.0,353.0,39.0,재고 이동,재고 이동,68.485,일치,68.485,60.59,28.995,13.24
마카롱026,홍대점,왕십리2점,60.0,재배치 추천,22146.0,프로모션 순비용이 재배치 비용보다 높습니다.,12.298355520751763,25.0,18,0,55.3,검토 가능,22146.0,60.0,199,False,Greedy 선택 후보보다 우선순위가 낮음,4.29,2160,250,2,디저트,238,129.0,30.0,278640.0,A,0.2761574542214094,1,100.0,58.1,6.19,NORMAL,67.7,False,52.1,MEDIUM,유통기한 임박,3.7,16.6,0.0,SAFE,"재고 여유 — 현재고(250), 재주문점(17)",0.0,170.3,39.7,91954.0,44.6,OPTIMAL,"적정 발주 — EOQ(170개), 권장 발주 주기 40일",44.6,30.0,4.29,6.06,2.52,STABLE,58.3,0.2,WMA,0.2,36.1,10.0,3.61,10.0,7.5,5.0,POOR,낮은 매칭 · 핵심(A)상품,0.999,50.0,STABLE,11.4,LOW,73.1,HIGH,35.3,64.5,83.5,0.3,30.0,133374.0,100.0,0.385,0.385,88.5,False,9.4,442,28.7,377,100.0,0.999,4.9,48.5,50.0,DISCOUNT,73.6,2,99.8,71.1,27.9,disposal_risk,60.1,검토 필요,116,HEURISTIC 29% | ABC 14% | TURNOVER 14% | DISPOSAL_RISK 14% | SAFETY_STOCK 8% | EOQ 7% | DEMAND_FORECAST 7% | MATCH 5%,"['⏰ 유통기한 임박 (91%)', '❄️ 냉장·냉동 과잉 (80%)', '💸 배송비 상승 (100%)', '⚡ 복합 스트레스 (60%)']","{'재고위험': '24.9%', '판매가능성': '13.1%', '점포이동적합': '14.0%', '비용절감': '18.3%', '폐기회피이익': '13.7%', '실행가능성': '12.8%', '이력보정': '3.3%'}",True,True,False,True,False,True,59.9,32.8,51.8,52.1,72.0,77.2,50.1,55.7,0.0,83.1,최적,보류,⏸️,81,HIGH,신뢰도 높음 ●,#2e7d32,,,83.1,최적,보류,2,6,False,False,,50.0,22146.0,0.0,22146.0,22.94,0.0,22.94,46.0,0.0,250.0,60.0,재고 이동,재고 이동,65.211,일치,65.211,53.897,26.911,17.683
탄산음료050,목동2점,압구정점,43.0,재배치 추천,16629.0,프로모션 순비용이 재배치 비용보다 높습니다.,19.498825371965545,17.67241379310345,18,0,55.2,검토 가능,16629.0,43.0,200,False,Greedy 선택 후보보다 우선순위가 낮음,0.6,2391,361,0,음료,361,18.0,4.0,43038.0,B,0.8656502532053011,2,60.0,601.7,0.6,DEAD,0.0,True,70.0,HIGH,유통기한 임박 | 소진일수 602일 초과,0.5,2.3,0.0,SAFE,"재고 여유 — 현재고(361), 재주문점(2)",0.0,71.3,118.8,30701.0,100.0,OVER,과잉 발주 위험 — 현재(360개) > EOQ(71개). 발주 주기 119일 권장,100.0,4.1,0.59,0.83,0.34,STABLE,616.3,0.0,WMA,0.0,36.9,10.0,8.4,6.0,7.5,5.0,POOR,낮은 매칭 · 폐기위험 높음,0.952,48.8,STABLE,36.2,LOW,78.3,HIGH,29.8,53.2,90.7,0.3,30.0,106747.0,100.0,0.385,0.385,88.5,False,12.6,283,42.2,87,100.0,0.999,4.9,52.6,50.0,DISCOUNT,73.5,2,99.8,71.0,37.5,disposal_risk,50.1,모니터링,343,HEURISTIC 29% | ABC 14% | TURNOVER 14% | DISPOSAL_RISK 14% | SAFETY_STOCK 8% | EOQ 7% | DEMAND_FORECAST 7% | MATCH 5%,"['⏰ 유통기한 임박 (91%)', '❄️ 냉장·냉동 과잉 (80%)', '💸 배송비 상승 (100%)', '⚡ 복합 스트레스 (60%)']","{'재고위험': '24.9%', '판매가능성': '13.1%', '점포이동적합': '14.0%', '비용절감': '18.3%', '폐기회피이익': '13.7%', '실행가능성': '12.8%', '이력보정': '3.3%'}",True,True,False,True,False,True,44.1,32.3,55.3,60.4,72.0,78.2,51.8,53.9,0.0,59.2,검토,할인 판매,🏷️,209,HIGH,신뢰도 높음 ●,#2e7d32,,,59.2,검토,할인 판매,4,0,False,False,,50.0,16629.0,0.0,16629.0,16.81,0.0,16.81,34.0,0.0,361.0,43.0,재고 이동,재고 이동,69.03,일치,69.03,63.359,30.158,13.672
마카롱015,상암점,용산2점,44.0,재배치 추천,16917.0,프로모션 순비용이 재배치 비용보다 높습니다.,19.1229444009397,18.103448275862068,18,0,55.2,검토 가능,16917.0,44.0,201,False,Greedy 선택 후보보다 우선순위가 낮음,1.29,2785,349,0,디저트,348,39.0,9.0,108615.0,A,0.3993310944514818,1,100.0,268.5,1.34,DEAD,0.0,True,70.0,HIGH,유통기한 임박 | 소진일수 268일 초과,1.1,5.0,0.0,SAFE,"재고 여유 — 현재고(349), 재주문점(5)",0.0,82.2,63.7,57256.0,100.0,OVER,과잉 발주 위험 — 현재(348개) > EOQ(82개). 발주 주기 64일 권장,100.0,9.0,1.29,1.82,0.75,STABLE,271.4,0.0,WMA,0.0,40.9,10.0,8.4,10.0,7.5,5.0,FAIR,보통 매칭 · 폐기위험 높음 · 핵심(A)상품,0.997,49.9,STABLE,35.1,LOW,78.3,HIGH,40.9,46.9,72.2,0.3,30.0,130131.0,100.0,0.385,0.385,88.5,False,12.8,273,42.7,70,100.0,0.999,4.9,40.4,50.0,DISCOUNT,73.3,2,99.8,71.0,20.4,disposal_risk,58.5,검토 필요,157,HEURISTIC 29% | ABC 14% | TURNOVER 14% | DISPOSAL_RISK 14% | SAFETY_STOCK 8% | EOQ 7% | DEMAND_FORECAST 7% | MATCH 5%,"['⏰ 유통기한 임박 (91%)', '❄️ 냉장·냉동 과잉 (80%)', '💸 배송비 상승 (100%)', '⚡ 복합 스트레스 (60%)']","{'재고위험': '24.9%', '판매가능성': '13.1%', '점포이동적합': '14.0%', '비용절감': '18.3%', '폐기회피이익': '13.7%', '실행가능성': '12.8%', '이력보정': '3.3%'}",True,True,False,True,False,True,50.0,32.7,56.0,60.4,72.0,63.8,52.0,53.6,0.0,56.1,검토,할인 판매,🏷️,226,HIGH,신뢰도 높음 ●,#2e7d32,,,56.1,검토,할인 판매,1,5,False,False,,50.0,16917.0,0.0,16917.0,17.13,0.0,17.13,34.0,0.0,349.0,44.0,재고 이동,재고 이동,72.17,일치,72.17,61.048,29.692,14.512
아이스크림071,선릉점,압구정점,35.0,재배치 추천,14037.0,프로모션 순비용이 재배치 비용보다 높습니다.,22.881754111198124,14.224137931034484,18,0,55.1,검토 가능,14037.0,35.0,202,False,Greedy 선택 후보보다 우선순위가 낮음,4.91,2866,329,0,디저트,323,147.0,34.0,421302.0,A,0.7334451862058423,1,100.0,67.1,5.36,SLOW,62.7,True,58.6,MEDIUM,유통기한 임박 | 소진일수 67일 초과,4.2,18.9,0.0,SAFE,"재고 여유 — 현재고(329), 재주문점(19)",0.0,158.2,32.2,113317.0,100.0,OVER,과잉 발주 위험 — 현재(325개) > EOQ(158개). 발주 주기 32일 권장,100.0,34.1,4.87,6.9,2.85,STABLE,67.5,0.0,WMA,0.0,36.1,10.0,3.6,10.0,7.5,5.0,POOR,낮은 매칭 · 핵심(A)상품,0.989,49.7,STABLE,13.3,LOW,78.3,HIGH,33.9,53.2,90.7,0.3,30.0,106335.0,100.0,0.385,0.385,88.5,False,10.3,425,31.7,309,100.0,0.999,4.9,52.6,50.0,DISCOUNT,73.2,2,99.8,71.0,28.1,disposal_risk,64.5,검토 필요,62,HEURISTIC 29% | ABC 14% | TURNOVER 14% | DISPOSAL_RISK 14% | SAFETY_STOCK 8% | EOQ 7% | DEMAND_FORECAST 7% | MATCH 5%,"['⏰ 유통기한 임박 (91%)', '❄️ 냉장·냉동 과잉 (80%)', '💸 배송비 상승 (100%)', '⚡ 복합 스트레스 (60%)']","{'재고위험': '24.9%', '판매가능성': '13.1%', '점포이동적합': '14.0%', '비용절감': '18.3%', '폐기회피이익': '13.7%', '실행가능성': '12.8%', '이력보정': '3.3%'}",True,True,False,True,False,True,61.5,32.6,52.8,60.3,72.0,78.2,50.6,57.9,0.0,94.6,최적,보류,⏸️,19,HIGH,신뢰도 높음 ●,#2e7d32,,,94.6,최적,보류,3,0,False,False,,50.0,14037.0,0.0,14037.0,13.93,0.0,13.93,28.0,0.0,329.0,35.0,재고 이동,재고 이동,73.569,일치,73.569,52.182,26.905,15.968
생수035,용산2점,선릉2점,38.0,재배치 추천,15099.0,프로모션 순비용이 재배치 비용보다 높습니다.,21.49569303054033,15.517241379310345,18,0,55.0,검토 가능,15099.0,38.0,203,False,Greedy 선택 후보보다 우선순위가 낮음,1.95,2766,366,0,음료,364,58.0,14.0,160428.0,A,0.6311245012922923,1,100.0,189.3,1.9,DEAD,0.0,True,70.0,HIGH,유통기한 임박 | 소진일수 189일 초과,1.7,7.6,0.0,SAFE,"재고 여유 — 현재고(366), 재주문점(8)",0.0,119.6,61.3,59529.0,100.0,OVER,과잉 발주 위험 — 현재(364개) > EOQ(120개). 발주 주기 61일 권장,100.0,13.9,1.99,2.79,1.18,STABLE,184.3,0.0,WMA,0.0,40.9,10.0,8.4,10.0,7.5,5.0,FAIR,보통 매칭 · 폐기위험 높음 · 핵심(A)상품,1.026,50.6,STABLE,35.0,LOW,78.3,HIGH,43.5,74.2,100.0,0.3,30.0,111031.0,100.0,0.385,0.385,88.5,False,12.8,273,42.7,70,100.0,0.999,4.9,57.0,50.0,DISCOUNT,73.1,2,99.8,71.0,20.4,disposal_risk,58.3,검토 필요,159,HEURISTIC 29% | ABC 14% | TURNOVER 14% | DISPOSAL_RISK 14% | SAFETY_STOCK 8% | EOQ 7% | DEMAND_FORECAST 7% | MATCH 5%,"['⏰ 유통기한 임박 (91%)', '❄️ 냉장·냉동 과잉 (80%)', '💸 배송비 상승 (100%)', '⚡ 복합 스트레스 (60%)']","{'재고위험': '24.9%', '판매가능성': '13.1%', '점포이동적합': '14.0%', '비용절감': '18.3%', '폐기회피이익': '13.7%', '실행가능성': '12.8%', '이력보정': '3.3%'}",True,True,False,True,False,True,50.0,32.9,57.6,60.2,72.0,91.4,52.0,57.4,0.0,93.7,최적,할인 판매,🏷️,24,HIGH,신뢰도 높음 ●,#2e7d32,,,93.7,최적,할인 판매,5,6,False,False,,50.0,15099.0,0.0,15099.0,15.11,0.0,15.11,30.0,0.0,366.0,38.0,재고 이동,재고 이동,73.043,일치,73.043,60.212,29.316,14.253
빵101,신촌2점,노원2점,39.0,프로모션 추천,17002.0,프로모션 순비용이 재배치 비용보다 낮습니다.,19.012007308796658,15.948275862068966,12,8,55.0,검토 가능,17002.0,39.0,204,False,Greedy 선택 후보보다 우선순위가 낮음,3.21,1530,322,1,디저트,318,96.0,22.0,146880.0,A,0.6777629930142552,1,100.0,100.6,3.58,DEAD,44.1,True,68.0,HIGH,유통기한 임박 | 소진일수 101일 초과,2.8,12.4,0.0,SAFE,"재고 여유 — 현재고(322), 재주문점(12)",0.0,175.0,54.5,66944.0,82.4,OVER,과잉 발주 위험 — 현재(319개) > EOQ(175개). 발주 주기 54일 권장,82.4,22.2,3.17,4.5,1.85,STABLE,101.5,0.0,WMA,0.0,40.9,10.0,8.4,10.0,7.5,5.0,FAIR,보통 매칭 · 폐기위험 높음 · 핵심(A)상품,0.979,49.5,STABLE,20.0,LOW,76.6,HIGH,27.2,76.4,88.0,0.3,30.0,54602.0,100.0,0.385,0.385,88.5,False,12.5,293,38.1,207,100.0,0.999,4.9,51.1,50.0,DISCOUNT,72.9,2,99.8,71.0,28.3,disposal_risk,63.8,검토 필요,73,HEURISTIC 29% | ABC 14% | TURNOVER 14% | DISPOSAL_RISK 14% | SAFETY_STOCK 8% | EOQ 7% | DEMAND_FORECAST 7% | MATCH 5%,"['⏰ 유통기한 임박 (91%)', '❄️ 냉장·냉동 과잉 (80%)', '💸 배송비 상승 (100%)', '⚡ 복합 스트레스 (60%)']","{'재고위험': '24.9%', '판매가능성': '13.1%', '점포이동적합': '14.0%', '비용절감': '18.3%', '폐기회피이익': '13.7%', '실행가능성': '12.8%', '이력보정': '3.3%'}",True,True,False,True,False,True,60.8,32.6,56.1,57.6,72.0,84.1,51.8,58.4,0.0,96.7,최적,할인 판매,🏷️,8,HIGH,신뢰도 높음 ●,#2e7d32,,,96.7,최적,할인 판매,3,2,False,False,,50.0,24189.0,0.0,24189.0,25.21,0.0,25.21,50.0,0.0,322.0,39.0,할인,재고 이동,62.328,다름,62.328,60.545,28.798,17.428
빵101,마포점,노원2점,39.0,프로모션 추천,17002.0,프로모션 순비용이 재배치 비용보다 낮습니다.,19.012007308796658,15.948275862068966,12,8,55.0,검토 가능,17002.0,39.0,205,False,Greedy 선택 후보보다 우선순위가 낮음,5.24,1530,288,2,디저트,274,157.0,37.0,240210.0,A,0.6777629930142552,1,100.0,55.0,6.54,NORMAL,69.4,False,50.5,MEDIUM,유통기한 임박,4.5,20.2,0.0,SAFE,"재고 여유 — 현재고(288), 재주문점(20)",0.0,223.6,42.7,85532.0,26.8,OPTIMAL,"적정 발주 — EOQ(224개), 권장 발주 주기 43일",26.8,36.9,5.27,7.43,3.11,STABLE,54.6,0.7,WMA,0.7,36.1,10.0,3.64,10.0,7.5,5.0,POOR,낮은 매칭 · 핵심(A)상품,1.009,50.2,STABLE,10.7,LOW,73.1,HIGH,27.2,76.4,88.0,0.3,30.0,54602.0,100.0,0.385,0.385,88.5,False,11.7,368,27.9,396,100.0,0.999,4.9,51.1,50.0,DISCOUNT,72.8,2,99.8,71.0,27.8,disposal_risk,58.9,검토 필요,144,HEURISTIC 29% | ABC 14% | TURNOVER 14% | DISPOSAL_RISK 14% | SAFETY_STOCK 8% | EOQ 7% | DEMAND_FORECAST 7% | MATCH 5%,"['⏰ 유통기한 임박 (91%)', '❄️ 냉장·냉동 과잉 (80%)', '💸 배송비 상승 (100%)', '⚡ 복합 스트레스 (60%)']","{'재고위험': '24.9%', '판매가능성': '13.1%', '점포이동적합': '14.0%', '비용절감': '18.3%', '폐기회피이익': '13.7%', '실행가능성': '12.8%', '이력보정': '3.3%'}",True,True,False,True,False,True,59.6,33.1,51.9,49.3,72.0,84.1,51.3,56.1,0.0,85.7,최적,보류,⏸️,67,HIGH,신뢰도 높음 ●,#2e7d32,,,85.7,최적,보류,4,2,False,False,,50.0,29814.0,0.0,29814.0,31.46,0.0,31.46,63.0,0.0,288.0,39.0,할인,할인,58.552,일치,51.952,58.552,26.613,19.163
라면066,명동점,왕십리2점,56.0,프로모션 추천,22599.0,프로모션 순비용이 재배치 비용보다 낮습니다.,11.707126076742364,23.275862068965516,12,8,55.0,검토 가능,22599.0,56.0,206,False,Greedy 선택 후보보다 우선순위가 낮음,6.77,1422,332,0,간편식,323,203.0,47.0,288666.0,A,0.5693552650486264,1,100.0,49.1,7.34,NORMAL,72.7,False,54.5,MEDIUM,유통기한 임박,5.8,26.1,0.0,SAFE,"재고 여유 — 현재고(332), 재주문점(26)",0.0,281.0,41.5,87923.0,16.1,OPTIMAL,"적정 발주 — EOQ(281개), 권장 발주 주기 42일",16.1,47.2,6.74,9.54,3.95,STABLE,49.2,1.4,WMA,1.4,36.2,10.0,3.67,10.0,7.5,5.0,POOR,낮은 매칭 · 핵심(A)상품,0.992,49.8,STABLE,9.7,LOW,78.3,HIGH,35.3,64.5,83.5,0.3,30.0,72959.0,100.0,0.385,0.385,88.5,False,17.7,77,29.4,363,100.0,0.999,4.9,48.5,50.0,DISCOUNT,72.7,2,99.8,71.0,27.0,disposal_risk,60.2,검토 필요,113,HEURISTIC 29% | ABC 14% | TURNOVER 14% | DISPOSAL_RISK 14% | SAFETY_STOCK 8% | EOQ 7% | DEMAND_FORECAST 7% | MATCH 5%,"['⏰ 유통기한 임박 (91%)', '❄️ 냉장·냉동 과잉 (80%)', '💸 배송비 상승 (100%)', '⚡ 복합 스트레스 (60%)']","{'재고위험': '24.9%', '판매가능성': '13.1%', '점포이동적합': '14.0%', '비용절감': '18.3%', '폐기회피이익': '13.7%', '실행가능성': '12.8%', '이력보정': '3.3%'}",True,True,False,True,False,True,62.3,33.3,52.0,47.7,72.0,77.2,54.6,55.6,0.0,81.0,최적,보류,⏸️,92,HIGH,신뢰도 높음 ●,#2e7d32,,,81.0,최적,보류,5,6,False,False,,50.0,27672.0,0.0,27672.0,29.08,0.0,29.08,58.0,0.0,332.0,56.0,할인,재고 이동,59.502,다름,59.502,58.376,27.666,19.016
냉동피자087,마포점,잠실점,10.0,프로모션 추천,7513.0,프로모션 순비용이 재배치 비용보다 낮습니다.,31.396502218741844,3.4482758620689653,12,8,54.8,후순위,7513.0,10.0,207,False,Greedy 선택 후보보다 우선순위가 낮음,1.26,2581,288,32,냉동식품,232,38.0,9.0,98078.0,B,0.947868811972733,2,60.0,227.4,1.58,DEAD,0.0,True,36.0,LOW,소진일수 227일 초과 | 신선/냉장 고위험 카테고리,1.1,4.9,0.0,SAFE,"재고 여유 — 현재고(288), 재주문점(5)",0.0,77.1,61.2,59674.0,100.0,OVER,과잉 발주 위험 — 현재(287개) > EOQ(77개). 발주 주기 61일 권장,100.0,8.9,1.27,1.79,0.75,STABLE,226.5,0.0,WMA,0.0,28.5,10.0,0.0,6.0,7.5,5.0,POOR,낮은 매칭,1.02,50.5,STABLE,35.0,LOW,43.3,MEDIUM,41.3,64.5,78.4,0.3,30.0,23459.0,46.9,0.385,0.385,88.5,True,6.0,487,26.6,417,100.0,0.999,4.9,45.1,50.0,DISCOUNT,72.5,2,99.8,44.4,47.6,disposal_risk,38.9,후순위,477,HEURISTIC 29% | ABC 14% | TURNOVER 14% | DISPOSAL_RISK 14% | SAFETY_STOCK 8% | EOQ 7% | DEMAND_FORECAST 7% | MATCH 5%,"['⏰ 유통기한 임박 (91%)', '❄️ 냉장·냉동 과잉 (80%)', '💸 배송비 상승 (100%)', '⚡ 복합 스트레스 (60%)']","{'재고위험': '24.9%', '판매가능성': '13.1%', '점포이동적합': '14.0%', '비용절감': '18.3%', '폐기회피이익': '13.7%', '실행가능성': '12.8%', '이력보정': '3.3%'}",True,True,False,True,False,True,28.7,32.8,47.7,60.1,40.1,73.8,48.2,44.0,0.0,5.9,검토,보류,⏸️,495,HIGH,신뢰도 높음 ●,#2e7d32,,,5.9,검토,보류,4,2,False,False,,50.0,21858.0,0.0,21858.0,22.62,0.0,22.62,45.0,0.0,288.0,10.0,할인,할인,58.481,일치,48.593,58.481,25.885,14.346
냉동피자087,마포2점,잠실점,10.0,프로모션 추천,7513.0,프로모션 순비용이 재배치 비용보다 낮습니다.,31.396502218741844,3.4482758620689653,12,8,54.8,후순위,7513.0,10.0,208,False,Greedy 선택 후보보다 우선순위가 낮음,1.01,2581,368,20,냉동식품,340,30.0,7.0,77430.0,B,0.947868811972733,2,60.0,368.0,0.98,DEAD,0.0,True,43.5,MEDIUM,소진일수 368일 초과 | 신선/냉장 고위험 카테고리,0.9,3.9,0.0,SAFE,"재고 여유 — 현재고(368), 재주문점(4)",0.0,69.0,68.3,53427.0,100.0,OVER,과잉 발주 위험 — 현재(367개) > EOQ(69개). 발주 주기 68일 권장,100.0,7.0,1.0,1.42,0.58,STABLE,368.0,0.0,WMA,0.0,32.1,10.0,3.6,6.0,7.5,5.0,POOR,낮은 매칭,0.99,49.8,STABLE,35.2,LOW,43.3,MEDIUM,41.3,64.5,78.4,0.3,30.0,23459.0,46.9,0.385,0.385,88.5,True,7.3,481,30.4,337,100.0,0.999,4.9,45.1,50.0,DISCOUNT,72.4,2,99.8,44.4,46.2,disposal_risk,41.7,모니터링,469,HEURISTIC 29% | ABC 14% | TURNOVER 14% | DISPOSAL_RISK 14% | SAFETY_STOCK 8% | EOQ 7% | DEMAND_FORECAST 7% | MATCH 5%,"['⏰ 유통기한 임박 (91%)', '❄️ 냉장·냉동 과잉 (80%)', '💸 배송비 상승 (100%)', '⚡ 복합 스트레스 (60%)']","{'재고위험': '24.9%', '판매가능성': '13.1%', '점포이동적합': '14.0%', '비용절감': '18.3%', '폐기회피이익': '13.7%', '실행가능성': '12.8%', '이력보정': '3.3%'}",True,True,False,True,False,True,32.1,32.6,50.0,60.1,40.1,73.8,48.9,45.2,0.0,8.5,검토,보류,⏸️,481,HIGH,신뢰도 높음 ●,#2e7d32,,,8.5,검토,보류,6,2,False,False,,50.0,22182.0,0.0,22182.0,22.98,0.0,22.98,46.0,0.0,368.0,10.0,할인,할인,61.869,일치,51.662,61.869,27.287,14.45
냉동피자087,이태원점,잠실점,10.0,프로모션 추천,7513.0,프로모션 순비용이 재배치 비용보다 낮습니다.,31.396502218741844,3.4482758620689653,12,8,54.8,후순위,7513.0,10.0,209,False,Greedy 선택 후보보다 우선순위가 낮음,2.24,2581,293,5,냉동식품,278,67.0,16.0,172927.0,B,0.947868811972733,2,60.0,131.2,2.74,DEAD,27.1,True,66.0,HIGH,유통기한 임박 | 소진일수 131일 초과 | 신선/냉장 고위험 카테고리,1.9,8.6,0.0,SAFE,"재고 여유 — 현재고(293), 재주문점(9)",0.0,102.8,45.9,79566.0,100.0,OVER,과잉 발주 위험 — 현재(291개) > EOQ(103개). 발주 주기 46일 권장,100.0,15.9,2.27,3.2,1.35,STABLE,129.0,0.0,WMA,0.0,36.9,10.0,8.4,6.0,7.5,5.0,POOR,낮은 매칭 · 폐기위험 높음,1.02,50.5,STABLE,25.4,LOW,62.6,MEDIUM,41.3,64.5,78.4,0.3,30.0,23459.0,46.9,0.385,0.385,88.5,True,11.9,351,37.9,214,100.0,0.999,4.9,45.1,50.0,DISCOUNT,72.3,2,99.8,44.4,45.3,disposal_risk,53.2,모니터링,278,HEURISTIC 29% | ABC 14% | TURNOVER 14% | DISPOSAL_RISK 14% | SAFETY_STOCK 8% | EOQ 7% | DEMAND_FORECAST 7% | MATCH 5%,"['⏰ 유통기한 임박 (91%)', '❄️ 냉장·냉동 과잉 (80%)', '💸 배송비 상승 (100%)', '⚡ 복합 스트레스 (60%)']","{'재고위험': '24.9%', '판매가능성': '13.1%', '점포이동적합': '14.0%', '비용절감': '18.3%', '폐기회피이익': '13.7%', '실행가능성': '12.8%', '이력보정': '3.3%'}",True,True,False,True,False,True,49.4,32.8,53.7,60.1,40.1,73.8,51.5,50.0,0.0,23.6,검토,할인 판매,🏷️,400,HIGH,신뢰도 높음 ●,#2e7d32,,,23.6,검토,할인 판매,7,2,False,False,,50.0,26385.0,0.0,26385.0,27.65,0.0,27.65,55.0,0.0,293.0,10.0,할인,할인,64.77,일치,47.974,64.77,28.291,16.677
아이스크림085,구로2점,잠원점,36.0,재배치 추천,14577.0,프로모션 순비용이 재배치 비용보다 높습니다.,22.17697729052467,14.655172413793101,18,0,54.8,후순위,14577.0,36.0,210,False,Greedy 선택 후보보다 우선순위가 낮음,6.16,2932,311,3,디저트,286,185.0,43.0,542420.0,A,0.3474431199272941,1,100.0,50.4,7.14,NORMAL,72.0,False,48.2,MEDIUM,유통기한 임박,5.3,23.8,0.0,SAFE,"재고 여유 — 현재고(311), 재주문점(24)",0.0,175.1,28.4,128377.0,74.6,OVER,과잉 발주 위험 — 현재(306개) > EOQ(175개). 발주 주기 28일 권장,74.6,43.0,6.14,8.68,3.6,STABLE,50.6,1.2,WMA,1.2,36.2,10.0,3.66,10.0,7.5,5.0,POOR,낮은 매칭 · 핵심(A)상품,0.997,49.9,STABLE,9.9,LOW,69.6,MEDIUM,30.3,34.9,77.2,0.3,30.0,112085.0,100.0,0.385,0.385,88.5,False,15.3,106,26.9,411,100.0,0.999,4.9,44.3,50.0,DISCOUNT,72.1,2,99.8,71.0,27.5,turnover,62.3,검토 필요,96,HEURISTIC 29% | ABC 14% | TURNOVER 14% | DISPOSAL_RISK 14% | SAFETY_STOCK 8% | EOQ 7% | DEMAND_FORECAST 7% | MATCH 5%,"['⏰ 유통기한 임박 (91%)', '❄️ 냉장·냉동 과잉 (80%)', '💸 배송비 상승 (100%)', '⚡ 복합 스트레스 (60%)']","{'재고위험': '24.9%', '판매가능성': '13.1%', '점포이동적합': '14.0%', '비용절감': '18.3%', '폐기회피이익': '13.7%', '실행가능성': '12.8%', '이력보정': '3.3%'}",True,True,False,True,False,True,59.3,33.3,51.1,56.3,72.0,63.1,53.3,54.5,0.0,65.8,권장,보류,⏸️,174,HIGH,신뢰도 높음 ●,#2e7d32,,,65.8,권장,보류,1,2,False,False,,50.0,14577.0,0.0,14577.0,14.53,0.0,14.53,29.0,0.0,311.0,36.0,재고 이동,재고 이동,70.516,일치,70.516,49.398,25.481,16.361
과일컵009,청량리2점,신림2점,36.0,프로모션 추천,16127.0,프로모션 순비용이 재배치 비용보다 낮습니다.,20.154006786739753,14.655172413793101,12,8,54.8,후순위,16127.0,36.0,211,False,Greedy 선택 후보보다 우선순위가 낮음,5.14,1570,352,1,신선식품,345,154.0,36.0,241780.0,A,0.36475460817772537,1,100.0,68.6,5.25,SLOW,61.9,True,67.3,HIGH,유통기한 임박 | 소진일수 69일 초과 | 신선/냉장 고위험 카테고리,4.4,19.8,0.0,SAFE,"재고 여유 — 현재고(352), 재주문점(20)",0.0,184.8,36.0,101534.0,88.1,OVER,과잉 발주 위험 — 현재(348개) > EOQ(185개). 발주 주기 36일 권장,88.1,36.0,5.14,7.26,3.02,STABLE,68.4,0.0,WMA,0.0,40.9,10.0,8.4,10.0,7.5,5.0,FAIR,보통 매칭 · 폐기위험 높음 · 핵심(A)상품,1.001,50.0,STABLE,13.3,LOW,76.6,HIGH,28.1,79.7,70.8,0.3,30.0,51697.0,100.0,0.385,0.385,88.5,True,12.4,304,36.2,246,100.0,0.999,4.9,39.2,50.0,DISCOUNT,72.0,2,99.8,71.0,27.2,disposal_risk,66.8,검토 필요,33,HEURISTIC 29% | ABC 14% | TURNOVER 14% | DISPOSAL_RISK 14% | SAFETY_STOCK 8% | EOQ 7% | DEMAND_FORECAST 7% | MATCH 5%,"['⏰ 유통기한 임박 (91%)', '❄️ 냉장·냉동 과잉 (80%)', '💸 배송비 상승 (100%)', '⚡ 복합 스트레스 (60%)']","{'재고위험': '24.9%', '판매가능성': '13.1%', '점포이동적합': '14.0%', '비용절감': '18.3%', '폐기회피이익': '13.7%', '실행가능성': '12.8%', '이력보정': '3.3%'}",True,True,False,True,False,True,65.2,32.7,54.6,58.4,72.0,73.8,51.7,58.1,0.0,95.8,최적,할인 판매,🏷️,13,HIGH,신뢰도 높음 ●,#2e7d32,,,95.8,최적,할인 판매,1,2,False,False,,50.0,16764.0,0.0,16764.0,16.96,0.0,16.96,34.0,0.0,352.0,36.0,할인,재고 이동,71.464,다름,71.464,54.929,27.715,16.633
과일컵009,강남점,신림2점,36.0,프로모션 추천,16127.0,프로모션 순비용이 재배치 비용보다 낮습니다.,20.154006786739753,14.655172413793101,12,8,54.8,후순위,16127.0,36.0,212,False,Greedy 선택 후보보다 우선순위가 낮음,8.72,1570,282,0,신선식품,270,262.0,61.0,411340.0,A,0.36475460817772537,1,100.0,32.3,11.15,NORMAL,82.1,False,51.2,MEDIUM,유통기한 임박 | 신선/냉장 고위험 카테고리,7.5,33.7,0.0,SAFE,"재고 여유 — 현재고(282), 재주문점(34)",0.0,240.7,27.6,132248.0,14.0,OPTIMAL,"적정 발주 — EOQ(241개), 권장 발주 주기 28일",14.0,61.0,8.71,12.31,5.12,STABLE,32.4,3.7,WMA,3.7,36.3,10.0,3.78,10.0,7.5,5.0,POOR,낮은 매칭 · 핵심(A)상품,0.999,50.0,STABLE,6.3,LOW,78.3,HIGH,28.1,79.7,70.8,0.3,30.0,51697.0,100.0,0.385,0.385,88.5,True,40.1,12,27.4,404,100.0,0.999,4.9,39.2,50.0,DISCOUNT,71.9,1,100.0,71.0,25.5,turnover,62.4,검토 필요,94,HEURISTIC 29% | ABC 14% | TURNOVER 14% | DISPOSAL_RISK 14% | SAFETY_STOCK 8% | EOQ 7% | DEMAND_FORECAST 7% | MATCH 5%,"['⏰ 유통기한 임박 (91%)', '❄️ 냉장·냉동 과잉 (80%)', '💸 배송비 상승 (100%)', '⚡ 복합 스트레스 (60%)']","{'재고위험': '24.9%', '판매가능성': '13.1%', '점포이동적합': '14.0%', '비용절감': '18.3%', '폐기회피이익': '13.7%', '실행가능성': '12.8%', '이력보정': '3.3%'}",True,True,False,True,False,True,63.3,34.6,50.7,47.2,72.0,73.8,67.1,55.3,0.0,77.3,권장,보류,⏸️,112,HIGH,신뢰도 높음 ●,#2e7d32,,,77.3,권장,보류,0,2,False,False,,50.0,17565.0,0.0,17565.0,17.85,0.0,17.85,36.0,0.0,282.0,36.0,할인,재고 이동,63.172,다름,63.172,49.662,24.515,17.954
탄산음료050,청량리점,합정점,39.0,재배치 추천,15657.0,프로모션 순비용이 재배치 비용보다 높습니다.,20.767423649177758,15.948275862068966,18,0,54.7,후순위,15657.0,39.0,213,False,Greedy 선택 후보보다 우선순위가 낮음,3.1,2391,366,3,음료,353,93.0,22.0,222363.0,B,0.8656502532053011,2,60.0,118.1,3.05,DEAD,34.4,True,68.0,HIGH,유통기한 임박 | 소진일수 118일 초과,2.7,12.0,0.0,SAFE,"재고 여유 — 현재고(366), 재주문점(12)",0.0,162.1,52.3,69784.0,100.0,OVER,과잉 발주 위험 — 현재(363개) > EOQ(162개). 발주 주기 52일 권장,100.0,21.9,3.13,4.41,1.85,STABLE,117.0,0.0,WMA,0.0,36.9,10.0,8.4,6.0,7.5,5.0,POOR,낮은 매칭 · 폐기위험 높음,1.014,50.3,STABLE,23.0,LOW,69.6,MEDIUM,38.7,59.9,78.8,0.3,30.0,96242.0,100.0,0.385,0.385,88.5,False,12.3,318,38.1,207,100.0,0.999,4.9,45.4,50.0,DISCOUNT,71.7,2,99.8,70.9,45.0,disposal_risk,54.8,모니터링,242,HEURISTIC 29% | ABC 14% | TURNOVER 14% | DISPOSAL_RISK 14% | SAFETY_STOCK 8% | EOQ 7% | DEMAND_FORECAST 7% | MATCH 5%,"['⏰ 유통기한 임박 (91%)', '❄️ 냉장·냉동 과잉 (80%)', '💸 배송비 상승 (100%)', '⚡ 복합 스트레스 (60%)']","{'재고위험': '24.9%', '판매가능성': '13.1%', '점포이동적합': '14.0%', '비용절감': '18.3%', '폐기회피이익': '13.7%', '실행가능성': '12.8%', '이력보정': '3.3%'}",True,True,False,True,False,True,52.2,32.8,53.8,60.1,72.0,72.5,51.7,54.9,0.0,71.7,권장,할인 판매,🏷️,142,HIGH,신뢰도 높음 ●,#2e7d32,,,71.7,권장,할인 판매,2,6,False,False,,50.0,15657.0,0.0,15657.0,15.73,0.0,15.73,31.0,0.0,366.0,39.0,재고 이동,재고 이동,70.368,일치,70.368,59.585,29.108,14.576
빵101,신촌2점,명동점,30.0,재배치 추천,12804.0,프로모션 순비용이 재배치 비용보다 높습니다.,24.490994518402506,12.068965517241379,18,0,54.6,후순위,12804.0,30.0,214,False,Greedy 선택 후보보다 우선순위가 낮음,3.21,1530,322,1,디저트,318,96.0,22.0,146880.0,A,0.6777629930142552,1,100.0,100.6,3.58,DEAD,44.1,True,68.0,HIGH,유통기한 임박 | 소진일수 101일 초과,2.8,12.4,0.0,SAFE,"재고 여유 — 현재고(322), 재주문점(12)",0.0,175.0,54.5,66944.0,82.4,OVER,과잉 발주 위험 — 현재(319개) > EOQ(175개). 발주 주기 54일 권장,82.4,22.2,3.17,4.5,1.85,STABLE,101.5,0.0,WMA,0.0,40.9,10.0,8.4,10.0,7.5,5.0,FAIR,보통 매칭 · 폐기위험 높음 · 핵심(A)상품,0.979,49.5,STABLE,20.0,LOW,76.6,HIGH,28.9,50.9,53.5,0.3,30.0,42276.0,84.6,0.385,0.385,88.5,False,12.5,293,38.1,207,100.0,0.999,4.9,19.6,50.0,DISCOUNT,71.6,2,99.8,63.2,28.3,disposal_risk,63.5,검토 필요,76,HEURISTIC 29% | ABC 14% | TURNOVER 14% | DISPOSAL_RISK 14% | SAFETY_STOCK 8% | EOQ 7% | DEMAND_FORECAST 7% | MATCH 5%,"['⏰ 유통기한 임박 (91%)', '❄️ 냉장·냉동 과잉 (80%)', '💸 배송비 상승 (100%)', '⚡ 복합 스트레스 (60%)']","{'재고위험': '24.9%', '판매가능성': '13.1%', '점포이동적합': '14.0%', '비용절감': '18.3%', '폐기회피이익': '13.7%', '실행가능성': '12.8%', '이력보정': '3.3%'}",True,True,False,True,False,True,60.8,32.6,53.0,57.4,62.8,52.6,51.8,52.6,0.0,48.4,검토,할인 판매,🏷️,267,HIGH,신뢰도 높음 ●,#2e7d32,,,48.4,검토,할인 판매,3,5,False,False,,50.0,12804.0,0.0,12804.0,12.56,0.0,12.56,25.0,0.0,322.0,30.0,재고 이동,재고 이동,72.271,일치,72.271,53.941,27.035,15.617
딸기우유064,건대점,신림점,26.0,프로모션 추천,13004.0,프로모션 순비용이 재배치 비용보다 낮습니다.,24.229966066301223,10.344827586206897,12,8,54.6,후순위,13004.0,26.0,215,False,Greedy 선택 후보보다 우선순위가 낮음,3.68,1744,323,4,유제품,303,110.0,26.0,191840.0,A,0.7116460387421867,1,100.0,88.1,4.09,SLOW,51.1,True,67.0,HIGH,유통기한 임박 | 소진일수 88일 초과 | 신선/냉장 고위험 카테고리,3.2,14.2,0.0,SAFE,"재고 여유 — 현재고(323), 재주문점(14)",0.0,148.3,40.3,90548.0,100.0,OVER,과잉 발주 위험 — 현재(320개) > EOQ(148개). 발주 주기 40일 권장,100.0,25.9,3.7,5.22,2.18,STABLE,87.3,0.0,WMA,0.0,40.9,10.0,8.4,10.0,7.5,5.0,FAIR,보통 매칭 · 폐기위험 높음 · 핵심(A)상품,1.009,50.2,STABLE,17.1,LOW,66.1,MEDIUM,32.4,68.6,49.0,0.3,30.0,41409.0,82.8,0.385,0.385,88.5,True,12.3,318,37.0,231,100.0,0.999,4.9,12.2,50.0,DISCOUNT,71.5,2,99.8,62.3,28.3,disposal_risk,65.6,검토 필요,49,HEURISTIC 29% | ABC 14% | TURNOVER 14% | DISPOSAL_RISK 14% | SAFETY_STOCK 8% | EOQ 7% | DEMAND_FORECAST 7% | MATCH 5%,"['⏰ 유통기한 임박 (91%)', '❄️ 냉장·냉동 과잉 (80%)', '💸 배송비 상승 (100%)', '⚡ 복합 스트레스 (60%)']","{'재고위험': '24.9%', '판매가능성': '13.1%', '점포이동적합': '14.0%', '비용절감': '18.3%', '폐기회피이익': '13.7%', '실행가능성': '12.8%', '이력보정': '3.3%'}",True,True,False,True,False,True,62.2,32.8,52.0,60.0,61.7,55.5,51.7,53.6,0.0,55.7,검토,할인 판매,🏷️,228,HIGH,신뢰도 높음 ●,#2e7d32,,,55.7,검토,할인 판매,3,1,False,False,,50.0,21750.0,0.0,21750.0,22.5,0.0,22.5,45.0,0.0,323.0,26.0,할인,재고 이동,62.529,다름,62.529,58.239,27.93,17.229
딸기우유064,이태원점,신림점,26.0,프로모션 추천,13004.0,프로모션 순비용이 재배치 비용보다 낮습니다.,24.229966066301223,10.344827586206897,12,8,54.6,후순위,13004.0,26.0,216,False,Greedy 선택 후보보다 우선순위가 낮음,3.51,1744,350,2,유제품,341,105.0,25.0,183120.0,A,0.7116460387421867,1,100.0,100.0,3.6,DEAD,44.4,True,76.0,HIGH,유통기한 임박 | 소진일수 100일 초과 | 신선/냉장 고위험 카테고리,3.0,13.5,0.0,SAFE,"재고 여유 — 현재고(350), 재주문점(14)",0.0,144.9,41.3,88432.0,100.0,OVER,과잉 발주 위험 — 현재(347개) > EOQ(145개). 발주 주기 41일 권장,100.0,24.8,3.54,4.99,2.09,STABLE,98.8,0.0,WMA,0.0,40.9,10.0,8.4,10.0,7.5,5.0,FAIR,보통 매칭 · 폐기위험 높음 · 핵심(A)상품,1.018,50.4,STABLE,19.4,LOW,73.1,HIGH,32.4,68.6,49.0,0.3,30.0,41409.0,82.8,0.385,0.385,88.5,True,14.0,169,41.2,128,100.0,0.999,4.9,12.2,50.0,DISCOUNT,71.3,2,99.8,62.3,26.3,disposal_risk,66.8,검토 필요,31,HEURISTIC 29% | ABC 14% | TURNOVER 14% | DISPOSAL_RISK 14% | SAFETY_STOCK 8% | EOQ 7% | DEMAND_FORECAST 7% | MATCH 5%,"['⏰ 유통기한 임박 (91%)', '❄️ 냉장·냉동 과잉 (80%)', '💸 배송비 상승 (100%)', '⚡ 복합 스트레스 (60%)']","{'재고위험': '24.9%', '판매가능성': '13.1%', '점포이동적합': '14.0%', '비용절감': '18.3%', '폐기회피이익': '13.7%', '실행가능성': '12.8%', '이력보정': '3.3%'}",True,True,False,True,False,True,64.5,32.8,52.9,60.0,61.7,55.5,52.6,54.3,0.0,62.6,검토,할인 판매,🏷️,191,HIGH,신뢰도 높음 ●,#2e7d32,,,62.6,검토,할인 판매,7,1,False,False,,50.0,31938.0,0.0,31938.0,33.82,0.0,33.82,68.0,0.0,350.0,26.0,할인,할인,67.54,일치,53.704,67.54,30.244,18.692
냉동만두089,강남점,왕십리2점,34.0,프로모션 추천,15649.0,프로모션 순비용이 재배치 비용보다 낮습니다.,20.777864787261812,13.793103448275861,12,8,54.6,후순위,15649.0,34.0,217,False,Greedy 선택 후보보다 우선순위가 낮음,0.7,1611,263,56,냉동식품,209,21.0,5.0,33831.0,C,0.9715029951148774,3,20.0,375.7,0.96,DEAD,0.0,True,36.0,LOW,소진일수 376일 초과 | 신선/냉장 고위험 카테고리,0.6,2.7,0.0,SAFE,"재고 여유 — 현재고(263), 재주문점(3)",0.0,72.7,103.9,35140.0,100.0,OVER,과잉 발주 위험 — 현재(262개) > EOQ(73개). 발주 주기 104일 권장,100.0,5.0,0.71,1.0,0.43,STABLE,368.2,0.0,WMA,0.0,25.5,10.0,0.0,3.0,7.5,5.0,POOR,낮은 매칭,1.02,50.5,STABLE,35.0,LOW,43.3,MEDIUM,49.6,64.5,83.5,0.3,30.0,50080.0,100.0,0.385,0.385,88.5,True,6.0,487,26.0,440,100.0,0.999,4.9,48.5,50.0,DISCOUNT,71.2,2,99.8,70.9,57.7,disposal_risk,30.6,후순위,492,HEURISTIC 29% | ABC 14% | TURNOVER 14% | DISPOSAL_RISK 14% | SAFETY_STOCK 8% | EOQ 7% | DEMAND_FORECAST 7% | MATCH 5%,"['⏰ 유통기한 임박 (91%)', '❄️ 냉장·냉동 과잉 (80%)', '💸 배송비 상승 (100%)', '⚡ 복합 스트레스 (60%)']","{'재고위험': '24.9%', '판매가능성': '13.1%', '점포이동적합': '14.0%', '비용절감': '18.3%', '폐기회피이익': '13.7%', '실행가능성': '12.8%', '이력보정': '3.3%'}",True,True,False,True,False,True,22.7,32.8,46.5,60.0,72.0,77.2,48.2,47.2,0.0,12.3,검토,보류,⏸️,461,HIGH,신뢰도 높음 ●,#2e7d32,,,12.3,검토,보류,0,6,False,False,,50.0,18177.0,0.0,18177.0,18.53,0.0,18.53,37.0,0.0,263.0,34.0,할인,할인,57.089,일치,54.594,57.089,26.552,12.521
냉동만두089,목동2점,왕십리2점,34.0,프로모션 추천,15649.0,프로모션 순비용이 재배치 비용보다 낮습니다.,20.777864787261812,13.793103448275861,12,8,54.6,후순위,15649.0,34.0,218,False,Greedy 선택 후보보다 우선순위가 낮음,0.67,1611,172,39,냉동식품,136,20.0,5.0,32220.0,C,0.9715029951148774,3,20.0,258.0,1.4,DEAD,0.0,True,36.0,LOW,소진일수 258일 초과 | 신선/냉장 고위험 카테고리,0.6,2.6,0.0,SAFE,"재고 여유 — 현재고(172), 재주문점(3)",0.0,71.1,106.1,34379.0,100.0,OVER,과잉 발주 위험 — 현재(171개) > EOQ(71개). 발주 주기 106일 권장,100.0,4.9,0.7,0.98,0.42,STABLE,245.7,0.0,WMA,0.0,25.5,10.0,0.0,3.0,7.5,5.0,POOR,낮은 매칭,1.066,51.7,STABLE,35.0,LOW,43.3,MEDIUM,49.6,64.5,83.5,0.3,30.0,50080.0,100.0,0.385,0.385,88.5,True,6.0,487,26.0,440,100.0,0.999,4.9,48.5,50.0,DISCOUNT,71.1,2,99.8,70.9,57.7,disposal_risk,30.6,후순위,493,HEURISTIC 29% | ABC 14% | TURNOVER 14% | DISPOSAL_RISK 14% | SAFETY_STOCK 8% | EOQ 7% | DEMAND_FORECAST 7% | MATCH 5%,"['⏰ 유통기한 임박 (91%)', '❄️ 냉장·냉동 과잉 (80%)', '💸 배송비 상승 (100%)', '⚡ 복합 스트레스 (60%)']","{'재고위험': '24.9%', '판매가능성': '13.1%', '점포이동적합': '14.0%', '비용절감': '18.3%', '폐기회피이익': '13.7%', '실행가능성': '12.8%', '이력보정': '3.3%'}",True,True,False,True,False,True,22.7,33.2,46.5,60.0,72.0,77.2,48.2,47.2,0.0,12.5,검토,보류,⏸️,460,HIGH,신뢰도 높음 ●,#2e7d32,,,12.5,검토,보류,4,6,False,False,,50.0,27915.0,0.0,27915.0,29.35,0.0,29.35,59.0,0.0,172.0,34.0,할인,할인,61.334,일치,41.202,61.334,26.898,14.263
아이스라떼056,건대점,문래점,18.0,프로모션 추천,10466.0,프로모션 순비용이 재배치 비용보다 낮습니다.,27.542417123466457,6.896551724137931,12,8,54.4,후순위,10466.0,18.0,219,False,Greedy 선택 후보보다 우선순위가 낮음,0.77,2015,350,0,유제품,349,23.0,5.0,46345.0,C,0.9577592837182695,3,20.0,456.5,0.79,DEAD,0.0,True,78.0,HIGH,유통기한 임박 | 소진일수 456일 초과 | 신선/냉장 고위험 카테고리,0.7,3.0,0.0,SAFE,"재고 여유 — 현재고(350), 재주문점(3)",0.0,63.1,81.9,44521.0,100.0,OVER,과잉 발주 위험 — 현재(349개) > EOQ(63개). 발주 주기 82일 권장,100.0,5.2,0.74,1.06,0.43,STABLE,471.2,0.0,WMA,0.0,33.9,10.0,8.4,3.0,7.5,5.0,POOR,낮은 매칭 · 폐기위험 높음,0.928,48.2,STABLE,36.8,LOW,78.3,HIGH,34.1,59.6,68.4,0.3,30.0,33058.0,66.1,0.385,0.385,88.5,True,14.1,163,44.9,15,100.0,0.999,4.9,37.1,50.0,DISCOUNT,70.9,2,99.8,53.9,38.7,disposal_risk,43.4,모니터링,456,HEURISTIC 29% | ABC 14% | TURNOVER 14% | DISPOSAL_RISK 14% | SAFETY_STOCK 8% | EOQ 7% | DEMAND_FORECAST 7% | MATCH 5%,"['⏰ 유통기한 임박 (91%)', '❄️ 냉장·냉동 과잉 (80%)', '💸 배송비 상승 (100%)', '⚡ 복합 스트레스 (60%)']","{'재고위험': '24.9%', '판매가능성': '13.1%', '점포이동적합': '14.0%', '비용절감': '18.3%', '폐기회피이익': '13.7%', '실행가능성': '12.8%', '이력보정': '3.3%'}",True,True,False,True,False,True,41.8,32.2,52.9,59.9,51.7,65.5,52.7,48.4,0.0,17.3,검토,할인 판매,🏷️,434,HIGH,신뢰도 높음 ●,#2e7d32,,,17.3,검토,할인 판매,3,2,False,False,,50.0,15162.0,0.0,15162.0,15.18,0.0,15.18,30.0,0.0,350.0,18.0,할인,할인,64.636,일치,60.406,64.636,29.373,13.151
아이스라떼056,선릉2점,문래점,18.0,프로모션 추천,10466.0,프로모션 순비용이 재배치 비용보다 낮습니다.,27.542417123466457,6.896551724137931,12,8,54.4,후순위,10466.0,18.0,220,False,Greedy 선택 후보보다 우선순위가 낮음,3.5,2015,386,1,유제품,382,105.0,24.0,211575.0,C,0.9577592837182695,3,20.0,110.3,3.26,DEAD,38.7,True,76.0,HIGH,유통기한 임박 | 소진일수 110일 초과 | 신선/냉장 고위험 카테고리,3.0,13.5,0.0,SAFE,"재고 여유 — 현재고(386), 재주문점(14)",0.0,134.6,38.5,94919.0,100.0,OVER,과잉 발주 위험 — 현재(383개) > EOQ(135개). 발주 주기 38일 권장,100.0,24.2,3.46,4.9,2.01,STABLE,111.7,0.0,WMA,0.0,33.9,10.0,8.4,3.0,7.5,5.0,POOR,낮은 매칭 · 폐기위험 높음,0.98,49.5,STABLE,21.9,LOW,76.6,HIGH,34.1,59.6,68.4,0.3,30.0,33058.0,66.1,0.385,0.385,88.5,True,13.7,193,40.4,159,100.0,0.999,4.9,37.1,50.0,DISCOUNT,70.8,2,99.8,53.9,44.2,disposal_risk,49.2,모니터링,357,HEURISTIC 29% | ABC 14% | TURNOVER 14% | DISPOSAL_RISK 14% | SAFETY_STOCK 8% | EOQ 7% | DEMAND_FORECAST 7% | MATCH 5%,"['⏰ 유통기한 임박 (91%)', '❄️ 냉장·냉동 과잉 (80%)', '💸 배송비 상승 (100%)', '⚡ 복합 스트레스 (60%)']","{'재고위험': '24.9%', '판매가능성': '13.1%', '점포이동적합': '14.0%', '비용절감': '18.3%', '폐기회피이익': '13.7%', '실행가능성': '12.8%', '이력보정': '3.3%'}",True,True,False,True,False,True,51.0,32.6,52.0,59.9,51.7,65.5,52.4,50.6,0.0,26.2,검토,할인 판매,🏷️,386,HIGH,신뢰도 높음 ●,#2e7d32,,,26.2,검토,할인 판매,6,2,False,False,,50.0,20940.0,0.0,20940.0,21.6,0.0,21.6,43.0,0.0,386.0,18.0,할인,할인,66.013,일치,56.752,66.013,29.76,15.31
딸기우유107,건대점,용산점,30.0,재배치 추천,12966.0,프로모션 순비용이 재배치 비용보다 높습니다.,24.27956147220047,12.068965517241379,18,0,54.3,후순위,12966.0,30.0,221,False,Greedy 선택 후보보다 우선순위가 낮음,0.82,1576,390,21,유제품,366,25.0,6.0,39400.0,C,0.952938343188488,3,20.0,468.0,0.77,DEAD,0.0,True,44.8,MEDIUM,소진일수 468일 초과 | 신선/냉장 고위험 카테고리,0.7,3.2,0.0,SAFE,"재고 여유 — 현재고(390), 재주문점(3)",0.0,73.7,89.9,40632.0,100.0,OVER,과잉 발주 위험 — 현재(389개) > EOQ(74개). 발주 주기 90일 권장,100.0,5.9,0.84,1.18,0.5,STABLE,462.7,0.0,WMA,0.0,29.1,10.0,3.6,3.0,7.5,5.0,POOR,낮은 매칭,1.045,51.1,STABLE,35.0,LOW,43.3,MEDIUM,31.3,76.7,77.1,0.3,30.0,43770.0,87.5,0.385,0.385,88.5,True,7.5,480,30.2,343,100.0,0.999,4.9,44.2,50.0,DISCOUNT,70.7,2,99.8,64.6,54.8,disposal_risk,33.5,후순위,486,HEURISTIC 29% | ABC 14% | TURNOVER 14% | DISPOSAL_RISK 14% | SAFETY_STOCK 8% | EOQ 7% | DEMAND_FORECAST 7% | MATCH 5%,"['⏰ 유통기한 임박 (91%)', '❄️ 냉장·냉동 과잉 (80%)', '💸 배송비 상승 (100%)', '⚡ 복합 스트레스 (60%)']","{'재고위험': '24.9%', '판매가능성': '13.1%', '점포이동적합': '14.0%', '비용절감': '18.3%', '폐기회피이익': '13.7%', '실행가능성': '12.8%', '이력보정': '3.3%'}",True,True,False,True,False,True,26.7,33.0,48.6,59.9,64.5,77.0,49.0,47.4,0.0,13.4,검토,보류,⏸️,455,HIGH,신뢰도 높음 ●,#2e7d32,,,13.4,검토,보류,3,0,False,False,,50.0,12966.0,0.0,12966.0,12.74,0.0,12.74,25.0,0.0,390.0,30.0,재고 이동,재고 이동,64.562,일치,64.562,58.917,27.765,11.674
아이스크림052,용산2점,명동2점,27.0,프로모션 추천,13674.0,프로모션 순비용이 재배치 비용보다 낮습니다.,23.35552075176194,10.775862068965516,12,8,54.1,후순위,13674.0,27.0,222,False,Greedy 선택 후보보다 우선순위가 낮음,1.25,1765,372,5,디저트,364,38.0,9.0,67070.0,C,0.9670169842642664,3,20.0,293.7,1.23,DEAD,0.0,True,60.0,HIGH,유통기한 임박 | 소진일수 294일 초과,1.1,4.8,0.0,SAFE,"재고 여유 — 현재고(372), 재주문점(5)",0.0,101.7,81.4,44869.0,100.0,OVER,과잉 발주 위험 — 현재(371개) > EOQ(102개). 발주 주기 81일 권장,100.0,8.9,1.27,1.79,0.76,STABLE,292.6,0.0,WMA,0.0,33.9,10.0,8.4,3.0,7.5,5.0,POOR,낮은 매칭 · 폐기위험 높음,1.029,50.7,STABLE,35.0,LOW,62.6,MEDIUM,33.3,73.5,61.0,0.3,30.0,43512.0,87.0,0.385,0.385,88.5,False,10.6,416,37.2,226,100.0,0.999,4.9,29.5,50.0,DISCOUNT,70.5,2,99.8,64.3,48.1,disposal_risk,38.5,후순위,480,HEURISTIC 29% | ABC 14% | TURNOVER 14% | DISPOSAL_RISK 14% | SAFETY_STOCK 8% | EOQ 7% | DEMAND_FORECAST 7% | MATCH 5%,"['⏰ 유통기한 임박 (91%)', '❄️ 냉장·냉동 과잉 (80%)', '💸 배송비 상승 (100%)', '⚡ 복합 스트레스 (60%)']","{'재고위험': '24.9%', '판매가능성': '13.1%', '점포이동적합': '14.0%', '비용절감': '18.3%', '폐기회피이익': '13.7%', '실행가능성': '12.8%', '이력보정': '3.3%'}",True,True,False,True,False,True,33.5,32.9,50.6,59.8,64.2,65.2,50.7,47.8,0.0,15.3,검토,할인 판매,🏷️,445,HIGH,신뢰도 높음 ●,#2e7d32,,,15.3,검토,할인 판매,5,3,False,False,,50.0,16233.0,0.0,16233.0,16.37,0.0,16.37,33.0,0.0,372.0,27.0,할인,할인,62.343,일치,60.593,62.343,28.744,12.677
아이스크림052,상암점,명동2점,27.0,프로모션 추천,13674.0,프로모션 순비용이 재배치 비용보다 낮습니다.,23.35552075176194,10.775862068965516,12,8,54.1,후순위,13674.0,27.0,223,False,Greedy 선택 후보보다 우선순위가 낮음,3.18,1765,386,3,디저트,373,95.0,22.0,167675.0,C,0.9670169842642664,3,20.0,121.9,2.95,DEAD,32.3,True,68.0,HIGH,유통기한 임박 | 소진일수 122일 초과,2.7,12.2,0.0,SAFE,"재고 여유 — 현재고(386), 재주문점(12)",0.0,162.2,51.0,71565.0,100.0,OVER,과잉 발주 위험 — 현재(383개) > EOQ(162개). 발주 주기 51일 권장,100.0,22.1,3.16,4.47,1.85,STABLE,122.3,0.0,WMA,0.0,33.9,10.0,8.4,3.0,7.5,5.0,POOR,낮은 매칭 · 폐기위험 높음,0.988,49.7,STABLE,23.9,LOW,69.6,MEDIUM,33.3,73.5,61.0,0.3,30.0,43512.0,87.0,0.385,0.385,88.5,False,12.2,327,37.7,218,100.0,0.999,4.9,29.5,50.0,DISCOUNT,70.4,2,99.8,64.3,48.7,disposal_risk,45.9,모니터링,434,HEURISTIC 29% | ABC 14% | TURNOVER 14% | DISPOSAL_RISK 14% | SAFETY_STOCK 8% | EOQ 7% | DEMAND_FORECAST 7% | MATCH 5%,"['⏰ 유통기한 임박 (91%)', '❄️ 냉장·냉동 과잉 (80%)', '💸 배송비 상승 (100%)', '⚡ 복합 스트레스 (60%)']","{'재고위험': '24.9%', '판매가능성': '13.1%', '점포이동적합': '14.0%', '비용절감': '18.3%', '폐기회피이익': '13.7%', '실행가능성': '12.8%', '이력보정': '3.3%'}",True,True,False,True,False,True,45.7,32.6,50.7,59.8,64.2,65.2,51.6,50.8,0.0,29.0,검토,할인 판매,🏷️,371,HIGH,신뢰도 높음 ●,#2e7d32,,,29.0,검토,할인 판매,1,3,False,False,,50.0,31209.0,0.0,31209.0,33.01,0.0,33.01,66.0,0.0,386.0,27.0,할인,할인,71.316,일치,48.055,71.316,30.845,16.111
샐러드077,잠원점,잠원2점,26.0,재배치 추천,11904.0,프로모션 순비용이 재배치 비용보다 높습니다.,25.66562255285826,10.344827586206897,18,0,54.0,후순위,11904.0,26.0,224,False,Greedy 선택 후보보다 우선순위가 낮음,8.17,2459,360,5,신선식품,303,245.0,57.0,602455.0,A,0.43304685537943377,1,100.0,44.1,8.17,NORMAL,75.5,False,47.0,MEDIUM,유통기한 임박 | 신선/냉장 고위험 카테고리,7.0,31.5,0.0,SAFE,"재고 여유 — 현재고(360), 재주문점(32)",0.0,186.1,22.8,160203.0,89.7,OVER,과잉 발주 위험 — 현재(353개) > EOQ(186개). 발주 주기 23일 권장,89.7,57.1,8.16,11.53,4.79,STABLE,44.1,2.1,WMA,2.1,36.2,10.0,3.7,10.0,7.5,5.0,POOR,낮은 매칭 · 핵심(A)상품,0.997,49.9,STABLE,8.6,LOW,62.6,MEDIUM,31.8,61.1,64.3,0.3,30.0,64817.0,100.0,0.385,0.385,88.5,True,23.8,56,26.1,436,100.0,0.999,4.9,33.1,50.0,DISCOUNT,70.3,2,99.8,70.8,27.0,turnover,63.6,검토 필요,75,HEURISTIC 29% | ABC 14% | TURNOVER 14% | DISPOSAL_RISK 14% | SAFETY_STOCK 8% | EOQ 7% | DEMAND_FORECAST 7% | MATCH 5%,"['⏰ 유통기한 임박 (91%)', '❄️ 냉장·냉동 과잉 (80%)', '💸 배송비 상승 (100%)', '⚡ 복합 스트레스 (60%)']","{'재고위험': '24.9%', '판매가능성': '13.1%', '점포이동적합': '14.0%', '비용절감': '18.3%', '폐기회피이익': '13.7%', '실행가능성': '12.8%', '이력보정': '3.3%'}",True,True,False,True,False,True,59.7,33.7,49.8,58.2,72.0,63.2,58.0,54.8,0.0,71.3,권장,보류,⏸️,144,HIGH,신뢰도 높음 ●,#2e7d32,,,71.3,권장,보류,2,2,True,False,,50.0,11904.0,0.0,11904.0,11.56,0.0,11.56,23.0,0.0,360.0,26.0,재고 이동,재고 이동,72.792,일치,72.792,48.722,25.399,15.721
삼각김밥070,문래점,왕십리2점,20.0,프로모션 추천,11509.0,프로모션 순비용이 재배치 비용보다 낮습니다.,26.181153745758287,7.758620689655173,12,8,53.9,후순위,11509.0,20.0,225,False,Greedy 선택 후보보다 우선순위가 낮음,0.55,1995,316,26,간편식,296,16.0,4.0,31920.0,A,0.7940246087095224,1,100.0,592.5,0.61,DEAD,0.0,True,38.0,LOW,소진일수 592일 초과,0.5,2.2,0.0,SAFE,"재고 여유 — 현재고(316), 재주문점(2)",0.0,67.6,122.9,29683.0,100.0,OVER,과잉 발주 위험 — 현재(316개) > EOQ(68개). 발주 주기 123일 권장,100.0,3.9,0.56,0.78,0.33,STABLE,567.2,0.0,WMA,0.0,32.5,10.0,0.0,10.0,7.5,5.0,POOR,낮은 매칭 · 핵심(A)상품,1.039,51.0,STABLE,35.0,LOW,43.3,MEDIUM,35.3,64.5,83.5,0.3,30.0,36371.0,72.7,0.385,0.385,88.5,False,6.7,486,28.1,392,100.0,0.999,4.9,48.5,50.0,DISCOUNT,70.1,2,99.8,57.1,26.0,disposal_risk,46.9,모니터링,420,HEURISTIC 29% | ABC 14% | TURNOVER 14% | DISPOSAL_RISK 14% | SAFETY_STOCK 8% | EOQ 7% | DEMAND_FORECAST 7% | MATCH 5%,"['⏰ 유통기한 임박 (91%)', '❄️ 냉장·냉동 과잉 (80%)', '💸 배송비 상승 (100%)', '⚡ 복합 스트레스 (60%)']","{'재고위험': '24.9%', '판매가능성': '13.1%', '점포이동적합': '14.0%', '비용절감': '18.3%', '폐기회피이익': '13.7%', '실행가능성': '12.8%', '이력보정': '3.3%'}",True,True,False,True,False,True,35.6,33.0,50.1,59.6,55.6,77.2,48.6,48.6,0.0,18.4,검토,보류,⏸️,428,HIGH,신뢰도 높음 ●,#2e7d32,,,18.4,검토,보류,2,6,False,False,,50.0,21372.0,0.0,21372.0,22.08,0.0,22.08,44.0,0.0,316.0,20.0,할인,재고 이동,56.16,다름,56.16,56.129,26.055,14.818
삼각김밥070,청량리점,왕십리2점,20.0,프로모션 추천,11509.0,프로모션 순비용이 재배치 비용보다 낮습니다.,26.181153745758287,7.758620689655173,12,8,53.9,후순위,11509.0,20.0,226,False,Greedy 선택 후보보다 우선순위가 낮음,3.94,1995,356,4,간편식,334,118.0,28.0,235410.0,A,0.7940246087095224,1,100.0,90.5,3.98,DEAD,49.7,True,65.0,HIGH,유통기한 임박 | 소진일수 90일 초과,3.4,15.2,0.0,SAFE,"재고 여유 — 현재고(356), 재주문점(15)",0.0,181.0,45.9,79447.0,94.8,OVER,과잉 발주 위험 — 현재(353개) > EOQ(181개). 발주 주기 46일 권장,94.8,27.8,3.97,5.6,2.35,STABLE,89.6,0.0,WMA,0.0,40.9,10.0,8.4,10.0,7.5,5.0,FAIR,보통 매칭 · 폐기위험 높음 · 핵심(A)상품,1.015,50.4,STABLE,17.6,LOW,66.1,MEDIUM,35.3,64.5,83.5,0.3,30.0,36371.0,72.7,0.385,0.385,88.5,False,12.0,342,36.3,242,100.0,0.999,4.9,48.5,50.0,DISCOUNT,70.0,2,99.8,57.1,28.9,disposal_risk,63.9,검토 필요,71,HEURISTIC 29% | ABC 14% | TURNOVER 14% | DISPOSAL_RISK 14% | SAFETY_STOCK 8% | EOQ 7% | DEMAND_FORECAST 7% | MATCH 5%,"['⏰ 유통기한 임박 (91%)', '❄️ 냉장·냉동 과잉 (80%)', '💸 배송비 상승 (100%)', '⚡ 복합 스트레스 (60%)']","{'재고위험': '24.9%', '판매가능성': '13.1%', '점포이동적합': '14.0%', '비용절감': '18.3%', '폐기회피이익': '13.7%', '실행가능성': '12.8%', '이력보정': '3.3%'}",True,True,False,True,False,True,60.9,32.8,55.5,58.9,55.6,77.2,51.5,55.5,0.0,79.5,권장,할인 판매,🏷️,100,HIGH,신뢰도 높음 ●,#2e7d32,,,79.5,권장,할인 판매,2,6,False,False,,50.0,22218.0,0.0,22218.0,23.02,0.0,23.02,46.0,0.0,356.0,20.0,할인,재고 이동,60.795,다름,60.795,58.667,27.707,17.256
삼각김밥070,건대2점,왕십리2점,20.0,프로모션 추천,11509.0,프로모션 순비용이 재배치 비용보다 낮습니다.,26.181153745758287,7.758620689655173,12,8,53.9,후순위,11509.0,20.0,227,False,Greedy 선택 후보보다 우선순위가 낮음,2.61,1995,335,9,간편식,303,78.0,18.0,155610.0,A,0.7940246087095224,1,100.0,128.8,2.79,DEAD,28.4,True,52.1,MEDIUM,소진일수 129일 초과,2.2,10.0,0.0,SAFE,"재고 여유 — 현재고(335), 재주문점(10)",0.0,147.3,56.4,64662.0,100.0,OVER,과잉 발주 위험 — 현재(333개) > EOQ(147개). 발주 주기 56일 권장,100.0,18.1,2.59,3.66,1.51,STABLE,129.6,0.0,WMA,0.0,36.1,10.0,3.6,10.0,7.5,5.0,POOR,낮은 매칭 · 핵심(A)상품,0.985,49.6,STABLE,25.3,LOW,48.6,MEDIUM,35.3,64.5,83.5,0.3,30.0,36371.0,72.7,0.385,0.385,88.5,False,9.3,451,32.1,302,100.0,0.999,4.9,48.5,50.0,DISCOUNT,69.9,2,99.8,57.1,30.4,disposal_risk,56.2,검토 필요,206,HEURISTIC 29% | ABC 14% | TURNOVER 14% | DISPOSAL_RISK 14% | SAFETY_STOCK 8% | EOQ 7% | DEMAND_FORECAST 7% | MATCH 5%,"['⏰ 유통기한 임박 (91%)', '❄️ 냉장·냉동 과잉 (80%)', '💸 배송비 상승 (100%)', '⚡ 복합 스트레스 (60%)']","{'재고위험': '24.9%', '판매가능성': '13.1%', '점포이동적합': '14.0%', '비용절감': '18.3%', '폐기회피이익': '13.7%', '실행가능성': '12.8%', '이력보정': '3.3%'}",True,True,False,True,False,True,49.5,32.6,52.5,59.6,55.6,77.2,50.0,52.3,0.0,43.4,검토,보류,⏸️,294,HIGH,신뢰도 높음 ●,#2e7d32,,,43.4,검토,보류,5,6,False,False,,50.0,29472.0,0.0,29472.0,31.08,0.0,31.08,62.0,0.0,335.0,20.0,할인,할인,62.179,일치,50.772,62.179,27.889,17.375
우유119,구로2점,신림2점,32.0,재배치 추천,13947.0,프로모션 순비용이 재배치 비용보다 높습니다.,22.999216914643696,12.931034482758621,18,0,53.9,후순위,13947.0,32.0,228,False,Greedy 선택 후보보다 우선순위가 낮음,5.21,2438,363,2,유제품,349,156.0,36.0,380328.0,A,0.2943586902021054,1,100.0,69.8,5.16,SLOW,61.2,True,65.9,HIGH,유통기한 임박 | 소진일수 70일 초과 | 신선/냉장 고위험 카테고리,4.5,20.1,0.0,SAFE,"재고 여유 — 현재고(363), 재주문점(20)",0.0,149.3,28.7,127384.0,100.0,OVER,과잉 발주 위험 — 현재(358개) > EOQ(149개). 발주 주기 29일 권장,100.0,36.2,5.17,7.32,3.02,STABLE,70.2,0.0,WMA,0.0,40.9,10.0,8.4,10.0,7.5,5.0,FAIR,보통 매칭 · 폐기위험 높음 · 핵심(A)상품,0.987,49.7,STABLE,13.9,LOW,73.1,HIGH,28.3,79.7,70.8,0.3,30.0,79672.0,100.0,0.385,0.385,88.5,True,12.2,327,35.7,254,100.0,0.999,4.9,39.2,50.0,DISCOUNT,69.7,2,99.8,70.8,27.6,disposal_risk,66.4,검토 필요,39,HEURISTIC 29% | ABC 14% | TURNOVER 14% | DISPOSAL_RISK 14% | SAFETY_STOCK 8% | EOQ 7% | DEMAND_FORECAST 7% | MATCH 5%,"['⏰ 유통기한 임박 (91%)', '❄️ 냉장·냉동 과잉 (80%)', '💸 배송비 상승 (100%)', '⚡ 복합 스트레스 (60%)']","{'재고위험': '24.9%', '판매가능성': '13.1%', '점포이동적합': '14.0%', '비용절감': '18.3%', '폐기회피이익': '13.7%', '실행가능성': '12.8%', '이력보정': '3.3%'}",True,True,False,True,False,True,64.4,32.6,54.5,59.6,72.0,73.8,51.6,58.1,0.0,95.9,최적,할인 판매,🏷️,12,HIGH,신뢰도 높음 ●,#2e7d32,,,95.9,최적,할인 판매,1,2,False,False,,50.0,13947.0,0.0,13947.0,13.83,0.0,13.83,28.0,0.0,363.0,32.0,재고 이동,재고 이동,74.232,일치,74.232,53.472,27.396,15.988
마카롱026,동대문점,동대문2점,17.0,프로모션 추천,10624.0,프로모션 순비용이 재배치 비용보다 낮습니다.,27.33620464630645,6.4655172413793105,12,8,53.8,후순위,10624.0,17.0,229,False,Greedy 선택 후보보다 우선순위가 낮음,5.7,2160,412,0,디저트,405,171.0,40.0,369360.0,A,0.2761574542214094,1,100.0,72.3,4.98,SLOW,59.8,True,61.1,HIGH,유통기한 임박 | 소진일수 72일 초과,4.9,22.0,0.0,SAFE,"재고 여유 — 현재고(412), 재주문점(22)",0.0,196.3,34.4,105994.0,100.0,OVER,과잉 발주 위험 — 현재(407개) > EOQ(196개). 발주 주기 34일 권장,100.0,40.0,5.71,8.07,3.36,STABLE,72.1,0.0,WMA,0.0,40.9,10.0,8.4,10.0,7.5,5.0,FAIR,보통 매칭 · 폐기위험 높음 · 핵심(A)상품,1.003,50.1,STABLE,14.1,LOW,78.3,HIGH,36.6,65.3,83.9,0.3,30.0,33440.0,66.9,0.385,0.385,88.5,False,11.3,402,33.8,286,100.0,0.999,4.9,48.7,50.0,DISCOUNT,69.6,2,99.8,54.2,28.6,disposal_risk,64.8,검토 필요,58,HEURISTIC 29% | ABC 14% | TURNOVER 14% | DISPOSAL_RISK 14% | SAFETY_STOCK 8% | EOQ 7% | DEMAND_FORECAST 7% | MATCH 5%,"['⏰ 유통기한 임박 (91%)', '❄️ 냉장·냉동 과잉 (80%)', '💸 배송비 상승 (100%)', '⚡ 복합 스트레스 (60%)']","{'재고위험': '24.9%', '판매가능성': '13.1%', '점포이동적합': '14.0%', '비용절감': '18.3%', '폐기회피이익': '13.7%', '실행가능성': '12.8%', '이력보정': '3.3%'}",True,True,False,True,False,True,61.8,32.7,55.0,59.6,52.1,77.7,51.1,55.3,0.0,78.1,권장,할인 판매,🏷️,108,HIGH,신뢰도 높음 ●,#2e7d32,,,78.1,권장,할인 판매,3,2,False,False,,50.0,37167.0,0.0,37167.0,39.63,0.0,39.63,79.0,0.0,412.0,17.0,할인,할인,68.034,일치,48.485,68.034,29.49,19.114
아이스라떼056,건대점,동대문2점,20.0,프로모션 추천,11629.0,프로모션 순비용이 재배치 비용보다 낮습니다.,26.02453667449752,7.758620689655173,12,8,53.8,후순위,11629.0,20.0,230,False,Greedy 선택 후보보다 우선순위가 낮음,0.77,2015,350,0,유제품,349,23.0,5.0,46345.0,C,0.9577592837182695,3,20.0,456.5,0.79,DEAD,0.0,True,78.0,HIGH,유통기한 임박 | 소진일수 456일 초과 | 신선/냉장 고위험 카테고리,0.7,3.0,0.0,SAFE,"재고 여유 — 현재고(350), 재주문점(3)",0.0,63.1,81.9,44521.0,100.0,OVER,과잉 발주 위험 — 현재(349개) > EOQ(63개). 발주 주기 82일 권장,100.0,5.2,0.74,1.06,0.43,STABLE,471.2,0.0,WMA,0.0,33.9,10.0,8.4,3.0,7.5,5.0,POOR,낮은 매칭 · 폐기위험 높음,0.928,48.2,STABLE,36.8,LOW,78.3,HIGH,32.3,65.3,83.9,0.3,30.0,36731.0,73.5,0.385,0.385,88.5,True,14.2,157,44.9,15,100.0,0.999,4.9,48.7,50.0,DISCOUNT,69.5,2,99.8,57.5,38.9,disposal_risk,42.8,모니터링,465,HEURISTIC 29% | ABC 14% | TURNOVER 14% | DISPOSAL_RISK 14% | SAFETY_STOCK 8% | EOQ 7% | DEMAND_FORECAST 7% | MATCH 5%,"['⏰ 유통기한 임박 (91%)', '❄️ 냉장·냉동 과잉 (80%)', '💸 배송비 상승 (100%)', '⚡ 복합 스트레스 (60%)']","{'재고위험': '24.9%', '판매가능성': '13.1%', '점포이동적합': '14.0%', '비용절감': '18.3%', '폐기회피이익': '13.7%', '실행가능성': '12.8%', '이력보정': '3.3%'}",True,True,False,True,False,True,41.8,32.2,54.1,59.6,56.1,77.7,52.7,50.7,0.0,27.6,검토,할인 판매,🏷️,379,HIGH,신뢰도 높음 ●,#2e7d32,,,27.6,검토,할인 판매,3,2,False,False,,50.0,18861.0,0.0,18861.0,19.29,0.0,19.29,39.0,0.0,350.0,20.0,할인,할인,66.593,일치,56.614,66.593,29.818,13.734
아이스라떼056,선릉2점,동대문2점,20.0,프로모션 추천,11629.0,프로모션 순비용이 재배치 비용보다 낮습니다.,26.02453667449752,7.758620689655173,12,8,53.8,후순위,11629.0,20.0,231,False,Greedy 선택 후보보다 우선순위가 낮음,3.5,2015,386,1,유제품,382,105.0,24.0,211575.0,C,0.9577592837182695,3,20.0,110.3,3.26,DEAD,38.7,True,76.0,HIGH,유통기한 임박 | 소진일수 110일 초과 | 신선/냉장 고위험 카테고리,3.0,13.5,0.0,SAFE,"재고 여유 — 현재고(386), 재주문점(14)",0.0,134.6,38.5,94919.0,100.0,OVER,과잉 발주 위험 — 현재(383개) > EOQ(135개). 발주 주기 38일 권장,100.0,24.2,3.46,4.9,2.01,STABLE,111.7,0.0,WMA,0.0,33.9,10.0,8.4,3.0,7.5,5.0,POOR,낮은 매칭 · 폐기위험 높음,0.98,49.5,STABLE,21.9,LOW,76.6,HIGH,32.3,65.3,83.9,0.3,30.0,36731.0,73.5,0.385,0.385,88.5,True,13.8,181,40.3,163,100.0,0.999,4.9,48.7,50.0,DISCOUNT,69.3,2,99.8,57.5,44.3,disposal_risk,48.7,모니터링,375,HEURISTIC 29% | ABC 14% | TURNOVER 14% | DISPOSAL_RISK 14% | SAFETY_STOCK 8% | EOQ 7% | DEMAND_FORECAST 7% | MATCH 5%,"['⏰ 유통기한 임박 (91%)', '❄️ 냉장·냉동 과잉 (80%)', '💸 배송비 상승 (100%)', '⚡ 복합 스트레스 (60%)']","{'재고위험': '24.9%', '판매가능성': '13.1%', '점포이동적합': '14.0%', '비용절감': '18.3%', '폐기회피이익': '13.7%', '실행가능성': '12.8%', '이력보정': '3.3%'}",True,True,False,True,False,True,51.0,32.6,53.2,59.6,56.1,77.7,52.5,52.9,0.0,50.5,검토,할인 판매,🏷️,256,HIGH,신뢰도 높음 ●,#2e7d32,,,50.5,검토,할인 판매,6,2,False,False,,50.0,24270.0,0.0,24270.0,25.3,0.0,25.3,51.0,0.0,386.0,20.0,할인,할인,67.713,일치,53.386,67.713,30.158,15.824
라면002,구로점,명동2점,22.0,프로모션 추천,12258.0,프로모션 순비용이 재배치 비용보다 낮습니다.,25.203602192638996,8.620689655172415,12,8,53.8,후순위,12258.0,22.0,232,False,Greedy 선택 후보보다 우선순위가 낮음,0.72,1934,296,0,간편식,295,22.0,5.0,42548.0,A,0.764781727743596,1,100.0,403.6,0.89,DEAD,0.0,True,75.0,HIGH,유통기한 임박 | 소진일수 404일 초과,0.6,2.8,0.0,SAFE,"재고 여유 — 현재고(296), 재주문점(3)",0.0,78.6,109.2,33439.0,100.0,OVER,과잉 발주 위험 — 현재(295개) > EOQ(79개). 발주 주기 109일 권장,100.0,5.0,0.71,1.01,0.42,STABLE,414.4,0.0,WMA,0.0,40.9,10.0,8.4,10.0,7.5,5.0,FAIR,보통 매칭 · 폐기위험 높음 · 핵심(A)상품,0.992,49.8,STABLE,35.2,LOW,78.3,HIGH,35.2,73.5,61.0,0.3,30.0,38800.0,77.6,0.385,0.385,88.5,False,13.9,174,44.7,21,100.0,0.999,4.9,29.5,50.0,DISCOUNT,69.2,2,99.8,59.6,19.2,disposal_risk,58.5,검토 필요,156,HEURISTIC 29% | ABC 14% | TURNOVER 14% | DISPOSAL_RISK 14% | SAFETY_STOCK 8% | EOQ 7% | DEMAND_FORECAST 7% | MATCH 5%,"['⏰ 유통기한 임박 (91%)', '❄️ 냉장·냉동 과잉 (80%)', '💸 배송비 상승 (100%)', '⚡ 복합 스트레스 (60%)']","{'재고위험': '24.9%', '판매가능성': '13.1%', '점포이동적합': '14.0%', '비용절감': '18.3%', '폐기회피이익': '13.7%', '실행가능성': '12.8%', '이력보정': '3.3%'}",True,True,False,True,False,True,52.3,32.6,55.3,59.6,58.6,65.2,52.6,52.3,0.0,43.0,검토,할인 판매,🏷️,296,HIGH,신뢰도 높음 ●,#2e7d32,,,43.0,검토,할인 판매,2,3,False,False,,50.0,28284.0,0.0,28284.0,29.76,0.0,29.76,60.0,0.0,296.0,22.0,할인,할인,66.585,일치,51.761,66.585,29.557,16.972
라면002,홍대점,명동2점,22.0,프로모션 추천,12258.0,프로모션 순비용이 재배치 비용보다 낮습니다.,25.203602192638996,8.620689655172415,12,8,53.8,후순위,12258.0,22.0,233,False,Greedy 선택 후보보다 우선순위가 낮음,2.87,1934,287,1,간편식,283,86.0,20.0,166324.0,A,0.764781727743596,1,100.0,100.1,3.6,DEAD,44.4,True,73.0,HIGH,유통기한 임박 | 소진일수 100일 초과,2.5,11.1,0.0,SAFE,"재고 여유 — 현재고(287), 재주문점(11)",0.0,156.9,54.7,66762.0,81.3,OVER,과잉 발주 위험 — 현재(284개) > EOQ(157개). 발주 주기 55일 권장,81.3,20.0,2.86,4.04,1.67,STABLE,100.4,0.0,WMA,0.0,40.9,10.0,8.4,10.0,7.5,5.0,FAIR,보통 매칭 · 폐기위험 높음 · 핵심(A)상품,0.996,49.9,STABLE,19.5,LOW,76.6,HIGH,35.2,73.5,61.0,0.3,30.0,38800.0,77.6,0.385,0.385,88.5,False,13.5,218,39.9,169,100.0,0.999,4.9,29.5,50.0,DISCOUNT,69.1,2,99.8,59.6,27.2,disposal_risk,64.0,검토 필요,68,HEURISTIC 29% | ABC 14% | TURNOVER 14% | DISPOSAL_RISK 14% | SAFETY_STOCK 8% | EOQ 7% | DEMAND_FORECAST 7% | MATCH 5%,"['⏰ 유통기한 임박 (91%)', '❄️ 냉장·냉동 과잉 (80%)', '💸 배송비 상승 (100%)', '⚡ 복합 스트레스 (60%)']","{'재고위험': '24.9%', '판매가능성': '13.1%', '점포이동적합': '14.0%', '비용절감': '18.3%', '폐기회피이익': '13.7%', '실행가능성': '12.8%', '이력보정': '3.3%'}",True,True,False,True,False,True,63.1,32.7,54.3,56.8,58.6,65.2,52.3,54.3,0.0,63.3,검토,할인 판매,🏷️,187,HIGH,신뢰도 높음 ●,#2e7d32,,,63.3,검토,할인 판매,2,3,False,False,,50.0,28311.0,0.0,28311.0,29.79,0.0,29.79,60.0,0.0,287.0,22.0,할인,할인,62.755,일치,52.303,62.755,28.319,18.461
라면002,청량리2점,명동2점,22.0,프로모션 추천,12258.0,프로모션 순비용이 재배치 비용보다 낮습니다.,25.203602192638996,8.620689655172415,12,8,53.8,후순위,12258.0,22.0,234,False,Greedy 선택 후보보다 우선순위가 낮음,5.01,1934,364,3,간편식,343,150.0,35.0,290100.0,A,0.764781727743596,1,100.0,72.8,4.95,SLOW,59.6,True,64.4,HIGH,유통기한 임박 | 소진일수 73일 초과,4.3,19.3,0.0,SAFE,"재고 여유 — 현재고(364), 재주문점(19)",0.0,207.3,41.4,88207.0,73.5,OVER,과잉 발주 위험 — 현재(360개) > EOQ(207개). 발주 주기 41일 권장,73.5,35.0,5.0,7.07,2.93,STABLE,72.8,0.0,WMA,0.0,40.9,10.0,8.4,10.0,7.5,5.0,FAIR,보통 매칭 · 폐기위험 높음 · 핵심(A)상품,0.998,50.0,STABLE,14.2,LOW,69.6,MEDIUM,35.2,73.5,61.0,0.3,30.0,38800.0,77.6,0.385,0.385,88.5,False,11.9,351,35.2,267,100.0,0.999,4.9,29.5,50.0,DISCOUNT,68.9,2,99.8,59.6,28.1,disposal_risk,63.8,검토 필요,72,HEURISTIC 29% | ABC 14% | TURNOVER 14% | DISPOSAL_RISK 14% | SAFETY_STOCK 8% | EOQ 7% | DEMAND_FORECAST 7% | MATCH 5%,"['⏰ 유통기한 임박 (91%)', '❄️ 냉장·냉동 과잉 (80%)', '💸 배송비 상승 (100%)', '⚡ 복합 스트레스 (60%)']","{'재고위험': '24.9%', '판매가능성': '13.1%', '점포이동적합': '14.0%', '비용절감': '18.3%', '폐기회피이익': '13.7%', '실행가능성': '12.8%', '이력보정': '3.3%'}",True,True,False,True,False,True,63.3,32.7,53.4,55.6,58.6,65.2,51.5,54.0,0.0,60.2,검토,할인 판매,🏷️,204,HIGH,신뢰도 높음 ●,#2e7d32,,,60.2,검토,할인 판매,1,3,False,False,,50.0,29355.0,0.0,29355.0,30.95,0.0,30.95,62.0,0.0,364.0,22.0,할인,할인,62.54,일치,53.47,62.54,28.222,18.778
커피083,상암2점,문래2점,28.0,재배치 추천,12750.0,프로모션 순비용이 재배치 비용보다 높습니다.,24.56147220046985,11.206896551724139,18,0,53.8,후순위,12750.0,28.0,235,False,Greedy 선택 후보보다 우선순위가 낮음,1.47,2824,348,4,음료,340,44.0,10.0,124256.0,A,0.5118256494536694,1,100.0,237.3,1.52,DEAD,0.0,True,60.0,HIGH,유통기한 임박 | 소진일수 237일 초과,1.3,5.7,0.0,SAFE,"재고 여유 — 현재고(348), 재주문점(6)",0.0,102.7,69.9,52224.0,100.0,OVER,과잉 발주 위험 — 현재(347개) > EOQ(103개). 발주 주기 70일 권장,100.0,10.1,1.44,2.05,0.84,STABLE,241.2,0.0,WMA,0.0,40.9,10.0,8.4,10.0,7.5,5.0,FAIR,보통 매칭 · 폐기위험 높음 · 핵심(A)상품,0.972,49.3,STABLE,35.7,LOW,66.1,MEDIUM,39.0,51.7,85.1,0.3,30.0,82136.0,100.0,0.385,0.385,88.5,False,11.1,407,38.8,189,100.0,0.999,4.9,49.4,50.0,DISCOUNT,68.8,2,99.8,70.8,23.0,disposal_risk,54.7,모니터링,245,HEURISTIC 29% | ABC 14% | TURNOVER 14% | DISPOSAL_RISK 14% | SAFETY_STOCK 8% | EOQ 7% | DEMAND_FORECAST 7% | MATCH 5%,"['⏰ 유통기한 임박 (91%)', '❄️ 냉장·냉동 과잉 (80%)', '💸 배송비 상승 (100%)', '⚡ 복합 스트레스 (60%)']","{'재고위험': '24.9%', '판매가능성': '13.1%', '점포이동적합': '14.0%', '비용절감': '18.3%', '폐기회피이익': '13.7%', '실행가능성': '12.8%', '이력보정': '3.3%'}",True,True,False,True,False,True,45.6,32.5,56.1,59.6,72.0,74.0,51.0,53.7,0.0,56.8,검토,할인 판매,🏷️,222,HIGH,신뢰도 높음 ●,#2e7d32,,,56.8,검토,할인 판매,3,4,False,False,,50.0,12750.0,0.0,12750.0,12.5,0.0,12.5,25.0,0.0,348.0,28.0,재고 이동,재고 이동,70.928,일치,70.928,55.79,27.384,13.708
우유119,왕십리2점,신림2점,32.0,재배치 추천,14082.0,프로모션 순비용이 재배치 비용보다 높습니다.,22.82302270947533,12.931034482758621,18,0,53.8,후순위,14082.0,32.0,236,False,Greedy 선택 후보보다 우선순위가 낮음,3.63,2438,347,0,유제품,342,109.0,25.0,265742.0,A,0.2943586902021054,1,100.0,95.5,3.77,DEAD,46.9,True,78.0,HIGH,유통기한 임박 | 소진일수 96일 초과 | 신선/냉장 고위험 카테고리,3.1,14.0,0.0,SAFE,"재고 여유 — 현재고(347), 재주문점(14)",0.0,124.6,34.3,106329.0,100.0,OVER,과잉 발주 위험 — 현재(344개) > EOQ(125개). 발주 주기 34일 권장,100.0,25.2,3.6,5.1,2.1,STABLE,96.4,0.0,WMA,0.0,40.9,10.0,8.4,10.0,7.5,5.0,FAIR,보통 매칭 · 폐기위험 높음 · 핵심(A)상품,0.984,49.6,STABLE,19.0,LOW,78.3,HIGH,28.3,79.7,70.8,0.3,30.0,79537.0,100.0,0.385,0.385,88.5,True,14.5,138,41.8,101,100.0,0.999,4.9,39.2,50.0,DISCOUNT,68.7,2,99.8,70.8,25.8,disposal_risk,67.0,검토 필요,30,HEURISTIC 29% | ABC 14% | TURNOVER 14% | DISPOSAL_RISK 14% | SAFETY_STOCK 8% | EOQ 7% | DEMAND_FORECAST 7% | MATCH 5%,"['⏰ 유통기한 임박 (91%)', '❄️ 냉장·냉동 과잉 (80%)', '💸 배송비 상승 (100%)', '⚡ 복합 스트레스 (60%)']","{'재고위험': '24.9%', '판매가능성': '13.1%', '점포이동적합': '14.0%', '비용절감': '18.3%', '폐기회피이익': '13.7%', '실행가능성': '12.8%', '이력보정': '3.3%'}",True,True,False,True,False,True,66.1,32.6,55.7,59.6,72.0,73.8,52.9,58.7,0.0,97.3,최적,할인 판매,🏷️,5,HIGH,신뢰도 높음 ●,#2e7d32,,,97.3,최적,할인 판매,6,2,False,False,,50.0,14082.0,0.0,14082.0,13.98,0.0,13.98,28.0,0.0,347.0,32.0,재고 이동,재고 이동,74.067,일치,74.067,56.238,28.322,15.863
김밥109,목동점,건대점,33.0,재배치 추천,14379.0,프로모션 순비용이 재배치 비용보다 높습니다.,22.435395458104935,13.36206896551724,18,0,53.8,후순위,14379.0,33.0,237,False,Greedy 선택 후보보다 우선순위가 낮음,4.14,3342,374,3,신선식품,357,124.0,29.0,414408.0,A,0.7544751084522577,1,100.0,90.5,3.98,DEAD,49.7,True,78.0,HIGH,유통기한 임박 | 소진일수 90일 초과 | 신선/냉장 고위험 카테고리,3.5,15.9,0.0,SAFE,"재고 여유 — 현재고(374), 재주문점(16)",0.0,113.7,27.5,132949.0,100.0,OVER,과잉 발주 위험 — 현재(370개) > EOQ(114개). 발주 주기 28일 권장,100.0,29.0,4.14,5.85,2.44,STABLE,90.3,0.0,WMA,0.0,40.9,10.0,8.4,10.0,7.5,5.0,FAIR,보통 매칭 · 폐기위험 높음 · 핵심(A)상품,1.001,50.0,STABLE,17.6,LOW,69.6,MEDIUM,25.5,46.6,67.1,0.3,30.0,117964.0,100.0,0.385,0.385,88.5,True,14.5,138,41.5,113,100.0,0.999,4.9,35.9,50.0,DISCOUNT,68.5,2,99.8,70.8,25.7,disposal_risk,67.5,검토 필요,25,HEURISTIC 29% | ABC 14% | TURNOVER 14% | DISPOSAL_RISK 14% | SAFETY_STOCK 8% | EOQ 7% | DEMAND_FORECAST 7% | MATCH 5%,"['⏰ 유통기한 임박 (91%)', '❄️ 냉장·냉동 과잉 (80%)', '💸 배송비 상승 (100%)', '⚡ 복합 스트레스 (60%)']","{'재고위험': '24.9%', '판매가능성': '13.1%', '점포이동적합': '14.0%', '비용절감': '18.3%', '폐기회피이익': '13.7%', '실행가능성': '12.8%', '이력보정': '3.3%'}",True,True,False,True,False,True,66.8,32.7,55.3,59.6,72.0,60.3,52.9,57.1,0.0,91.5,최적,할인 판매,🏷️,36,HIGH,신뢰도 높음 ●,#2e7d32,,,91.5,최적,할인 판매,2,3,False,False,,50.0,14379.0,0.0,14379.0,14.31,0.0,14.31,29.0,0.0,374.0,33.0,재고 이동,재고 이동,75.015,일치,75.015,56.875,28.644,15.948
삼각김밥018,동대문점,선릉2점,52.0,프로모션 추천,22155.0,프로모션 순비용이 재배치 비용보다 낮습니다.,12.286609240407206,21.551724137931032,12,8,53.8,후순위,22155.0,52.0,238,False,Greedy 선택 후보보다 우선순위가 낮음,1.65,1497,398,0,간편식,396,50.0,12.0,74850.0,B,0.8571555525070628,2,60.0,238.8,1.51,DEAD,0.0,True,75.0,HIGH,유통기한 임박 | 소진일수 239일 초과,1.4,6.4,0.0,SAFE,"재고 여유 — 현재고(398), 재주문점(6)",0.0,135.2,81.9,44536.0,100.0,OVER,과잉 발주 위험 — 현재(397개) > EOQ(135개). 발주 주기 82일 권장,100.0,11.8,1.69,2.37,1.01,STABLE,236.1,0.0,WMA,0.0,36.9,10.0,8.4,6.0,7.5,5.0,POOR,낮은 매칭 · 폐기위험 높음,1.039,51.0,STABLE,35.0,LOW,78.3,HIGH,34.3,74.2,100.0,0.3,30.0,71258.0,100.0,0.385,0.385,88.5,False,13.7,193,43.8,44,100.0,0.999,4.9,57.0,50.0,DISCOUNT,68.4,2,99.8,70.8,35.7,disposal_risk,50.2,모니터링,340,HEURISTIC 29% | ABC 14% | TURNOVER 14% | DISPOSAL_RISK 14% | SAFETY_STOCK 8% | EOQ 7% | DEMAND_FORECAST 7% | MATCH 5%,"['⏰ 유통기한 임박 (91%)', '❄️ 냉장·냉동 과잉 (80%)', '💸 배송비 상승 (100%)', '⚡ 복합 스트레스 (60%)']","{'재고위험': '24.9%', '판매가능성': '13.1%', '점포이동적합': '14.0%', '비용절감': '18.3%', '폐기회피이익': '13.7%', '실행가능성': '12.8%', '이력보정': '3.3%'}",True,True,False,True,False,True,46.2,33.0,56.1,59.6,72.0,91.4,52.4,56.1,0.0,86.1,최적,할인 판매,🏷️,65,HIGH,신뢰도 높음 ●,#2e7d32,,,86.1,최적,할인 판매,3,6,False,False,,50.0,23082.0,0.0,23082.0,23.98,0.0,23.98,48.0,0.0,398.0,52.0,할인,할인,67.153,일치,65.613,67.153,31.601,14.539
삼각김밥018,청량리2점,선릉2점,52.0,프로모션 추천,22155.0,프로모션 순비용이 재배치 비용보다 낮습니다.,12.286609240407206,21.551724137931032,12,8,53.8,후순위,22155.0,52.0,239,False,Greedy 선택 후보보다 우선순위가 낮음,3.85,1497,358,0,간편식,353,116.0,27.0,173652.0,B,0.8571555525070628,2,60.0,92.6,3.89,DEAD,48.6,True,75.0,HIGH,유통기한 임박 | 소진일수 93일 초과,3.3,14.8,0.0,SAFE,"재고 여유 — 현재고(358), 재주문점(15)",0.0,206.6,53.7,68030.0,71.7,OVER,과잉 발주 위험 — 현재(355개) > EOQ(207개). 발주 주기 54일 권장,71.7,27.0,3.86,5.45,2.27,STABLE,92.8,0.0,WMA,0.0,36.9,10.0,8.4,6.0,7.5,5.0,POOR,낮은 매칭 · 폐기위험 높음,1.002,50.0,STABLE,18.1,LOW,78.3,HIGH,34.3,74.2,100.0,0.3,30.0,71258.0,100.0,0.385,0.385,88.5,False,13.7,193,39.6,180,100.0,0.999,4.9,57.0,50.0,DISCOUNT,68.3,2,99.8,70.8,41.7,disposal_risk,56.2,검토 필요,207,HEURISTIC 29% | ABC 14% | TURNOVER 14% | DISPOSAL_RISK 14% | SAFETY_STOCK 8% | EOQ 7% | DEMAND_FORECAST 7% | MATCH 5%,"['⏰ 유통기한 임박 (91%)', '❄️ 냉장·냉동 과잉 (80%)', '💸 배송비 상승 (100%)', '⚡ 복합 스트레스 (60%)']","{'재고위험': '24.9%', '판매가능성': '13.1%', '점포이동적합': '14.0%', '비용절감': '18.3%', '폐기회피이익': '13.7%', '실행가능성': '12.8%', '이력보정': '3.3%'}",True,True,False,True,False,True,59.1,32.7,55.2,55.3,72.0,91.4,52.4,58.4,0.0,96.5,최적,할인 판매,🏷️,9,HIGH,신뢰도 높음 ●,#2e7d32,,,96.5,최적,할인 판매,1,6,False,False,,50.0,28014.0,0.0,28014.0,29.46,0.0,29.46,59.0,0.0,358.0,52.0,할인,할인,65.878,일치,59.184,65.878,30.676,17.357
핫바074,홍대2점,성수2점,30.0,재배치 추천,13425.0,프로모션 순비용이 재배치 비용보다 높습니다.,23.680501174628034,12.068965517241379,18,0,53.7,후순위,13425.0,30.0,240,False,Greedy 선택 후보보다 우선순위가 낮음,1.13,3442,316,3,간편식,312,34.0,8.0,117028.0,B,0.8127939376615826,2,60.0,278.8,1.29,DEAD,0.0,True,73.0,HIGH,유통기한 임박 | 소진일수 279일 초과,1.0,4.4,0.0,SAFE,"재고 여유 — 현재고(316), 재주문점(4)",0.0,73.8,65.3,55886.0,100.0,OVER,과잉 발주 위험 — 현재(315개) > EOQ(74개). 발주 주기 65일 권장,100.0,8.0,1.14,1.61,0.68,STABLE,276.5,0.0,WMA,0.0,36.9,10.0,8.4,6.0,7.5,5.0,POOR,낮은 매칭 · 폐기위험 높음,1.011,50.3,STABLE,35.0,LOW,69.6,MEDIUM,34.1,41.4,71.9,0.3,30.0,110487.0,100.0,0.385,0.385,88.5,False,13.3,237,43.0,63,100.0,0.999,4.9,40.2,50.0,DISCOUNT,68.1,2,99.8,70.7,36.6,disposal_risk,49.6,모니터링,351,HEURISTIC 29% | ABC 14% | TURNOVER 14% | DISPOSAL_RISK 14% | SAFETY_STOCK 8% | EOQ 7% | DEMAND_FORECAST 7% | MATCH 5%,"['⏰ 유통기한 임박 (91%)', '❄️ 냉장·냉동 과잉 (80%)', '💸 배송비 상승 (100%)', '⚡ 복합 스트레스 (60%)']","{'재고위험': '24.9%', '판매가능성': '13.1%', '점포이동적합': '14.0%', '비용절감': '18.3%', '폐기회피이익': '13.7%', '실행가능성': '12.8%', '이력보정': '3.3%'}",True,True,False,True,False,True,45.4,32.8,54.2,59.5,72.0,61.7,52.2,51.8,0.0,36.9,검토,할인 판매,🏷️,329,HIGH,신뢰도 높음 ●,#2e7d32,,,36.9,검토,할인 판매,3,1,False,False,,50.0,13425.0,0.0,13425.0,13.25,0.0,13.25,26.0,0.0,316.0,30.0,재고 이동,재고 이동,67.377,일치,67.377,59.831,28.591,13.36
라면002,구로점,합정점,34.0,재배치 추천,14937.0,프로모션 순비용이 재배치 비용보다 높습니다.,21.707126076742366,13.793103448275861,18,0,53.5,후순위,14937.0,34.0,241,False,Greedy 선택 후보보다 우선순위가 낮음,0.72,1934,296,0,간편식,295,22.0,5.0,42548.0,A,0.764781727743596,1,100.0,403.6,0.89,DEAD,0.0,True,75.0,HIGH,유통기한 임박 | 소진일수 404일 초과,0.6,2.8,0.0,SAFE,"재고 여유 — 현재고(296), 재주문점(3)",0.0,78.6,109.2,33439.0,100.0,OVER,과잉 발주 위험 — 현재(295개) > EOQ(79개). 발주 주기 109일 권장,100.0,5.0,0.71,1.01,0.42,STABLE,414.4,0.0,WMA,0.0,40.9,10.0,8.4,10.0,7.5,5.0,FAIR,보통 매칭 · 폐기위험 높음 · 핵심(A)상품,0.992,49.8,STABLE,35.2,LOW,78.3,HIGH,38.0,59.9,78.8,0.3,30.0,63970.0,100.0,0.385,0.385,88.5,False,13.9,174,44.7,21,100.0,0.999,4.9,45.4,50.0,DISCOUNT,68.0,2,99.8,70.7,19.2,disposal_risk,58.2,검토 필요,162,HEURISTIC 29% | ABC 14% | TURNOVER 14% | DISPOSAL_RISK 14% | SAFETY_STOCK 8% | EOQ 7% | DEMAND_FORECAST 7% | MATCH 5%,"['⏰ 유통기한 임박 (91%)', '❄️ 냉장·냉동 과잉 (80%)', '💸 배송비 상승 (100%)', '⚡ 복합 스트레스 (60%)']","{'재고위험': '24.9%', '판매가능성': '13.1%', '점포이동적합': '14.0%', '비용절감': '18.3%', '폐기회피이익': '13.7%', '실행가능성': '12.8%', '이력보정': '3.3%'}",True,True,False,True,False,True,52.3,32.6,56.9,59.4,72.0,72.5,52.6,55.2,0.0,76.4,권장,할인 판매,🏷️,117,HIGH,신뢰도 높음 ●,#2e7d32,,,76.4,권장,할인 판매,2,6,False,False,,50.0,14937.0,0.0,14937.0,14.93,0.0,14.93,30.0,0.0,296.0,34.0,재고 이동,재고 이동,69.625,일치,69.625,58.339,28.448,14.444
삼각김밥102,명동점,명동2점,24.0,프로모션 추천,13343.0,프로모션 순비용이 재배치 비용보다 낮습니다.,23.78752283998956,9.482758620689655,12,8,53.3,후순위,13343.0,24.0,242,False,Greedy 선택 후보보다 우선순위가 낮음,5.77,1930,394,7,간편식,338,173.0,40.0,333890.0,B,0.8034296376654122,2,60.0,68.3,5.27,SLOW,62.1,True,54.2,MEDIUM,유통기한 임박 | 소진일수 68일 초과,4.9,22.2,0.0,SAFE,"재고 여유 — 현재고(394), 재주문점(22)",0.0,222.7,38.6,94564.0,74.7,OVER,과잉 발주 위험 — 현재(389개) > EOQ(223개). 발주 주기 39일 권장,74.7,40.2,5.74,8.12,3.36,STABLE,68.6,0.0,WMA,0.0,32.1,10.0,3.6,6.0,7.5,5.0,POOR,낮은 매칭,0.99,49.8,STABLE,13.5,LOW,55.6,MEDIUM,35.2,73.5,61.0,0.3,30.0,42241.0,84.5,0.385,0.385,88.5,False,9.6,437,29.1,369,100.0,0.999,4.9,29.5,50.0,DISCOUNT,67.9,2,99.8,62.9,45.3,disposal_risk,51.6,모니터링,319,HEURISTIC 29% | ABC 14% | TURNOVER 14% | DISPOSAL_RISK 14% | SAFETY_STOCK 8% | EOQ 7% | DEMAND_FORECAST 7% | MATCH 5%,"['⏰ 유통기한 임박 (91%)', '❄️ 냉장·냉동 과잉 (80%)', '💸 배송비 상승 (100%)', '⚡ 복합 스트레스 (60%)']","{'재고위험': '24.9%', '판매가능성': '13.1%', '점포이동적합': '14.0%', '비용절감': '18.3%', '폐기회피이익': '13.7%', '실행가능성': '12.8%', '이력보정': '3.3%'}",True,True,False,True,False,True,53.4,32.6,48.2,55.5,62.7,65.2,50.2,51.4,0.0,32.6,검토,보류,⏸️,352,HIGH,신뢰도 높음 ●,#2e7d32,,,32.6,검토,보류,5,3,False,False,,50.0,28590.0,0.0,28590.0,30.1,0.0,30.1,60.0,0.0,394.0,24.0,할인,할인,62.47,일치,51.48,62.47,28.04,17.525
도시락110,상암점,문래점,33.0,재배치 추천,14856.0,프로모션 순비용이 재배치 비용보다 높습니다.,21.812842599843382,13.36206896551724,18,0,53.2,후순위,14856.0,33.0,243,False,Greedy 선택 후보보다 우선순위가 낮음,4.28,2369,335,0,신선식품,330,128.0,30.0,303232.0,A,0.49664048496044355,1,100.0,78.5,4.59,SLOW,56.4,True,74.3,HIGH,유통기한 임박 | 소진일수 78일 초과 | 신선/냉장 고위험 카테고리,3.7,16.5,0.0,SAFE,"재고 여유 — 현재고(335), 재주문점(16)",0.0,137.3,32.1,113811.0,100.0,OVER,과잉 발주 위험 — 현재(331개) > EOQ(137개). 발주 주기 32일 권장,100.0,30.0,4.29,6.05,2.52,STABLE,78.2,0.0,WMA,0.0,40.9,10.0,8.4,10.0,7.5,5.0,FAIR,보통 매칭 · 폐기위험 높음 · 핵심(A)상품,1.001,50.0,STABLE,15.2,LOW,78.3,HIGH,40.8,59.6,68.4,0.3,30.0,78956.0,100.0,0.385,0.385,88.5,True,13.8,181,39.4,181,100.0,0.999,4.9,37.1,50.0,DISCOUNT,67.7,2,99.8,70.6,26.4,disposal_risk,67.1,검토 필요,29,HEURISTIC 29% | ABC 14% | TURNOVER 14% | DISPOSAL_RISK 14% | SAFETY_STOCK 8% | EOQ 7% | DEMAND_FORECAST 7% | MATCH 5%,"['⏰ 유통기한 임박 (91%)', '❄️ 냉장·냉동 과잉 (80%)', '💸 배송비 상승 (100%)', '⚡ 복합 스트레스 (60%)']","{'재고위험': '24.9%', '판매가능성': '13.1%', '점포이동적합': '14.0%', '비용절감': '18.3%', '폐기회피이익': '13.7%', '실행가능성': '12.8%', '이력보정': '3.3%'}",True,True,False,True,False,True,66.9,32.7,55.0,59.3,72.0,65.5,52.5,57.7,0.0,94.5,최적,할인 판매,🏷️,20,HIGH,신뢰도 높음 ●,#2e7d32,,,94.5,최적,할인 판매,1,2,False,False,,50.0,14856.0,0.0,14856.0,14.84,0.0,14.84,30.0,0.0,335.0,33.0,재고 이동,재고 이동,72.89,일치,72.89,54.674,27.802,16.181
아이스라떼060,건대점,합정2점,36.0,재배치 추천,15873.0,프로모션 순비용이 재배치 비용보다 높습니다.,20.48551292090838,14.655172413793101,18,0,53.1,후순위,15873.0,36.0,244,False,Greedy 선택 후보보다 우선순위가 낮음,5.09,3510,294,1,유제품,287,153.0,36.0,537030.0,A,0.19496939414720207,1,100.0,57.6,6.24,NORMAL,68.0,False,59.8,MEDIUM,유통기한 임박 | 신선/냉장 고위험 카테고리,4.4,19.7,0.0,SAFE,"재고 여유 — 현재고(294), 재주문점(20)",0.0,123.0,24.2,151075.0,100.0,OVER,과잉 발주 위험 — 현재(290개) > EOQ(123개). 발주 주기 24일 권장,100.0,35.9,5.13,7.23,3.03,STABLE,57.3,0.4,WMA,0.4,36.1,10.0,3.62,10.0,7.5,5.0,POOR,낮은 매칭 · 핵심(A)상품,1.01,50.3,STABLE,11.2,LOW,76.6,HIGH,31.7,60.8,84.8,0.3,30.0,135759.0,100.0,0.385,0.385,88.5,True,11.9,351,31.6,313,100.0,0.999,4.9,49.3,50.0,DISCOUNT,67.6,2,99.8,70.6,27.3,disposal_risk,64.3,검토 필요,66,HEURISTIC 29% | ABC 14% | TURNOVER 14% | DISPOSAL_RISK 14% | SAFETY_STOCK 8% | EOQ 7% | DEMAND_FORECAST 7% | MATCH 5%,"['⏰ 유통기한 임박 (91%)', '❄️ 냉장·냉동 과잉 (80%)', '💸 배송비 상승 (100%)', '⚡ 복합 스트레스 (60%)']","{'재고위험': '24.9%', '판매가능성': '13.1%', '점포이동적합': '14.0%', '비용절감': '18.3%', '폐기회피이익': '13.7%', '실행가능성': '12.8%', '이력보정': '3.3%'}",True,True,False,True,False,True,63.4,33.0,52.5,59.2,72.0,76.8,51.5,58.0,0.0,95.2,최적,보류,⏸️,16,HIGH,신뢰도 높음 ●,#2e7d32,,,95.2,최적,보류,3,0,False,False,,50.0,15873.0,0.0,15873.0,15.97,0.0,15.97,32.0,0.0,294.0,36.0,재고 이동,재고 이동,70.333,일치,70.333,50.871,26.395,16.385
삼각김밥070,건대2점,노원점,38.0,재배치 추천,16557.0,프로모션 순비용이 재배치 비용보다 높습니다.,19.592795614722004,15.517241379310345,18,0,53.1,후순위,16557.0,38.0,245,False,Greedy 선택 후보보다 우선순위가 낮음,2.61,1995,335,9,간편식,303,78.0,18.0,155610.0,A,0.7940246087095224,1,100.0,128.8,2.79,DEAD,28.4,True,52.1,MEDIUM,소진일수 129일 초과,2.2,10.0,0.0,SAFE,"재고 여유 — 현재고(335), 재주문점(10)",0.0,147.3,56.4,64662.0,100.0,OVER,과잉 발주 위험 — 현재(333개) > EOQ(147개). 발주 주기 56일 권장,100.0,18.1,2.59,3.66,1.51,STABLE,129.6,0.0,WMA,0.0,36.1,10.0,3.6,10.0,7.5,5.0,POOR,낮은 매칭 · 핵심(A)상품,0.985,49.6,STABLE,25.3,LOW,48.6,MEDIUM,31.9,51.6,91.3,0.3,30.0,74415.0,100.0,0.385,0.385,88.5,False,9.4,442,32.0,304,100.0,0.999,4.9,52.9,50.0,DISCOUNT,67.5,2,99.8,70.6,30.5,disposal_risk,55.5,검토 필요,223,HEURISTIC 29% | ABC 14% | TURNOVER 14% | DISPOSAL_RISK 14% | SAFETY_STOCK 8% | EOQ 7% | DEMAND_FORECAST 7% | MATCH 5%,"['⏰ 유통기한 임박 (91%)', '❄️ 냉장·냉동 과잉 (80%)', '💸 배송비 상승 (100%)', '⚡ 복합 스트레스 (60%)']","{'재고위험': '24.9%', '판매가능성': '13.1%', '점포이동적합': '14.0%', '비용절감': '18.3%', '폐기회피이익': '13.7%', '실행가능성': '12.8%', '이력보정': '3.3%'}",True,True,False,True,False,True,49.5,32.6,52.9,59.2,72.0,78.1,50.1,54.7,0.0,69.1,권장,보류,⏸️,156,HIGH,신뢰도 높음 ●,#2e7d32,,,69.1,권장,보류,5,1,False,False,,50.0,16557.0,0.0,16557.0,16.73,0.0,16.73,33.0,0.0,335.0,38.0,재고 이동,재고 이동,69.323,일치,69.323,53.745,27.013,14.885
삼각김밥070,건대2점,용산2점,23.0,프로모션 추천,13236.0,프로모션 순비용이 재배치 비용보다 낮습니다.,23.92717306186374,9.051724137931034,12,8,53.0,후순위,13236.0,23.0,246,False,Greedy 선택 후보보다 우선순위가 낮음,2.61,1995,335,9,간편식,303,78.0,18.0,155610.0,A,0.7940246087095224,1,100.0,128.8,2.79,DEAD,28.4,True,52.1,MEDIUM,소진일수 129일 초과,2.2,10.0,0.0,SAFE,"재고 여유 — 현재고(335), 재주문점(10)",0.0,147.3,56.4,64662.0,100.0,OVER,과잉 발주 위험 — 현재(333개) > EOQ(147개). 발주 주기 56일 권장,100.0,18.1,2.59,3.66,1.51,STABLE,129.6,0.0,WMA,0.0,36.1,10.0,3.6,10.0,7.5,5.0,POOR,낮은 매칭 · 핵심(A)상품,0.985,49.6,STABLE,25.3,LOW,48.6,MEDIUM,29.2,46.9,72.2,0.3,30.0,41826.0,83.7,0.385,0.385,88.5,False,9.4,442,32.0,304,100.0,0.999,4.9,40.4,50.0,DISCOUNT,67.3,2,99.8,62.4,30.5,disposal_risk,55.4,검토 필요,228,HEURISTIC 29% | ABC 14% | TURNOVER 14% | DISPOSAL_RISK 14% | SAFETY_STOCK 8% | EOQ 7% | DEMAND_FORECAST 7% | MATCH 5%,"['⏰ 유통기한 임박 (91%)', '❄️ 냉장·냉동 과잉 (80%)', '💸 배송비 상승 (100%)', '⚡ 복합 스트레스 (60%)']","{'재고위험': '24.9%', '판매가능성': '13.1%', '점포이동적합': '14.0%', '비용절감': '18.3%', '폐기회피이익': '13.7%', '실행가능성': '12.8%', '이력보정': '3.3%'}",True,True,False,True,False,True,49.5,32.6,51.7,59.2,62.2,63.8,50.1,51.3,0.0,32.0,검토,보류,⏸️,355,HIGH,신뢰도 높음 ●,#2e7d32,,,32.0,검토,보류,5,5,True,False,,50.0,17061.0,0.0,17061.0,17.29,0.0,17.29,35.0,0.0,335.0,23.0,할인,재고 이동,64.357,다름,64.357,53.421,26.199,15.208
삼각김밥070,청량리점,용산2점,23.0,프로모션 추천,13236.0,프로모션 순비용이 재배치 비용보다 낮습니다.,23.92717306186374,9.051724137931034,12,8,53.0,후순위,13236.0,23.0,247,False,Greedy 선택 후보보다 우선순위가 낮음,3.94,1995,356,4,간편식,334,118.0,28.0,235410.0,A,0.7940246087095224,1,100.0,90.5,3.98,DEAD,49.7,True,65.0,HIGH,유통기한 임박 | 소진일수 90일 초과,3.4,15.2,0.0,SAFE,"재고 여유 — 현재고(356), 재주문점(15)",0.0,181.0,45.9,79447.0,94.8,OVER,과잉 발주 위험 — 현재(353개) > EOQ(181개). 발주 주기 46일 권장,94.8,27.8,3.97,5.6,2.35,STABLE,89.6,0.0,WMA,0.0,40.9,10.0,8.4,10.0,7.5,5.0,FAIR,보통 매칭 · 폐기위험 높음 · 핵심(A)상품,1.015,50.4,STABLE,17.6,LOW,66.1,MEDIUM,29.2,46.9,72.2,0.3,30.0,41826.0,83.7,0.385,0.385,88.5,False,12.1,333,36.2,246,100.0,0.999,4.9,40.4,50.0,DISCOUNT,67.2,2,99.8,62.4,29.0,disposal_risk,63.1,검토 필요,83,HEURISTIC 29% | ABC 14% | TURNOVER 14% | DISPOSAL_RISK 14% | SAFETY_STOCK 8% | EOQ 7% | DEMAND_FORECAST 7% | MATCH 5%,"['⏰ 유통기한 임박 (91%)', '❄️ 냉장·냉동 과잉 (80%)', '💸 배송비 상승 (100%)', '⚡ 복합 스트레스 (60%)']","{'재고위험': '24.9%', '판매가능성': '13.1%', '점포이동적합': '14.0%', '비용절감': '18.3%', '폐기회피이익': '13.7%', '실행가능성': '12.8%', '이력보정': '3.3%'}",True,True,False,True,False,True,60.9,32.8,54.7,58.4,62.2,63.8,51.6,54.5,0.0,65.2,권장,할인 판매,🏷️,177,HIGH,신뢰도 높음 ●,#2e7d32,,,65.2,권장,할인 판매,2,5,False,False,,50.0,24621.0,0.0,24621.0,25.69,0.0,25.69,51.0,0.0,356.0,23.0,할인,할인,59.438,일치,58.756,59.438,27.938,17.542
컵밥065,합정점,동대문2점,34.0,재배치 추천,15360.0,프로모션 순비용이 재배치 비용보다 높습니다.,21.155050900548158,13.793103448275861,18,0,52.9,후순위,15360.0,34.0,248,False,Greedy 선택 후보보다 우선순위가 낮음,2.57,2479,355,4,간편식,341,77.0,18.0,190883.0,A,0.594828172680739,1,100.0,138.3,2.6,DEAD,23.2,True,65.0,HIGH,유통기한 임박 | 소진일수 138일 초과,2.2,9.9,0.0,SAFE,"재고 여유 — 현재고(355), 재주문점(10)",0.0,131.1,51.0,71526.0,100.0,OVER,과잉 발주 위험 — 현재(353개) > EOQ(131개). 발주 주기 51일 권장,100.0,18.0,2.57,3.63,1.51,STABLE,138.1,0.0,WMA,0.0,40.9,10.0,8.4,10.0,7.5,5.0,FAIR,보통 매칭 · 폐기위험 높음 · 핵심(A)상품,1.001,50.0,STABLE,26.9,LOW,66.1,MEDIUM,31.9,65.3,83.9,0.3,30.0,85783.0,100.0,0.385,0.385,88.5,False,12.1,333,38.6,195,100.0,0.999,4.9,48.7,50.0,DISCOUNT,67.1,2,99.8,70.6,27.5,disposal_risk,59.0,검토 필요,143,HEURISTIC 29% | ABC 14% | TURNOVER 14% | DISPOSAL_RISK 14% | SAFETY_STOCK 8% | EOQ 7% | DEMAND_FORECAST 7% | MATCH 5%,"['⏰ 유통기한 임박 (91%)', '❄️ 냉장·냉동 과잉 (80%)', '💸 배송비 상승 (100%)', '⚡ 복합 스트레스 (60%)']","{'재고위험': '24.9%', '판매가능성': '13.1%', '점포이동적합': '14.0%', '비용절감': '18.3%', '폐기회피이익': '13.7%', '실행가능성': '12.8%', '이력보정': '3.3%'}",True,True,False,True,False,True,53.9,32.7,56.0,59.1,72.0,77.7,51.6,56.1,0.0,86.3,최적,할인 판매,🏷️,64,HIGH,신뢰도 높음 ●,#2e7d32,,,86.3,최적,할인 판매,6,2,False,False,,50.0,15360.0,0.0,15360.0,15.4,0.0,15.4,31.0,0.0,355.0,34.0,재고 이동,재고 이동,71.042,일치,71.042,56.07,27.879,14.868
삼각김밥113,노원점,신림2점,30.0,프로모션 추천,15599.0,프로모션 순비용이 재배치 비용보다 낮습니다.,20.84312190028713,12.068965517241379,12,8,52.9,후순위,15599.0,30.0,249,False,Greedy 선택 후보보다 우선순위가 낮음,7.83,1810,338,2,간편식,317,235.0,55.0,425350.0,A,0.3299880160837302,1,100.0,43.1,8.34,NORMAL,76.1,False,49.6,MEDIUM,유통기한 임박,6.7,30.2,0.0,SAFE,"재고 여유 — 현재고(338), 재주문점(30)",0.0,267.9,34.2,106679.0,23.7,OPTIMAL,"적정 발주 — EOQ(268개), 권장 발주 주기 34일",23.7,54.9,7.84,11.07,4.61,STABLE,43.1,2.3,WMA,2.3,36.2,10.0,3.72,10.0,7.5,5.0,POOR,낮은 매칭 · 핵심(A)상품,1.003,50.1,STABLE,8.4,LOW,73.1,HIGH,27.3,79.7,70.8,0.3,30.0,49561.0,99.1,0.385,0.385,88.5,False,26.0,43,27.1,406,100.0,0.999,4.9,39.2,50.0,DISCOUNT,66.9,1,100.0,70.1,27.0,turnover,58.9,검토 필요,145,HEURISTIC 29% | ABC 14% | TURNOVER 14% | DISPOSAL_RISK 14% | SAFETY_STOCK 8% | EOQ 7% | DEMAND_FORECAST 7% | MATCH 5%,"['⏰ 유통기한 임박 (91%)', '❄️ 냉장·냉동 과잉 (80%)', '💸 배송비 상승 (100%)', '⚡ 복합 스트레스 (60%)']","{'재고위험': '24.9%', '판매가능성': '13.1%', '점포이동적합': '14.0%', '비용절감': '18.3%', '폐기회피이익': '13.7%', '실행가능성': '12.8%', '이력보정': '3.3%'}",True,True,False,True,False,True,61.0,33.9,50.6,47.6,71.5,73.8,59.3,54.6,0.0,68.4,권장,보류,⏸️,160,HIGH,신뢰도 높음 ●,#2e7d32,,,68.4,권장,보류,1,2,False,False,,50.0,17124.0,0.0,17124.0,17.36,0.0,17.36,35.0,0.0,338.0,30.0,할인,재고 이동,63.537,다름,63.537,49.477,24.445,17.38
삼각김밥113,동대문점,신림2점,30.0,프로모션 추천,15599.0,프로모션 순비용이 재배치 비용보다 낮습니다.,20.84312190028713,12.068965517241379,12,8,52.9,후순위,15599.0,30.0,250,False,Greedy 선택 후보보다 우선순위가 낮음,1.92,1810,331,5,간편식,318,58.0,13.0,104980.0,A,0.3299880160837302,1,100.0,171.2,2.1,DEAD,4.9,True,65.0,HIGH,유통기한 임박 | 소진일수 171일 초과,1.6,7.4,0.0,SAFE,"재고 여유 — 현재고(331), 재주문점(7)",0.0,132.7,69.1,52826.0,100.0,OVER,과잉 발주 위험 — 현재(329개) > EOQ(133개). 발주 주기 69일 권장,100.0,13.2,1.89,2.68,1.09,STABLE,175.5,0.0,WMA,0.0,40.9,10.0,8.4,10.0,7.5,5.0,FAIR,보통 매칭 · 폐기위험 높음 · 핵심(A)상품,0.967,49.2,STABLE,34.3,LOW,62.6,MEDIUM,27.3,79.7,70.8,0.3,30.0,49561.0,99.1,0.385,0.385,88.5,False,12.1,333,40.4,159,100.0,0.999,4.9,39.2,50.0,DISCOUNT,66.8,2,99.8,70.1,23.5,disposal_risk,56.0,검토 필요,209,HEURISTIC 29% | ABC 14% | TURNOVER 14% | DISPOSAL_RISK 14% | SAFETY_STOCK 8% | EOQ 7% | DEMAND_FORECAST 7% | MATCH 5%,"['⏰ 유통기한 임박 (91%)', '❄️ 냉장·냉동 과잉 (80%)', '💸 배송비 상승 (100%)', '⚡ 복합 스트레스 (60%)']","{'재고위험': '24.9%', '판매가능성': '13.1%', '점포이동적합': '14.0%', '비용절감': '18.3%', '폐기회피이익': '13.7%', '실행가능성': '12.8%', '이력보정': '3.3%'}",True,True,False,True,False,True,49.2,32.5,55.4,59.1,71.5,73.8,51.6,54.3,0.0,62.8,검토,할인 판매,🏷️,190,HIGH,신뢰도 높음 ●,#2e7d32,,,62.8,검토,할인 판매,3,2,False,False,,50.0,23442.0,0.0,23442.0,24.38,0.0,24.38,49.0,0.0,331.0,30.0,할인,할인,61.277,일치,59.415,61.277,28.592,15.753
라면086,건대점,신촌2점,27.0,재배치 추천,13164.0,프로모션 순비용이 재배치 비용보다 높습니다.,24.021143304620203,10.775862068965516,18,0,52.8,후순위,13164.0,27.0,251,False,Greedy 선택 후보보다 우선순위가 낮음,5.61,3405,356,5,간편식,317,168.0,39.0,572040.0,A,0.04778947291941071,1,100.0,63.6,5.66,SLOW,64.7,True,51.8,MEDIUM,유통기한 임박,4.8,21.6,0.0,SAFE,"재고 여유 — 현재고(356), 재주문점(22)",0.0,165.3,29.5,123851.0,100.0,OVER,과잉 발주 위험 — 현재(351개) > EOQ(165개). 발주 주기 30일 권장,100.0,39.1,5.59,7.9,3.27,STABLE,63.7,0.0,WMA,0.0,36.1,10.0,3.6,10.0,7.5,5.0,POOR,낮은 매칭 · 핵심(A)상품,0.993,49.8,STABLE,12.5,LOW,62.6,MEDIUM,38.3,43.2,61.1,0.3,30.0,97158.0,100.0,0.385,0.385,88.5,False,9.4,442,28.7,377,100.0,0.999,4.9,29.5,50.0,DISCOUNT,66.7,2,99.8,70.6,28.7,disposal_risk,61.1,검토 필요,103,HEURISTIC 29% | ABC 14% | TURNOVER 14% | DISPOSAL_RISK 14% | SAFETY_STOCK 8% | EOQ 7% | DEMAND_FORECAST 7% | MATCH 5%,"['⏰ 유통기한 임박 (91%)', '❄️ 냉장·냉동 과잉 (80%)', '💸 배송비 상승 (100%)', '⚡ 복합 스트레스 (60%)']","{'재고위험': '24.9%', '판매가능성': '13.1%', '점포이동적합': '14.0%', '비용절감': '18.3%', '폐기회피이익': '13.7%', '실행가능성': '12.8%', '이력보정': '3.3%'}",True,True,False,True,False,True,59.0,32.6,49.9,59.0,72.0,55.1,50.1,53.6,0.0,56.4,검토,보류,⏸️,224,HIGH,신뢰도 높음 ●,#2e7d32,,,56.4,검토,보류,3,3,True,False,,50.0,13164.0,0.0,13164.0,12.96,0.0,12.96,26.0,0.0,356.0,27.0,재고 이동,재고 이동,72.025,일치,72.025,49.292,25.66,15.615
김밥109,마포2점,합정2점,28.0,재배치 추천,13524.0,프로모션 순비용이 재배치 비용보다 높습니다.,23.5512920908379,11.206896551724139,18,0,52.8,후순위,13524.0,28.0,252,False,Greedy 선택 후보보다 우선순위가 낮음,0.58,3342,325,0,신선식품,325,17.0,4.0,56814.0,A,0.7544751084522577,1,100.0,573.5,0.63,DEAD,0.0,True,80.0,CRITICAL,유통기한 임박 | 소진일수 574일 초과 | 신선/냉장 고위험 카테고리,0.5,2.2,0.0,SAFE,"재고 여유 — 현재고(325), 재주문점(2)",0.0,42.5,73.3,49762.0,100.0,OVER,과잉 발주 위험 — 현재(324개) > EOQ(42개). 발주 주기 73일 권장,100.0,4.0,0.57,0.81,0.33,STABLE,568.8,0.0,WMA,0.0,44.5,10.0,12.0,10.0,7.5,5.0,FAIR,보통 매칭 · 폐기위험 높음 · 핵심(A)상품,0.985,49.6,STABLE,35.4,LOW,78.3,HIGH,23.6,60.8,84.8,0.3,30.0,98767.0,100.0,0.385,0.385,88.5,True,15.1,110,47.4,1,100.0,0.999,4.9,49.3,50.0,DISCOUNT,66.5,2,99.8,70.6,17.6,disposal_risk,59.8,검토 필요,126,HEURISTIC 29% | ABC 14% | TURNOVER 14% | DISPOSAL_RISK 14% | SAFETY_STOCK 8% | EOQ 7% | DEMAND_FORECAST 7% | MATCH 5%,"['⏰ 유통기한 임박 (91%)', '❄️ 냉장·냉동 과잉 (80%)', '💸 배송비 상승 (100%)', '⚡ 복합 스트레스 (60%)']","{'재고위험': '24.9%', '판매가능성': '13.1%', '점포이동적합': '14.0%', '비용절감': '18.3%', '폐기회피이익': '13.7%', '실행가능성': '12.8%', '이력보정': '3.3%'}",True,True,False,True,False,True,54.5,32.6,59.4,59.0,72.0,76.8,53.2,56.6,0.0,89.6,최적,할인 판매,🏷️,46,HIGH,신뢰도 높음 ●,#2e7d32,,,89.6,최적,할인 판매,6,0,False,False,,50.0,13524.0,0.0,13524.0,13.36,0.0,13.36,27.0,0.0,325.0,28.0,재고 이동,재고 이동,70.752,일치,70.752,58.535,28.5,14.322
아이스크림052,상암점,신촌점,33.0,프로모션 추천,16713.0,프로모션 순비용이 재배치 비용보다 낮습니다.,19.389193422083007,13.36206896551724,12,8,52.8,후순위,16713.0,33.0,253,False,Greedy 선택 후보보다 우선순위가 낮음,3.18,1765,386,3,디저트,373,95.0,22.0,167675.0,C,0.9670169842642664,3,20.0,121.9,2.95,DEAD,32.3,True,68.0,HIGH,유통기한 임박 | 소진일수 122일 초과,2.7,12.2,0.0,SAFE,"재고 여유 — 현재고(386), 재주문점(12)",0.0,162.2,51.0,71565.0,100.0,OVER,과잉 발주 위험 — 현재(383개) > EOQ(162개). 발주 주기 51일 권장,100.0,22.1,3.16,4.47,1.85,STABLE,122.3,0.0,WMA,0.0,33.9,10.0,8.4,3.0,7.5,5.0,POOR,낮은 매칭 · 폐기위험 높음,0.988,49.7,STABLE,23.9,LOW,69.6,MEDIUM,33.8,58.0,73.0,0.3,30.0,53181.0,100.0,0.385,0.385,88.5,False,12.3,318,37.6,222,100.0,0.999,4.9,41.1,50.0,DISCOUNT,66.4,2,99.8,70.6,49.1,disposal_risk,44.7,모니터링,442,HEURISTIC 29% | ABC 14% | TURNOVER 14% | DISPOSAL_RISK 14% | SAFETY_STOCK 8% | EOQ 7% | DEMAND_FORECAST 7% | MATCH 5%,"['⏰ 유통기한 임박 (91%)', '❄️ 냉장·냉동 과잉 (80%)', '💸 배송비 상승 (100%)', '⚡ 복합 스트레스 (60%)']","{'재고위험': '24.9%', '판매가능성': '13.1%', '점포이동적합': '14.0%', '비용절감': '18.3%', '폐기회피이익': '13.7%', '실행가능성': '12.8%', '이력보정': '3.3%'}",True,True,False,True,False,True,45.7,32.6,51.9,59.0,72.0,68.0,51.7,52.3,0.0,42.5,검토,할인 판매,🏷️,299,HIGH,신뢰도 높음 ●,#2e7d32,,,42.5,검토,할인 판매,1,0,False,False,,50.0,24666.0,0.0,24666.0,25.74,0.0,25.74,51.0,0.0,386.0,33.0,할인,할인,65.963,일치,55.285,65.963,30.036,15.152
도시락036,잠원2점,여의도2점,42.0,재배치 추천,18150.0,프로모션 순비용이 재배치 비용보다 높습니다.,17.513703993735316,17.24137931034483,18,0,52.8,후순위,18150.0,42.0,254,False,Greedy 선택 후보보다 우선순위가 낮음,1.14,3295,363,2,신선식품,360,34.0,8.0,112030.0,B,0.8400030592329824,2,60.0,320.3,1.12,DEAD,0.0,True,78.0,HIGH,유통기한 임박 | 소진일수 320일 초과 | 신선/냉장 고위험 카테고리,1.0,4.4,0.0,SAFE,"재고 여유 — 현재고(363), 재주문점(4)",0.0,60.1,52.7,69272.0,100.0,OVER,과잉 발주 위험 — 현재(362개) > EOQ(60개). 발주 주기 53일 권장,100.0,8.0,1.14,1.61,0.67,STABLE,317.6,0.0,WMA,0.0,36.9,10.0,8.4,6.0,7.5,5.0,POOR,낮은 매칭 · 폐기위험 높음,1.003,50.1,STABLE,35.0,LOW,73.1,HIGH,26.0,61.0,77.8,0.3,30.0,147918.0,100.0,0.385,0.385,88.5,True,14.4,144,45.0,13,100.0,0.999,4.9,44.7,50.0,DISCOUNT,66.3,2,99.8,70.6,34.5,disposal_risk,50.0,모니터링,344,HEURISTIC 29% | ABC 14% | TURNOVER 14% | DISPOSAL_RISK 14% | SAFETY_STOCK 8% | EOQ 7% | DEMAND_FORECAST 7% | MATCH 5%,"['⏰ 유통기한 임박 (91%)', '❄️ 냉장·냉동 과잉 (80%)', '💸 배송비 상승 (100%)', '⚡ 복합 스트레스 (60%)']","{'재고위험': '24.9%', '판매가능성': '13.1%', '점포이동적합': '14.0%', '비용절감': '18.3%', '폐기회피이익': '13.7%', '실행가능성': '12.8%', '이력보정': '3.3%'}",True,True,False,True,False,True,47.6,32.7,55.1,59.0,72.0,72.2,52.8,53.7,0.0,57.7,검토,할인 판매,🏷️,217,HIGH,신뢰도 높음 ●,#2e7d32,,,57.7,검토,할인 판매,2,0,False,False,,50.0,18150.0,0.0,18150.0,18.5,0.0,18.5,37.0,0.0,363.0,42.0,재고 이동,재고 이동,67.201,일치,67.201,63.962,30.368,13.955
탄산음료050,청량리점,잠원점,48.0,재배치 추천,20148.0,프로모션 순비용이 재배치 비용보다 높습니다.,14.90602975724354,19.82758620689655,18,0,52.7,후순위,20148.0,48.0,255,False,Greedy 선택 후보보다 우선순위가 낮음,3.1,2391,366,3,음료,353,93.0,22.0,222363.0,B,0.8656502532053011,2,60.0,118.1,3.05,DEAD,34.4,True,68.0,HIGH,유통기한 임박 | 소진일수 118일 초과,2.7,12.0,0.0,SAFE,"재고 여유 — 현재고(366), 재주문점(12)",0.0,162.1,52.3,69784.0,100.0,OVER,과잉 발주 위험 — 현재(363개) > EOQ(162개). 발주 주기 52일 권장,100.0,21.9,3.13,4.41,1.85,STABLE,117.0,0.0,WMA,0.0,36.9,10.0,8.4,6.0,7.5,5.0,POOR,낮은 매칭 · 폐기위험 높음,1.014,50.3,STABLE,23.0,LOW,69.6,MEDIUM,33.7,34.9,77.2,0.3,30.0,117574.0,100.0,0.385,0.385,88.5,False,12.5,293,38.0,212,100.0,0.999,4.9,44.3,50.0,DISCOUNT,66.1,2,99.8,70.5,45.4,disposal_risk,53.1,모니터링,279,HEURISTIC 29% | ABC 14% | TURNOVER 14% | DISPOSAL_RISK 14% | SAFETY_STOCK 8% | EOQ 7% | DEMAND_FORECAST 7% | MATCH 5%,"['⏰ 유통기한 임박 (91%)', '❄️ 냉장·냉동 과잉 (80%)', '💸 배송비 상승 (100%)', '⚡ 복합 스트레스 (60%)']","{'재고위험': '24.9%', '판매가능성': '13.1%', '점포이동적합': '14.0%', '비용절감': '18.3%', '폐기회피이익': '13.7%', '실행가능성': '12.8%', '이력보정': '3.3%'}",True,True,False,True,False,True,52.2,32.8,53.6,59.0,72.0,63.1,51.8,53.5,0.0,55.1,검토,할인 판매,🏷️,231,HIGH,신뢰도 높음 ●,#2e7d32,,,55.1,검토,할인 판매,2,2,True,False,,50.0,20148.0,0.0,20148.0,20.72,0.0,20.72,41.0,0.0,366.0,48.0,재고 이동,재고 이동,67.279,일치,67.279,60.84,29.64,15.047
핫바038,상암2점,목동2점,29.0,재배치 추천,14028.0,프로모션 순비용이 재배치 비용보다 높습니다.,22.893500391542677,11.637931034482758,18,0,52.5,후순위,14028.0,29.0,256,False,Greedy 선택 후보보다 우선순위가 낮음,6.86,2004,378,7,간편식,311,206.0,48.0,412824.0,A,0.6428785429934019,1,100.0,55.0,6.54,NORMAL,69.4,False,47.5,MEDIUM,유통기한 임박,5.9,26.5,0.0,SAFE,"재고 여유 — 현재고(378), 재주문점(26)",0.0,238.3,34.7,105068.0,56.1,OVER,과잉 발주 위험 — 현재(372개) > EOQ(238개). 발주 주기 35일 권장,56.1,48.0,6.86,9.69,4.03,STABLE,55.1,0.6,WMA,0.6,36.1,10.0,3.63,10.0,7.5,5.0,POOR,낮은 매칭 · 핵심(A)상품,1.0,50.0,STABLE,10.7,LOW,55.6,MEDIUM,28.3,80.7,77.5,0.3,30.0,55711.0,100.0,0.385,0.385,88.5,False,10.9,412,26.6,417,100.0,0.999,4.9,44.5,50.0,DISCOUNT,66.0,2,99.8,70.5,28.1,turnover,57.9,검토 필요,169,HEURISTIC 29% | ABC 14% | TURNOVER 14% | DISPOSAL_RISK 14% | SAFETY_STOCK 8% | EOQ 7% | DEMAND_FORECAST 7% | MATCH 5%,"['⏰ 유통기한 임박 (91%)', '❄️ 냉장·냉동 과잉 (80%)', '💸 배송비 상승 (100%)', '⚡ 복합 스트레스 (60%)']","{'재고위험': '24.9%', '판매가능성': '13.1%', '점포이동적합': '14.0%', '비용절감': '18.3%', '폐기회피이익': '13.7%', '실행가능성': '12.8%', '이력보정': '3.3%'}",True,True,False,True,False,True,58.3,33.0,51.0,52.3,72.0,78.6,50.9,55.4,0.0,79.0,권장,보류,⏸️,103,HIGH,신뢰도 높음 ●,#2e7d32,,,79.0,권장,보류,3,4,False,False,,50.0,14028.0,0.0,14028.0,13.92,0.0,13.92,28.0,0.0,378.0,29.0,재고 이동,재고 이동,69.489,일치,69.489,49.177,24.997,16.157
케이크037,성수2점,명동2점,45.0,재배치 추천,19302.0,프로모션 순비용이 재배치 비용보다 높습니다.,16.01018010963195,18.53448275862069,18,0,52.5,후순위,19302.0,45.0,257,False,Greedy 선택 후보보다 우선순위가 낮음,2.11,1904,325,1,디저트,323,63.0,15.0,119952.0,B,0.9047806372637078,2,60.0,154.8,2.33,DEAD,14.0,True,68.0,HIGH,유통기한 임박 | 소진일수 155일 초과,1.8,8.1,0.0,SAFE,"재고 여유 — 현재고(325), 재주문점(8)",0.0,127.2,60.3,60547.0,100.0,OVER,과잉 발주 위험 — 현재(323개) > EOQ(127개). 발주 주기 60일 권장,100.0,14.9,2.13,3.0,1.26,STABLE,152.7,0.0,WMA,0.0,36.9,10.0,8.4,6.0,7.5,5.0,POOR,낮은 매칭 · 폐기위험 높음,1.016,50.4,STABLE,29.9,LOW,76.6,HIGH,33.3,73.5,61.0,0.3,30.0,83514.0,100.0,0.385,0.385,88.5,False,12.5,293,39.7,177,100.0,0.999,4.9,29.5,50.0,DISCOUNT,65.9,2,99.8,70.5,42.9,disposal_risk,49.5,모니터링,356,HEURISTIC 29% | ABC 14% | TURNOVER 14% | DISPOSAL_RISK 14% | SAFETY_STOCK 8% | EOQ 7% | DEMAND_FORECAST 7% | MATCH 5%,"['⏰ 유통기한 임박 (91%)', '❄️ 냉장·냉동 과잉 (80%)', '💸 배송비 상승 (100%)', '⚡ 복합 스트레스 (60%)']","{'재고위험': '24.9%', '판매가능성': '13.1%', '점포이동적합': '14.0%', '비용절감': '18.3%', '폐기회피이익': '13.7%', '실행가능성': '12.8%', '이력보정': '3.3%'}",True,True,False,True,False,True,46.8,32.8,52.5,58.9,72.0,65.2,51.8,52.3,0.0,42.3,검토,할인 판매,🏷️,300,HIGH,신뢰도 높음 ●,#2e7d32,,,42.3,검토,할인 판매,1,3,False,False,,50.0,19302.0,0.0,19302.0,19.78,0.0,19.78,40.0,0.0,325.0,45.0,재고 이동,재고 이동,64.934,일치,64.934,60.843,29.271,14.37
컵밥034,목동2점,청량리2점,22.0,프로모션 추천,13373.0,프로모션 순비용이 재배치 비용보다 낮습니다.,23.748368572174368,8.620689655172415,12,8,52.4,후순위,13373.0,22.0,258,False,Greedy 선택 후보보다 우선순위가 낮음,6.76,2103,298,4,간편식,261,203.0,47.0,426909.0,A,0.6662426187162357,1,100.0,44.0,8.17,NORMAL,75.6,False,42.0,MEDIUM,유통기한 임박,5.8,26.1,0.0,SAFE,"재고 여유 — 현재고(298), 재주문점(26)",0.0,230.9,34.2,106844.0,26.5,OPTIMAL,"적정 발주 — EOQ(231개), 권장 발주 주기 34일",26.5,47.1,6.73,9.52,3.94,STABLE,44.3,2.1,WMA,2.1,36.2,10.0,3.7,10.0,7.5,5.0,POOR,낮은 매칭 · 핵심(A)상품,0.993,49.8,STABLE,8.7,LOW,66.1,MEDIUM,36.5,85.4,58.3,0.3,30.0,42146.0,84.3,0.385,0.385,88.5,False,23.6,57,24.0,467,100.0,0.999,4.9,26.2,50.0,DISCOUNT,65.7,2,99.8,62.6,27.1,turnover,56.5,검토 필요,200,HEURISTIC 29% | ABC 14% | TURNOVER 14% | DISPOSAL_RISK 14% | SAFETY_STOCK 8% | EOQ 7% | DEMAND_FORECAST 7% | MATCH 5%,"['⏰ 유통기한 임박 (91%)', '❄️ 냉장·냉동 과잉 (80%)', '💸 배송비 상승 (100%)', '⚡ 복합 스트레스 (60%)']","{'재고위험': '24.9%', '판매가능성': '13.1%', '점포이동적합': '14.0%', '비용절감': '18.3%', '폐기회피이익': '13.7%', '실행가능성': '12.8%', '이력보정': '3.3%'}",True,True,False,True,False,True,57.4,33.7,48.7,47.8,62.6,67.3,57.9,51.4,0.0,33.9,검토,보류,⏸️,345,HIGH,신뢰도 높음 ●,#2e7d32,,,33.9,검토,보류,4,1,False,False,,50.0,24495.0,0.0,24495.0,25.55,0.0,25.55,51.0,0.0,298.0,22.0,할인,할인,51.76,일치,51.351,51.76,24.043,18.586
라면046,여의도점,청량리점,32.0,재배치 추천,15234.0,프로모션 순비용이 재배치 비용보다 높습니다.,21.319498825371966,12.931034482758621,18,0,52.3,후순위,15234.0,32.0,259,False,Greedy 선택 후보보다 우선순위가 낮음,0.64,3060,359,1,간편식,359,19.0,4.0,58140.0,A,0.15168851304585387,1,100.0,566.8,0.64,DEAD,0.0,True,73.0,HIGH,유통기한 임박 | 소진일수 567일 초과,0.5,2.4,0.0,SAFE,"재고 여유 — 현재고(359), 재주문점(2)",0.0,58.9,92.0,39656.0,100.0,OVER,과잉 발주 위험 — 현재(358개) > EOQ(59개). 발주 주기 92일 권장,100.0,4.2,0.6,0.86,0.34,DECREASING,598.3,0.0,WMA,0.0,40.9,10.0,8.4,10.0,7.5,5.0,FAIR,보통 매칭 · 폐기위험 높음 · 핵심(A)상품,0.893,47.3,DECLINING,37.7,LOW,76.6,HIGH,29.2,73.8,68.5,0.3,30.0,102270.0,100.0,0.385,0.385,88.5,False,13.7,193,44.4,27,100.0,0.999,4.9,37.2,50.0,DISCOUNT,65.6,2,99.8,70.5,19.9,disposal_risk,56.7,검토 필요,196,HEURISTIC 29% | ABC 14% | TURNOVER 14% | DISPOSAL_RISK 14% | SAFETY_STOCK 8% | EOQ 7% | DEMAND_FORECAST 7% | MATCH 5%,"['⏰ 유통기한 임박 (91%)', '❄️ 냉장·냉동 과잉 (80%)', '💸 배송비 상승 (100%)', '⚡ 복합 스트레스 (60%)']","{'재고위험': '24.9%', '판매가능성': '13.1%', '점포이동적합': '14.0%', '비용절감': '18.3%', '폐기회피이익': '13.7%', '실행가능성': '12.8%', '이력보정': '3.3%'}",True,True,False,True,False,True,51.6,31.9,56.0,58.8,72.0,70.3,52.4,54.5,0.0,65.0,권장,할인 판매,🏷️,178,HIGH,신뢰도 높음 ●,#2e7d32,,,65.0,권장,할인 판매,2,2,True,False,,50.0,15234.0,0.0,15234.0,15.26,0.0,15.26,31.0,0.0,359.0,32.0,재고 이동,재고 이동,70.324,일치,70.324,58.765,28.616,14.276
라면046,여의도점,성수점,41.0,재배치 추천,18276.0,프로모션 순비용이 재배치 비용보다 높습니다.,17.34925606891151,16.810344827586206,18,0,52.2,후순위,18276.0,41.0,260,False,Greedy 선택 후보보다 우선순위가 낮음,0.64,3060,359,1,간편식,359,19.0,4.0,58140.0,A,0.15168851304585387,1,100.0,566.8,0.64,DEAD,0.0,True,73.0,HIGH,유통기한 임박 | 소진일수 567일 초과,0.5,2.4,0.0,SAFE,"재고 여유 — 현재고(359), 재주문점(2)",0.0,58.9,92.0,39656.0,100.0,OVER,과잉 발주 위험 — 현재(358개) > EOQ(59개). 발주 주기 92일 권장,100.0,4.2,0.6,0.86,0.34,DECREASING,598.3,0.0,WMA,0.0,40.9,10.0,8.4,10.0,7.5,5.0,FAIR,보통 매칭 · 폐기위험 높음 · 핵심(A)상품,0.893,47.3,DECLINING,37.7,LOW,76.6,HIGH,33.0,56.6,77.1,0.3,30.0,132276.0,100.0,0.385,0.385,88.5,False,13.7,193,44.4,27,100.0,0.999,4.9,44.2,50.0,DISCOUNT,65.5,2,99.8,70.4,20.0,disposal_risk,56.6,검토 필요,197,HEURISTIC 29% | ABC 14% | TURNOVER 14% | DISPOSAL_RISK 14% | SAFETY_STOCK 8% | EOQ 7% | DEMAND_FORECAST 7% | MATCH 5%,"['⏰ 유통기한 임박 (91%)', '❄️ 냉장·냉동 과잉 (80%)', '💸 배송비 상승 (100%)', '⚡ 복합 스트레스 (60%)']","{'재고위험': '24.9%', '판매가능성': '13.1%', '점포이동적합': '14.0%', '비용절감': '18.3%', '폐기회피이익': '13.7%', '실행가능성': '12.8%', '이력보정': '3.3%'}",True,True,False,True,False,True,51.6,31.9,56.7,58.7,72.0,70.3,52.4,54.5,0.0,66.7,권장,할인 판매,🏷️,169,HIGH,신뢰도 높음 ●,#2e7d32,,,66.7,권장,할인 판매,2,4,False,False,,50.0,18276.0,0.0,18276.0,18.64,0.0,18.64,37.0,0.0,359.0,41.0,재고 이동,재고 이동,69.542,일치,69.542,60.443,29.372,14.622
차음료040,교대점,명동2점,27.0,재배치 추천,13722.0,프로모션 순비용이 재배치 비용보다 높습니다.,23.292873923257634,10.775862068965516,18,0,52.1,후순위,13722.0,27.0,261,False,Greedy 선택 후보보다 우선순위가 낮음,3.79,3094,325,2,음료,315,114.0,27.0,352716.0,A,0.10164415208715274,1,100.0,85.5,4.21,SLOW,52.5,True,65.8,HIGH,유통기한 임박 | 소진일수 86일 초과,3.2,14.6,0.0,SAFE,"재고 여유 — 현재고(325), 재주문점(15)",0.0,157.6,41.6,87773.0,100.0,OVER,과잉 발주 위험 — 현재(322개) > EOQ(158개). 발주 주기 42일 권장,100.0,26.8,3.83,5.39,2.27,STABLE,84.9,0.0,WMA,0.0,40.9,10.0,8.4,10.0,7.5,5.0,FAIR,보통 매칭 · 폐기위험 높음 · 핵심(A)상품,1.018,50.4,STABLE,16.7,LOW,73.1,HIGH,34.9,73.5,61.0,0.3,30.0,86524.0,100.0,0.385,0.385,88.5,False,12.4,304,36.3,242,100.0,0.999,4.9,29.5,50.0,DISCOUNT,65.3,2,99.8,70.4,28.7,disposal_risk,63.3,검토 필요,78,HEURISTIC 29% | ABC 14% | TURNOVER 14% | DISPOSAL_RISK 14% | SAFETY_STOCK 8% | EOQ 7% | DEMAND_FORECAST 7% | MATCH 5%,"['⏰ 유통기한 임박 (91%)', '❄️ 냉장·냉동 과잉 (80%)', '💸 배송비 상승 (100%)', '⚡ 복합 스트레스 (60%)']","{'재고위험': '24.9%', '판매가능성': '13.1%', '점포이동적합': '14.0%', '비용절감': '18.3%', '폐기회피이익': '13.7%', '실행가능성': '12.8%', '이력보정': '3.3%'}",True,True,False,True,False,True,62.0,32.8,53.6,58.7,72.0,65.2,51.7,56.2,0.0,86.4,최적,할인 판매,🏷️,63,HIGH,신뢰도 높음 ●,#2e7d32,,,86.4,최적,할인 판매,3,3,True,False,,50.0,13722.0,0.0,13722.0,13.58,0.0,13.58,27.0,0.0,325.0,27.0,재고 이동,재고 이동,70.941,일치,70.941,51.74,26.468,15.664
아이스크림118,홍대2점,목동2점,32.0,프로모션 추천,16879.0,프로모션 순비용이 재배치 비용보다 낮습니다.,19.172539806838948,12.931034482758621,12,8,52.1,후순위,16879.0,32.0,262,False,Greedy 선택 후보보다 우선순위가 낮음,1.73,1835,372,0,디저트,370,52.0,12.0,95420.0,A,0.5555417622990376,1,100.0,214.6,1.68,DEAD,0.0,True,70.0,HIGH,유통기한 임박 | 소진일수 215일 초과,1.5,6.7,0.0,SAFE,"재고 여유 — 현재고(372), 재주문점(7)",0.0,117.3,67.8,53822.0,100.0,OVER,과잉 발주 위험 — 현재(370개) > EOQ(117개). 발주 주기 68일 권장,100.0,12.0,1.71,2.43,1.0,STABLE,217.0,0.0,WMA,0.0,40.9,10.0,8.4,10.0,7.5,5.0,FAIR,보통 매칭 · 폐기위험 높음 · 핵심(A)상품,0.991,49.8,STABLE,35.2,LOW,78.3,HIGH,35.1,80.7,77.5,0.3,30.0,53585.0,100.0,0.385,0.385,88.5,False,13.1,256,42.6,74,100.0,0.999,4.9,44.5,50.0,DISCOUNT,65.2,2,99.8,70.4,20.8,disposal_risk,55.7,검토 필요,216,HEURISTIC 29% | ABC 14% | TURNOVER 14% | DISPOSAL_RISK 14% | SAFETY_STOCK 8% | EOQ 7% | DEMAND_FORECAST 7% | MATCH 5%,"['⏰ 유통기한 임박 (91%)', '❄️ 냉장·냉동 과잉 (80%)', '💸 배송비 상승 (100%)', '⚡ 복합 스트레스 (60%)']","{'재고위험': '24.9%', '판매가능성': '13.1%', '점포이동적합': '14.0%', '비용절감': '18.3%', '폐기회피이익': '13.7%', '실행가능성': '12.8%', '이력보정': '3.3%'}",True,True,False,True,False,True,50.0,32.6,56.4,58.7,72.0,78.6,52.1,55.2,0.0,76.6,권장,할인 판매,🏷️,116,HIGH,신뢰도 높음 ●,#2e7d32,,,76.6,권장,할인 판매,3,4,False,False,,50.0,17574.0,0.0,17574.0,17.86,0.0,17.86,36.0,0.0,372.0,32.0,할인,재고 이동,67.737,다름,67.737,59.007,28.57,14.522
아이스크림118,역삼점,목동2점,32.0,프로모션 추천,16879.0,프로모션 순비용이 재배치 비용보다 낮습니다.,19.172539806838948,12.931034482758621,12,8,52.1,후순위,16879.0,32.0,263,False,Greedy 선택 후보보다 우선순위가 낮음,8.59,1835,341,2,디저트,317,258.0,60.0,473430.0,A,0.5555417622990376,1,100.0,39.7,9.08,NORMAL,77.9,False,42.8,MEDIUM,유통기한 임박,7.4,33.2,0.0,SAFE,"재고 여유 — 현재고(341), 재주문점(33)",0.0,261.4,30.4,119931.0,27.6,OPTIMAL,"적정 발주 — EOQ(261개), 권장 발주 주기 30일",27.6,60.1,8.59,12.13,5.04,STABLE,39.7,2.7,WMA,2.7,36.2,10.0,3.73,10.0,7.5,5.0,POOR,낮은 매칭 · 핵심(A)상품,0.998,49.9,STABLE,7.8,LOW,73.1,HIGH,35.1,80.7,77.5,0.3,30.0,53585.0,100.0,0.385,0.385,88.5,False,29.7,35,24.2,463,100.0,0.999,4.9,44.5,50.0,DISCOUNT,65.1,1,100.0,70.4,26.7,turnover,57.3,검토 필요,182,HEURISTIC 29% | ABC 14% | TURNOVER 14% | DISPOSAL_RISK 14% | SAFETY_STOCK 8% | EOQ 7% | DEMAND_FORECAST 7% | MATCH 5%,"['⏰ 유통기한 임박 (91%)', '❄️ 냉장·냉동 과잉 (80%)', '💸 배송비 상승 (100%)', '⚡ 복합 스트레스 (60%)']","{'재고위험': '24.9%', '판매가능성': '13.1%', '점포이동적합': '14.0%', '비용절감': '18.3%', '폐기회피이익': '13.7%', '실행가능성': '12.8%', '이력보정': '3.3%'}",True,True,False,True,False,True,58.4,34.0,50.6,47.8,72.0,78.6,61.3,54.7,0.0,70.2,권장,보류,⏸️,150,HIGH,신뢰도 높음 ●,#2e7d32,,,70.2,권장,보류,1,4,False,False,,50.0,18771.0,0.0,18771.0,19.19,0.0,19.19,38.0,0.0,341.0,32.0,할인,재고 이동,61.923,다름,61.923,48.587,24.121,17.395
아이스크림118,홍대2점,상암점,32.0,프로모션 추천,16879.0,프로모션 순비용이 재배치 비용보다 낮습니다.,19.172539806838948,12.931034482758621,12,8,52.1,후순위,16879.0,32.0,264,False,Greedy 선택 후보보다 우선순위가 낮음,1.73,1835,372,0,디저트,370,52.0,12.0,95420.0,A,0.5555417622990376,1,100.0,214.6,1.68,DEAD,0.0,True,70.0,HIGH,유통기한 임박 | 소진일수 215일 초과,1.5,6.7,0.0,SAFE,"재고 여유 — 현재고(372), 재주문점(7)",0.0,117.3,67.8,53822.0,100.0,OVER,과잉 발주 위험 — 현재(370개) > EOQ(117개). 발주 주기 68일 권장,100.0,12.0,1.71,2.43,1.0,STABLE,217.0,0.0,WMA,0.0,40.9,10.0,8.4,10.0,7.5,5.0,FAIR,보통 매칭 · 폐기위험 높음 · 핵심(A)상품,0.991,49.8,STABLE,35.2,LOW,78.3,HIGH,39.1,65.1,50.1,0.3,30.0,53585.0,100.0,0.385,0.385,88.5,False,13.1,256,42.6,74,100.0,0.999,4.9,14.1,50.0,DISCOUNT,64.9,2,99.8,70.4,20.8,disposal_risk,55.7,검토 필요,217,HEURISTIC 29% | ABC 14% | TURNOVER 14% | DISPOSAL_RISK 14% | SAFETY_STOCK 8% | EOQ 7% | DEMAND_FORECAST 7% | MATCH 5%,"['⏰ 유통기한 임박 (91%)', '❄️ 냉장·냉동 과잉 (80%)', '💸 배송비 상승 (100%)', '⚡ 복합 스트레스 (60%)']","{'재고위험': '24.9%', '판매가능성': '13.1%', '점포이동적합': '14.0%', '비용절감': '18.3%', '폐기회피이익': '13.7%', '실행가능성': '12.8%', '이력보정': '3.3%'}",True,True,False,True,False,True,50.0,32.6,53.3,58.7,72.0,55.1,52.1,51.8,0.0,37.1,검토,할인 판매,🏷️,328,HIGH,신뢰도 높음 ●,#2e7d32,,,37.1,검토,할인 판매,3,1,False,False,,50.0,25143.0,0.0,25143.0,26.27,0.0,26.27,53.0,0.0,372.0,32.0,할인,할인,63.939,일치,59.5,63.939,29.579,15.847
아이스크림118,강남점,상암점,32.0,프로모션 추천,16879.0,프로모션 순비용이 재배치 비용보다 낮습니다.,19.172539806838948,12.931034482758621,12,8,52.1,후순위,16879.0,32.0,265,False,Greedy 선택 후보보다 우선순위가 낮음,5.0,1835,316,0,디저트,309,150.0,35.0,275250.0,A,0.5555417622990376,1,100.0,63.2,5.7,SLOW,64.9,True,56.6,MEDIUM,유통기한 임박,4.3,19.3,0.0,SAFE,"재고 여유 — 현재고(316), 재주문점(19)",0.0,199.5,39.9,91500.0,56.2,OVER,과잉 발주 위험 — 현재(312개) > EOQ(200개). 발주 주기 40일 권장,56.2,35.0,5.0,7.06,2.94,STABLE,63.2,0.0,WMA,0.0,36.1,10.0,3.6,10.0,7.5,5.0,POOR,낮은 매칭 · 핵심(A)상품,1.0,50.0,STABLE,12.3,LOW,78.3,HIGH,39.1,65.1,50.1,0.3,30.0,53585.0,100.0,0.385,0.385,88.5,False,10.4,421,30.5,331,100.0,0.999,4.9,14.1,50.0,DISCOUNT,64.8,2,99.8,70.4,28.2,disposal_risk,58.7,검토 필요,150,HEURISTIC 29% | ABC 14% | TURNOVER 14% | DISPOSAL_RISK 14% | SAFETY_STOCK 8% | EOQ 7% | DEMAND_FORECAST 7% | MATCH 5%,"['⏰ 유통기한 임박 (91%)', '❄️ 냉장·냉동 과잉 (80%)', '💸 배송비 상승 (100%)', '⚡ 복합 스트레스 (60%)']","{'재고위험': '24.9%', '판매가능성': '13.1%', '점포이동적합': '14.0%', '비용절감': '18.3%', '폐기회피이익': '13.7%', '실행가능성': '12.8%', '이력보정': '3.3%'}",True,True,False,True,False,True,61.2,32.7,48.8,52.1,72.0,55.1,50.6,52.8,0.0,49.4,검토,보류,⏸️,262,HIGH,신뢰도 높음 ●,#2e7d32,,,49.4,검토,보류,0,1,False,False,,50.0,26898.0,0.0,26898.0,28.22,0.0,28.22,56.0,0.0,316.0,32.0,할인,할인,56.615,일치,54.639,56.615,26.584,18.468
아이스라떼057,방배점,신촌점,48.0,재배치 추천,20607.0,프로모션 순비용이 재배치 비용보다 높습니다.,14.306969459671103,19.82758620689655,18,0,52.1,후순위,20607.0,48.0,266,False,Greedy 선택 후보보다 우선순위가 낮음,6.34,2903,355,2,유제품,338,190.0,44.0,551570.0,A,0.3820602951519687,1,100.0,56.1,6.42,NORMAL,68.8,False,59.0,MEDIUM,유통기한 임박 | 신선/냉장 고위험 카테고리,5.4,24.4,0.0,SAFE,"재고 여유 — 현재고(355), 재주문점(24)",0.0,150.9,23.8,153338.0,100.0,OVER,과잉 발주 위험 — 현재(350개) > EOQ(151개). 발주 주기 24일 권장,100.0,44.2,6.31,8.93,3.7,STABLE,56.2,0.5,WMA,0.5,36.1,10.0,3.62,10.0,7.5,5.0,POOR,낮은 매칭 · 핵심(A)상품,0.991,49.8,STABLE,11.1,LOW,73.1,HIGH,36.7,58.0,73.0,0.3,30.0,146606.0,100.0,0.385,0.385,88.5,True,12.3,318,31.2,317,100.0,0.999,4.9,41.1,50.0,DISCOUNT,64.7,2,99.8,70.4,27.3,disposal_risk,63.4,검토 필요,77,HEURISTIC 29% | ABC 14% | TURNOVER 14% | DISPOSAL_RISK 14% | SAFETY_STOCK 8% | EOQ 7% | DEMAND_FORECAST 7% | MATCH 5%,"['⏰ 유통기한 임박 (91%)', '❄️ 냉장·냉동 과잉 (80%)', '💸 배송비 상승 (100%)', '⚡ 복합 스트레스 (60%)']","{'재고위험': '24.9%', '판매가능성': '13.1%', '점포이동적합': '14.0%', '비용절감': '18.3%', '폐기회피이익': '13.7%', '실행가능성': '12.8%', '이력보정': '3.3%'}",True,True,False,True,False,True,63.3,32.9,51.6,58.7,72.0,68.0,51.7,56.6,0.0,88.9,최적,보류,⏸️,50,HIGH,신뢰도 높음 ●,#2e7d32,,,88.9,최적,보류,2,0,False,False,,50.0,20607.0,0.0,20607.0,21.23,0.0,21.23,42.0,0.0,355.0,48.0,재고 이동,재고 이동,70.274,일치,70.274,54.131,27.847,16.801
라면076,교대2점,신촌2점,27.0,재배치 추천,13803.0,프로모션 순비용이 재배치 비용보다 높습니다.,23.187157400156618,10.775862068965516,18,0,52.0,후순위,13803.0,27.0,267,False,Greedy 선택 후보보다 우선순위가 낮음,0.53,3381,261,21,간편식,246,16.0,4.0,54096.0,B,0.8221004969557223,2,60.0,489.4,0.74,DEAD,0.0,True,41.8,MEDIUM,소진일수 489일 초과,0.5,2.1,0.0,SAFE,"재고 여유 — 현재고(261), 재주문점(2)",0.0,51.0,96.2,37933.0,100.0,OVER,과잉 발주 위험 — 현재(260개) > EOQ(51개). 발주 주기 96일 권장,100.0,3.9,0.56,0.78,0.34,STABLE,468.5,0.0,WMA,0.0,32.1,10.0,3.6,6.0,7.5,5.0,POOR,낮은 매칭,1.078,52.0,STABLE,35.0,LOW,43.3,MEDIUM,38.3,43.2,61.1,0.3,30.0,95741.0,100.0,0.385,0.385,88.5,False,7.7,479,29.5,360,100.0,0.999,4.9,29.5,50.0,DISCOUNT,64.5,2,99.8,70.4,47.4,disposal_risk,38.8,후순위,478,HEURISTIC 29% | ABC 14% | TURNOVER 14% | DISPOSAL_RISK 14% | SAFETY_STOCK 8% | EOQ 7% | DEMAND_FORECAST 7% | MATCH 5%,"['⏰ 유통기한 임박 (91%)', '❄️ 냉장·냉동 과잉 (80%)', '💸 배송비 상승 (100%)', '⚡ 복합 스트레스 (60%)']","{'재고위험': '24.9%', '판매가능성': '13.1%', '점포이동적합': '14.0%', '비용절감': '18.3%', '폐기회피이익': '13.7%', '실행가능성': '12.8%', '이력보정': '3.3%'}",True,True,False,True,False,True,31.3,33.3,48.3,58.6,72.0,55.1,49.1,46.5,0.0,10.6,검토,보류,⏸️,470,HIGH,신뢰도 높음 ●,#2e7d32,,,10.6,검토,보류,4,3,False,False,,50.0,13803.0,0.0,13803.0,13.67,0.0,13.67,27.0,0.0,261.0,27.0,재고 이동,재고 이동,60.811,일치,60.811,52.086,25.278,12.661
커피032,구로점,홍대2점,27.0,프로모션 추천,15335.0,프로모션 순비용이 재배치 비용보다 낮습니다.,21.18767945706082,10.775862068965516,12,8,52.0,후순위,15335.0,27.0,268,False,Greedy 선택 후보보다 우선순위가 낮음,7.0,1970,332,3,음료,303,210.0,49.0,413700.0,A,0.7005378031080789,1,100.0,47.4,7.59,NORMAL,73.7,False,46.7,MEDIUM,유통기한 임박,6.0,27.0,0.0,SAFE,"재고 여유 — 현재고(332), 재주문점(27)",0.0,268.4,38.3,95184.0,21.5,OPTIMAL,"적정 발주 — EOQ(268개), 권장 발주 주기 38일",21.5,49.0,7.0,9.89,4.11,STABLE,47.4,1.7,WMA,1.7,36.2,10.0,3.68,10.0,7.5,5.0,POOR,낮은 매칭 · 핵심(A)상품,1.0,50.0,STABLE,9.2,LOW,69.6,MEDIUM,39.6,87.0,64.3,0.3,30.0,48493.0,97.0,0.385,0.385,88.5,False,20.0,69,26.0,440,100.0,0.999,4.9,33.1,50.0,DISCOUNT,64.4,1,100.0,68.9,27.5,turnover,56.4,검토 필요,202,HEURISTIC 29% | ABC 14% | TURNOVER 14% | DISPOSAL_RISK 14% | SAFETY_STOCK 8% | EOQ 7% | DEMAND_FORECAST 7% | MATCH 5%,"['⏰ 유통기한 임박 (91%)', '❄️ 냉장·냉동 과잉 (80%)', '💸 배송비 상승 (100%)', '⚡ 복합 스트레스 (60%)']","{'재고위험': '24.9%', '판매가능성': '13.1%', '점포이동적합': '14.0%', '비용절감': '18.3%', '폐기회피이익': '13.7%', '실행가능성': '12.8%', '이력보정': '3.3%'}",True,True,False,True,False,True,59.0,33.6,49.8,46.8,70.2,71.9,56.0,53.4,0.0,54.4,검토,보류,⏸️,235,HIGH,신뢰도 높음 ●,#2e7d32,,,54.4,검토,보류,2,3,False,False,,50.0,25935.0,0.0,25935.0,27.15,0.0,27.15,54.0,0.0,332.0,27.0,할인,할인,54.024,일치,52.471,54.024,24.972,18.687
라면002,홍대점,합정점,34.0,재배치 추천,16143.0,프로모션 순비용이 재배치 비용보다 높습니다.,20.133124510571655,13.793103448275861,18,0,51.9,후순위,16143.0,34.0,269,False,Greedy 선택 후보보다 우선순위가 낮음,2.87,1934,287,1,간편식,283,86.0,20.0,166324.0,A,0.764781727743596,1,100.0,100.1,3.6,DEAD,44.4,True,73.0,HIGH,유통기한 임박 | 소진일수 100일 초과,2.5,11.1,0.0,SAFE,"재고 여유 — 현재고(287), 재주문점(11)",0.0,156.9,54.7,66762.0,81.3,OVER,과잉 발주 위험 — 현재(284개) > EOQ(157개). 발주 주기 55일 권장,81.3,20.0,2.86,4.04,1.67,STABLE,100.4,0.0,WMA,0.0,40.9,10.0,8.4,10.0,7.5,5.0,FAIR,보통 매칭 · 폐기위험 높음 · 핵심(A)상품,0.996,49.9,STABLE,19.5,LOW,76.6,HIGH,38.0,59.9,78.8,0.3,30.0,62764.0,100.0,0.385,0.385,88.5,False,13.7,193,39.8,170,100.0,0.999,4.9,45.4,50.0,DISCOUNT,64.3,2,99.8,70.4,27.3,disposal_risk,62.3,검토 필요,97,HEURISTIC 29% | ABC 14% | TURNOVER 14% | DISPOSAL_RISK 14% | SAFETY_STOCK 8% | EOQ 7% | DEMAND_FORECAST 7% | MATCH 5%,"['⏰ 유통기한 임박 (91%)', '❄️ 냉장·냉동 과잉 (80%)', '💸 배송비 상승 (100%)', '⚡ 복합 스트레스 (60%)']","{'재고위험': '24.9%', '판매가능성': '13.1%', '점포이동적합': '14.0%', '비용절감': '18.3%', '폐기회피이익': '13.7%', '실행가능성': '12.8%', '이력보정': '3.3%'}",True,True,False,True,False,True,63.1,32.7,55.9,55.7,72.0,72.5,52.4,57.1,0.0,91.8,최적,할인 판매,🏷️,34,HIGH,신뢰도 높음 ●,#2e7d32,,,91.8,최적,할인 판매,2,6,False,False,,50.0,16143.0,0.0,16143.0,16.27,0.0,16.27,33.0,0.0,287.0,34.0,재고 이동,재고 이동,67.965,일치,67.965,54.13,27.048,16.149
샐러드077,용산점,잠원점,38.0,재배치 추천,17466.0,프로모션 순비용이 재배치 비용보다 높습니다.,18.406421299921693,15.517241379310345,18,0,51.9,후순위,17466.0,38.0,270,False,Greedy 선택 후보보다 우선순위가 낮음,4.44,2459,330,4,신선식품,306,133.0,31.0,327047.0,A,0.43304685537943377,1,100.0,74.4,4.84,SLOW,58.7,True,62.2,HIGH,유통기한 임박 | 소진일수 74일 초과 | 신선/냉장 고위험 카테고리,3.8,17.1,0.0,SAFE,"재고 여유 — 현재고(330), 재주문점(17)",0.0,137.2,30.9,118100.0,100.0,OVER,과잉 발주 위험 — 현재(326개) > EOQ(137개). 발주 주기 31일 권장,100.0,31.0,4.43,6.26,2.6,STABLE,74.5,0.0,WMA,0.0,40.9,10.0,8.4,10.0,7.5,5.0,FAIR,보통 매칭 · 폐기위험 높음 · 핵심(A)상품,0.997,49.9,STABLE,14.5,LOW,66.1,MEDIUM,33.2,34.9,77.2,0.3,30.0,94664.0,100.0,0.385,0.385,88.5,True,11.8,362,34.3,281,100.0,0.999,4.9,44.3,50.0,DISCOUNT,64.1,2,99.8,70.4,28.7,disposal_risk,63.2,검토 필요,82,HEURISTIC 29% | ABC 14% | TURNOVER 14% | DISPOSAL_RISK 14% | SAFETY_STOCK 8% | EOQ 7% | DEMAND_FORECAST 7% | MATCH 5%,"['⏰ 유통기한 임박 (91%)', '❄️ 냉장·냉동 과잉 (80%)', '💸 배송비 상승 (100%)', '⚡ 복합 스트레스 (60%)']","{'재고위험': '24.9%', '판매가능성': '13.1%', '점포이동적합': '14.0%', '비용절감': '18.3%', '폐기회피이익': '13.7%', '실행가능성': '12.8%', '이력보정': '3.3%'}",True,True,False,True,False,True,62.0,32.7,54.7,58.5,72.0,63.1,51.4,56.0,0.0,85.5,최적,할인 판매,🏷️,68,HIGH,신뢰도 높음 ●,#2e7d32,,,85.5,최적,할인 판매,0,2,False,False,,50.0,17466.0,0.0,17466.0,17.74,0.0,17.74,35.0,0.0,330.0,38.0,재고 이동,재고 이동,69.934,일치,69.934,52.845,27.087,16.205
아이스크림118,홍대2점,합정2점,33.0,프로모션 추천,17406.0,프로모션 순비용이 재배치 비용보다 낮습니다.,18.484729835552077,13.36206896551724,12,8,51.8,후순위,17406.0,33.0,271,False,Greedy 선택 후보보다 우선순위가 낮음,1.73,1835,372,0,디저트,370,52.0,12.0,95420.0,A,0.5555417622990376,1,100.0,214.6,1.68,DEAD,0.0,True,70.0,HIGH,유통기한 임박 | 소진일수 215일 초과,1.5,6.7,0.0,SAFE,"재고 여유 — 현재고(372), 재주문점(7)",0.0,117.3,67.8,53822.0,100.0,OVER,과잉 발주 위험 — 현재(370개) > EOQ(117개). 발주 주기 68일 권장,100.0,12.0,1.71,2.43,1.0,STABLE,217.0,0.0,WMA,0.0,40.9,10.0,8.4,10.0,7.5,5.0,FAIR,보통 매칭 · 폐기위험 높음 · 핵심(A)상품,0.991,49.8,STABLE,35.2,LOW,78.3,HIGH,29.5,60.8,84.8,0.3,30.0,55260.0,100.0,0.385,0.385,88.5,False,13.2,245,42.6,74,100.0,0.999,4.9,49.3,50.0,DISCOUNT,64.0,2,99.8,70.4,20.8,disposal_risk,55.5,검토 필요,224,HEURISTIC 29% | ABC 14% | TURNOVER 14% | DISPOSAL_RISK 14% | SAFETY_STOCK 8% | EOQ 7% | DEMAND_FORECAST 7% | MATCH 5%,"['⏰ 유통기한 임박 (91%)', '❄️ 냉장·냉동 과잉 (80%)', '💸 배송비 상승 (100%)', '⚡ 복합 스트레스 (60%)']","{'재고위험': '24.9%', '판매가능성': '13.1%', '점포이동적합': '14.0%', '비용절감': '18.3%', '폐기회피이익': '13.7%', '실행가능성': '12.8%', '이력보정': '3.3%'}",True,True,False,True,False,True,50.0,32.6,56.9,58.5,72.0,76.8,52.2,55.1,0.0,74.0,권장,할인 판매,🏷️,130,HIGH,신뢰도 높음 ●,#2e7d32,,,74.0,권장,할인 판매,3,0,False,False,,50.0,18663.0,0.0,18663.0,19.07,0.0,19.07,38.0,0.0,372.0,33.0,할인,재고 이동,66.8,다름,66.8,59.453,28.687,14.661
아이스크림118,강남점,합정2점,33.0,프로모션 추천,17406.0,프로모션 순비용이 재배치 비용보다 낮습니다.,18.484729835552077,13.36206896551724,12,8,51.8,후순위,17406.0,33.0,272,False,Greedy 선택 후보보다 우선순위가 낮음,5.0,1835,316,0,디저트,309,150.0,35.0,275250.0,A,0.5555417622990376,1,100.0,63.2,5.7,SLOW,64.9,True,56.6,MEDIUM,유통기한 임박,4.3,19.3,0.0,SAFE,"재고 여유 — 현재고(316), 재주문점(19)",0.0,199.5,39.9,91500.0,56.2,OVER,과잉 발주 위험 — 현재(312개) > EOQ(200개). 발주 주기 40일 권장,56.2,35.0,5.0,7.06,2.94,STABLE,63.2,0.0,WMA,0.0,36.1,10.0,3.6,10.0,7.5,5.0,POOR,낮은 매칭 · 핵심(A)상품,1.0,50.0,STABLE,12.3,LOW,78.3,HIGH,29.5,60.8,84.8,0.3,30.0,55260.0,100.0,0.385,0.385,88.5,False,10.4,421,30.5,331,100.0,0.999,4.9,49.3,50.0,DISCOUNT,63.9,2,99.8,70.4,28.2,disposal_risk,58.4,검토 필요,158,HEURISTIC 29% | ABC 14% | TURNOVER 14% | DISPOSAL_RISK 14% | SAFETY_STOCK 8% | EOQ 7% | DEMAND_FORECAST 7% | MATCH 5%,"['⏰ 유통기한 임박 (91%)', '❄️ 냉장·냉동 과잉 (80%)', '💸 배송비 상승 (100%)', '⚡ 복합 스트레스 (60%)']","{'재고위험': '24.9%', '판매가능성': '13.1%', '점포이동적합': '14.0%', '비용절감': '18.3%', '폐기회피이익': '13.7%', '실행가능성': '12.8%', '이력보정': '3.3%'}",True,True,False,True,False,True,61.2,32.7,52.3,51.9,72.0,76.8,50.6,56.0,0.0,85.1,최적,보류,⏸️,70,HIGH,신뢰도 높음 ●,#2e7d32,,,85.1,최적,보류,0,0,True,False,,50.0,23667.0,0.0,23667.0,24.63,0.0,24.63,49.0,0.0,316.0,33.0,할인,재고 이동,58.291,다름,58.291,54.307,26.138,17.87
아이스크림118,역삼점,합정2점,33.0,프로모션 추천,17406.0,프로모션 순비용이 재배치 비용보다 낮습니다.,18.484729835552077,13.36206896551724,12,8,51.8,후순위,17406.0,33.0,273,False,Greedy 선택 후보보다 우선순위가 낮음,8.59,1835,341,2,디저트,317,258.0,60.0,473430.0,A,0.5555417622990376,1,100.0,39.7,9.08,NORMAL,77.9,False,42.8,MEDIUM,유통기한 임박,7.4,33.2,0.0,SAFE,"재고 여유 — 현재고(341), 재주문점(33)",0.0,261.4,30.4,119931.0,27.6,OPTIMAL,"적정 발주 — EOQ(261개), 권장 발주 주기 30일",27.6,60.1,8.59,12.13,5.04,STABLE,39.7,2.7,WMA,2.7,36.2,10.0,3.73,10.0,7.5,5.0,POOR,낮은 매칭 · 핵심(A)상품,0.998,49.9,STABLE,7.8,LOW,73.1,HIGH,29.5,60.8,84.8,0.3,30.0,55260.0,100.0,0.385,0.385,88.5,False,29.7,35,24.2,463,100.0,0.999,4.9,49.3,50.0,DISCOUNT,63.7,2,99.8,70.4,26.7,turnover,57.1,검토 필요,188,HEURISTIC 29% | ABC 14% | TURNOVER 14% | DISPOSAL_RISK 14% | SAFETY_STOCK 8% | EOQ 7% | DEMAND_FORECAST 7% | MATCH 5%,"['⏰ 유통기한 임박 (91%)', '❄️ 냉장·냉동 과잉 (80%)', '💸 배송비 상승 (100%)', '⚡ 복합 스트레스 (60%)']","{'재고위험': '24.9%', '판매가능성': '13.1%', '점포이동적합': '14.0%', '비용절감': '18.3%', '폐기회피이익': '13.7%', '실행가능성': '12.8%', '이력보정': '3.3%'}",True,True,False,True,False,True,58.4,34.0,51.1,47.6,72.0,76.8,61.2,54.5,0.0,66.3,권장,보류,⏸️,171,HIGH,신뢰도 높음 ●,#2e7d32,,,66.3,권장,보류,1,0,False,False,,50.0,38931.0,0.0,38931.0,41.59,0.0,41.59,83.0,0.0,341.0,33.0,할인,할인,61.283,일치,43.68,61.283,26.43,19.638
커피032,구로점,마포2점,28.0,프로모션 추천,15903.0,프로모션 순비용이 재배치 비용보다 낮습니다.,20.44635865309319,11.206896551724139,12,8,51.7,후순위,15903.0,28.0,274,False,Greedy 선택 후보보다 우선순위가 낮음,7.0,1970,332,3,음료,303,210.0,49.0,413700.0,A,0.7005378031080789,1,100.0,47.4,7.59,NORMAL,73.7,False,46.7,MEDIUM,유통기한 임박,6.0,27.0,0.0,SAFE,"재고 여유 — 현재고(332), 재주문점(27)",0.0,268.4,38.3,95184.0,21.5,OPTIMAL,"적정 발주 — EOQ(268개), 권장 발주 주기 38일",21.5,49.0,7.0,9.89,4.11,STABLE,47.4,1.7,WMA,1.7,36.2,10.0,3.68,10.0,7.5,5.0,POOR,낮은 매칭 · 핵심(A)상품,1.0,50.0,STABLE,9.2,LOW,69.6,MEDIUM,38.4,18.3,70.1,0.3,30.0,50289.0,100.0,0.385,0.385,88.5,False,20.0,69,26.0,440,100.0,0.999,4.9,38.7,50.0,DISCOUNT,63.6,2,99.8,70.3,27.6,turnover,56.1,검토 필요,208,HEURISTIC 29% | ABC 14% | TURNOVER 14% | DISPOSAL_RISK 14% | SAFETY_STOCK 8% | EOQ 7% | DEMAND_FORECAST 7% | MATCH 5%,"['⏰ 유통기한 임박 (91%)', '❄️ 냉장·냉동 과잉 (80%)', '💸 배송비 상승 (100%)', '⚡ 복합 스트레스 (60%)']","{'재고위험': '24.9%', '판매가능성': '13.1%', '점포이동적합': '14.0%', '비용절감': '18.3%', '폐기회피이익': '13.7%', '실행가능성': '12.8%', '이력보정': '3.3%'}",True,True,False,True,False,True,59.0,33.6,50.4,46.7,72.0,52.8,55.9,51.3,0.0,31.5,검토,보류,⏸️,358,HIGH,신뢰도 높음 ●,#2e7d32,,,31.5,검토,보류,2,6,False,False,,50.0,17142.0,0.0,17142.0,17.38,0.0,17.38,35.0,0.0,332.0,28.0,할인,재고 이동,61.889,다름,61.889,48.12,23.808,17.199
우유119,구로2점,성수2점,33.0,재배치 추천,15999.0,프로모션 순비용이 재배치 비용보다 높습니다.,20.321064996084573,13.36206896551724,18,0,51.7,후순위,15999.0,33.0,275,False,Greedy 선택 후보보다 우선순위가 낮음,5.21,2438,363,2,유제품,349,156.0,36.0,380328.0,A,0.2943586902021054,1,100.0,69.8,5.16,SLOW,61.2,True,65.9,HIGH,유통기한 임박 | 소진일수 70일 초과 | 신선/냉장 고위험 카테고리,4.5,20.1,0.0,SAFE,"재고 여유 — 현재고(363), 재주문점(20)",0.0,149.3,28.7,127384.0,100.0,OVER,과잉 발주 위험 — 현재(358개) > EOQ(149개). 발주 주기 29일 권장,100.0,36.2,5.17,7.32,3.02,STABLE,70.2,0.0,WMA,0.0,40.9,10.0,8.4,10.0,7.5,5.0,FAIR,보통 매칭 · 폐기위험 높음 · 핵심(A)상품,0.987,49.7,STABLE,13.9,LOW,73.1,HIGH,30.7,41.4,71.9,0.3,30.0,80546.0,100.0,0.385,0.385,88.5,True,12.4,304,35.6,256,100.0,0.999,4.9,40.2,50.0,DISCOUNT,63.5,2,99.8,70.3,27.7,disposal_risk,64.4,검토 필요,63,HEURISTIC 29% | ABC 14% | TURNOVER 14% | DISPOSAL_RISK 14% | SAFETY_STOCK 8% | EOQ 7% | DEMAND_FORECAST 7% | MATCH 5%,"['⏰ 유통기한 임박 (91%)', '❄️ 냉장·냉동 과잉 (80%)', '💸 배송비 상승 (100%)', '⚡ 복합 스트레스 (60%)']","{'재고위험': '24.9%', '판매가능성': '13.1%', '점포이동적합': '14.0%', '비용절감': '18.3%', '폐기회피이익': '13.7%', '실행가능성': '12.8%', '이력보정': '3.3%'}",True,True,False,True,False,True,64.4,32.6,54.5,58.4,72.0,61.7,51.7,56.4,0.0,87.6,최적,할인 판매,🏷️,57,HIGH,신뢰도 높음 ●,#2e7d32,,,87.6,최적,할인 판매,1,1,True,False,,50.0,15999.0,0.0,15999.0,16.11,0.0,16.11,32.0,0.0,363.0,33.0,재고 이동,재고 이동,71.653,일치,71.653,53.056,27.195,16.14
핫바038,상암2점,건대2점,33.0,재배치 추천,16017.0,프로모션 순비용이 재배치 비용보다 높습니다.,20.29757243539546,13.36206896551724,18,0,51.7,후순위,16017.0,33.0,276,False,Greedy 선택 후보보다 우선순위가 낮음,6.86,2004,378,7,간편식,311,206.0,48.0,412824.0,A,0.6428785429934019,1,100.0,55.0,6.54,NORMAL,69.4,False,47.5,MEDIUM,유통기한 임박,5.9,26.5,0.0,SAFE,"재고 여유 — 현재고(378), 재주문점(26)",0.0,238.3,34.7,105068.0,56.1,OVER,과잉 발주 위험 — 현재(372개) > EOQ(238개). 발주 주기 35일 권장,56.1,48.0,6.86,9.69,4.03,STABLE,55.1,0.6,WMA,0.6,36.1,10.0,3.63,10.0,7.5,5.0,POOR,낮은 매칭 · 핵심(A)상품,1.0,50.0,STABLE,10.7,LOW,55.6,MEDIUM,36.2,53.0,56.9,0.3,30.0,63341.0,100.0,0.385,0.385,88.5,False,11.1,407,26.5,423,100.0,0.999,4.9,24.3,50.0,DISCOUNT,63.3,2,99.8,70.3,28.2,turnover,57.2,검토 필요,187,HEURISTIC 29% | ABC 14% | TURNOVER 14% | DISPOSAL_RISK 14% | SAFETY_STOCK 8% | EOQ 7% | DEMAND_FORECAST 7% | MATCH 5%,"['⏰ 유통기한 임박 (91%)', '❄️ 냉장·냉동 과잉 (80%)', '💸 배송비 상승 (100%)', '⚡ 복합 스트레스 (60%)']","{'재고위험': '24.9%', '판매가능성': '13.1%', '점포이동적합': '14.0%', '비용절감': '18.3%', '폐기회피이익': '13.7%', '실행가능성': '12.8%', '이력보정': '3.3%'}",True,True,False,True,False,True,58.3,33.0,49.0,51.8,72.0,55.6,51.0,52.1,0.0,40.4,검토,보류,⏸️,310,HIGH,신뢰도 높음 ●,#2e7d32,,,40.4,검토,보류,3,5,False,False,,50.0,16017.0,0.0,16017.0,16.13,0.0,16.13,32.0,0.0,378.0,33.0,재고 이동,재고 이동,68.247,일치,68.247,49.628,25.202,16.373
삼각김밥113,선릉2점,동대문2점,35.0,프로모션 추천,18199.0,프로모션 순비용이 재배치 비용보다 낮습니다.,17.449752022970504,14.224137931034484,12,8,51.7,후순위,18199.0,35.0,277,False,Greedy 선택 후보보다 우선순위가 낮음,10.93,1810,409,0,간편식,394,328.0,77.0,593680.0,A,0.3299880160837302,1,100.0,37.4,9.62,NORMAL,79.2,False,48.7,MEDIUM,유통기한 임박,9.4,42.2,0.0,SAFE,"재고 여유 — 현재고(409), 재주문점(42)",0.0,316.5,29.0,126040.0,26.3,OPTIMAL,"적정 발주 — EOQ(316개), 권장 발주 주기 29일",26.3,76.8,10.97,15.48,6.46,STABLE,37.3,3.0,WMA,3.0,36.2,10.0,3.75,10.0,7.5,5.0,POOR,낮은 매칭 · 핵심(A)상품,1.006,50.2,STABLE,7.3,LOW,78.3,HIGH,31.9,65.3,83.9,0.3,30.0,57821.0,100.0,0.385,0.385,88.5,False,33.0,31,26.4,427,100.0,0.999,4.9,48.7,50.0,DISCOUNT,63.2,2,99.8,70.3,26.4,turnover,58.8,검토 필요,147,HEURISTIC 29% | ABC 14% | TURNOVER 14% | DISPOSAL_RISK 14% | SAFETY_STOCK 8% | EOQ 7% | DEMAND_FORECAST 7% | MATCH 5%,"['⏰ 유통기한 임박 (91%)', '❄️ 냉장·냉동 과잉 (80%)', '💸 배송비 상승 (100%)', '⚡ 복합 스트레스 (60%)']","{'재고위험': '24.9%', '판매가능성': '13.1%', '점포이동적합': '14.0%', '비용절감': '18.3%', '폐기회피이익': '13.7%', '실행가능성': '12.8%', '이력보정': '3.3%'}",True,True,False,True,False,True,61.4,34.3,51.4,47.4,72.0,77.7,63.1,55.4,0.0,78.8,권장,보류,⏸️,104,HIGH,신뢰도 높음 ●,#2e7d32,,,78.8,권장,보류,6,2,False,False,,50.0,24270.0,0.0,24270.0,25.3,0.0,25.3,51.0,0.0,409.0,35.0,할인,재고 이동,59.393,다름,59.393,54.36,25.979,18.37
삼각김밥113,노원점,동대문2점,35.0,프로모션 추천,18199.0,프로모션 순비용이 재배치 비용보다 낮습니다.,17.449752022970504,14.224137931034484,12,8,51.7,후순위,18199.0,35.0,278,False,Greedy 선택 후보보다 우선순위가 낮음,7.83,1810,338,2,간편식,317,235.0,55.0,425350.0,A,0.3299880160837302,1,100.0,43.1,8.34,NORMAL,76.1,False,49.6,MEDIUM,유통기한 임박,6.7,30.2,0.0,SAFE,"재고 여유 — 현재고(338), 재주문점(30)",0.0,267.9,34.2,106679.0,23.7,OPTIMAL,"적정 발주 — EOQ(268개), 권장 발주 주기 34일",23.7,54.9,7.84,11.07,4.61,STABLE,43.1,2.3,WMA,2.3,36.2,10.0,3.72,10.0,7.5,5.0,POOR,낮은 매칭 · 핵심(A)상품,1.003,50.1,STABLE,8.4,LOW,73.1,HIGH,31.9,65.3,83.9,0.3,30.0,57821.0,100.0,0.385,0.385,88.5,False,26.0,43,27.0,409,100.0,0.999,4.9,48.7,50.0,DISCOUNT,63.1,2,99.8,70.3,27.0,turnover,57.8,검토 필요,170,HEURISTIC 29% | ABC 14% | TURNOVER 14% | DISPOSAL_RISK 14% | SAFETY_STOCK 8% | EOQ 7% | DEMAND_FORECAST 7% | MATCH 5%,"['⏰ 유통기한 임박 (91%)', '❄️ 냉장·냉동 과잉 (80%)', '💸 배송비 상승 (100%)', '⚡ 복합 스트레스 (60%)']","{'재고위험': '24.9%', '판매가능성': '13.1%', '점포이동적합': '14.0%', '비용절감': '18.3%', '폐기회피이익': '13.7%', '실행가능성': '12.8%', '이력보정': '3.3%'}",True,True,False,True,False,True,61.0,33.9,51.6,47.0,72.0,77.7,59.2,55.2,0.0,75.4,권장,보류,⏸️,122,HIGH,신뢰도 높음 ●,#2e7d32,,,75.4,권장,보류,1,2,False,False,,50.0,25170.0,0.0,25170.0,26.3,0.0,26.3,53.0,0.0,338.0,35.0,할인,재고 이동,55.751,다름,55.751,53.701,25.455,18.604
삼각김밥113,동대문점,동대문2점,35.0,프로모션 추천,18199.0,프로모션 순비용이 재배치 비용보다 낮습니다.,17.449752022970504,14.224137931034484,12,8,51.7,후순위,18199.0,35.0,279,False,Greedy 선택 후보보다 우선순위가 낮음,1.92,1810,331,5,간편식,318,58.0,13.0,104980.0,A,0.3299880160837302,1,100.0,171.2,2.1,DEAD,4.9,True,65.0,HIGH,유통기한 임박 | 소진일수 171일 초과,1.6,7.4,0.0,SAFE,"재고 여유 — 현재고(331), 재주문점(7)",0.0,132.7,69.1,52826.0,100.0,OVER,과잉 발주 위험 — 현재(329개) > EOQ(133개). 발주 주기 69일 권장,100.0,13.2,1.89,2.68,1.09,STABLE,175.5,0.0,WMA,0.0,40.9,10.0,8.4,10.0,7.5,5.0,FAIR,보통 매칭 · 폐기위험 높음 · 핵심(A)상품,0.967,49.2,STABLE,34.3,LOW,62.6,MEDIUM,31.9,65.3,83.9,0.3,30.0,57821.0,100.0,0.385,0.385,88.5,False,12.3,318,40.3,163,100.0,0.999,4.9,48.7,50.0,DISCOUNT,62.9,2,99.8,70.3,23.6,disposal_risk,54.9,모니터링,240,HEURISTIC 29% | ABC 14% | TURNOVER 14% | DISPOSAL_RISK 14% | SAFETY_STOCK 8% | EOQ 7% | DEMAND_FORECAST 7% | MATCH 5%,"['⏰ 유통기한 임박 (91%)', '❄️ 냉장·냉동 과잉 (80%)', '💸 배송비 상승 (100%)', '⚡ 복합 스트레스 (60%)']","{'재고위험': '24.9%', '판매가능성': '13.1%', '점포이동적합': '14.0%', '비용절감': '18.3%', '폐기회피이익': '13.7%', '실행가능성': '12.8%', '이력보정': '3.3%'}",True,True,False,True,False,True,49.2,32.5,56.3,58.4,72.0,77.7,51.7,54.9,0.0,71.5,권장,할인 판매,🏷️,143,HIGH,신뢰도 높음 ●,#2e7d32,,,71.5,권장,할인 판매,3,2,False,False,,50.0,37167.0,0.0,37167.0,39.63,0.0,39.63,79.0,0.0,331.0,35.0,할인,할인,69.033,일치,47.451,69.033,30.154,17.281
컵밥065,성수2점,홍대2점,25.0,재배치 추천,13425.0,프로모션 순비용이 재배치 비용보다 높습니다.,23.680501174628034,9.913793103448276,18,0,51.6,후순위,13425.0,25.0,280,False,Greedy 선택 후보보다 우선순위가 낮음,5.86,2479,320,0,간편식,312,176.0,41.0,436304.0,A,0.594828172680739,1,100.0,54.5,6.6,NORMAL,69.7,False,57.3,MEDIUM,유통기한 임박,5.0,22.6,0.0,SAFE,"재고 여유 — 현재고(320), 재주문점(23)",0.0,198.0,33.8,108005.0,59.1,OVER,과잉 발주 위험 — 현재(315개) > EOQ(198개). 발주 주기 34일 권장,59.1,41.0,5.86,8.27,3.44,STABLE,54.6,0.7,WMA,0.7,36.1,10.0,3.64,10.0,7.5,5.0,POOR,낮은 매칭 · 핵심(A)상품,1.0,50.0,STABLE,10.6,LOW,78.3,HIGH,36.4,87.0,64.3,0.3,30.0,60945.0,100.0,0.385,0.385,88.5,False,13.2,245,30.4,337,100.0,0.999,4.9,33.1,50.0,DISCOUNT,62.8,1,100.0,70.3,27.4,disposal_risk,59.9,검토 필요,123,HEURISTIC 29% | ABC 14% | TURNOVER 14% | DISPOSAL_RISK 14% | SAFETY_STOCK 8% | EOQ 7% | DEMAND_FORECAST 7% | MATCH 5%,"['⏰ 유통기한 임박 (91%)', '❄️ 냉장·냉동 과잉 (80%)', '💸 배송비 상승 (100%)', '⚡ 복합 스트레스 (60%)']","{'재고위험': '24.9%', '판매가능성': '13.1%', '점포이동적합': '14.0%', '비용절감': '18.3%', '폐기회피이익': '13.7%', '실행가능성': '12.8%', '이력보정': '3.3%'}",True,True,False,True,False,True,62.8,33.0,50.6,52.2,72.0,71.9,52.3,55.6,0.0,82.0,최적,보류,⏸️,87,HIGH,신뢰도 높음 ●,#2e7d32,,,82.0,최적,보류,1,3,False,False,,50.0,13425.0,0.0,13425.0,13.25,0.0,13.25,26.0,0.0,320.0,25.0,재고 이동,재고 이동,67.982,일치,67.982,48.368,24.665,16.383
컵밥034,목동2점,문래점,24.0,프로모션 추천,14589.0,프로모션 순비용이 재배치 비용보다 낮습니다.,22.16131558339859,9.482758620689655,12,8,51.6,후순위,14589.0,24.0,281,False,Greedy 선택 후보보다 우선순위가 낮음,6.76,2103,298,4,간편식,261,203.0,47.0,426909.0,A,0.6662426187162357,1,100.0,44.0,8.17,NORMAL,75.6,False,42.0,MEDIUM,유통기한 임박,5.8,26.1,0.0,SAFE,"재고 여유 — 현재고(298), 재주문점(26)",0.0,230.9,34.2,106844.0,26.5,OPTIMAL,"적정 발주 — EOQ(231개), 권장 발주 주기 34일",26.5,47.1,6.73,9.52,3.94,STABLE,44.3,2.1,WMA,2.1,36.2,10.0,3.7,10.0,7.5,5.0,POOR,낮은 매칭 · 핵심(A)상품,0.993,49.8,STABLE,8.7,LOW,66.1,MEDIUM,31.7,59.6,68.4,0.3,30.0,45977.0,92.0,0.385,0.385,88.5,False,23.6,57,24.0,467,100.0,0.999,4.9,37.1,50.0,DISCOUNT,62.7,2,99.8,66.3,27.2,turnover,55.8,검토 필요,213,HEURISTIC 29% | ABC 14% | TURNOVER 14% | DISPOSAL_RISK 14% | SAFETY_STOCK 8% | EOQ 7% | DEMAND_FORECAST 7% | MATCH 5%,"['⏰ 유통기한 임박 (91%)', '❄️ 냉장·냉동 과잉 (80%)', '💸 배송비 상승 (100%)', '⚡ 복합 스트레스 (60%)']","{'재고위험': '24.9%', '판매가능성': '13.1%', '점포이동적합': '14.0%', '비용절감': '18.3%', '폐기회피이익': '13.7%', '실행가능성': '12.8%', '이력보정': '3.3%'}",True,True,False,True,False,True,57.4,33.7,49.8,47.4,67.2,65.5,57.9,51.9,0.0,37.8,검토,보류,⏸️,324,HIGH,신뢰도 높음 ●,#2e7d32,,,37.8,검토,보류,4,2,False,False,,50.0,24270.0,0.0,24270.0,25.3,0.0,25.3,51.0,0.0,298.0,24.0,할인,재고 이동,51.793,다름,51.793,51.05,23.936,18.468
커피083,합정점,명동2점,33.0,재배치 추천,16071.0,프로모션 순비용이 재배치 비용보다 높습니다.,20.22709475332811,13.36206896551724,18,0,51.6,후순위,16071.0,33.0,282,False,Greedy 선택 후보보다 우선순위가 낮음,2.67,2824,357,4,음료,343,80.0,19.0,225920.0,A,0.5118256494536694,1,100.0,133.9,2.69,DEAD,25.6,True,60.0,HIGH,유통기한 임박 | 소진일수 134일 초과,2.3,10.3,0.0,SAFE,"재고 여유 — 현재고(357), 재주문점(10)",0.0,138.5,51.9,70383.0,100.0,OVER,과잉 발주 위험 — 현재(355개) > EOQ(138개). 발주 주기 52일 권장,100.0,18.9,2.7,3.8,1.6,STABLE,132.2,0.0,WMA,0.0,40.9,10.0,8.4,10.0,7.5,5.0,FAIR,보통 매칭 · 폐기위험 높음 · 핵심(A)상품,1.017,50.4,STABLE,26.0,LOW,66.1,MEDIUM,34.9,73.5,61.0,0.3,30.0,95759.0,100.0,0.385,0.385,88.5,False,11.4,400,36.3,242,100.0,0.999,4.9,29.5,50.0,DISCOUNT,62.5,2,99.8,70.3,29.1,disposal_risk,56.9,검토 필요,191,HEURISTIC 29% | ABC 14% | TURNOVER 14% | DISPOSAL_RISK 14% | SAFETY_STOCK 8% | EOQ 7% | DEMAND_FORECAST 7% | MATCH 5%,"['⏰ 유통기한 임박 (91%)', '❄️ 냉장·냉동 과잉 (80%)', '💸 배송비 상승 (100%)', '⚡ 복합 스트레스 (60%)']","{'재고위험': '24.9%', '판매가능성': '13.1%', '점포이동적합': '14.0%', '비용절감': '18.3%', '폐기회피이익': '13.7%', '실행가능성': '12.8%', '이력보정': '3.3%'}",True,True,False,True,False,True,52.3,32.8,53.6,58.4,72.0,65.2,51.2,53.7,0.0,57.2,검토,할인 판매,🏷️,220,HIGH,신뢰도 높음 ●,#2e7d32,,,57.2,검토,할인 판매,6,3,False,False,,50.0,16071.0,0.0,16071.0,16.19,0.0,16.19,32.0,0.0,357.0,33.0,재고 이동,재고 이동,69.379,일치,69.379,54.483,27.234,14.838
삼각김밥102,명동2점,명동점,30.0,프로모션 추천,16679.0,프로모션 순비용이 재배치 비용보다 낮습니다.,19.433568258940223,12.068965517241379,12,8,51.5,후순위,16679.0,30.0,283,False,Greedy 선택 후보보다 우선순위가 낮음,4.77,1930,274,1,간편식,268,143.0,33.0,275990.0,B,0.8034296376654122,2,60.0,57.5,6.26,NORMAL,68.1,False,56.7,MEDIUM,유통기한 임박,4.1,18.4,0.0,SAFE,"재고 여유 — 현재고(274), 재주문점(18)",0.0,202.5,42.5,85980.0,33.3,OPTIMAL,"적정 발주 — EOQ(202개), 권장 발주 주기 42일",33.3,33.2,4.74,6.71,2.78,STABLE,57.8,0.3,WMA,0.3,32.1,10.0,3.62,6.0,7.5,5.0,POOR,낮은 매칭,0.988,49.7,STABLE,11.5,LOW,76.6,HIGH,42.3,50.9,53.5,0.3,30.0,52801.0,100.0,0.385,0.385,88.5,False,11.0,410,29.6,356,100.0,0.999,4.9,19.6,50.0,DISCOUNT,62.4,2,99.8,70.3,43.3,disposal_risk,48.9,모니터링,364,HEURISTIC 29% | ABC 14% | TURNOVER 14% | DISPOSAL_RISK 14% | SAFETY_STOCK 8% | EOQ 7% | DEMAND_FORECAST 7% | MATCH 5%,"['⏰ 유통기한 임박 (91%)', '❄️ 냉장·냉동 과잉 (80%)', '💸 배송비 상승 (100%)', '⚡ 복합 스트레스 (60%)']","{'재고위험': '24.9%', '판매가능성': '13.1%', '점포이동적합': '14.0%', '비용절감': '18.3%', '폐기회피이익': '13.7%', '실행가능성': '12.8%', '이력보정': '3.3%'}",True,True,False,True,False,True,56.1,32.8,47.3,48.3,72.0,52.6,51.0,50.3,0.0,24.4,검토,보류,⏸️,396,HIGH,신뢰도 높음 ●,#2e7d32,,,24.4,검토,보류,3,5,False,False,,50.0,28590.0,0.0,28590.0,30.1,0.0,30.1,60.0,0.0,274.0,30.0,할인,할인,58.275,일치,47.07,58.275,26.078,17.96
삼각김밥102,종로2점,명동점,30.0,프로모션 추천,16679.0,프로모션 순비용이 재배치 비용보다 낮습니다.,19.433568258940223,12.068965517241379,12,8,51.5,후순위,16679.0,30.0,284,False,Greedy 선택 후보보다 우선순위가 낮음,4.0,1930,333,1,간편식,328,120.0,28.0,231600.0,B,0.8034296376654122,2,60.0,83.2,4.32,SLOW,53.8,True,69.6,HIGH,유통기한 임박 | 소진일수 83일 초과,3.4,15.4,0.0,SAFE,"재고 여유 — 현재고(333), 재주문점(15)",0.0,185.4,46.4,78735.0,77.8,OVER,과잉 발주 위험 — 현재(330개) > EOQ(185개). 발주 주기 46일 권장,77.8,28.0,4.0,5.65,2.35,STABLE,83.2,0.0,WMA,0.0,36.9,10.0,8.4,6.0,7.5,5.0,POOR,낮은 매칭 · 폐기위험 높음,1.0,50.0,STABLE,16.2,LOW,76.6,HIGH,42.3,50.9,53.5,0.3,30.0,52801.0,100.0,0.385,0.385,88.5,False,12.9,266,36.8,233,100.0,0.999,4.9,19.6,50.0,DISCOUNT,62.3,2,99.8,70.3,43.4,disposal_risk,54.0,모니터링,256,HEURISTIC 29% | ABC 14% | TURNOVER 14% | DISPOSAL_RISK 14% | SAFETY_STOCK 8% | EOQ 7% | DEMAND_FORECAST 7% | MATCH 5%,"['⏰ 유통기한 임박 (91%)', '❄️ 냉장·냉동 과잉 (80%)', '💸 배송비 상승 (100%)', '⚡ 복합 스트레스 (60%)']","{'재고위험': '24.9%', '판매가능성': '13.1%', '점포이동적합': '14.0%', '비용절감': '18.3%', '폐기회피이익': '13.7%', '실행가능성': '12.8%', '이력보정': '3.3%'}",True,True,False,True,False,True,58.1,32.7,50.9,55.0,72.0,52.6,52.0,52.5,0.0,46.2,검토,할인 판매,🏷️,279,HIGH,신뢰도 높음 ●,#2e7d32,,,46.2,검토,할인 판매,7,5,False,False,,50.0,33603.0,0.0,33603.0,35.67,0.0,35.67,71.0,0.0,333.0,30.0,할인,할인,66.099,일치,47.552,66.099,29.114,17.886
핫바033,왕십리2점,잠원점,25.0,재배치 추천,13578.0,프로모션 순비용이 재배치 비용보다 높습니다.,23.480814408770556,9.913793103448276,18,0,51.4,후순위,13578.0,25.0,285,False,Greedy 선택 후보보다 우선순위가 낮음,2.06,3149,318,3,간편식,310,62.0,14.0,195238.0,A,0.5412696626654718,1,100.0,153.9,2.34,DEAD,14.5,True,73.0,HIGH,유통기한 임박 | 소진일수 154일 초과,1.8,8.0,0.0,SAFE,"재고 여유 — 현재고(318), 재주문점(8)",0.0,104.2,50.6,72173.0,100.0,OVER,과잉 발주 위험 — 현재(316개) > EOQ(104개). 발주 주기 51일 권장,100.0,14.2,2.03,2.88,1.18,STABLE,156.8,0.0,WMA,0.0,40.9,10.0,8.4,10.0,7.5,5.0,FAIR,보통 매칭 · 폐기위험 높음 · 핵심(A)상품,0.971,49.3,STABLE,30.7,LOW,69.6,MEDIUM,28.4,34.9,77.2,0.3,30.0,80892.0,100.0,0.385,0.385,88.5,False,13.8,181,42.6,74,100.0,0.999,4.9,44.3,50.0,DISCOUNT,62.1,2,99.8,70.3,24.0,disposal_risk,58.3,검토 필요,160,HEURISTIC 29% | ABC 14% | TURNOVER 14% | DISPOSAL_RISK 14% | SAFETY_STOCK 8% | EOQ 7% | DEMAND_FORECAST 7% | MATCH 5%,"['⏰ 유통기한 임박 (91%)', '❄️ 냉장·냉동 과잉 (80%)', '💸 배송비 상승 (100%)', '⚡ 복합 스트레스 (60%)']","{'재고위험': '24.9%', '판매가능성': '13.1%', '점포이동적합': '14.0%', '비용절감': '18.3%', '폐기회피이익': '13.7%', '실행가능성': '12.8%', '이력보정': '3.3%'}",True,True,False,True,False,True,55.3,32.5,56.4,58.3,72.0,63.1,52.5,54.5,0.0,65.4,권장,할인 판매,🏷️,176,HIGH,신뢰도 높음 ●,#2e7d32,,,65.4,권장,할인 판매,6,2,False,False,,50.0,13578.0,0.0,13578.0,13.42,0.0,13.42,27.0,0.0,318.0,25.0,재고 이동,재고 이동,69.162,일치,69.162,55.111,27.253,14.581
요거트042,방배점,합정점,30.0,재배치 추천,15252.0,프로모션 순비용이 재배치 비용보다 높습니다.,21.296006264682852,12.068965517241379,18,0,51.4,후순위,15252.0,30.0,286,False,Greedy 선택 후보보다 우선순위가 낮음,5.14,3262,378,2,유제품,364,154.0,36.0,502348.0,A,0.17348346758713368,1,100.0,73.6,4.89,SLOW,59.1,True,67.8,HIGH,유통기한 임박 | 소진일수 74일 초과 | 신선/냉장 고위험 카테고리,4.4,19.8,0.0,SAFE,"재고 여유 — 현재고(378), 재주문점(20)",0.0,128.2,24.9,146354.0,100.0,OVER,과잉 발주 위험 — 현재(374개) > EOQ(128개). 발주 주기 25일 권장,100.0,36.0,5.14,7.26,3.02,STABLE,73.5,0.0,WMA,0.0,40.9,10.0,8.4,10.0,7.5,5.0,FAIR,보통 매칭 · 폐기위험 높음 · 핵심(A)상품,1.001,50.0,STABLE,14.3,LOW,73.1,HIGH,29.8,59.9,78.8,0.3,30.0,102180.0,100.0,0.385,0.385,88.5,True,12.8,273,36.4,239,100.0,0.999,4.9,45.4,50.0,DISCOUNT,62.0,2,99.8,70.3,27.7,disposal_risk,64.3,검토 필요,65,HEURISTIC 29% | ABC 14% | TURNOVER 14% | DISPOSAL_RISK 14% | SAFETY_STOCK 8% | EOQ 7% | DEMAND_FORECAST 7% | MATCH 5%,"['⏰ 유통기한 임박 (91%)', '❄️ 냉장·냉동 과잉 (80%)', '💸 배송비 상승 (100%)', '⚡ 복합 스트레스 (60%)']","{'재고위험': '24.9%', '판매가능성': '13.1%', '점포이동적합': '14.0%', '비용절감': '18.3%', '폐기회피이익': '13.7%', '실행가능성': '12.8%', '이력보정': '3.3%'}",True,True,False,True,False,True,64.7,32.7,55.2,58.3,72.0,72.5,52.0,57.9,0.0,95.0,최적,할인 판매,🏷️,17,HIGH,신뢰도 높음 ●,#2e7d32,,,95.0,최적,할인 판매,2,6,False,False,,50.0,15252.0,0.0,15252.0,15.28,0.0,15.28,31.0,0.0,378.0,30.0,재고 이동,재고 이동,72.061,일치,72.061,53.28,27.231,16.007
아이스크림052,상암점,잠원점,39.0,프로모션 추천,19752.0,프로모션 순비용이 재배치 비용보다 낮습니다.,15.422866092404073,15.948275862068966,12,8,51.4,후순위,19752.0,39.0,287,False,Greedy 선택 후보보다 우선순위가 낮음,3.18,1765,386,3,디저트,373,95.0,22.0,167675.0,C,0.9670169842642664,3,20.0,121.9,2.95,DEAD,32.3,True,68.0,HIGH,유통기한 임박 | 소진일수 122일 초과,2.7,12.2,0.0,SAFE,"재고 여유 — 현재고(386), 재주문점(12)",0.0,162.2,51.0,71565.0,100.0,OVER,과잉 발주 위험 — 현재(383개) > EOQ(162개). 발주 주기 51일 권장,100.0,22.1,3.16,4.47,1.85,STABLE,122.3,0.0,WMA,0.0,33.9,10.0,8.4,3.0,7.5,5.0,POOR,낮은 매칭 · 폐기위험 높음,0.988,49.7,STABLE,23.9,LOW,69.6,MEDIUM,30.3,34.9,77.2,0.3,30.0,62850.0,100.0,0.385,0.385,88.5,False,12.5,293,37.5,224,100.0,0.999,4.9,44.3,50.0,DISCOUNT,61.9,2,99.8,70.3,49.5,disposal_risk,43.5,모니터링,454,HEURISTIC 29% | ABC 14% | TURNOVER 14% | DISPOSAL_RISK 14% | SAFETY_STOCK 8% | EOQ 7% | DEMAND_FORECAST 7% | MATCH 5%,"['⏰ 유통기한 임박 (91%)', '❄️ 냉장·냉동 과잉 (80%)', '💸 배송비 상승 (100%)', '⚡ 복합 스트레스 (60%)']","{'재고위험': '24.9%', '판매가능성': '13.1%', '점포이동적합': '14.0%', '비용절감': '18.3%', '폐기회피이익': '13.7%', '실행가능성': '12.8%', '이력보정': '3.3%'}",True,True,False,True,False,True,45.7,32.6,52.2,58.3,72.0,63.1,51.8,51.5,0.0,35.4,검토,할인 판매,🏷️,337,HIGH,신뢰도 높음 ●,#2e7d32,,,35.4,검토,할인 판매,1,2,False,False,,50.0,20850.0,0.0,20850.0,21.5,0.0,21.5,43.0,0.0,386.0,39.0,할인,할인,62.368,일치,60.516,62.368,29.481,14.286
냉동치킨098,노원점,구로2점,21.0,프로모션 추천,13975.0,프로모션 순비용이 재배치 비용보다 낮습니다.,22.962672931349516,8.189655172413794,12,8,51.2,후순위,13975.0,21.0,288,False,Greedy 선택 후보보다 우선순위가 낮음,9.12,2295,189,0,냉동식품,177,274.0,64.0,628830.0,A,0.4811722501962872,1,100.0,20.7,17.4,FAST,88.5,False,46.0,MEDIUM,유통기한 임박 | 신선/냉장 고위험 카테고리,7.8,35.2,0.0,SAFE,"재고 여유 — 현재고(189), 재주문점(35)",0.0,219.9,24.1,151390.0,14.1,OPTIMAL,"적정 발주 — EOQ(220개), 권장 발주 주기 24일",14.1,63.9,9.13,12.89,5.37,STABLE,20.7,9.3,WMA,9.3,36.6,10.0,4.06,10.0,7.5,5.0,POOR,낮은 매칭 · 핵심(A)상품,1.003,50.1,STABLE,4.0,LOW,78.3,HIGH,37.6,44.6,59.7,0.3,30.0,43859.0,87.7,0.385,0.385,88.5,True,90.0,2,25.2,455,100.0,0.999,4.9,28.0,50.0,DISCOUNT,61.7,2,99.8,64.1,25.7,turnover,63.2,검토 필요,81,HEURISTIC 29% | ABC 14% | TURNOVER 14% | DISPOSAL_RISK 14% | SAFETY_STOCK 8% | EOQ 7% | DEMAND_FORECAST 7% | MATCH 5%,"['⏰ 유통기한 임박 (91%)', '❄️ 냉장·냉동 과잉 (80%)', '💸 배송비 상승 (100%)', '⚡ 복합 스트레스 (60%)']","{'재고위험': '24.9%', '판매가능성': '13.1%', '점포이동적합': '14.0%', '비용절감': '18.3%', '폐기회피이익': '13.7%', '실행가능성': '12.8%', '이력보정': '3.3%'}",True,True,False,True,False,True,62.6,37.4,49.3,45.3,64.6,54.7,94.4,51.5,0.0,34.6,검토,보류,⏸️,341,HIGH,신뢰도 높음 ●,#2e7d32,,,34.6,검토,보류,1,1,True,False,,50.0,22254.0,0.0,22254.0,23.06,0.0,23.06,46.0,0.0,189.0,21.0,할인,재고 이동,49.547,다름,49.547,46.707,22.27,19.027
도시락007,문래점,건대점,29.0,재배치 추천,15162.0,프로모션 순비용이 재배치 비용보다 높습니다.,21.413469068128425,11.637931034482758,18,0,51.1,후순위,15162.0,29.0,289,False,Greedy 선택 후보보다 우선순위가 낮음,1.9,3025,305,4,신선식품,295,57.0,13.0,172425.0,A,0.6072939149445852,1,100.0,160.5,2.24,DEAD,10.8,True,70.0,HIGH,유통기한 임박 | 소진일수 160일 초과 | 신선/냉장 고위험 카테고리,1.6,7.3,0.0,SAFE,"재고 여유 — 현재고(305), 재주문점(7)",0.0,80.9,42.6,85688.0,100.0,OVER,과잉 발주 위험 — 현재(303개) > EOQ(81개). 발주 주기 43일 권장,100.0,13.1,1.87,2.66,1.09,STABLE,163.0,0.0,WMA,0.0,40.9,10.0,8.4,10.0,7.5,5.0,FAIR,보통 매칭 · 폐기위험 높음 · 핵심(A)상품,0.977,49.4,STABLE,31.8,LOW,66.1,MEDIUM,25.5,46.6,67.1,0.3,30.0,90108.0,100.0,0.385,0.385,88.5,True,13.3,237,41.7,103,100.0,0.999,4.9,35.9,50.0,DISCOUNT,61.6,2,99.8,70.2,24.0,disposal_risk,56.6,검토 필요,198,HEURISTIC 29% | ABC 14% | TURNOVER 14% | DISPOSAL_RISK 14% | SAFETY_STOCK 8% | EOQ 7% | DEMAND_FORECAST 7% | MATCH 5%,"['⏰ 유통기한 임박 (91%)', '❄️ 냉장·냉동 과잉 (80%)', '💸 배송비 상승 (100%)', '⚡ 복합 스트레스 (60%)']","{'재고위험': '24.9%', '판매가능성': '13.1%', '점포이동적합': '14.0%', '비용절감': '18.3%', '폐기회피이익': '13.7%', '실행가능성': '12.8%', '이력보정': '3.3%'}",True,True,False,True,False,True,52.9,32.5,55.3,58.1,72.0,60.3,52.2,53.4,0.0,54.0,검토,할인 판매,🏷️,237,HIGH,신뢰도 높음 ●,#2e7d32,,,54.0,검토,할인 판매,2,3,False,False,,50.0,15162.0,0.0,15162.0,15.18,0.0,15.18,30.0,0.0,305.0,29.0,재고 이동,재고 이동,67.629,일치,67.629,55.227,27.259,14.577
우유119,이태원점,신림2점,32.0,재배치 추천,16152.0,프로모션 순비용이 재배치 비용보다 높습니다.,20.121378230227094,12.931034482758621,18,0,51.1,후순위,16152.0,32.0,290,False,Greedy 선택 후보보다 우선순위가 낮음,4.9,2438,388,0,유제품,382,147.0,34.0,358386.0,A,0.2943586902021054,1,100.0,79.2,4.55,SLOW,56.0,True,72.6,HIGH,유통기한 임박 | 소진일수 79일 초과 | 신선/냉장 고위험 카테고리,4.2,18.9,0.0,SAFE,"재고 여유 — 현재고(388), 재주문점(19)",0.0,144.8,29.6,123537.0,100.0,OVER,과잉 발주 위험 — 현재(384개) > EOQ(145개). 발주 주기 30일 권장,100.0,34.1,4.87,6.89,2.85,STABLE,79.6,0.0,WMA,0.0,40.9,10.0,8.4,10.0,7.5,5.0,FAIR,보통 매칭 · 폐기위험 높음 · 핵심(A)상품,0.991,49.8,STABLE,15.6,LOW,78.3,HIGH,28.3,79.7,70.8,0.3,30.0,77467.0,100.0,0.385,0.385,88.5,True,13.7,193,38.7,190,100.0,0.999,4.9,39.2,50.0,DISCOUNT,61.5,2,99.8,70.2,26.9,disposal_risk,64.7,검토 필요,59,HEURISTIC 29% | ABC 14% | TURNOVER 14% | DISPOSAL_RISK 14% | SAFETY_STOCK 8% | EOQ 7% | DEMAND_FORECAST 7% | MATCH 5%,"['⏰ 유통기한 임박 (91%)', '❄️ 냉장·냉동 과잉 (80%)', '💸 배송비 상승 (100%)', '⚡ 복합 스트레스 (60%)']","{'재고위험': '24.9%', '판매가능성': '13.1%', '점포이동적합': '14.0%', '비용절감': '18.3%', '폐기회피이익': '13.7%', '실행가능성': '12.8%', '이력보정': '3.3%'}",True,True,False,True,False,True,66.0,32.6,55.1,58.1,72.0,73.8,52.4,58.3,0.0,96.3,최적,할인 판매,🏷️,10,HIGH,신뢰도 높음 ●,#2e7d32,,,96.3,최적,할인 판매,7,2,False,False,,50.0,16152.0,0.0,16152.0,16.28,0.0,16.28,33.0,0.0,388.0,32.0,재고 이동,재고 이동,72.188,일치,72.188,54.898,27.867,16.107
핫바038,상암점,목동2점,29.0,프로모션 추천,16767.0,프로모션 순비용이 재배치 비용보다 낮습니다.,19.318715740015662,11.637931034482758,12,8,51.0,후순위,16767.0,29.0,291,False,Greedy 선택 후보보다 우선순위가 낮음,2.49,2004,321,1,간편식,318,75.0,17.0,150300.0,A,0.6428785429934019,1,100.0,128.4,2.8,DEAD,28.7,True,73.0,HIGH,유통기한 임박 | 소진일수 128일 초과,2.1,9.6,0.0,SAFE,"재고 여유 — 현재고(321), 재주문점(10)",0.0,143.6,57.7,63300.0,100.0,OVER,과잉 발주 위험 — 현재(319개) > EOQ(144개). 발주 주기 58일 권장,100.0,17.2,2.46,3.48,1.43,STABLE,130.6,0.0,WMA,0.0,40.9,10.0,8.4,10.0,7.5,5.0,FAIR,보통 매칭 · 폐기위험 높음 · 핵심(A)상품,0.975,49.4,STABLE,25.7,LOW,76.6,HIGH,28.3,80.7,77.5,0.3,30.0,52972.0,100.0,0.385,0.385,88.5,False,13.8,181,41.4,118,100.0,0.999,4.9,44.5,50.0,DISCOUNT,61.3,2,99.8,70.2,26.5,disposal_risk,60.2,검토 필요,112,HEURISTIC 29% | ABC 14% | TURNOVER 14% | DISPOSAL_RISK 14% | SAFETY_STOCK 8% | EOQ 7% | DEMAND_FORECAST 7% | MATCH 5%,"['⏰ 유통기한 임박 (91%)', '❄️ 냉장·냉동 과잉 (80%)', '💸 배송비 상승 (100%)', '⚡ 복합 스트레스 (60%)']","{'재고위험': '24.9%', '판매가능성': '13.1%', '점포이동적합': '14.0%', '비용절감': '18.3%', '폐기회피이익': '13.7%', '실행가능성': '12.8%', '이력보정': '3.3%'}",True,True,False,True,False,True,59.0,32.5,56.1,58.0,72.0,78.6,52.5,57.3,0.0,93.2,최적,할인 판매,🏷️,27,HIGH,신뢰도 높음 ●,#2e7d32,,,93.2,최적,할인 판매,1,4,False,False,,50.0,21993.0,0.0,21993.0,22.77,0.0,22.77,46.0,0.0,321.0,29.0,할인,재고 이동,61.414,다름,61.414,58.322,28.042,16.373
핫바038,홍대점,목동2점,29.0,프로모션 추천,16767.0,프로모션 순비용이 재배치 비용보다 낮습니다.,19.318715740015662,11.637931034482758,12,8,51.0,후순위,16767.0,29.0,292,False,Greedy 선택 후보보다 우선순위가 낮음,1.08,2004,337,4,간편식,331,32.0,8.0,64128.0,A,0.6428785429934019,1,100.0,315.9,1.14,DEAD,0.0,True,65.0,HIGH,유통기한 임박 | 소진일수 316일 초과,0.9,4.1,0.0,SAFE,"재고 여유 — 현재고(337), 재주문점(4)",0.0,94.6,87.6,41689.0,100.0,OVER,과잉 발주 위험 — 현재(336개) > EOQ(95개). 발주 주기 88일 권장,100.0,7.8,1.11,1.56,0.67,STABLE,302.4,0.0,WMA,0.0,40.9,10.0,8.4,10.0,7.5,5.0,FAIR,보통 매칭 · 폐기위험 높음 · 핵심(A)상품,1.058,51.5,STABLE,35.0,LOW,66.1,MEDIUM,28.3,80.7,77.5,0.3,30.0,52972.0,100.0,0.385,0.385,88.5,False,12.4,304,40.5,157,100.0,0.999,4.9,44.5,50.0,DISCOUNT,61.2,2,99.8,70.2,22.2,disposal_risk,53.5,모니터링,274,HEURISTIC 29% | ABC 14% | TURNOVER 14% | DISPOSAL_RISK 14% | SAFETY_STOCK 8% | EOQ 7% | DEMAND_FORECAST 7% | MATCH 5%,"['⏰ 유통기한 임박 (91%)', '❄️ 냉장·냉동 과잉 (80%)', '💸 배송비 상승 (100%)', '⚡ 복합 스트레스 (60%)']","{'재고위험': '24.9%', '판매가능성': '13.1%', '점포이동적합': '14.0%', '비용절감': '18.3%', '폐기회피이익': '13.7%', '실행가능성': '12.8%', '이력보정': '3.3%'}",True,True,False,True,False,True,47.8,33.2,56.0,58.0,72.0,78.6,51.7,54.6,0.0,67.8,권장,할인 판매,🏷️,163,HIGH,신뢰도 높음 ●,#2e7d32,,,67.8,권장,할인 판매,2,4,False,False,,50.0,37311.0,0.0,37311.0,39.79,0.0,39.79,80.0,0.0,337.0,29.0,할인,할인,69.241,일치,45.639,69.241,29.872,17.099
냉동피자114,잠실점,교대점,22.0,프로모션 추천,14462.0,프로모션 순비용이 재배치 비용보다 낮습니다.,22.3270686504829,8.620689655172415,12,8,50.9,후순위,14462.0,22.0,293,False,Greedy 선택 후보보다 우선순위가 낮음,2.47,2268,386,19,냉동식품,321,74.0,17.0,167832.0,A,0.7226437220565529,1,100.0,156.5,2.3,DEAD,13.1,True,44.2,MEDIUM,소진일수 156일 초과 | 신선/냉장 고위험 카테고리,2.1,9.5,0.0,SAFE,"재고 여유 — 현재고(386), 재주문점(10)",0.0,115.1,46.6,78321.0,100.0,OVER,과잉 발주 위험 — 현재(384개) > EOQ(115개). 발주 주기 47일 권장,100.0,17.1,2.44,3.46,1.42,STABLE,158.0,0.0,WMA,0.0,36.1,10.0,3.6,10.0,7.5,5.0,POOR,낮은 매칭 · 핵심(A)상품,0.983,49.6,STABLE,30.8,LOW,43.3,MEDIUM,38.7,51.0,60.3,0.3,30.0,45413.0,90.8,0.385,0.385,88.5,True,8.5,472,30.1,345,100.0,0.999,4.9,28.6,50.0,DISCOUNT,61.1,2,99.8,65.6,29.3,disposal_risk,49.0,모니터링,362,HEURISTIC 29% | ABC 14% | TURNOVER 14% | DISPOSAL_RISK 14% | SAFETY_STOCK 8% | EOQ 7% | DEMAND_FORECAST 7% | MATCH 5%,"['⏰ 유통기한 임박 (91%)', '❄️ 냉장·냉동 과잉 (80%)', '💸 배송비 상승 (100%)', '⚡ 복합 스트레스 (60%)']","{'재고위험': '24.9%', '판매가능성': '13.1%', '점포이동적합': '14.0%', '비용절감': '18.3%', '폐기회피이익': '13.7%', '실행가능성': '12.8%', '이력보정': '3.3%'}",True,True,False,True,False,True,41.9,32.6,50.1,58.0,66.5,57.2,49.6,48.7,0.0,18.6,검토,보류,⏸️,427,HIGH,신뢰도 높음 ●,#2e7d32,,,18.6,검토,보류,2,3,False,False,,50.0,15900.0,0.0,15900.0,16.0,0.0,16.0,32.0,0.0,386.0,22.0,할인,재고 이동,65.174,다름,65.174,52.015,25.692,14.052
냉동피자114,용산점,교대점,22.0,프로모션 추천,14462.0,프로모션 순비용이 재배치 비용보다 낮습니다.,22.3270686504829,8.620689655172415,12,8,50.9,후순위,14462.0,22.0,294,False,Greedy 선택 후보보다 우선순위가 낮음,5.62,2268,391,1,냉동식품,384,169.0,39.0,383292.0,A,0.7226437220565529,1,100.0,69.4,5.19,SLOW,61.4,True,63.7,HIGH,유통기한 임박 | 소진일수 69일 초과 | 신선/냉장 고위험 카테고리,4.8,21.7,0.0,SAFE,"재고 여유 — 현재고(391), 재주문점(22)",0.0,173.6,30.9,118140.0,100.0,OVER,과잉 발주 위험 — 현재(386개) > EOQ(174개). 발주 주기 31일 권장,100.0,39.1,5.59,7.9,3.27,STABLE,70.0,0.0,WMA,0.0,40.9,10.0,8.4,10.0,7.5,5.0,FAIR,보통 매칭 · 폐기위험 높음 · 핵심(A)상품,0.991,49.8,STABLE,13.8,LOW,76.6,HIGH,38.7,51.0,60.3,0.3,30.0,45413.0,90.8,0.385,0.385,88.5,True,12.2,327,34.7,278,100.0,0.999,4.9,28.6,50.0,DISCOUNT,60.9,2,99.8,65.6,28.1,disposal_risk,63.2,검토 필요,80,HEURISTIC 29% | ABC 14% | TURNOVER 14% | DISPOSAL_RISK 14% | SAFETY_STOCK 8% | EOQ 7% | DEMAND_FORECAST 7% | MATCH 5%,"['⏰ 유통기한 임박 (91%)', '❄️ 냉장·냉동 과잉 (80%)', '💸 배송비 상승 (100%)', '⚡ 복합 스트레스 (60%)']","{'재고위험': '24.9%', '판매가능성': '13.1%', '점포이동적합': '14.0%', '비용절감': '18.3%', '폐기회피이익': '13.7%', '실행가능성': '12.8%', '이력보정': '3.3%'}",True,True,False,True,False,True,63.5,32.6,53.2,58.0,66.5,57.2,51.6,54.5,0.0,66.5,권장,할인 판매,🏷️,170,HIGH,신뢰도 높음 ●,#2e7d32,,,66.5,권장,할인 판매,0,3,False,False,,50.0,21327.0,0.0,21327.0,22.03,0.0,22.03,44.0,0.0,391.0,22.0,할인,재고 이동,63.214,다름,63.214,55.49,27.149,17.06
냉동피자114,이태원점,교대점,22.0,프로모션 추천,14462.0,프로모션 순비용이 재배치 비용보다 낮습니다.,22.3270686504829,8.620689655172415,12,8,50.9,후순위,14462.0,22.0,295,False,Greedy 선택 후보보다 우선순위가 낮음,7.17,2268,390,10,냉동식품,290,215.0,50.0,487620.0,A,0.7226437220565529,1,100.0,54.4,6.62,NORMAL,69.8,False,31.9,LOW,신선/냉장 고위험 카테고리,6.1,27.6,0.0,SAFE,"재고 여유 — 현재고(390), 재주문점(28)",0.0,196.1,27.4,133441.0,95.8,OVER,과잉 발주 위험 — 현재(384개) > EOQ(196개). 발주 주기 27일 권장,95.8,50.1,7.16,10.11,4.2,STABLE,54.5,0.7,WMA,0.7,32.5,10.0,0.03,10.0,7.5,5.0,POOR,낮은 매칭 · 핵심(A)상품,0.996,49.9,STABLE,10.7,LOW,45.1,MEDIUM,38.7,51.0,60.3,0.3,30.0,45413.0,90.8,0.385,0.385,88.5,True,10.1,428,19.5,497,100.0,0.999,4.9,28.6,50.0,DISCOUNT,60.8,2,99.8,65.6,27.6,turnover,54.4,모니터링,249,HEURISTIC 29% | ABC 14% | TURNOVER 14% | DISPOSAL_RISK 14% | SAFETY_STOCK 8% | EOQ 7% | DEMAND_FORECAST 7% | MATCH 5%,"['⏰ 유통기한 임박 (91%)', '❄️ 냉장·냉동 과잉 (80%)', '💸 배송비 상승 (100%)', '⚡ 복합 스트레스 (60%)']","{'재고위험': '24.9%', '판매가능성': '13.1%', '점포이동적합': '14.0%', '비용절감': '18.3%', '폐기회피이익': '13.7%', '실행가능성': '12.8%', '이력보정': '3.3%'}",True,True,False,True,False,True,51.4,33.0,46.4,57.4,66.5,57.2,50.5,50.5,0.0,25.3,검토,보류,⏸️,391,HIGH,신뢰도 높음 ●,#2e7d32,,,25.3,검토,보류,7,3,False,False,,50.0,22254.0,0.0,22254.0,23.06,0.0,23.06,46.0,0.0,390.0,22.0,할인,재고 이동,59.371,다름,59.371,49.874,24.742,16.74
컵밥034,청량리2점,잠실2점,26.0,프로모션 추천,15804.0,프로모션 순비용이 재배치 비용보다 낮습니다.,20.575567736883322,10.344827586206897,12,8,50.9,후순위,15804.0,26.0,296,False,Greedy 선택 후보보다 우선순위가 낮음,5.64,2103,339,0,간편식,332,169.0,39.0,355407.0,A,0.6662426187162357,1,100.0,60.2,5.98,SLOW,66.6,True,60.1,HIGH,유통기한 임박,4.8,21.7,0.0,SAFE,"재고 여유 — 현재고(339), 재주문점(22)",0.0,210.9,37.4,97593.0,58.5,OVER,과잉 발주 위험 — 현재(334개) > EOQ(211개). 발주 주기 37일 권장,58.5,39.2,5.6,7.93,3.27,STABLE,60.5,0.0,WMA,0.0,40.9,10.0,8.4,10.0,7.5,5.0,FAIR,보통 매칭 · 폐기위험 높음 · 핵심(A)상품,0.988,49.7,STABLE,12.0,LOW,78.3,HIGH,28.1,52.7,74.6,0.3,30.0,49810.0,99.6,0.385,0.385,88.5,False,11.5,389,32.8,297,100.0,0.999,4.9,42.4,50.0,DISCOUNT,60.7,2,99.8,70.0,27.8,disposal_risk,60.2,검토 필요,114,HEURISTIC 29% | ABC 14% | TURNOVER 14% | DISPOSAL_RISK 14% | SAFETY_STOCK 8% | EOQ 7% | DEMAND_FORECAST 7% | MATCH 5%,"['⏰ 유통기한 임박 (91%)', '❄️ 냉장·냉동 과잉 (80%)', '💸 배송비 상승 (100%)', '⚡ 복합 스트레스 (60%)']","{'재고위험': '24.9%', '판매가능성': '13.1%', '점포이동적합': '14.0%', '비용절감': '18.3%', '폐기회피이익': '13.7%', '실행가능성': '12.8%', '이력보정': '3.3%'}",True,True,False,True,False,True,63.2,32.6,54.2,51.8,71.8,67.3,51.2,55.5,0.0,79.9,권장,할인 판매,🏷️,98,HIGH,신뢰도 높음 ●,#2e7d32,,,79.9,권장,할인 판매,1,4,False,False,,50.0,24279.0,0.0,24279.0,25.31,0.0,25.31,51.0,0.0,339.0,26.0,할인,재고 이동,56.669,다름,56.669,55.206,26.218,18.122
생수010,성수2점,선릉2점,37.0,재배치 추천,17907.0,프로모션 순비용이 재배치 비용보다 높습니다.,17.83085356303837,15.086206896551724,18,0,50.9,후순위,17907.0,37.0,297,False,Greedy 선택 후보보다 우선순위가 낮음,2.38,2515,282,5,음료,266,71.0,17.0,178565.0,A,0.7843826476323568,1,100.0,119.2,3.02,DEAD,33.8,True,60.0,HIGH,유통기한 임박 | 소진일수 119일 초과,2.0,9.1,0.0,SAFE,"재고 여유 — 현재고(282), 재주문점(9)",0.0,138.5,58.2,62710.0,100.0,OVER,과잉 발주 위험 — 현재(280개) > EOQ(138개). 발주 주기 58일 권장,100.0,16.9,2.41,3.4,1.43,STABLE,116.8,0.0,WMA,0.0,40.9,10.0,8.4,10.0,7.5,5.0,FAIR,보통 매칭 · 폐기위험 높음 · 핵심(A)상품,1.02,50.5,STABLE,23.0,LOW,62.6,MEDIUM,43.5,74.2,100.0,0.3,30.0,93759.0,100.0,0.385,0.385,88.5,False,11.5,389,35.5,260,100.0,0.999,4.9,57.0,50.0,DISCOUNT,60.5,2,99.8,70.2,30.0,disposal_risk,57.7,검토 필요,173,HEURISTIC 29% | ABC 14% | TURNOVER 14% | DISPOSAL_RISK 14% | SAFETY_STOCK 8% | EOQ 7% | DEMAND_FORECAST 7% | MATCH 5%,"['⏰ 유통기한 임박 (91%)', '❄️ 냉장·냉동 과잉 (80%)', '💸 배송비 상승 (100%)', '⚡ 복합 스트레스 (60%)']","{'재고위험': '24.9%', '판매가능성': '13.1%', '점포이동적합': '14.0%', '비용절감': '18.3%', '폐기회피이익': '13.7%', '실행가능성': '12.8%', '이력보정': '3.3%'}",True,True,False,True,False,True,54.4,32.8,56.2,58.0,72.0,91.4,51.2,57.9,0.0,94.8,최적,할인 판매,🏷️,18,HIGH,신뢰도 높음 ●,#2e7d32,,,94.8,최적,할인 판매,1,6,False,False,,50.0,17907.0,0.0,17907.0,18.23,0.0,18.23,36.0,0.0,282.0,37.0,재고 이동,재고 이동,65.984,일치,65.984,52.749,26.613,15.442
컵밥065,합정점,신촌점,25.0,재배치 추천,14136.0,프로모션 순비용이 재배치 비용보다 높습니다.,22.752545027407987,9.913793103448276,18,0,50.7,후순위,14136.0,25.0,298,False,Greedy 선택 후보보다 우선순위가 낮음,2.57,2479,355,4,간편식,341,77.0,18.0,190883.0,A,0.594828172680739,1,100.0,138.3,2.6,DEAD,23.2,True,65.0,HIGH,유통기한 임박 | 소진일수 138일 초과,2.2,9.9,0.0,SAFE,"재고 여유 — 현재고(355), 재주문점(10)",0.0,131.1,51.0,71526.0,100.0,OVER,과잉 발주 위험 — 현재(353개) > EOQ(131개). 발주 주기 51일 권장,100.0,18.0,2.57,3.63,1.51,STABLE,138.1,0.0,WMA,0.0,40.9,10.0,8.4,10.0,7.5,5.0,FAIR,보통 매칭 · 폐기위험 높음 · 핵심(A)상품,1.001,50.0,STABLE,26.9,LOW,66.1,MEDIUM,30.6,58.0,73.0,0.3,30.0,60234.0,100.0,0.385,0.385,88.5,False,12.4,304,38.4,200,100.0,0.999,4.9,41.1,50.0,DISCOUNT,60.4,2,99.8,70.1,27.8,disposal_risk,57.0,검토 필요,190,HEURISTIC 29% | ABC 14% | TURNOVER 14% | DISPOSAL_RISK 14% | SAFETY_STOCK 8% | EOQ 7% | DEMAND_FORECAST 7% | MATCH 5%,"['⏰ 유통기한 임박 (91%)', '❄️ 냉장·냉동 과잉 (80%)', '💸 배송비 상승 (100%)', '⚡ 복합 스트레스 (60%)']","{'재고위험': '24.9%', '판매가능성': '13.1%', '점포이동적합': '14.0%', '비용절감': '18.3%', '폐기회피이익': '13.7%', '실행가능성': '12.8%', '이력보정': '3.3%'}",True,True,False,True,False,True,53.9,32.7,55.2,57.9,72.0,68.0,51.7,54.6,0.0,67.4,권장,할인 판매,🏷️,165,HIGH,신뢰도 높음 ●,#2e7d32,,,67.4,권장,할인 판매,6,0,False,False,,50.0,14136.0,0.0,14136.0,14.04,0.0,14.04,28.0,0.0,355.0,25.0,재고 이동,재고 이동,69.272,일치,69.272,53.714,26.812,14.629
샐러드025,교대점,왕십리2점,32.0,재배치 추천,16521.0,프로모션 순비용이 재배치 비용보다 높습니다.,19.639780736100235,12.931034482758621,18,0,50.6,후순위,16521.0,32.0,299,False,Greedy 선택 후보보다 우선순위가 낮음,4.56,3194,247,1,신선식품,241,137.0,32.0,437578.0,A,0.0749061101457343,1,100.0,54.1,6.66,NORMAL,69.9,False,60.0,HIGH,유통기한 임박 | 신선/냉장 고위험 카테고리,3.9,17.6,0.0,SAFE,"재고 여유 — 현재고(247), 재주문점(18)",0.0,122.0,26.8,136405.0,99.3,OVER,과잉 발주 위험 — 현재(243개) > EOQ(122개). 발주 주기 27일 권장,99.3,32.0,4.57,6.45,2.69,STABLE,54.0,0.8,WMA,0.8,40.9,10.0,8.44,10.0,7.5,5.0,FAIR,보통 매칭 · 폐기위험 높음 · 핵심(A)상품,1.003,50.1,STABLE,10.5,LOW,76.6,HIGH,43.6,64.5,83.5,0.3,30.0,106129.0,100.0,0.385,0.385,88.5,True,14.6,131,32.4,300,100.0,0.999,4.9,48.5,50.0,DISCOUNT,60.3,1,100.0,70.1,27.5,disposal_risk,63.9,검토 필요,70,HEURISTIC 29% | ABC 14% | TURNOVER 14% | DISPOSAL_RISK 14% | SAFETY_STOCK 8% | EOQ 7% | DEMAND_FORECAST 7% | MATCH 5%,"['⏰ 유통기한 임박 (91%)', '❄️ 냉장·냉동 과잉 (80%)', '💸 배송비 상승 (100%)', '⚡ 복합 스트레스 (60%)']","{'재고위험': '24.9%', '판매가능성': '13.1%', '점포이동적합': '14.0%', '비용절감': '18.3%', '폐기회피이익': '13.7%', '실행가능성': '12.8%', '이력보정': '3.3%'}",True,True,False,True,False,True,64.0,33.1,54.7,57.7,72.0,77.2,53.0,58.2,0.0,96.1,최적,할인 판매,🏷️,11,HIGH,신뢰도 높음 ●,#2e7d32,,,96.1,최적,할인 판매,3,6,False,False,,50.0,16521.0,0.0,16521.0,16.69,0.0,16.69,33.0,0.0,247.0,32.0,재고 이동,재고 이동,66.236,일치,66.236,48.224,25.228,16.524
삼각김밥113,동대문점,선릉2점,52.0,재배치 추천,23082.0,프로모션 순비용이 재배치 비용보다 높습니다.,11.076742364917775,21.551724137931032,18,0,50.6,후순위,23082.0,52.0,300,False,Greedy 선택 후보보다 우선순위가 낮음,1.92,1810,331,5,간편식,318,58.0,13.0,104980.0,A,0.3299880160837302,1,100.0,171.2,2.1,DEAD,4.9,True,65.0,HIGH,유통기한 임박 | 소진일수 171일 초과,1.6,7.4,0.0,SAFE,"재고 여유 — 현재고(331), 재주문점(7)",0.0,132.7,69.1,52826.0,100.0,OVER,과잉 발주 위험 — 현재(329개) > EOQ(133개). 발주 주기 69일 권장,100.0,13.2,1.89,2.68,1.09,STABLE,175.5,0.0,WMA,0.0,40.9,10.0,8.4,10.0,7.5,5.0,FAIR,보통 매칭 · 폐기위험 높음 · 핵심(A)상품,0.967,49.2,STABLE,34.3,LOW,62.6,MEDIUM,34.3,74.2,100.0,0.3,30.0,89862.0,100.0,0.385,0.385,88.5,False,12.4,304,40.3,163,100.0,0.999,4.9,57.0,50.0,DISCOUNT,60.1,2,99.8,70.1,23.8,disposal_risk,53.9,모니터링,264,HEURISTIC 29% | ABC 14% | TURNOVER 14% | DISPOSAL_RISK 14% | SAFETY_STOCK 8% | EOQ 7% | DEMAND_FORECAST 7% | MATCH 5%,"['⏰ 유통기한 임박 (91%)', '❄️ 냉장·냉동 과잉 (80%)', '💸 배송비 상승 (100%)', '⚡ 복합 스트레스 (60%)']","{'재고위험': '24.9%', '판매가능성': '13.1%', '점포이동적합': '14.0%', '비용절감': '18.3%', '폐기회피이익': '13.7%', '실행가능성': '12.8%', '이력보정': '3.3%'}",True,True,False,True,False,True,49.2,32.5,57.2,57.8,72.0,91.4,51.7,56.6,0.0,89.2,최적,할인 판매,🏷️,48,HIGH,신뢰도 높음 ●,#2e7d32,,,89.2,최적,할인 판매,3,6,False,False,,50.0,23082.0,0.0,23082.0,23.98,0.0,23.98,48.0,0.0,331.0,52.0,재고 이동,재고 이동,65.23,일치,65.23,59.807,29.193,15.164
컵밥034,신촌2점,잠실2점,26.0,재배치 추천,14586.0,프로모션 순비용이 재배치 비용보다 높습니다.,22.165231010180108,10.344827586206897,18,0,50.5,후순위,14586.0,26.0,301,False,Greedy 선택 후보보다 우선순위가 낮음,3.85,2103,413,5,간편식,387,116.0,27.0,243948.0,A,0.6662426187162357,1,100.0,106.8,3.37,DEAD,40.7,True,65.0,HIGH,유통기한 임박 | 소진일수 107일 초과,3.3,14.8,0.0,SAFE,"재고 여유 — 현재고(413), 재주문점(15)",0.0,174.3,45.3,80632.0,100.0,OVER,과잉 발주 위험 — 현재(410개) > EOQ(174개). 발주 주기 45일 권장,100.0,27.0,3.86,5.45,2.27,STABLE,107.1,0.0,WMA,0.0,40.9,10.0,8.4,10.0,7.5,5.0,FAIR,보통 매칭 · 폐기위험 높음 · 핵심(A)상품,1.002,50.0,STABLE,20.9,LOW,62.6,MEDIUM,28.1,52.7,74.6,0.3,30.0,51028.0,100.0,0.385,0.385,88.5,False,12.4,304,36.9,232,100.0,0.999,4.9,42.4,50.0,HOLD,50.0,2,99.8,70.1,29.3,disposal_risk,59.7,검토 필요,129,HEURISTIC 29% | ABC 14% | TURNOVER 14% | DISPOSAL_RISK 14% | SAFETY_STOCK 8% | EOQ 7% | DEMAND_FORECAST 7% | MATCH 5%,"['⏰ 유통기한 임박 (91%)', '❄️ 냉장·냉동 과잉 (80%)', '💸 배송비 상승 (100%)', '⚡ 복합 스트레스 (60%)']","{'재고위험': '24.9%', '판매가능성': '13.1%', '점포이동적합': '14.0%', '비용절감': '18.3%', '폐기회피이익': '13.7%', '실행가능성': '12.8%', '이력보정': '3.3%'}",True,True,False,True,False,True,58.6,32.7,55.0,57.8,72.0,67.3,51.7,55.6,0.0,80.9,최적,할인 판매,🏷️,93,HIGH,신뢰도 높음 ●,#2e7d32,,,80.9,최적,할인 판매,3,4,False,False,,50.0,14586.0,0.0,14586.0,14.54,0.0,14.54,29.0,0.0,413.0,26.0,재고 이동,재고 이동,71.717,일치,71.717,53.892,27.189,15.138
핫바074,구로2점,성수2점,30.0,재배치 추천,15999.0,프로모션 순비용이 재배치 비용보다 높습니다.,20.321064996084573,12.068965517241379,18,0,50.4,후순위,15999.0,30.0,302,False,Greedy 선택 후보보다 우선순위가 낮음,7.94,3442,357,3,간편식,324,238.0,56.0,819196.0,B,0.8127939376615826,2,60.0,45.0,8.0,NORMAL,75.0,False,50.5,MEDIUM,유통기한 임박,6.8,30.6,0.0,SAFE,"재고 여유 — 현재고(357), 재주문점(31)",0.0,195.6,24.6,148140.0,79.0,OVER,과잉 발주 위험 — 현재(350개) > EOQ(196개). 발주 주기 25일 권장,79.0,55.8,7.97,11.25,4.7,STABLE,44.8,2.0,WMA,2.0,32.2,10.0,3.7,6.0,7.5,5.0,POOR,낮은 매칭,1.008,50.2,STABLE,8.7,LOW,69.6,MEDIUM,34.1,41.4,71.9,0.3,30.0,107913.0,100.0,0.385,0.385,88.5,False,23.2,60,26.5,423,100.0,0.999,4.9,40.2,50.0,HOLD,50.0,2,99.8,70.1,42.6,turnover,52.0,모니터링,305,HEURISTIC 29% | ABC 14% | TURNOVER 14% | DISPOSAL_RISK 14% | SAFETY_STOCK 8% | EOQ 7% | DEMAND_FORECAST 7% | MATCH 5%,"['⏰ 유통기한 임박 (91%)', '❄️ 냉장·냉동 과잉 (80%)', '💸 배송비 상승 (100%)', '⚡ 복합 스트레스 (60%)']","{'재고위험': '24.9%', '판매가능성': '13.1%', '점포이동적합': '14.0%', '비용절감': '18.3%', '폐기회피이익': '13.7%', '실행가능성': '12.8%', '이력보정': '3.3%'}",True,True,False,True,False,True,55.1,33.8,48.8,54.6,72.0,61.7,57.7,52.7,0.0,48.6,검토,보류,⏸️,266,HIGH,신뢰도 높음 ●,#2e7d32,,,48.6,검토,보류,1,1,True,False,,50.0,15999.0,0.0,15999.0,16.11,0.0,16.11,32.0,0.0,357.0,30.0,재고 이동,재고 이동,64.664,일치,64.664,50.486,25.479,15.592
도시락110,용산2점,목동2점,35.0,재배치 추천,17637.0,프로모션 순비용이 재배치 비용보다 높습니다.,18.183241973375097,14.224137931034484,18,0,50.4,후순위,17637.0,35.0,303,False,Greedy 선택 후보보다 우선순위가 낮음,2.12,2369,361,3,신선식품,353,64.0,15.0,151616.0,A,0.49664048496044355,1,100.0,169.2,2.13,DEAD,6.0,True,78.0,HIGH,유통기한 임박 | 소진일수 169일 초과 | 신선/냉장 고위험 카테고리,1.8,8.2,0.0,SAFE,"재고 여유 — 현재고(361), 재주문점(8)",0.0,96.6,45.6,80100.0,100.0,OVER,과잉 발주 위험 — 현재(359개) > EOQ(97개). 발주 주기 46일 권장,100.0,14.9,2.13,3.0,1.25,STABLE,169.6,0.0,WMA,0.0,40.9,10.0,8.4,10.0,7.5,5.0,FAIR,보통 매칭 · 폐기위험 높음 · 핵심(A)상품,1.011,50.3,STABLE,33.1,LOW,69.6,MEDIUM,25.4,80.7,77.5,0.3,30.0,81861.0,100.0,0.385,0.385,88.5,True,14.8,120,45.2,7,100.0,0.999,4.9,44.5,50.0,HOLD,50.0,1,100.0,70.1,20.4,disposal_risk,57.2,검토 필요,186,HEURISTIC 29% | ABC 14% | TURNOVER 14% | DISPOSAL_RISK 14% | SAFETY_STOCK 8% | EOQ 7% | DEMAND_FORECAST 7% | MATCH 5%,"['⏰ 유통기한 임박 (91%)', '❄️ 냉장·냉동 과잉 (80%)', '💸 배송비 상승 (100%)', '⚡ 복합 스트레스 (60%)']","{'재고위험': '24.9%', '판매가능성': '13.1%', '점포이동적합': '14.0%', '비용절감': '18.3%', '폐기회피이익': '13.7%', '실행가능성': '12.8%', '이력보정': '3.3%'}",True,True,False,True,False,True,55.2,32.8,56.9,57.7,72.0,78.6,53.1,56.5,0.0,88.3,최적,할인 판매,🏷️,53,HIGH,신뢰도 높음 ●,#2e7d32,,,88.3,최적,할인 판매,5,4,False,False,,50.0,17637.0,0.0,17637.0,17.93,0.0,17.93,36.0,0.0,361.0,35.0,재고 이동,재고 이동,68.746,일치,68.746,59.312,28.926,14.805
삼각김밥019,여의도점,신촌2점,32.0,재배치 추천,16755.0,프로모션 순비용이 재배치 비용보다 높습니다.,19.33437744714174,12.931034482758621,18,0,50.3,후순위,16755.0,32.0,304,False,Greedy 선택 후보보다 우선순위가 낮음,8.25,2090,293,3,간편식,259,248.0,58.0,518320.0,B,0.8901705112697512,2,60.0,35.4,10.16,NORMAL,80.3,False,45.7,MEDIUM,유통기한 임박,7.1,31.8,0.0,SAFE,"재고 여유 — 현재고(293), 재주문점(32)",0.0,255.9,31.0,117668.0,11.7,OPTIMAL,"적정 발주 — EOQ(256개), 권장 발주 주기 31일",11.7,57.9,8.27,11.67,4.87,STABLE,35.4,3.3,WMA,3.3,32.3,10.0,3.76,6.0,7.5,5.0,POOR,낮은 매칭,1.004,50.1,STABLE,6.9,LOW,69.6,MEDIUM,38.3,43.2,61.1,0.3,30.0,63501.0,100.0,0.385,0.385,88.5,False,35.9,23,24.3,462,100.0,0.999,4.9,29.5,50.0,HOLD,50.0,2,99.8,70.1,41.4,turnover,47.9,모니터링,397,HEURISTIC 29% | ABC 14% | TURNOVER 14% | DISPOSAL_RISK 14% | SAFETY_STOCK 8% | EOQ 7% | DEMAND_FORECAST 7% | MATCH 5%,"['⏰ 유통기한 임박 (91%)', '❄️ 냉장·냉동 과잉 (80%)', '💸 배송비 상승 (100%)', '⚡ 복합 스트레스 (60%)']","{'재고위험': '24.9%', '판매가능성': '13.1%', '점포이동적합': '14.0%', '비용절감': '18.3%', '폐기회피이익': '13.7%', '실행가능성': '12.8%', '이력보정': '3.3%'}",True,True,False,True,False,True,54.3,34.4,47.3,44.4,72.0,55.1,64.7,49.7,0.0,22.9,검토,보류,⏸️,404,HIGH,신뢰도 높음 ●,#2e7d32,,,22.9,검토,보류,2,3,False,False,,50.0,16755.0,0.0,16755.0,16.95,0.0,16.95,34.0,0.0,293.0,32.0,재고 이동,재고 이동,57.929,일치,57.929,48.276,23.546,16.565
삼각김밥019,상암2점,여의도점,28.0,프로모션 추천,16911.0,프로모션 순비용이 재배치 비용보다 낮습니다.,19.13077525450274,11.206896551724139,12,8,50.3,후순위,16911.0,28.0,305,False,Greedy 선택 후보보다 우선순위가 낮음,4.87,2090,381,0,간편식,375,146.0,34.0,305140.0,B,0.8901705112697512,2,60.0,78.3,4.6,SLOW,56.5,True,69.1,HIGH,유통기한 임박 | 소진일수 78일 초과,4.2,18.8,0.0,SAFE,"재고 여유 — 현재고(381), 재주문점(19)",0.0,196.6,40.4,90406.0,91.7,OVER,과잉 발주 위험 — 현재(377개) > EOQ(197개). 발주 주기 40일 권장,91.7,34.0,4.86,6.87,2.85,STABLE,78.4,0.0,WMA,0.0,36.9,10.0,8.4,6.0,7.5,5.0,POOR,낮은 매칭 · 폐기위험 높음,0.997,49.9,STABLE,15.3,LOW,78.3,HIGH,33.5,75.5,67.7,0.3,30.0,53313.0,100.0,0.385,0.385,88.5,False,13.0,262,36.4,239,100.0,0.999,4.9,36.5,50.0,HOLD,50.0,2,99.8,70.1,43.3,disposal_risk,54.3,모니터링,254,HEURISTIC 29% | ABC 14% | TURNOVER 14% | DISPOSAL_RISK 14% | SAFETY_STOCK 8% | EOQ 7% | DEMAND_FORECAST 7% | MATCH 5%,"['⏰ 유통기한 임박 (91%)', '❄️ 냉장·냉동 과잉 (80%)', '💸 배송비 상승 (100%)', '⚡ 복합 스트레스 (60%)']","{'재고위험': '24.9%', '판매가능성': '13.1%', '점포이동적합': '14.0%', '비용절감': '18.3%', '폐기회피이익': '13.7%', '실행가능성': '12.8%', '이력보정': '3.3%'}",True,True,False,True,False,True,58.6,32.7,52.5,56.4,72.0,70.3,52.1,55.4,0.0,78.2,권장,할인 판매,🏷️,107,HIGH,신뢰도 높음 ●,#2e7d32,,,78.2,권장,할인 판매,3,2,False,False,,50.0,17700.0,0.0,17700.0,18.0,0.0,18.0,36.0,0.0,381.0,28.0,할인,재고 이동,64.533,다름,64.533,55.84,27.455,15.558
삼각김밥019,신림점,여의도점,28.0,프로모션 추천,16911.0,프로모션 순비용이 재배치 비용보다 낮습니다.,19.13077525450274,11.206896551724139,12,8,50.3,후순위,16911.0,28.0,306,False,Greedy 선택 후보보다 우선순위가 낮음,1.32,2090,307,2,간편식,304,40.0,9.0,83600.0,B,0.8901705112697512,2,60.0,230.2,1.56,DEAD,0.0,True,73.0,HIGH,유통기한 임박 | 소진일수 230일 초과,1.1,5.1,0.0,SAFE,"재고 여유 — 현재고(307), 재주문점(5)",0.0,102.4,77.6,47067.0,100.0,OVER,과잉 발주 위험 — 현재(306개) > EOQ(102개). 발주 주기 78일 권장,100.0,9.1,1.3,1.84,0.76,STABLE,236.2,0.0,WMA,0.0,36.9,10.0,8.4,6.0,7.5,5.0,POOR,낮은 매칭 · 폐기위험 높음,0.974,49.4,STABLE,35.6,LOW,73.1,HIGH,33.5,75.5,67.7,0.3,30.0,53313.0,100.0,0.385,0.385,88.5,False,13.7,193,43.0,63,100.0,0.999,4.9,36.5,50.0,HOLD,50.0,2,99.8,70.1,37.3,disposal_risk,46.5,모니터링,426,HEURISTIC 29% | ABC 14% | TURNOVER 14% | DISPOSAL_RISK 14% | SAFETY_STOCK 8% | EOQ 7% | DEMAND_FORECAST 7% | MATCH 5%,"['⏰ 유통기한 임박 (91%)', '❄️ 냉장·냉동 과잉 (80%)', '💸 배송비 상승 (100%)', '⚡ 복합 스트레스 (60%)']","{'재고위험': '24.9%', '판매가능성': '13.1%', '점포이동적합': '14.0%', '비용절감': '18.3%', '폐기회피이익': '13.7%', '실행가능성': '12.8%', '이력보정': '3.3%'}",True,True,False,True,False,True,45.4,32.5,53.9,57.7,72.0,70.3,52.4,52.5,0.0,45.8,검토,할인 판매,🏷️,281,HIGH,신뢰도 높음 ●,#2e7d32,,,45.8,검토,할인 판매,1,2,False,False,,50.0,25206.0,0.0,25206.0,26.34,0.0,26.34,53.0,0.0,307.0,28.0,할인,할인,63.903,일치,52.326,63.903,28.994,15.181
라면002,청량리2점,합정점,34.0,프로모션 추천,18943.0,프로모션 순비용이 재배치 비용보다 낮습니다.,16.478726181153746,13.793103448275861,12,8,50.3,후순위,18943.0,34.0,307,False,Greedy 선택 후보보다 우선순위가 낮음,5.01,1934,364,3,간편식,343,150.0,35.0,290100.0,A,0.764781727743596,1,100.0,72.8,4.95,SLOW,59.6,True,64.4,HIGH,유통기한 임박 | 소진일수 73일 초과,4.3,19.3,0.0,SAFE,"재고 여유 — 현재고(364), 재주문점(19)",0.0,207.3,41.4,88207.0,73.5,OVER,과잉 발주 위험 — 현재(360개) > EOQ(207개). 발주 주기 41일 권장,73.5,35.0,5.0,7.07,2.93,STABLE,72.8,0.0,WMA,0.0,40.9,10.0,8.4,10.0,7.5,5.0,FAIR,보통 매칭 · 폐기위험 높음 · 핵심(A)상품,0.998,50.0,STABLE,14.2,LOW,69.6,MEDIUM,38.0,59.9,78.8,0.3,30.0,59964.0,100.0,0.385,0.385,88.5,False,12.4,304,35.0,273,100.0,0.999,4.9,45.4,50.0,HOLD,50.0,2,99.8,70.1,28.3,disposal_risk,60.7,검토 필요,109,HEURISTIC 29% | ABC 14% | TURNOVER 14% | DISPOSAL_RISK 14% | SAFETY_STOCK 8% | EOQ 7% | DEMAND_FORECAST 7% | MATCH 5%,"['⏰ 유통기한 임박 (91%)', '❄️ 냉장·냉동 과잉 (80%)', '💸 배송비 상승 (100%)', '⚡ 복합 스트레스 (60%)']","{'재고위험': '24.9%', '판매가능성': '13.1%', '점포이동적합': '14.0%', '비용절감': '18.3%', '폐기회피이익': '13.7%', '실행가능성': '12.8%', '이력보정': '3.3%'}",True,True,False,True,False,True,63.3,32.7,54.9,53.7,72.0,72.5,51.7,56.7,0.0,90.2,최적,할인 판매,🏷️,43,HIGH,신뢰도 높음 ●,#2e7d32,,,90.2,최적,할인 판매,1,6,False,False,,50.0,27753.0,0.0,27753.0,29.17,0.0,29.17,58.0,0.0,364.0,34.0,할인,할인,58.609,일치,56.83,58.609,27.773,18.199
탄산음료050,목동2점,잠원점,48.0,재배치 추천,22074.0,프로모션 순비용이 재배치 비용보다 높습니다.,12.392325763508223,19.82758620689655,18,0,50.2,후순위,22074.0,48.0,308,False,Greedy 선택 후보보다 우선순위가 낮음,0.6,2391,361,0,음료,361,18.0,4.0,43038.0,B,0.8656502532053011,2,60.0,601.7,0.6,DEAD,0.0,True,70.0,HIGH,유통기한 임박 | 소진일수 602일 초과,0.5,2.3,0.0,SAFE,"재고 여유 — 현재고(361), 재주문점(2)",0.0,71.3,118.8,30701.0,100.0,OVER,과잉 발주 위험 — 현재(360개) > EOQ(71개). 발주 주기 119일 권장,100.0,4.1,0.59,0.83,0.34,STABLE,616.3,0.0,WMA,0.0,36.9,10.0,8.4,6.0,7.5,5.0,POOR,낮은 매칭 · 폐기위험 높음,0.952,48.8,STABLE,36.2,LOW,78.3,HIGH,33.7,34.9,77.2,0.3,30.0,115648.0,100.0,0.385,0.385,88.5,False,13.2,245,41.9,99,100.0,0.999,4.9,44.3,50.0,HOLD,50.0,2,99.8,70.0,38.6,disposal_risk,45.7,모니터링,438,HEURISTIC 29% | ABC 14% | TURNOVER 14% | DISPOSAL_RISK 14% | SAFETY_STOCK 8% | EOQ 7% | DEMAND_FORECAST 7% | MATCH 5%,"['⏰ 유통기한 임박 (91%)', '❄️ 냉장·냉동 과잉 (80%)', '💸 배송비 상승 (100%)', '⚡ 복합 스트레스 (60%)']","{'재고위험': '24.9%', '판매가능성': '13.1%', '점포이동적합': '14.0%', '비용절감': '18.3%', '폐기회피이익': '13.7%', '실행가능성': '12.8%', '이력보정': '3.3%'}",True,True,False,True,False,True,44.1,32.3,54.4,57.6,72.0,63.1,52.2,51.3,0.0,31.8,검토,할인 판매,🏷️,356,HIGH,신뢰도 높음 ●,#2e7d32,,,31.8,검토,할인 판매,4,2,False,False,,50.0,22074.0,0.0,22074.0,22.86,0.0,22.86,46.0,0.0,361.0,48.0,재고 이동,할인,63.043,다름,62.887,63.043,29.963,14.141
차음료040,문래2점,압구정점,28.0,재배치 추천,15576.0,프로모션 순비용이 재배치 비용보다 높습니다.,20.87314017227878,11.206896551724139,18,0,50.1,후순위,15576.0,28.0,309,False,Greedy 선택 후보보다 우선순위가 낮음,6.1,3094,299,2,음료,282,183.0,43.0,566202.0,A,0.10164415208715274,1,100.0,49.0,7.34,NORMAL,72.8,False,47.5,MEDIUM,유통기한 임박,5.2,23.5,0.0,SAFE,"재고 여유 — 현재고(299), 재주문점(24)",0.0,199.9,32.8,111354.0,47.0,OPTIMAL,"적정 발주 — EOQ(200개), 권장 발주 주기 33일",47.0,42.9,6.13,8.64,3.61,STABLE,48.8,1.5,WMA,1.5,36.2,10.0,3.68,10.0,7.5,5.0,POOR,낮은 매칭 · 핵심(A)상품,1.007,50.2,STABLE,9.5,LOW,73.1,HIGH,29.8,53.2,90.7,0.3,30.0,88382.0,100.0,0.385,0.385,88.5,False,18.4,73,26.3,429,100.0,0.999,4.9,52.6,50.0,HOLD,50.0,2,99.8,70.0,27.8,turnover,56.4,검토 필요,203,HEURISTIC 29% | ABC 14% | TURNOVER 14% | DISPOSAL_RISK 14% | SAFETY_STOCK 8% | EOQ 7% | DEMAND_FORECAST 7% | MATCH 5%,"['⏰ 유통기한 임박 (91%)', '❄️ 냉장·냉동 과잉 (80%)', '💸 배송비 상승 (100%)', '⚡ 복합 스트레스 (60%)']","{'재고위험': '24.9%', '판매가능성': '13.1%', '점포이동적합': '14.0%', '비용절감': '18.3%', '폐기회피이익': '13.7%', '실행가능성': '12.8%', '이력보정': '3.3%'}",True,True,False,True,False,True,59.2,33.5,51.8,49.6,72.0,78.2,55.0,55.3,0.0,76.9,권장,보류,⏸️,114,HIGH,신뢰도 높음 ●,#2e7d32,,,76.9,권장,보류,4,0,False,False,,50.0,15576.0,0.0,15576.0,15.64,0.0,15.64,31.0,0.0,299.0,28.0,재고 이동,재고 이동,63.721,일치,63.721,46.225,23.599,16.611
마카롱015,상암점,문래2점,41.0,재배치 추천,19869.0,프로모션 순비용이 재배치 비용보다 높습니다.,15.270164447924824,16.810344827586206,18,0,50.1,후순위,19869.0,41.0,310,False,Greedy 선택 후보보다 우선순위가 낮음,1.29,2785,349,0,디저트,348,39.0,9.0,108615.0,A,0.3993310944514818,1,100.0,268.5,1.34,DEAD,0.0,True,70.0,HIGH,유통기한 임박 | 소진일수 268일 초과,1.1,5.0,0.0,SAFE,"재고 여유 — 현재고(349), 재주문점(5)",0.0,82.2,63.7,57256.0,100.0,OVER,과잉 발주 위험 — 현재(348개) > EOQ(82개). 발주 주기 64일 권장,100.0,9.0,1.29,1.82,0.75,STABLE,271.4,0.0,WMA,0.0,40.9,10.0,8.4,10.0,7.5,5.0,FAIR,보통 매칭 · 폐기위험 높음 · 핵심(A)상품,0.997,49.9,STABLE,35.1,LOW,78.3,HIGH,21.4,51.7,85.1,0.3,30.0,117153.0,100.0,0.385,0.385,88.5,False,13.4,227,42.5,81,100.0,0.999,4.9,49.4,50.0,HOLD,50.0,2,99.8,70.0,21.0,disposal_risk,53.9,모니터링,258,HEURISTIC 29% | ABC 14% | TURNOVER 14% | DISPOSAL_RISK 14% | SAFETY_STOCK 8% | EOQ 7% | DEMAND_FORECAST 7% | MATCH 5%,"['⏰ 유통기한 임박 (91%)', '❄️ 냉장·냉동 과잉 (80%)', '💸 배송비 상승 (100%)', '⚡ 복합 스트레스 (60%)']","{'재고위험': '24.9%', '판매가능성': '13.1%', '점포이동적합': '14.0%', '비용절감': '18.3%', '폐기회피이익': '13.7%', '실행가능성': '12.8%', '이력보정': '3.3%'}",True,True,False,True,False,True,50.0,32.7,56.8,57.6,72.0,74.0,52.3,54.5,0.0,66.1,권장,할인 판매,🏷️,172,HIGH,신뢰도 높음 ●,#2e7d32,,,66.1,권장,할인 판매,1,4,False,False,,50.0,19869.0,0.0,19869.0,20.41,0.0,20.41,41.0,0.0,349.0,41.0,재고 이동,재고 이동,66.445,일치,66.445,59.184,28.797,14.691
샐러드077,용산2점,잠원2점,26.0,재배치 추천,15000.0,프로모션 순비용이 재배치 비용보다 높습니다.,21.62490211433046,10.344827586206897,18,0,50.0,후순위,15000.0,26.0,311,False,Greedy 선택 후보보다 우선순위가 낮음,6.97,2459,236,1,신선식품,227,209.0,49.0,513931.0,A,0.43304685537943377,1,100.0,33.9,10.63,NORMAL,81.2,False,49.9,MEDIUM,유통기한 임박 | 신선/냉장 고위험 카테고리,6.0,26.9,0.0,SAFE,"재고 여유 — 현재고(236), 재주문점(27)",0.0,171.9,24.7,147971.0,33.8,OPTIMAL,"적정 발주 — EOQ(172개), 권장 발주 주기 25일",33.8,48.9,6.99,9.86,4.11,STABLE,33.8,3.5,WMA,3.5,36.3,10.0,3.77,10.0,7.5,5.0,POOR,낮은 매칭 · 핵심(A)상품,1.004,50.1,STABLE,6.6,LOW,76.6,HIGH,31.8,61.1,64.3,0.3,30.0,61721.0,100.0,0.385,0.385,88.5,True,38.2,20,26.7,413,100.0,0.999,4.9,33.1,50.0,HOLD,50.0,2,99.8,70.0,26.1,turnover,58.9,검토 필요,146,HEURISTIC 29% | ABC 14% | TURNOVER 14% | DISPOSAL_RISK 14% | SAFETY_STOCK 8% | EOQ 7% | DEMAND_FORECAST 7% | MATCH 5%,"['⏰ 유통기한 임박 (91%)', '❄️ 냉장·냉동 과잉 (80%)', '💸 배송비 상승 (100%)', '⚡ 복합 스트레스 (60%)']","{'재고위험': '24.9%', '판매가능성': '13.1%', '점포이동적합': '14.0%', '비용절감': '18.3%', '폐기회피이익': '13.7%', '실행가능성': '12.8%', '이력보정': '3.3%'}",True,True,False,True,False,True,62.5,34.5,50.0,47.6,72.0,63.2,65.9,53.7,0.0,57.4,검토,보류,⏸️,219,HIGH,신뢰도 높음 ●,#2e7d32,,,57.4,검토,보류,5,2,False,False,,50.0,15000.0,0.0,15000.0,15.0,0.0,15.0,30.0,0.0,236.0,26.0,재고 이동,재고 이동,61.187,일치,61.187,44.735,22.785,17.075
도시락007,문래점,동대문2점,25.0,재배치 추천,14784.0,프로모션 순비용이 재배치 비용보다 높습니다.,21.906812842599845,9.913793103448276,18,0,49.8,후순위,14784.0,25.0,312,False,Greedy 선택 후보보다 우선순위가 낮음,1.9,3025,305,4,신선식품,295,57.0,13.0,172425.0,A,0.6072939149445852,1,100.0,160.5,2.24,DEAD,10.8,True,70.0,HIGH,유통기한 임박 | 소진일수 160일 초과 | 신선/냉장 고위험 카테고리,1.6,7.3,0.0,SAFE,"재고 여유 — 현재고(305), 재주문점(7)",0.0,80.9,42.6,85688.0,100.0,OVER,과잉 발주 위험 — 현재(303개) > EOQ(81개). 발주 주기 43일 권장,100.0,13.1,1.87,2.66,1.09,STABLE,163.0,0.0,WMA,0.0,40.9,10.0,8.4,10.0,7.5,5.0,FAIR,보통 매칭 · 폐기위험 높음 · 핵심(A)상품,0.977,49.4,STABLE,31.8,LOW,66.1,MEDIUM,23.2,65.3,83.9,0.3,30.0,75966.0,100.0,0.385,0.385,88.5,True,13.4,227,41.6,109,100.0,0.999,4.9,48.7,50.0,HOLD,50.0,2,99.8,70.0,24.1,disposal_risk,55.5,검토 필요,221,HEURISTIC 29% | ABC 14% | TURNOVER 14% | DISPOSAL_RISK 14% | SAFETY_STOCK 8% | EOQ 7% | DEMAND_FORECAST 7% | MATCH 5%,"['⏰ 유통기한 임박 (91%)', '❄️ 냉장·냉동 과잉 (80%)', '💸 배송비 상승 (100%)', '⚡ 복합 스트레스 (60%)']","{'재고위험': '24.9%', '판매가능성': '13.1%', '점포이동적합': '14.0%', '비용절감': '18.3%', '폐기회피이익': '13.7%', '실행가능성': '12.8%', '이력보정': '3.3%'}",True,True,False,True,False,True,52.9,32.5,56.6,57.4,72.0,77.7,52.3,55.6,0.0,82.3,최적,할인 판매,🏷️,85,HIGH,신뢰도 높음 ●,#2e7d32,,,82.3,최적,할인 판매,2,2,True,False,,50.0,14784.0,0.0,14784.0,14.76,0.0,14.76,30.0,0.0,305.0,25.0,재고 이동,재고 이동,66.415,일치,66.415,54.174,26.764,14.503
커피032,신림2점,구로점,35.0,재배치 추천,18141.0,프로모션 순비용이 재배치 비용보다 높습니다.,17.525450274079873,14.224137931034484,18,0,49.7,후순위,18141.0,35.0,313,False,Greedy 선택 후보보다 우선순위가 낮음,5.03,1970,359,3,음료,338,151.0,35.0,297470.0,A,0.7005378031080789,1,100.0,71.3,5.05,SLOW,60.4,True,58.7,MEDIUM,유통기한 임박 | 소진일수 71일 초과,4.3,19.4,0.0,SAFE,"재고 여유 — 현재고(359), 재주문점(19)",0.0,227.5,45.2,80686.0,55.9,OVER,과잉 발주 위험 — 현재(355개) > EOQ(228개). 발주 주기 45일 권장,55.9,35.1,5.01,7.09,2.94,STABLE,71.6,0.0,WMA,0.0,36.1,10.0,3.6,10.0,7.5,5.0,POOR,낮은 매칭 · 핵심(A)상품,0.994,49.9,STABLE,14.0,LOW,69.6,MEDIUM,34.5,60.3,79.5,0.3,30.0,64599.0,100.0,0.385,0.385,88.5,False,11.2,405,31.7,309,100.0,0.999,4.9,45.9,50.0,HOLD,50.0,2,99.8,69.9,28.9,disposal_risk,56.3,검토 필요,204,HEURISTIC 29% | ABC 14% | TURNOVER 14% | DISPOSAL_RISK 14% | SAFETY_STOCK 8% | EOQ 7% | DEMAND_FORECAST 7% | MATCH 5%,"['⏰ 유통기한 임박 (91%)', '❄️ 냉장·냉동 과잉 (80%)', '💸 배송비 상승 (100%)', '⚡ 복합 스트레스 (60%)']","{'재고위험': '24.9%', '판매가능성': '13.1%', '점포이동적합': '14.0%', '비용절감': '18.3%', '폐기회피이익': '13.7%', '실행가능성': '12.8%', '이력보정': '3.3%'}",True,True,False,True,False,True,60.9,32.7,52.2,50.7,72.0,73.1,51.1,55.2,0.0,75.6,권장,보류,⏸️,121,HIGH,신뢰도 높음 ●,#2e7d32,,,75.6,권장,보류,2,2,True,False,,50.0,18141.0,0.0,18141.0,18.49,0.0,18.49,37.0,0.0,359.0,35.0,재고 이동,재고 이동,65.789,일치,65.789,51.717,25.892,16.584
핫바038,홍대점,건대2점,33.0,프로모션 추천,19079.0,프로모션 순비용이 재배치 비용보다 낮습니다.,16.301226833724876,13.36206896551724,12,8,49.7,후순위,19079.0,33.0,314,False,Greedy 선택 후보보다 우선순위가 낮음,1.08,2004,337,4,간편식,331,32.0,8.0,64128.0,A,0.6428785429934019,1,100.0,315.9,1.14,DEAD,0.0,True,65.0,HIGH,유통기한 임박 | 소진일수 316일 초과,0.9,4.1,0.0,SAFE,"재고 여유 — 현재고(337), 재주문점(4)",0.0,94.6,87.6,41689.0,100.0,OVER,과잉 발주 위험 — 현재(336개) > EOQ(95개). 발주 주기 88일 권장,100.0,7.8,1.11,1.56,0.67,STABLE,302.4,0.0,WMA,0.0,40.9,10.0,8.4,10.0,7.5,5.0,FAIR,보통 매칭 · 폐기위험 높음 · 핵심(A)상품,1.058,51.5,STABLE,35.0,LOW,66.1,MEDIUM,36.2,53.0,56.9,0.3,30.0,60279.0,100.0,0.385,0.385,88.5,False,12.5,293,40.4,159,100.0,0.999,4.9,24.3,50.0,HOLD,50.0,2,99.8,69.9,22.4,disposal_risk,52.3,모니터링,296,HEURISTIC 29% | ABC 14% | TURNOVER 14% | DISPOSAL_RISK 14% | SAFETY_STOCK 8% | EOQ 7% | DEMAND_FORECAST 7% | MATCH 5%,"['⏰ 유통기한 임박 (91%)', '❄️ 냉장·냉동 과잉 (80%)', '💸 배송비 상승 (100%)', '⚡ 복합 스트레스 (60%)']","{'재고위험': '24.9%', '판매가능성': '13.1%', '점포이동적합': '14.0%', '비용절감': '18.3%', '폐기회피이익': '13.7%', '실행가능성': '12.8%', '이력보정': '3.3%'}",True,True,False,True,False,True,47.8,33.2,53.9,57.3,72.0,55.6,51.8,51.2,0.0,31.1,검토,할인 판매,🏷️,360,HIGH,신뢰도 높음 ●,#2e7d32,,,31.1,검토,할인 판매,2,5,False,False,,50.0,36438.0,0.0,36438.0,38.82,0.0,38.82,78.0,0.0,337.0,33.0,할인,할인,67.637,일치,46.896,67.637,29.669,16.902
라면086,역삼2점,신촌2점,27.0,재배치 추천,15603.0,프로모션 순비용이 재배치 비용보다 높습니다.,20.837901331245106,10.775862068965516,18,0,49.6,후순위,15603.0,27.0,315,False,Greedy 선택 후보보다 우선순위가 낮음,7.92,3405,349,3,간편식,316,238.0,55.0,810390.0,A,0.04778947291941071,1,100.0,44.0,8.18,NORMAL,75.6,False,50.0,MEDIUM,유통기한 임박,6.8,30.6,0.0,SAFE,"재고 여유 — 현재고(349), 재주문점(31)",0.0,196.4,24.8,147156.0,74.2,OVER,과잉 발주 위험 — 현재(342개) > EOQ(196개). 발주 주기 25일 권장,74.2,55.2,7.89,11.15,4.62,STABLE,44.3,2.1,WMA,2.1,36.2,10.0,3.7,10.0,7.5,5.0,POOR,낮은 매칭 · 핵심(A)상품,0.992,49.8,STABLE,8.8,LOW,69.6,MEDIUM,38.3,43.2,61.1,0.3,30.0,94719.0,100.0,0.385,0.385,88.5,False,24.3,50,27.1,406,100.0,0.999,4.9,29.5,50.0,HOLD,50.0,2,99.8,69.9,27.2,turnover,59.4,검토 필요,135,HEURISTIC 29% | ABC 14% | TURNOVER 14% | DISPOSAL_RISK 14% | SAFETY_STOCK 8% | EOQ 7% | DEMAND_FORECAST 7% | MATCH 5%,"['⏰ 유통기한 임박 (91%)', '❄️ 냉장·냉동 과잉 (80%)', '💸 배송비 상승 (100%)', '⚡ 복합 스트레스 (60%)']","{'재고위험': '24.9%', '판매가능성': '13.1%', '점포이동적합': '14.0%', '비용절감': '18.3%', '폐기회피이익': '13.7%', '실행가능성': '12.8%', '이력보정': '3.3%'}",True,True,False,True,False,True,61.1,33.7,49.7,53.4,72.0,55.1,58.3,53.2,0.0,52.9,검토,보류,⏸️,243,HIGH,신뢰도 높음 ●,#2e7d32,,,52.9,검토,보류,2,3,False,False,,50.0,15603.0,0.0,15603.0,15.67,0.0,15.67,31.0,0.0,349.0,27.0,재고 이동,재고 이동,66.923,일치,66.923,47.307,24.535,16.367
마카롱054,사당점,노원점,35.0,재배치 추천,18276.0,프로모션 순비용이 재배치 비용보다 높습니다.,17.34925606891151,14.224137931034484,18,0,49.6,후순위,18276.0,35.0,316,False,Greedy 선택 후보보다 우선순위가 낮음,1.21,3010,347,8,디저트,334,36.0,8.0,108360.0,C,0.9758865194200881,3,20.0,289.2,1.24,DEAD,0.0,True,50.6,MEDIUM,소진일수 289일 초과,1.0,4.6,0.0,SAFE,"재고 여유 — 현재고(347), 재주문점(5)",0.0,76.6,63.3,57649.0,100.0,OVER,과잉 발주 위험 — 현재(346개) > EOQ(77개). 발주 주기 63일 권장,100.0,8.2,1.17,1.67,0.67,STABLE,296.2,0.0,WMA,0.0,29.1,10.0,3.6,3.0,7.5,5.0,POOR,낮은 매칭,0.945,48.6,STABLE,36.4,LOW,52.1,MEDIUM,32.8,51.6,91.3,0.3,30.0,108144.0,100.0,0.385,0.385,88.5,False,9.5,439,32.6,299,100.0,0.999,4.9,52.9,50.0,HOLD,50.0,2,99.8,69.9,54.7,disposal_risk,30.8,후순위,491,HEURISTIC 29% | ABC 14% | TURNOVER 14% | DISPOSAL_RISK 14% | SAFETY_STOCK 8% | EOQ 7% | DEMAND_FORECAST 7% | MATCH 5%,"['⏰ 유통기한 임박 (91%)', '❄️ 냉장·냉동 과잉 (80%)', '💸 배송비 상승 (100%)', '⚡ 복합 스트레스 (60%)']","{'재고위험': '24.9%', '판매가능성': '13.1%', '점포이동적합': '14.0%', '비용절감': '18.3%', '폐기회피이익': '13.7%', '실행가능성': '12.8%', '이력보정': '3.3%'}",True,True,False,True,False,True,29.4,32.3,49.9,57.3,72.0,78.1,50.1,48.9,0.0,19.4,검토,보류,⏸️,423,HIGH,신뢰도 높음 ●,#2e7d32,,,19.4,검토,보류,3,1,False,False,,50.0,18276.0,0.0,18276.0,18.64,0.0,18.64,37.0,0.0,347.0,35.0,재고 이동,할인,58.739,다름,57.638,58.739,27.604,12.376
마카롱088,문래점,문래2점,13.0,프로모션 추천,12606.0,프로모션 순비용이 재배치 비용보다 낮습니다.,24.749412685982772,4.741379310344827,12,8,49.5,후순위,12606.0,13.0,317,False,Greedy 선택 후보보다 우선순위가 낮음,1.67,3309,397,3,디저트,390,50.0,12.0,165450.0,B,0.9184808590933068,2,60.0,238.2,1.51,DEAD,0.0,True,68.0,HIGH,유통기한 임박 | 소진일수 238일 초과,1.4,6.4,0.0,SAFE,"재고 여유 — 현재고(397), 재주문점(6)",0.0,85.8,51.4,71011.0,100.0,OVER,과잉 발주 위험 — 현재(396개) > EOQ(86개). 발주 주기 51일 권장,100.0,11.9,1.7,2.39,1.01,STABLE,233.5,0.0,WMA,0.0,36.9,10.0,8.4,6.0,7.5,5.0,POOR,낮은 매칭 · 폐기위험 높음,1.027,50.7,STABLE,35.0,LOW,69.6,MEDIUM,21.4,51.7,85.1,0.3,30.0,39014.0,78.0,0.385,0.385,88.5,False,12.9,266,40.8,145,100.0,0.999,4.9,49.4,50.0,HOLD,50.0,2,99.8,58.9,39.6,disposal_risk,44.5,모니터링,446,HEURISTIC 29% | ABC 14% | TURNOVER 14% | DISPOSAL_RISK 14% | SAFETY_STOCK 8% | EOQ 7% | DEMAND_FORECAST 7% | MATCH 5%,"['⏰ 유통기한 임박 (91%)', '❄️ 냉장·냉동 과잉 (80%)', '💸 배송비 상승 (100%)', '⚡ 복합 스트레스 (60%)']","{'재고위험': '24.9%', '판매가능성': '13.1%', '점포이동적합': '14.0%', '비용절감': '18.3%', '폐기회피이익': '13.7%', '실행가능성': '12.8%', '이력보정': '3.3%'}",True,True,False,True,False,True,43.1,32.9,54.7,57.2,58.8,74.0,52.0,50.7,0.0,26.6,검토,할인 판매,🏷️,384,HIGH,신뢰도 높음 ●,#2e7d32,,,26.6,검토,할인 판매,2,4,False,False,,50.0,21741.0,0.0,21741.0,22.49,0.0,22.49,45.0,0.0,397.0,13.0,할인,할인,62.462,일치,54.494,62.462,28.231,14.469
마카롱088,혜화점,문래2점,13.0,프로모션 추천,12606.0,프로모션 순비용이 재배치 비용보다 낮습니다.,24.749412685982772,4.741379310344827,12,8,49.5,후순위,12606.0,13.0,318,False,Greedy 선택 후보보다 우선순위가 낮음,1.68,3309,333,2,디저트,329,50.0,12.0,165450.0,B,0.9184808590933068,2,60.0,199.8,1.8,DEAD,0.0,True,68.0,HIGH,유통기한 임박 | 소진일수 200일 초과,1.4,6.4,0.0,SAFE,"재고 여유 — 현재고(333), 재주문점(6)",0.0,86.1,51.2,71223.0,100.0,OVER,과잉 발주 위험 — 현재(332개) > EOQ(86개). 발주 주기 51일 권장,100.0,11.9,1.7,2.39,1.01,STABLE,195.9,0.0,WMA,0.0,36.9,10.0,8.4,6.0,7.5,5.0,POOR,낮은 매칭 · 폐기위험 높음,1.02,50.5,STABLE,35.0,LOW,73.1,HIGH,21.4,51.7,85.1,0.3,30.0,39014.0,78.0,0.385,0.385,88.5,False,12.9,266,40.8,145,100.0,0.999,4.9,49.4,50.0,HOLD,50.0,2,99.8,58.9,39.6,disposal_risk,44.5,모니터링,445,HEURISTIC 29% | ABC 14% | TURNOVER 14% | DISPOSAL_RISK 14% | SAFETY_STOCK 8% | EOQ 7% | DEMAND_FORECAST 7% | MATCH 5%,"['⏰ 유통기한 임박 (91%)', '❄️ 냉장·냉동 과잉 (80%)', '💸 배송비 상승 (100%)', '⚡ 복합 스트레스 (60%)']","{'재고위험': '24.9%', '판매가능성': '13.1%', '점포이동적합': '14.0%', '비용절감': '18.3%', '폐기회피이익': '13.7%', '실행가능성': '12.8%', '이력보정': '3.3%'}",True,True,False,True,False,True,43.1,32.8,54.7,57.2,58.8,74.0,52.0,50.7,0.0,26.4,검토,할인 판매,🏷️,385,HIGH,신뢰도 높음 ●,#2e7d32,,,26.4,검토,할인 판매,7,4,False,False,,50.0,26583.0,0.0,26583.0,27.87,0.0,27.87,56.0,0.0,333.0,13.0,할인,할인,64.146,일치,47.189,64.146,28.215,15.367
마카롱088,잠원2점,문래2점,13.0,프로모션 추천,12606.0,프로모션 순비용이 재배치 비용보다 낮습니다.,24.749412685982772,4.741379310344827,12,8,49.5,후순위,12606.0,13.0,319,False,Greedy 선택 후보보다 우선순위가 낮음,1.94,3309,365,3,디저트,357,58.0,14.0,191922.0,B,0.9184808590933068,2,60.0,188.8,1.91,DEAD,0.0,True,68.0,HIGH,유통기한 임박 | 소진일수 189일 초과,1.7,7.5,0.0,SAFE,"재고 여유 — 현재고(365), 재주문점(8)",0.0,92.5,47.7,76536.0,100.0,OVER,과잉 발주 위험 — 현재(363개) > EOQ(92개). 발주 주기 48일 권장,100.0,13.8,1.97,2.77,1.17,STABLE,185.1,0.0,WMA,0.0,36.9,10.0,8.4,6.0,7.5,5.0,POOR,낮은 매칭 · 폐기위험 높음,1.031,50.8,STABLE,35.0,LOW,69.6,MEDIUM,21.4,51.7,85.1,0.3,30.0,39014.0,78.0,0.385,0.385,88.5,False,12.9,266,40.8,145,100.0,0.999,4.9,49.4,50.0,HOLD,50.0,2,99.8,58.9,39.6,disposal_risk,44.5,모니터링,444,HEURISTIC 29% | ABC 14% | TURNOVER 14% | DISPOSAL_RISK 14% | SAFETY_STOCK 8% | EOQ 7% | DEMAND_FORECAST 7% | MATCH 5%,"['⏰ 유통기한 임박 (91%)', '❄️ 냉장·냉동 과잉 (80%)', '💸 배송비 상승 (100%)', '⚡ 복합 스트레스 (60%)']","{'재고위험': '24.9%', '판매가능성': '13.1%', '점포이동적합': '14.0%', '비용절감': '18.3%', '폐기회피이익': '13.7%', '실행가능성': '12.8%', '이력보정': '3.3%'}",True,True,False,True,False,True,43.1,32.9,54.7,57.2,58.8,74.0,52.0,50.7,0.0,26.8,검토,할인 판매,🏷️,383,HIGH,신뢰도 높음 ●,#2e7d32,,,26.8,검토,할인 판매,2,4,False,False,,50.0,28581.0,0.0,28581.0,30.09,0.0,30.09,60.0,0.0,365.0,13.0,할인,할인,66.117,일치,46.653,66.117,28.748,15.483
도시락036,잠원2점,성수점,23.0,재배치 추천,14334.0,프로모션 순비용이 재배치 비용보다 높습니다.,22.494126859827723,9.051724137931034,18,0,49.5,후순위,14334.0,23.0,320,False,Greedy 선택 후보보다 우선순위가 낮음,1.14,3295,363,2,신선식품,360,34.0,8.0,112030.0,B,0.8400030592329824,2,60.0,320.3,1.12,DEAD,0.0,True,78.0,HIGH,유통기한 임박 | 소진일수 320일 초과 | 신선/냉장 고위험 카테고리,1.0,4.4,0.0,SAFE,"재고 여유 — 현재고(363), 재주문점(4)",0.0,60.1,52.7,69272.0,100.0,OVER,과잉 발주 위험 — 현재(362개) > EOQ(60개). 발주 주기 53일 권장,100.0,8.0,1.14,1.61,0.67,STABLE,317.6,0.0,WMA,0.0,36.9,10.0,8.4,6.0,7.5,5.0,POOR,낮은 매칭 · 폐기위험 높음,1.003,50.1,STABLE,35.0,LOW,73.1,HIGH,24.5,56.6,77.1,0.3,30.0,76608.0,100.0,0.385,0.385,88.5,True,14.7,125,44.8,18,100.0,0.999,4.9,44.2,50.0,HOLD,50.0,2,99.8,69.9,35.2,disposal_risk,47.1,모니터링,415,HEURISTIC 29% | ABC 14% | TURNOVER 14% | DISPOSAL_RISK 14% | SAFETY_STOCK 8% | EOQ 7% | DEMAND_FORECAST 7% | MATCH 5%,"['⏰ 유통기한 임박 (91%)', '❄️ 냉장·냉동 과잉 (80%)', '💸 배송비 상승 (100%)', '⚡ 복합 스트레스 (60%)']","{'재고위험': '24.9%', '판매가능성': '13.1%', '점포이동적합': '14.0%', '비용절감': '18.3%', '폐기회피이익': '13.7%', '실행가능성': '12.8%', '이력보정': '3.3%'}",True,True,False,True,False,True,47.6,32.7,55.0,57.2,72.0,70.3,53.0,53.1,0.0,52.3,검토,할인 판매,🏷️,246,HIGH,신뢰도 높음 ●,#2e7d32,,,52.3,검토,할인 판매,2,4,False,False,,50.0,14334.0,0.0,14334.0,14.26,0.0,14.26,29.0,0.0,363.0,23.0,재고 이동,재고 이동,65.088,일치,65.088,59.414,28.309,13.376
커피032,홍대2점,구로점,35.0,프로모션 추천,19879.0,프로모션 순비용이 재배치 비용보다 낮습니다.,15.257113025319759,14.224137931034484,12,8,49.5,후순위,19879.0,35.0,321,False,Greedy 선택 후보보다 우선순위가 낮음,4.98,1970,349,0,음료,343,149.0,35.0,293530.0,A,0.7005378031080789,1,100.0,70.3,5.12,SLOW,60.9,True,60.1,HIGH,유통기한 임박 | 소진일수 70일 초과,4.3,19.2,0.0,SAFE,"재고 여유 — 현재고(349), 재주문점(19)",0.0,226.4,45.5,80284.0,52.3,OVER,과잉 발주 위험 — 현재(345개) > EOQ(226개). 발주 주기 46일 권장,52.3,34.9,4.99,7.04,2.93,STABLE,70.0,0.0,WMA,0.0,40.9,10.0,8.4,10.0,7.5,5.0,FAIR,보통 매칭 · 폐기위험 높음 · 핵심(A)상품,1.004,50.1,STABLE,13.6,LOW,78.3,HIGH,34.5,60.3,79.5,0.3,30.0,62861.0,100.0,0.385,0.385,88.5,False,11.7,368,33.1,296,100.0,0.999,4.9,45.9,50.0,HOLD,50.0,2,99.8,69.9,28.9,disposal_risk,57.6,검토 필요,174,HEURISTIC 29% | ABC 14% | TURNOVER 14% | DISPOSAL_RISK 14% | SAFETY_STOCK 8% | EOQ 7% | DEMAND_FORECAST 7% | MATCH 5%,"['⏰ 유통기한 임박 (91%)', '❄️ 냉장·냉동 과잉 (80%)', '💸 배송비 상승 (100%)', '⚡ 복합 스트레스 (60%)']","{'재고위험': '24.9%', '판매가능성': '13.1%', '점포이동적합': '14.0%', '비용절감': '18.3%', '폐기회피이익': '13.7%', '실행가능성': '12.8%', '이력보정': '3.3%'}",True,True,False,True,False,True,61.7,32.7,54.6,50.1,72.0,73.1,51.3,55.6,0.0,82.2,최적,할인 판매,🏷️,86,HIGH,신뢰도 높음 ●,#2e7d32,,,82.2,최적,할인 판매,3,2,False,False,,50.0,25935.0,0.0,25935.0,27.15,0.0,27.15,54.0,0.0,349.0,35.0,할인,재고 이동,56.708,다름,56.708,55.648,26.584,17.984
냉동피자087,마포2점,잠실2점,20.0,프로모션 추천,15025.0,프로모션 순비용이 재배치 비용보다 낮습니다.,21.5922735578178,7.758620689655173,12,8,49.4,후순위,15025.0,20.0,322,False,Greedy 선택 후보보다 우선순위가 낮음,1.01,2581,368,20,냉동식품,340,30.0,7.0,77430.0,B,0.947868811972733,2,60.0,368.0,0.98,DEAD,0.0,True,43.5,MEDIUM,소진일수 368일 초과 | 신선/냉장 고위험 카테고리,0.9,3.9,0.0,SAFE,"재고 여유 — 현재고(368), 재주문점(4)",0.0,69.0,68.3,53427.0,100.0,OVER,과잉 발주 위험 — 현재(367개) > EOQ(69개). 발주 주기 68일 권장,100.0,7.0,1.0,1.42,0.58,STABLE,368.0,0.0,WMA,0.0,32.1,10.0,3.6,6.0,7.5,5.0,POOR,낮은 매칭,0.99,49.8,STABLE,35.2,LOW,43.3,MEDIUM,36.1,52.7,74.6,0.3,30.0,46919.0,93.8,0.385,0.385,88.5,True,8.5,472,30.1,345,100.0,0.999,4.9,42.4,50.0,HOLD,50.0,2,99.8,66.8,47.9,disposal_risk,36.9,후순위,483,HEURISTIC 29% | ABC 14% | TURNOVER 14% | DISPOSAL_RISK 14% | SAFETY_STOCK 8% | EOQ 7% | DEMAND_FORECAST 7% | MATCH 5%,"['⏰ 유통기한 임박 (91%)', '❄️ 냉장·냉동 과잉 (80%)', '💸 배송비 상승 (100%)', '⚡ 복합 스트레스 (60%)']","{'재고위험': '24.9%', '판매가능성': '13.1%', '점포이동적합': '14.0%', '비용절감': '18.3%', '폐기회피이익': '13.7%', '실행가능성': '12.8%', '이력보정': '3.3%'}",True,True,False,True,False,True,32.1,32.6,49.7,57.2,68.3,67.3,49.6,47.6,0.0,14.3,검토,보류,⏸️,450,HIGH,신뢰도 높음 ●,#2e7d32,,,14.3,검토,보류,6,4,False,False,,50.0,22785.0,0.0,22785.0,23.65,0.0,23.65,47.0,0.0,368.0,20.0,할인,할인,57.931,일치,52.013,57.931,26.553,13.947
냉동피자087,이태원점,잠실2점,20.0,프로모션 추천,15025.0,프로모션 순비용이 재배치 비용보다 낮습니다.,21.5922735578178,7.758620689655173,12,8,49.4,후순위,15025.0,20.0,323,False,Greedy 선택 후보보다 우선순위가 낮음,2.24,2581,293,5,냉동식품,278,67.0,16.0,172927.0,B,0.947868811972733,2,60.0,131.2,2.74,DEAD,27.1,True,66.0,HIGH,유통기한 임박 | 소진일수 131일 초과 | 신선/냉장 고위험 카테고리,1.9,8.6,0.0,SAFE,"재고 여유 — 현재고(293), 재주문점(9)",0.0,102.8,45.9,79566.0,100.0,OVER,과잉 발주 위험 — 현재(291개) > EOQ(103개). 발주 주기 46일 권장,100.0,15.9,2.27,3.2,1.35,STABLE,129.0,0.0,WMA,0.0,36.9,10.0,8.4,6.0,7.5,5.0,POOR,낮은 매칭 · 폐기위험 높음,1.02,50.5,STABLE,25.4,LOW,62.6,MEDIUM,36.1,52.7,74.6,0.3,30.0,46919.0,93.8,0.385,0.385,88.5,True,12.5,293,37.6,222,100.0,0.999,4.9,42.4,50.0,HOLD,50.0,2,99.8,66.8,46.4,disposal_risk,48.4,모니터링,383,HEURISTIC 29% | ABC 14% | TURNOVER 14% | DISPOSAL_RISK 14% | SAFETY_STOCK 8% | EOQ 7% | DEMAND_FORECAST 7% | MATCH 5%,"['⏰ 유통기한 임박 (91%)', '❄️ 냉장·냉동 과잉 (80%)', '💸 배송비 상승 (100%)', '⚡ 복합 스트레스 (60%)']","{'재고위험': '24.9%', '판매가능성': '13.1%', '점포이동적합': '14.0%', '비용절감': '18.3%', '폐기회피이익': '13.7%', '실행가능성': '12.8%', '이력보정': '3.3%'}",True,True,False,True,False,True,49.4,32.8,53.4,57.2,68.3,67.3,51.8,52.5,0.0,45.3,검토,할인 판매,🏷️,284,HIGH,신뢰도 높음 ●,#2e7d32,,,45.3,검토,할인 판매,7,4,False,False,,50.0,31551.0,0.0,31551.0,33.39,0.0,33.39,67.0,0.0,293.0,20.0,할인,할인,63.802,일치,44.447,63.802,28.056,16.562
라면046,강남점,성수점,41.0,재배치 추천,20364.0,프로모션 순비용이 재배치 비용보다 높습니다.,14.624119028974158,16.810344827586206,18,0,49.4,후순위,20364.0,41.0,324,False,Greedy 선택 후보보다 우선순위가 낮음,7.36,3060,342,1,간편식,332,221.0,52.0,676260.0,A,0.15168851304585387,1,100.0,46.4,7.75,NORMAL,74.2,False,51.2,MEDIUM,유통기한 임박,6.3,28.4,0.0,SAFE,"재고 여유 — 현재고(342), 재주문점(28)",0.0,199.8,27.1,134480.0,68.0,OVER,과잉 발주 위험 — 현재(336개) > EOQ(200개). 발주 주기 27일 권장,68.0,51.8,7.4,10.44,4.36,STABLE,46.2,1.8,WMA,1.8,36.2,10.0,3.69,10.0,7.5,5.0,POOR,낮은 매칭 · 핵심(A)상품,1.009,50.2,STABLE,9.0,LOW,76.6,HIGH,33.0,56.6,77.1,0.3,30.0,130188.0,100.0,0.385,0.385,88.5,False,21.5,67,27.6,402,100.0,0.999,4.9,44.2,50.0,HOLD,50.0,2,99.8,69.9,27.4,turnover,58.6,검토 필요,154,HEURISTIC 29% | ABC 14% | TURNOVER 14% | DISPOSAL_RISK 14% | SAFETY_STOCK 8% | EOQ 7% | DEMAND_FORECAST 7% | MATCH 5%,"['⏰ 유통기한 임박 (91%)', '❄️ 냉장·냉동 과잉 (80%)', '💸 배송비 상승 (100%)', '⚡ 복합 스트레스 (60%)']","{'재고위험': '24.9%', '판매가능성': '13.1%', '점포이동적합': '14.0%', '비용절감': '18.3%', '폐기회피이익': '13.7%', '실행가능성': '12.8%', '이력보정': '3.3%'}",True,True,False,True,False,True,61.2,33.7,51.2,52.4,72.0,70.3,56.7,55.2,0.0,75.8,권장,보류,⏸️,120,HIGH,신뢰도 높음 ●,#2e7d32,,,75.8,권장,보류,0,4,False,False,,50.0,20364.0,0.0,20364.0,20.96,0.0,20.96,42.0,0.0,342.0,41.0,재고 이동,재고 이동,64.889,일치,64.889,50.09,25.639,17.026
핫바014,건대점,구로점,22.0,프로모션 추천,15835.0,프로모션 순비용이 재배치 비용보다 낮습니다.,20.535108326807624,8.620689655172415,12,8,49.2,후순위,15835.0,22.0,325,False,Greedy 선택 후보보다 우선순위가 낮음,8.61,2476,323,1,간편식,311,258.0,60.0,638808.0,A,0.3125068104982006,1,100.0,37.6,9.59,NORMAL,79.1,False,46.8,MEDIUM,유통기한 임박,7.4,33.2,0.0,SAFE,"재고 여유 — 현재고(323), 재주문점(33)",0.0,240.2,27.9,130838.0,31.4,OPTIMAL,"적정 발주 — EOQ(240개), 권장 발주 주기 28일",31.4,60.1,8.59,12.14,5.03,STABLE,37.6,3.0,WMA,3.0,36.2,10.0,3.75,10.0,7.5,5.0,POOR,낮은 매칭 · 핵심(A)상품,0.996,49.9,STABLE,7.4,LOW,76.6,HIGH,29.7,60.3,79.5,0.3,30.0,49531.0,99.1,0.385,0.385,88.5,False,33.1,29,25.6,452,100.0,0.999,4.9,45.9,50.0,HOLD,50.0,2,99.8,69.4,26.6,turnover,56.5,검토 필요,201,HEURISTIC 29% | ABC 14% | TURNOVER 14% | DISPOSAL_RISK 14% | SAFETY_STOCK 8% | EOQ 7% | DEMAND_FORECAST 7% | MATCH 5%,"['⏰ 유통기한 임박 (91%)', '❄️ 냉장·냉동 과잉 (80%)', '💸 배송비 상승 (100%)', '⚡ 복합 스트레스 (60%)']","{'재고위험': '24.9%', '판매가능성': '13.1%', '점포이동적합': '14.0%', '비용절감': '18.3%', '폐기회피이익': '13.7%', '실행가능성': '12.8%', '이력보정': '3.3%'}",True,True,False,True,False,True,60.5,34.2,51.0,46.8,71.5,73.1,63.1,54.4,0.0,63.7,검토,보류,⏸️,185,HIGH,신뢰도 높음 ●,#2e7d32,,,63.7,검토,보류,3,2,False,False,,50.0,20409.0,0.0,20409.0,21.01,0.0,21.01,42.0,0.0,323.0,22.0,할인,재고 이동,56.47,다름,56.47,47.845,23.401,17.773
핫바014,강남2점,구로점,22.0,프로모션 추천,15835.0,프로모션 순비용이 재배치 비용보다 낮습니다.,20.535108326807624,8.620689655172415,12,8,49.2,후순위,15835.0,22.0,326,False,Greedy 선택 후보보다 우선순위가 낮음,0.45,2476,266,0,간편식,266,14.0,3.0,34664.0,A,0.3125068104982006,1,100.0,570.0,0.63,DEAD,0.0,True,75.0,HIGH,유통기한 임박 | 소진일수 570일 초과,0.4,1.8,0.0,SAFE,"재고 여유 — 현재고(266), 재주문점(2)",0.0,54.9,122.0,29912.0,100.0,OVER,과잉 발주 위험 — 현재(266개) > EOQ(55개). 발주 주기 122일 권장,100.0,3.1,0.44,0.63,0.26,STABLE,600.6,0.0,WMA,0.0,40.9,10.0,8.4,10.0,7.5,5.0,FAIR,보통 매칭 · 폐기위험 높음 · 핵심(A)상품,0.952,48.8,STABLE,36.2,LOW,78.3,HIGH,29.7,60.3,79.5,0.3,30.0,49531.0,99.1,0.385,0.385,88.5,False,14.4,144,44.7,21,100.0,0.999,4.9,45.9,50.0,HOLD,50.0,2,99.8,69.4,19.7,disposal_risk,54.4,모니터링,252,HEURISTIC 29% | ABC 14% | TURNOVER 14% | DISPOSAL_RISK 14% | SAFETY_STOCK 8% | EOQ 7% | DEMAND_FORECAST 7% | MATCH 5%,"['⏰ 유통기한 임박 (91%)', '❄️ 냉장·냉동 과잉 (80%)', '💸 배송비 상승 (100%)', '⚡ 복합 스트레스 (60%)']","{'재고위험': '24.9%', '판매가능성': '13.1%', '점포이동적합': '14.0%', '비용절감': '18.3%', '폐기회피이익': '13.7%', '실행가능성': '12.8%', '이력보정': '3.3%'}",True,True,False,True,False,True,52.4,32.3,56.9,57.1,71.5,73.1,52.8,54.8,0.0,70.8,권장,할인 판매,🏷️,147,HIGH,신뢰도 높음 ●,#2e7d32,,,70.8,권장,할인 판매,3,2,False,False,,50.0,38337.0,0.0,38337.0,40.93,0.0,40.93,82.0,0.0,266.0,22.0,할인,할인,68.73,일치,41.315,68.73,29.232,17.367
아이스라떼056,역삼2점,왕십리점,32.0,재배치 추천,17601.0,프로모션 순비용이 재배치 비용보다 높습니다.,18.230227094753328,12.931034482758621,18,0,49.2,후순위,17601.0,32.0,327,False,Greedy 선택 후보보다 우선순위가 낮음,1.42,2015,372,1,유제품,371,43.0,10.0,86645.0,C,0.9577592837182695,3,20.0,259.5,1.39,DEAD,0.0,True,76.0,HIGH,유통기한 임박 | 소진일수 260일 초과 | 신선/냉장 고위험 카테고리,1.2,5.5,0.0,SAFE,"재고 여유 — 현재고(372), 재주문점(6)",0.0,85.7,60.4,60459.0,100.0,OVER,과잉 발주 위험 — 현재(371개) > EOQ(86개). 발주 주기 60일 권장,100.0,10.0,1.43,2.01,0.84,STABLE,260.4,0.0,WMA,0.0,33.9,10.0,8.4,3.0,7.5,5.0,POOR,낮은 매칭 · 폐기위험 높음,1.006,50.2,STABLE,35.0,LOW,76.6,HIGH,35.1,44.7,91.4,0.3,30.0,59775.0,100.0,0.385,0.385,88.5,True,14.3,152,43.4,56,100.0,0.999,4.9,52.9,50.0,HOLD,50.0,2,99.8,69.8,41.3,disposal_risk,38.2,후순위,481,HEURISTIC 29% | ABC 14% | TURNOVER 14% | DISPOSAL_RISK 14% | SAFETY_STOCK 8% | EOQ 7% | DEMAND_FORECAST 7% | MATCH 5%,"['⏰ 유통기한 임박 (91%)', '❄️ 냉장·냉동 과잉 (80%)', '💸 배송비 상승 (100%)', '⚡ 복합 스트레스 (60%)']","{'재고위험': '24.9%', '판매가능성': '13.1%', '점포이동적합': '14.0%', '비용절감': '18.3%', '폐기회피이익': '13.7%', '실행가능성': '12.8%', '이력보정': '3.3%'}",True,True,False,True,False,True,40.7,32.8,54.2,57.1,72.0,75.8,52.8,52.0,0.0,39.3,검토,할인 판매,🏷️,316,HIGH,신뢰도 높음 ●,#2e7d32,,,39.3,검토,할인 판매,2,0,False,False,,50.0,17601.0,0.0,17601.0,17.89,0.0,17.89,36.0,0.0,372.0,32.0,재고 이동,할인,63.118,다름,60.546,63.118,29.414,12.889
커피031,성수점,마포2점,36.0,재배치 추천,18888.0,프로모션 순비용이 재배치 비용보다 높습니다.,16.550509005481597,14.655172413793101,18,0,49.2,후순위,18888.0,36.0,328,False,Greedy 선택 후보보다 우선순위가 낮음,2.42,3172,366,1,음료,363,73.0,17.0,231556.0,A,0.44954488468191184,1,100.0,150.4,2.39,DEAD,16.4,True,68.0,HIGH,유통기한 임박 | 소진일수 150일 초과,2.1,9.4,0.0,SAFE,"재고 여유 — 현재고(366), 재주문점(9)",0.0,124.4,51.4,71016.0,100.0,OVER,과잉 발주 위험 — 현재(364개) > EOQ(124개). 발주 주기 51일 권장,100.0,17.0,2.43,3.43,1.43,STABLE,150.7,0.0,WMA,0.0,40.9,10.0,8.4,10.0,7.5,5.0,FAIR,보통 매칭 · 폐기위험 높음 · 핵심(A)상품,1.004,50.1,STABLE,29.4,LOW,76.6,HIGH,38.4,18.3,70.1,0.3,30.0,118142.0,100.0,0.385,0.385,88.5,False,13.1,256,40.2,166,100.0,0.999,4.9,38.7,50.0,HOLD,50.0,2,99.8,69.8,26.0,disposal_risk,55.3,검토 필요,232,HEURISTIC 29% | ABC 14% | TURNOVER 14% | DISPOSAL_RISK 14% | SAFETY_STOCK 8% | EOQ 7% | DEMAND_FORECAST 7% | MATCH 5%,"['⏰ 유통기한 임박 (91%)', '❄️ 냉장·냉동 과잉 (80%)', '💸 배송비 상승 (100%)', '⚡ 복합 스트레스 (60%)']","{'재고위험': '24.9%', '판매가능성': '13.1%', '점포이동적합': '14.0%', '비용절감': '18.3%', '폐기회피이익': '13.7%', '실행가능성': '12.8%', '이력보정': '3.3%'}",True,True,False,True,False,True,53.5,32.7,55.3,57.1,72.0,52.8,52.1,52.4,0.0,43.8,검토,할인 판매,🏷️,292,HIGH,신뢰도 높음 ●,#2e7d32,,,43.8,검토,할인 판매,4,6,False,False,,50.0,18888.0,0.0,18888.0,19.32,0.0,19.32,39.0,0.0,366.0,36.0,재고 이동,재고 이동,66.917,일치,66.917,56.808,28.025,14.995
핫바074,홍대2점,문래점,31.0,재배치 추천,17340.0,프로모션 순비용이 재배치 비용보다 높습니다.,18.570869224745497,12.5,18,0,49.1,후순위,17340.0,31.0,329,False,Greedy 선택 후보보다 우선순위가 낮음,1.13,3442,316,3,간편식,312,34.0,8.0,117028.0,B,0.8127939376615826,2,60.0,278.8,1.29,DEAD,0.0,True,73.0,HIGH,유통기한 임박 | 소진일수 279일 초과,1.0,4.4,0.0,SAFE,"재고 여유 — 현재고(316), 재주문점(4)",0.0,73.8,65.3,55886.0,100.0,OVER,과잉 발주 위험 — 현재(315개) > EOQ(74개). 발주 주기 65일 권장,100.0,8.0,1.14,1.61,0.68,STABLE,276.5,0.0,WMA,0.0,36.9,10.0,8.4,6.0,7.5,5.0,POOR,낮은 매칭 · 폐기위험 높음,1.011,50.3,STABLE,35.0,LOW,69.6,MEDIUM,31.7,59.6,68.4,0.3,30.0,110702.0,100.0,0.385,0.385,88.5,False,13.8,181,42.8,65,100.0,0.999,4.9,37.1,50.0,HOLD,50.0,2,99.8,69.8,37.6,disposal_risk,45.5,모니터링,439,HEURISTIC 29% | ABC 14% | TURNOVER 14% | DISPOSAL_RISK 14% | SAFETY_STOCK 8% | EOQ 7% | DEMAND_FORECAST 7% | MATCH 5%,"['⏰ 유통기한 임박 (91%)', '❄️ 냉장·냉동 과잉 (80%)', '💸 배송비 상승 (100%)', '⚡ 복합 스트레스 (60%)']","{'재고위험': '24.9%', '판매가능성': '13.1%', '점포이동적합': '14.0%', '비용절감': '18.3%', '폐기회피이익': '13.7%', '실행가능성': '12.8%', '이력보정': '3.3%'}",True,True,False,True,False,True,45.4,32.8,53.9,57.0,72.0,65.5,52.5,51.8,0.0,36.5,검토,할인 판매,🏷️,331,HIGH,신뢰도 높음 ●,#2e7d32,,,36.5,검토,할인 판매,3,2,False,False,,50.0,17340.0,0.0,17340.0,17.6,0.0,17.6,35.0,0.0,316.0,31.0,재고 이동,재고 이동,61.867,일치,61.867,58.872,28.103,13.672
핫바038,상암점,교대점,36.0,재배치 추천,18996.0,프로모션 순비용이 재배치 비용보다 높습니다.,16.409553641346907,14.655172413793101,18,0,49.1,후순위,18996.0,36.0,330,False,Greedy 선택 후보보다 우선순위가 낮음,2.49,2004,321,1,간편식,318,75.0,17.0,150300.0,A,0.6428785429934019,1,100.0,128.4,2.8,DEAD,28.7,True,73.0,HIGH,유통기한 임박 | 소진일수 128일 초과,2.1,9.6,0.0,SAFE,"재고 여유 — 현재고(321), 재주문점(10)",0.0,143.6,57.7,63300.0,100.0,OVER,과잉 발주 위험 — 현재(319개) > EOQ(144개). 발주 주기 58일 권장,100.0,17.2,2.46,3.48,1.43,STABLE,130.6,0.0,WMA,0.0,40.9,10.0,8.4,10.0,7.5,5.0,FAIR,보통 매칭 · 폐기위험 높음 · 핵심(A)상품,0.975,49.4,STABLE,25.7,LOW,76.6,HIGH,31.8,51.0,60.3,0.3,30.0,67577.0,100.0,0.385,0.385,88.5,False,14.0,169,41.3,123,100.0,0.999,4.9,28.6,50.0,HOLD,50.0,2,99.8,69.8,26.6,disposal_risk,58.6,검토 필요,153,HEURISTIC 29% | ABC 14% | TURNOVER 14% | DISPOSAL_RISK 14% | SAFETY_STOCK 8% | EOQ 7% | DEMAND_FORECAST 7% | MATCH 5%,"['⏰ 유통기한 임박 (91%)', '❄️ 냉장·냉동 과잉 (80%)', '💸 배송비 상승 (100%)', '⚡ 복합 스트레스 (60%)']","{'재고위험': '24.9%', '판매가능성': '13.1%', '점포이동적합': '14.0%', '비용절감': '18.3%', '폐기회피이익': '13.7%', '실행가능성': '12.8%', '이력보정': '3.3%'}",True,True,False,True,False,True,59.0,32.5,54.5,57.0,72.0,57.2,52.6,54.2,0.0,61.3,검토,할인 판매,🏷️,198,HIGH,신뢰도 높음 ●,#2e7d32,,,61.3,검토,할인 판매,1,3,False,False,,50.0,18996.0,0.0,18996.0,19.44,0.0,19.44,39.0,0.0,321.0,36.0,재고 이동,재고 이동,66.195,일치,66.195,55.695,27.732,15.612
컵밥065,성수2점,동대문2점,34.0,재배치 추천,18375.0,프로모션 순비용이 재배치 비용보다 높습니다.,17.220046985121378,13.793103448275861,18,0,49.0,후순위,18375.0,34.0,331,False,Greedy 선택 후보보다 우선순위가 낮음,5.86,2479,320,0,간편식,312,176.0,41.0,436304.0,A,0.594828172680739,1,100.0,54.5,6.6,NORMAL,69.7,False,57.3,MEDIUM,유통기한 임박,5.0,22.6,0.0,SAFE,"재고 여유 — 현재고(320), 재주문점(23)",0.0,198.0,33.8,108005.0,59.1,OVER,과잉 발주 위험 — 현재(315개) > EOQ(198개). 발주 주기 34일 권장,59.1,41.0,5.86,8.27,3.44,STABLE,54.6,0.7,WMA,0.7,36.1,10.0,3.64,10.0,7.5,5.0,POOR,낮은 매칭 · 핵심(A)상품,1.0,50.0,STABLE,10.6,LOW,78.3,HIGH,31.9,65.3,83.9,0.3,30.0,82768.0,100.0,0.385,0.385,88.5,False,13.5,218,30.3,341,100.0,0.999,4.9,48.7,50.0,HOLD,50.0,1,100.0,69.8,27.6,disposal_risk,57.6,검토 필요,177,HEURISTIC 29% | ABC 14% | TURNOVER 14% | DISPOSAL_RISK 14% | SAFETY_STOCK 8% | EOQ 7% | DEMAND_FORECAST 7% | MATCH 5%,"['⏰ 유통기한 임박 (91%)', '❄️ 냉장·냉동 과잉 (80%)', '💸 배송비 상승 (100%)', '⚡ 복합 스트레스 (60%)']","{'재고위험': '24.9%', '판매가능성': '13.1%', '점포이동적합': '14.0%', '비용절감': '18.3%', '폐기회피이익': '13.7%', '실행가능성': '12.8%', '이력보정': '3.3%'}",True,True,False,True,False,True,62.8,33.0,52.2,50.8,72.0,77.7,52.4,56.3,0.0,87.2,최적,보류,⏸️,59,HIGH,신뢰도 높음 ●,#2e7d32,,,87.2,최적,보류,1,2,False,False,,50.0,18375.0,0.0,18375.0,18.75,0.0,18.75,38.0,0.0,320.0,34.0,재고 이동,재고 이동,64.046,일치,64.046,49.551,25.141,16.913
생수010,성수2점,이태원점,22.0,프로모션 추천,16092.0,프로모션 순비용이 재배치 비용보다 낮습니다.,20.19968676585748,8.620689655172415,12,8,48.8,후순위,16092.0,22.0,332,False,Greedy 선택 후보보다 우선순위가 낮음,2.38,2515,282,5,음료,266,71.0,17.0,178565.0,A,0.7843826476323568,1,100.0,119.2,3.02,DEAD,33.8,True,60.0,HIGH,유통기한 임박 | 소진일수 119일 초과,2.0,9.1,0.0,SAFE,"재고 여유 — 현재고(282), 재주문점(9)",0.0,138.5,58.2,62710.0,100.0,OVER,과잉 발주 위험 — 현재(280개) > EOQ(138개). 발주 주기 58일 권장,100.0,16.9,2.41,3.4,1.43,STABLE,116.8,0.0,WMA,0.0,40.9,10.0,8.4,10.0,7.5,5.0,FAIR,보통 매칭 · 폐기위험 높음 · 핵심(A)상품,1.02,50.5,STABLE,23.0,LOW,62.6,MEDIUM,32.8,0.0,60.8,0.3,30.0,50304.0,100.0,0.385,0.385,88.5,False,11.8,362,35.4,264,100.0,0.999,4.9,29.3,50.0,HOLD,50.0,2,99.8,69.8,30.2,disposal_risk,55.8,검토 필요,214,HEURISTIC 29% | ABC 14% | TURNOVER 14% | DISPOSAL_RISK 14% | SAFETY_STOCK 8% | EOQ 7% | DEMAND_FORECAST 7% | MATCH 5%,"['⏰ 유통기한 임박 (91%)', '❄️ 냉장·냉동 과잉 (80%)', '💸 배송비 상승 (100%)', '⚡ 복합 스트레스 (60%)']","{'재고위험': '24.9%', '판매가능성': '13.1%', '점포이동적합': '14.0%', '비용절감': '18.3%', '폐기회피이익': '13.7%', '실행가능성': '12.8%', '이력보정': '3.3%'}",True,True,False,True,False,True,54.4,32.8,53.4,56.8,72.0,40.5,51.4,50.8,0.0,28.9,검토,할인 판매,🏷️,372,HIGH,신뢰도 높음 ●,#2e7d32,,,28.9,검토,할인 판매,1,7,False,False,,50.0,21723.0,0.0,21723.0,22.47,0.0,22.47,45.0,0.0,282.0,22.0,할인,재고 이동,56.844,다름,56.844,53.051,25.78,16.176
생수010,역삼점,이태원점,22.0,프로모션 추천,16092.0,프로모션 순비용이 재배치 비용보다 낮습니다.,20.19968676585748,8.620689655172415,12,8,48.8,후순위,16092.0,22.0,333,False,Greedy 선택 후보보다 우선순위가 낮음,2.97,2515,296,0,음료,292,89.0,21.0,223835.0,A,0.7843826476323568,1,100.0,99.8,3.61,DEAD,44.6,True,70.0,HIGH,유통기한 임박 | 소진일수 100일 초과,2.5,11.4,0.0,SAFE,"재고 여유 — 현재고(296), 재주문점(11)",0.0,154.7,52.1,70054.0,89.7,OVER,과잉 발주 위험 — 현재(294개) > EOQ(155개). 발주 주기 52일 권장,89.7,20.9,2.99,4.21,1.76,STABLE,99.1,0.0,WMA,0.0,40.9,10.0,8.4,10.0,7.5,5.0,FAIR,보통 매칭 · 폐기위험 높음 · 핵심(A)상품,1.01,50.3,STABLE,19.4,LOW,78.3,HIGH,32.8,0.0,60.8,0.3,30.0,50304.0,100.0,0.385,0.385,88.5,False,13.5,218,38.5,198,100.0,0.999,4.9,29.3,50.0,HOLD,50.0,2,99.8,69.8,28.3,disposal_risk,59.4,검토 필요,136,HEURISTIC 29% | ABC 14% | TURNOVER 14% | DISPOSAL_RISK 14% | SAFETY_STOCK 8% | EOQ 7% | DEMAND_FORECAST 7% | MATCH 5%,"['⏰ 유통기한 임박 (91%)', '❄️ 냉장·냉동 과잉 (80%)', '💸 배송비 상승 (100%)', '⚡ 복합 스트레스 (60%)']","{'재고위험': '24.9%', '판매가능성': '13.1%', '점포이동적합': '14.0%', '비용절감': '18.3%', '폐기회피이익': '13.7%', '실행가능성': '12.8%', '이력보정': '3.3%'}",True,True,False,True,False,True,61.8,32.8,54.0,55.3,72.0,40.5,52.3,52.4,0.0,44.1,검토,할인 판매,🏷️,290,HIGH,신뢰도 높음 ●,#2e7d32,,,44.1,검토,할인 판매,1,7,False,False,,50.0,33882.0,0.0,33882.0,35.98,0.0,35.98,72.0,0.0,296.0,22.0,할인,할인,62.135,일치,46.753,62.135,27.757,18.322
마카롱088,문래점,여의도점,14.0,프로모션 추천,13575.0,프로모션 순비용이 재배치 비용보다 낮습니다.,23.484729835552077,5.172413793103448,12,8,48.7,후순위,13575.0,14.0,334,False,Greedy 선택 후보보다 우선순위가 낮음,1.67,3309,397,3,디저트,390,50.0,12.0,165450.0,B,0.9184808590933068,2,60.0,238.2,1.51,DEAD,0.0,True,68.0,HIGH,유통기한 임박 | 소진일수 238일 초과,1.4,6.4,0.0,SAFE,"재고 여유 — 현재고(397), 재주문점(6)",0.0,85.8,51.4,71011.0,100.0,OVER,과잉 발주 위험 — 현재(396개) > EOQ(86개). 발주 주기 51일 권장,100.0,11.9,1.7,2.39,1.01,STABLE,233.5,0.0,WMA,0.0,36.9,10.0,8.4,6.0,7.5,5.0,POOR,낮은 매칭 · 폐기위험 높음,1.027,50.7,STABLE,35.0,LOW,69.6,MEDIUM,29.5,75.5,67.7,0.3,30.0,42016.0,84.0,0.385,0.385,88.5,False,13.0,262,40.8,145,100.0,0.999,4.9,36.5,50.0,HOLD,50.0,2,99.8,61.7,39.8,disposal_risk,43.8,모니터링,453,HEURISTIC 29% | ABC 14% | TURNOVER 14% | DISPOSAL_RISK 14% | SAFETY_STOCK 8% | EOQ 7% | DEMAND_FORECAST 7% | MATCH 5%,"['⏰ 유통기한 임박 (91%)', '❄️ 냉장·냉동 과잉 (80%)', '💸 배송비 상승 (100%)', '⚡ 복합 스트레스 (60%)']","{'재고위험': '24.9%', '판매가능성': '13.1%', '점포이동적합': '14.0%', '비용절감': '18.3%', '폐기회피이익': '13.7%', '실행가능성': '12.8%', '이력보정': '3.3%'}",True,True,False,True,False,True,43.1,32.9,53.4,56.8,62.4,70.3,52.1,50.4,0.0,24.9,검토,할인 판매,🏷️,393,HIGH,신뢰도 높음 ●,#2e7d32,,,24.9,검토,할인 판매,2,2,True,False,,50.0,15099.0,0.0,15099.0,15.11,0.0,15.11,30.0,0.0,397.0,14.0,할인,재고 이동,61.744,다름,61.744,57.49,27.202,13.224
핫바038,홍대점,교대점,36.0,프로모션 추천,20814.0,프로모션 순비용이 재배치 비용보다 낮습니다.,14.036805011746281,14.655172413793101,12,8,48.7,후순위,20814.0,36.0,335,False,Greedy 선택 후보보다 우선순위가 낮음,1.08,2004,337,4,간편식,331,32.0,8.0,64128.0,A,0.6428785429934019,1,100.0,315.9,1.14,DEAD,0.0,True,65.0,HIGH,유통기한 임박 | 소진일수 316일 초과,0.9,4.1,0.0,SAFE,"재고 여유 — 현재고(337), 재주문점(4)",0.0,94.6,87.6,41689.0,100.0,OVER,과잉 발주 위험 — 현재(336개) > EOQ(95개). 발주 주기 88일 권장,100.0,7.8,1.11,1.56,0.67,STABLE,302.4,0.0,WMA,0.0,40.9,10.0,8.4,10.0,7.5,5.0,FAIR,보통 매칭 · 폐기위험 높음 · 핵심(A)상품,1.058,51.5,STABLE,35.0,LOW,66.1,MEDIUM,31.8,51.0,60.3,0.3,30.0,65759.0,100.0,0.385,0.385,88.5,False,12.7,279,40.4,159,100.0,0.999,4.9,28.6,50.0,HOLD,50.0,2,99.8,69.7,22.5,disposal_risk,51.4,모니터링,321,HEURISTIC 29% | ABC 14% | TURNOVER 14% | DISPOSAL_RISK 14% | SAFETY_STOCK 8% | EOQ 7% | DEMAND_FORECAST 7% | MATCH 5%,"['⏰ 유통기한 임박 (91%)', '❄️ 냉장·냉동 과잉 (80%)', '💸 배송비 상승 (100%)', '⚡ 복합 스트레스 (60%)']","{'재고위험': '24.9%', '판매가능성': '13.1%', '점포이동적합': '14.0%', '비용절감': '18.3%', '폐기회피이익': '13.7%', '실행가능성': '12.8%', '이력보정': '3.3%'}",True,True,False,True,False,True,47.8,33.2,54.3,56.8,72.0,57.2,51.9,51.4,0.0,33.0,검토,할인 판매,🏷️,350,HIGH,신뢰도 높음 ●,#2e7d32,,,33.0,검토,할인 판매,2,3,False,False,,50.0,23730.0,0.0,23730.0,24.7,0.0,24.7,49.0,0.0,337.0,36.0,할인,재고 이동,59.48,다름,59.48,58.621,28.054,15.18
마카롱015,신림점,마포2점,54.0,재배치 추천,25215.0,프로모션 순비용이 재배치 비용보다 높습니다.,8.292873923257636,22.413793103448278,18,0,48.7,후순위,25215.0,54.0,336,False,Greedy 선택 후보보다 우선순위가 낮음,5.77,2785,340,3,디저트,316,173.0,40.0,481805.0,A,0.3993310944514818,1,100.0,59.0,6.11,NORMAL,67.2,False,52.5,MEDIUM,유통기한 임박,4.9,22.2,0.0,SAFE,"재고 여유 — 현재고(340), 재주문점(22)",0.0,173.9,30.1,121092.0,92.7,OVER,과잉 발주 위험 — 현재(335개) > EOQ(174개). 발주 주기 30일 권장,92.7,40.2,5.74,8.12,3.36,STABLE,59.2,0.1,WMA,0.1,36.1,10.0,3.6,10.0,7.5,5.0,POOR,낮은 매칭 · 핵심(A)상품,0.99,49.8,STABLE,11.7,LOW,69.6,MEDIUM,36.4,18.3,70.1,0.3,30.0,155253.0,100.0,0.385,0.385,88.5,False,10.4,421,28.6,383,100.0,0.999,4.9,38.7,50.0,HOLD,50.0,2,99.8,69.7,28.4,disposal_risk,57.6,검토 필요,175,HEURISTIC 29% | ABC 14% | TURNOVER 14% | DISPOSAL_RISK 14% | SAFETY_STOCK 8% | EOQ 7% | DEMAND_FORECAST 7% | MATCH 5%,"['⏰ 유통기한 임박 (91%)', '❄️ 냉장·냉동 과잉 (80%)', '💸 배송비 상승 (100%)', '⚡ 복합 스트레스 (60%)']","{'재고위험': '24.9%', '판매가능성': '13.1%', '점포이동적합': '14.0%', '비용절감': '18.3%', '폐기회피이익': '13.7%', '실행가능성': '12.8%', '이력보정': '3.3%'}",True,True,False,True,False,True,60.0,32.7,50.8,55.7,72.0,52.8,50.6,53.1,0.0,51.8,검토,보류,⏸️,249,HIGH,신뢰도 높음 ●,#2e7d32,,,51.8,검토,보류,1,6,False,False,,50.0,25215.0,0.0,25215.0,26.35,0.0,26.35,53.0,0.0,340.0,54.0,재고 이동,재고 이동,64.066,일치,64.066,53.142,27.24,17.138
핫바014,강남2점,노원점,23.0,프로모션 추천,16554.0,프로모션 순비용이 재배치 비용보다 낮습니다.,19.59671104150352,9.051724137931034,12,8,48.6,후순위,16554.0,23.0,337,False,Greedy 선택 후보보다 우선순위가 낮음,0.45,2476,266,0,간편식,266,14.0,3.0,34664.0,A,0.3125068104982006,1,100.0,570.0,0.63,DEAD,0.0,True,75.0,HIGH,유통기한 임박 | 소진일수 570일 초과,0.4,1.8,0.0,SAFE,"재고 여유 — 현재고(266), 재주문점(2)",0.0,54.9,122.0,29912.0,100.0,OVER,과잉 발주 위험 — 현재(266개) > EOQ(55개). 발주 주기 122일 권장,100.0,3.1,0.44,0.63,0.26,STABLE,600.6,0.0,WMA,0.0,40.9,10.0,8.4,10.0,7.5,5.0,FAIR,보통 매칭 · 폐기위험 높음 · 핵심(A)상품,0.952,48.8,STABLE,36.2,LOW,78.3,HIGH,31.9,51.6,91.3,0.3,30.0,51784.0,100.0,0.385,0.385,88.5,False,14.5,138,44.7,21,100.0,0.999,4.9,52.9,50.0,HOLD,50.0,2,99.8,69.7,19.7,disposal_risk,53.9,모니터링,261,HEURISTIC 29% | ABC 14% | TURNOVER 14% | DISPOSAL_RISK 14% | SAFETY_STOCK 8% | EOQ 7% | DEMAND_FORECAST 7% | MATCH 5%,"['⏰ 유통기한 임박 (91%)', '❄️ 냉장·냉동 과잉 (80%)', '💸 배송비 상승 (100%)', '⚡ 복합 스트레스 (60%)']","{'재고위험': '24.9%', '판매가능성': '13.1%', '점포이동적합': '14.0%', '비용절감': '18.3%', '폐기회피이익': '13.7%', '실행가능성': '12.8%', '이력보정': '3.3%'}",True,True,False,True,False,True,52.4,32.3,57.6,56.7,72.0,78.1,52.9,55.6,0.0,80.3,최적,할인 판매,🏷️,96,HIGH,신뢰도 높음 ●,#2e7d32,,,80.3,최적,할인 판매,3,1,False,False,,50.0,21588.0,0.0,21588.0,22.32,0.0,22.32,45.0,0.0,266.0,23.0,할인,할인,57.601,일치,56.6,57.601,27.225,15.433
핫바014,건대점,노원점,23.0,프로모션 추천,16554.0,프로모션 순비용이 재배치 비용보다 낮습니다.,19.59671104150352,9.051724137931034,12,8,48.6,후순위,16554.0,23.0,338,False,Greedy 선택 후보보다 우선순위가 낮음,8.61,2476,323,1,간편식,311,258.0,60.0,638808.0,A,0.3125068104982006,1,100.0,37.6,9.59,NORMAL,79.1,False,46.8,MEDIUM,유통기한 임박,7.4,33.2,0.0,SAFE,"재고 여유 — 현재고(323), 재주문점(33)",0.0,240.2,27.9,130838.0,31.4,OPTIMAL,"적정 발주 — EOQ(240개), 권장 발주 주기 28일",31.4,60.1,8.59,12.14,5.03,STABLE,37.6,3.0,WMA,3.0,36.2,10.0,3.75,10.0,7.5,5.0,POOR,낮은 매칭 · 핵심(A)상품,0.996,49.9,STABLE,7.4,LOW,76.6,HIGH,31.9,51.6,91.3,0.3,30.0,51784.0,100.0,0.385,0.385,88.5,False,33.1,29,25.5,453,100.0,0.999,4.9,52.9,50.0,HOLD,50.0,2,99.8,69.7,26.7,turnover,55.9,검토 필요,210,HEURISTIC 29% | ABC 14% | TURNOVER 14% | DISPOSAL_RISK 14% | SAFETY_STOCK 8% | EOQ 7% | DEMAND_FORECAST 7% | MATCH 5%,"['⏰ 유통기한 임박 (91%)', '❄️ 냉장·냉동 과잉 (80%)', '💸 배송비 상승 (100%)', '⚡ 복합 스트레스 (60%)']","{'재고위험': '24.9%', '판매가능성': '13.1%', '점포이동적합': '14.0%', '비용절감': '18.3%', '폐기회피이익': '13.7%', '실행가능성': '12.8%', '이력보정': '3.3%'}",True,True,False,True,False,True,60.5,34.2,51.7,46.4,72.0,78.1,63.1,55.1,0.0,74.7,권장,보류,⏸️,126,HIGH,신뢰도 높음 ●,#2e7d32,,,74.7,권장,보류,3,1,False,False,,50.0,22317.0,0.0,22317.0,23.13,0.0,23.13,46.0,0.0,323.0,23.0,할인,재고 이동,54.525,다름,54.525,48.635,23.567,18.037
핫바014,합정점,노원점,23.0,프로모션 추천,16554.0,프로모션 순비용이 재배치 비용보다 낮습니다.,19.59671104150352,9.051724137931034,12,8,48.6,후순위,16554.0,23.0,339,False,Greedy 선택 후보보다 우선순위가 낮음,1.27,2476,352,0,간편식,351,38.0,9.0,94088.0,A,0.3125068104982006,1,100.0,277.9,1.3,DEAD,0.0,True,75.0,HIGH,유통기한 임박 | 소진일수 278일 초과,1.1,4.9,0.0,SAFE,"재고 여유 — 현재고(352), 재주문점(5)",0.0,92.2,72.6,50250.0,100.0,OVER,과잉 발주 위험 — 현재(351개) > EOQ(92개). 발주 주기 73일 권장,100.0,9.0,1.29,1.81,0.76,STABLE,273.8,0.0,WMA,0.0,40.9,10.0,8.4,10.0,7.5,5.0,FAIR,보통 매칭 · 폐기위험 높음 · 핵심(A)상품,1.012,50.3,STABLE,35.0,LOW,78.3,HIGH,31.9,51.6,91.3,0.3,30.0,51784.0,100.0,0.385,0.385,88.5,False,14.5,138,44.4,27,100.0,0.999,4.9,52.9,50.0,HOLD,50.0,2,99.8,69.7,19.7,disposal_risk,53.9,모니터링,262,HEURISTIC 29% | ABC 14% | TURNOVER 14% | DISPOSAL_RISK 14% | SAFETY_STOCK 8% | EOQ 7% | DEMAND_FORECAST 7% | MATCH 5%,"['⏰ 유통기한 임박 (91%)', '❄️ 냉장·냉동 과잉 (80%)', '💸 배송비 상승 (100%)', '⚡ 복합 스트레스 (60%)']","{'재고위험': '24.9%', '판매가능성': '13.1%', '점포이동적합': '14.0%', '비용절감': '18.3%', '폐기회피이익': '13.7%', '실행가능성': '12.8%', '이력보정': '3.3%'}",True,True,False,True,False,True,52.2,32.8,57.6,56.7,72.0,78.1,52.9,55.6,0.0,80.7,최적,할인 판매,🏷️,94,HIGH,신뢰도 높음 ●,#2e7d32,,,80.7,최적,할인 판매,6,1,False,False,,50.0,28887.0,0.0,28887.0,30.43,0.0,30.43,61.0,0.0,352.0,23.0,할인,할인,64.295,일치,51.8,64.295,29.046,16.505
우유119,왕십리2점,청량리점,24.0,프로모션 추천,17001.0,프로모션 순비용이 재배치 비용보다 낮습니다.,19.013312451057164,9.482758620689655,12,8,48.5,후순위,17001.0,24.0,340,False,Greedy 선택 후보보다 우선순위가 낮음,3.63,2438,347,0,유제품,342,109.0,25.0,265742.0,A,0.2943586902021054,1,100.0,95.5,3.77,DEAD,46.9,True,78.0,HIGH,유통기한 임박 | 소진일수 96일 초과 | 신선/냉장 고위험 카테고리,3.1,14.0,0.0,SAFE,"재고 여유 — 현재고(347), 재주문점(14)",0.0,124.6,34.3,106329.0,100.0,OVER,과잉 발주 위험 — 현재(344개) > EOQ(125개). 발주 주기 34일 권장,100.0,25.2,3.6,5.1,2.1,STABLE,96.4,0.0,WMA,0.0,40.9,10.0,8.4,10.0,7.5,5.0,FAIR,보통 매칭 · 폐기위험 높음 · 핵심(A)상품,0.984,49.6,STABLE,19.0,LOW,78.3,HIGH,32.7,73.8,68.5,0.3,30.0,53213.0,100.0,0.385,0.385,88.5,True,15.0,114,41.6,109,100.0,0.999,4.9,37.2,50.0,HOLD,50.0,2,99.8,69.7,26.1,disposal_risk,62.3,검토 필요,95,HEURISTIC 29% | ABC 14% | TURNOVER 14% | DISPOSAL_RISK 14% | SAFETY_STOCK 8% | EOQ 7% | DEMAND_FORECAST 7% | MATCH 5%,"['⏰ 유통기한 임박 (91%)', '❄️ 냉장·냉동 과잉 (80%)', '💸 배송비 상승 (100%)', '⚡ 복합 스트레스 (60%)']","{'재고위험': '24.9%', '판매가능성': '13.1%', '점포이동적합': '14.0%', '비용절감': '18.3%', '폐기회피이익': '13.7%', '실행가능성': '12.8%', '이력보정': '3.3%'}",True,True,False,True,False,True,66.1,32.6,55.4,56.7,72.0,70.3,53.2,57.7,0.0,94.3,최적,할인 판매,🏷️,21,HIGH,신뢰도 높음 ●,#2e7d32,,,94.3,최적,할인 판매,6,2,False,False,,50.0,22218.0,0.0,22218.0,23.02,0.0,23.02,46.0,0.0,347.0,24.0,할인,재고 이동,61.2,다름,61.2,56.77,27.63,16.963
라면086,건대점,합정2점,25.0,재배치 추천,15873.0,프로모션 순비용이 재배치 비용보다 높습니다.,20.48551292090838,9.913793103448276,18,0,48.4,후순위,15873.0,25.0,341,False,Greedy 선택 후보보다 우선순위가 낮음,5.61,3405,356,5,간편식,317,168.0,39.0,572040.0,A,0.04778947291941071,1,100.0,63.6,5.66,SLOW,64.7,True,51.8,MEDIUM,유통기한 임박,4.8,21.6,0.0,SAFE,"재고 여유 — 현재고(356), 재주문점(22)",0.0,165.3,29.5,123851.0,100.0,OVER,과잉 발주 위험 — 현재(351개) > EOQ(165개). 발주 주기 30일 권장,100.0,39.1,5.59,7.9,3.27,STABLE,63.7,0.0,WMA,0.0,36.1,10.0,3.6,10.0,7.5,5.0,POOR,낮은 매칭 · 핵심(A)상품,0.993,49.8,STABLE,12.5,LOW,62.6,MEDIUM,37.9,60.8,84.8,0.3,30.0,86277.0,100.0,0.385,0.385,88.5,False,10.2,427,28.5,385,100.0,0.999,4.9,49.3,50.0,HOLD,50.0,2,99.8,69.7,29.0,disposal_risk,57.2,검토 필요,185,HEURISTIC 29% | ABC 14% | TURNOVER 14% | DISPOSAL_RISK 14% | SAFETY_STOCK 8% | EOQ 7% | DEMAND_FORECAST 7% | MATCH 5%,"['⏰ 유통기한 임박 (91%)', '❄️ 냉장·냉동 과잉 (80%)', '💸 배송비 상승 (100%)', '⚡ 복합 스트레스 (60%)']","{'재고위험': '24.9%', '판매가능성': '13.1%', '점포이동적합': '14.0%', '비용절감': '18.3%', '폐기회피이익': '13.7%', '실행가능성': '12.8%', '이력보정': '3.3%'}",True,True,False,True,False,True,59.0,32.6,51.9,56.6,72.0,76.8,50.5,56.2,0.0,86.8,최적,보류,⏸️,61,HIGH,신뢰도 높음 ●,#2e7d32,,,86.8,최적,보류,3,0,False,False,,50.0,15873.0,0.0,15873.0,15.97,0.0,15.97,32.0,0.0,356.0,25.0,재고 이동,재고 이동,67.137,일치,67.137,47.764,24.932,15.777
샐러드025,교대점,역삼2점,28.0,재배치 추천,16845.0,프로모션 순비용이 재배치 비용보다 높습니다.,19.216914643696164,11.206896551724139,18,0,48.4,후순위,16845.0,28.0,342,False,Greedy 선택 후보보다 우선순위가 낮음,4.56,3194,247,1,신선식품,241,137.0,32.0,437578.0,A,0.0749061101457343,1,100.0,54.1,6.66,NORMAL,69.9,False,60.0,HIGH,유통기한 임박 | 신선/냉장 고위험 카테고리,3.9,17.6,0.0,SAFE,"재고 여유 — 현재고(247), 재주문점(18)",0.0,122.0,26.8,136405.0,99.3,OVER,과잉 발주 위험 — 현재(243개) > EOQ(122개). 발주 주기 27일 권장,99.3,32.0,4.57,6.45,2.69,STABLE,54.0,0.8,WMA,0.8,40.9,10.0,8.44,10.0,7.5,5.0,FAIR,보통 매칭 · 폐기위험 높음 · 핵심(A)상품,1.003,50.1,STABLE,10.5,LOW,76.6,HIGH,25.7,36.3,72.3,0.3,30.0,90473.0,100.0,0.385,0.385,88.5,True,14.9,116,32.3,301,100.0,0.999,4.9,40.5,50.0,HOLD,50.0,2,99.8,69.7,27.6,disposal_risk,62.0,검토 필요,101,HEURISTIC 29% | ABC 14% | TURNOVER 14% | DISPOSAL_RISK 14% | SAFETY_STOCK 8% | EOQ 7% | DEMAND_FORECAST 7% | MATCH 5%,"['⏰ 유통기한 임박 (91%)', '❄️ 냉장·냉동 과잉 (80%)', '💸 배송비 상승 (100%)', '⚡ 복합 스트레스 (60%)']","{'재고위험': '24.9%', '판매가능성': '13.1%', '점포이동적합': '14.0%', '비용절감': '18.3%', '폐기회피이익': '13.7%', '실행가능성': '12.8%', '이력보정': '3.3%'}",True,True,False,True,False,True,64.0,33.1,53.9,56.5,72.0,60.3,53.1,55.7,0.0,83.5,최적,할인 판매,🏷️,79,HIGH,신뢰도 높음 ●,#2e7d32,,,83.5,최적,할인 판매,3,2,False,False,,50.0,16845.0,0.0,16845.0,17.05,0.0,17.05,34.0,0.0,247.0,28.0,재고 이동,재고 이동,64.054,일치,64.054,46.934,24.61,16.481
핫바038,상암점,건대2점,33.0,재배치 추천,18519.0,프로모션 순비용이 재배치 비용보다 높습니다.,17.032106499608457,13.36206896551724,18,0,48.4,후순위,18519.0,33.0,343,False,Greedy 선택 후보보다 우선순위가 낮음,2.49,2004,321,1,간편식,318,75.0,17.0,150300.0,A,0.6428785429934019,1,100.0,128.4,2.8,DEAD,28.7,True,73.0,HIGH,유통기한 임박 | 소진일수 128일 초과,2.1,9.6,0.0,SAFE,"재고 여유 — 현재고(321), 재주문점(10)",0.0,143.6,57.7,63300.0,100.0,OVER,과잉 발주 위험 — 현재(319개) > EOQ(144개). 발주 주기 58일 권장,100.0,17.2,2.46,3.48,1.43,STABLE,130.6,0.0,WMA,0.0,40.9,10.0,8.4,10.0,7.5,5.0,FAIR,보통 매칭 · 폐기위험 높음 · 핵심(A)상품,0.975,49.4,STABLE,25.7,LOW,76.6,HIGH,36.2,53.0,56.9,0.3,30.0,60839.0,100.0,0.385,0.385,88.5,False,14.1,163,41.2,128,100.0,0.999,4.9,24.3,50.0,HOLD,50.0,2,99.8,69.7,26.6,disposal_risk,57.9,검토 필요,168,HEURISTIC 29% | ABC 14% | TURNOVER 14% | DISPOSAL_RISK 14% | SAFETY_STOCK 8% | EOQ 7% | DEMAND_FORECAST 7% | MATCH 5%,"['⏰ 유통기한 임박 (91%)', '❄️ 냉장·냉동 과잉 (80%)', '💸 배송비 상승 (100%)', '⚡ 복합 스트레스 (60%)']","{'재고위험': '24.9%', '판매가능성': '13.1%', '점포이동적합': '14.0%', '비용절감': '18.3%', '폐기회피이익': '13.7%', '실행가능성': '12.8%', '이력보정': '3.3%'}",True,True,False,True,False,True,59.0,32.5,54.1,56.6,72.0,55.6,52.7,53.8,0.0,58.5,검토,할인 판매,🏷️,213,HIGH,신뢰도 높음 ●,#2e7d32,,,58.5,검토,할인 판매,1,5,False,False,,50.0,18519.0,0.0,18519.0,18.91,0.0,18.91,38.0,0.0,321.0,33.0,재고 이동,재고 이동,65.672,일치,65.672,54.929,27.384,15.528
마카롱026,동대문2점,선릉점,31.0,프로모션 추천,19374.0,프로모션 순비용이 재배치 비용보다 낮습니다.,15.91620986687549,12.5,12,8,48.4,후순위,19374.0,31.0,344,False,Greedy 선택 후보보다 우선순위가 낮음,8.78,2160,288,6,디저트,215,263.0,61.0,568080.0,A,0.2761574542214094,1,100.0,32.9,10.96,NORMAL,81.7,False,31.4,LOW,유통기한 임박,7.5,33.8,0.0,SAFE,"재고 여유 — 현재고(288), 재주문점(34)",0.0,243.6,27.7,131550.0,15.1,OPTIMAL,"적정 발주 — EOQ(244개), 권장 발주 주기 28일",15.1,61.2,8.74,12.36,5.12,STABLE,32.9,3.6,WMA,3.6,32.7,10.0,0.18,10.0,7.5,5.0,POOR,낮은 매칭 · 핵심(A)상품,0.993,49.8,STABLE,6.6,LOW,59.1,MEDIUM,34.9,53.5,62.1,0.3,30.0,60978.0,100.0,0.385,0.385,88.5,False,38.6,17,18.5,499,100.0,0.999,4.9,30.7,50.0,HOLD,50.0,2,99.8,69.7,25.1,turnover,50.6,모니터링,332,HEURISTIC 29% | ABC 14% | TURNOVER 14% | DISPOSAL_RISK 14% | SAFETY_STOCK 8% | EOQ 7% | DEMAND_FORECAST 7% | MATCH 5%,"['⏰ 유통기한 임박 (91%)', '❄️ 냉장·냉동 과잉 (80%)', '💸 배송비 상승 (100%)', '⚡ 복합 스트레스 (60%)']","{'재고위험': '24.9%', '판매가능성': '13.1%', '점포이동적합': '14.0%', '비용절감': '18.3%', '폐기회피이익': '13.7%', '실행가능성': '12.8%', '이력보정': '3.3%'}",True,True,False,True,False,True,54.3,34.4,46.5,43.9,72.0,59.2,66.1,50.0,0.0,23.3,검토,보류,⏸️,402,HIGH,신뢰도 높음 ●,#2e7d32,,,23.3,검토,보류,2,3,False,False,,50.0,36411.0,0.0,36411.0,38.79,0.0,38.79,78.0,0.0,288.0,31.0,할인,할인,53.759,일치,41.322,53.759,23.726,18.831
마카롱026,홍대점,선릉점,31.0,프로모션 추천,19374.0,프로모션 순비용이 재배치 비용보다 낮습니다.,15.91620986687549,12.5,12,8,48.4,후순위,19374.0,31.0,345,False,Greedy 선택 후보보다 우선순위가 낮음,4.29,2160,250,2,디저트,238,129.0,30.0,278640.0,A,0.2761574542214094,1,100.0,58.1,6.19,NORMAL,67.7,False,52.1,MEDIUM,유통기한 임박,3.7,16.6,0.0,SAFE,"재고 여유 — 현재고(250), 재주문점(17)",0.0,170.3,39.7,91954.0,44.6,OPTIMAL,"적정 발주 — EOQ(170개), 권장 발주 주기 40일",44.6,30.0,4.29,6.06,2.52,STABLE,58.3,0.2,WMA,0.2,36.1,10.0,3.61,10.0,7.5,5.0,POOR,낮은 매칭 · 핵심(A)상품,0.999,50.0,STABLE,11.4,LOW,73.1,HIGH,34.9,53.5,62.1,0.3,30.0,60978.0,100.0,0.385,0.385,88.5,False,10.6,416,28.4,386,100.0,0.999,4.9,30.7,50.0,HOLD,50.0,2,99.8,69.7,28.4,disposal_risk,54.0,모니터링,257,HEURISTIC 29% | ABC 14% | TURNOVER 14% | DISPOSAL_RISK 14% | SAFETY_STOCK 8% | EOQ 7% | DEMAND_FORECAST 7% | MATCH 5%,"['⏰ 유통기한 임박 (91%)', '❄️ 냉장·냉동 과잉 (80%)', '💸 배송비 상승 (100%)', '⚡ 복합 스트레스 (60%)']","{'재고위험': '24.9%', '판매가능성': '13.1%', '점포이동적합': '14.0%', '비용절감': '18.3%', '폐기회피이익': '13.7%', '실행가능성': '12.8%', '이력보정': '3.3%'}",True,True,False,True,False,True,59.9,32.8,50.0,48.3,72.0,59.2,50.7,52.5,0.0,45.1,검토,보류,⏸️,285,HIGH,신뢰도 높음 ●,#2e7d32,,,45.1,검토,보류,2,3,False,False,,50.0,37653.0,0.0,37653.0,40.17,0.0,40.17,80.0,0.0,250.0,31.0,할인,할인,58.176,일치,41.55,58.176,25.6,19.083
핫바014,합정점,구로점,22.0,재배치 추천,14937.0,프로모션 순비용이 재배치 비용보다 높습니다.,21.707126076742366,8.620689655172415,18,0,48.3,후순위,14937.0,22.0,346,False,Greedy 선택 후보보다 우선순위가 낮음,1.27,2476,352,0,간편식,351,38.0,9.0,94088.0,A,0.3125068104982006,1,100.0,277.9,1.3,DEAD,0.0,True,75.0,HIGH,유통기한 임박 | 소진일수 278일 초과,1.1,4.9,0.0,SAFE,"재고 여유 — 현재고(352), 재주문점(5)",0.0,92.2,72.6,50250.0,100.0,OVER,과잉 발주 위험 — 현재(351개) > EOQ(92개). 발주 주기 73일 권장,100.0,9.0,1.29,1.81,0.76,STABLE,273.8,0.0,WMA,0.0,40.9,10.0,8.4,10.0,7.5,5.0,FAIR,보통 매칭 · 폐기위험 높음 · 핵심(A)상품,1.012,50.3,STABLE,35.0,LOW,78.3,HIGH,29.7,60.3,79.5,0.3,30.0,50429.0,100.0,0.385,0.385,88.5,False,14.5,138,44.3,30,100.0,0.999,4.9,45.9,50.0,HOLD,50.0,2,99.8,69.7,19.8,disposal_risk,53.6,모니터링,270,HEURISTIC 29% | ABC 14% | TURNOVER 14% | DISPOSAL_RISK 14% | SAFETY_STOCK 8% | EOQ 7% | DEMAND_FORECAST 7% | MATCH 5%,"['⏰ 유통기한 임박 (91%)', '❄️ 냉장·냉동 과잉 (80%)', '💸 배송비 상승 (100%)', '⚡ 복합 스트레스 (60%)']","{'재고위험': '24.9%', '판매가능성': '13.1%', '점포이동적합': '14.0%', '비용절감': '18.3%', '폐기회피이익': '13.7%', '실행가능성': '12.8%', '이력보정': '3.3%'}",True,True,False,True,False,True,52.2,32.8,56.9,56.6,72.0,73.1,52.9,54.8,0.0,71.0,권장,할인 판매,🏷️,146,HIGH,신뢰도 높음 ●,#2e7d32,,,71.0,권장,할인 판매,6,2,False,False,,50.0,14937.0,0.0,14937.0,14.93,0.0,14.93,30.0,0.0,352.0,22.0,재고 이동,재고 이동,66.666,일치,66.666,55.926,27.312,14.14
컵밥065,합정점,홍대2점,25.0,재배치 추천,16008.0,프로모션 순비용이 재배치 비용보다 높습니다.,20.309318715740016,9.913793103448276,18,0,48.2,후순위,16008.0,25.0,347,False,Greedy 선택 후보보다 우선순위가 낮음,2.57,2479,355,4,간편식,341,77.0,18.0,190883.0,A,0.594828172680739,1,100.0,138.3,2.6,DEAD,23.2,True,65.0,HIGH,유통기한 임박 | 소진일수 138일 초과,2.2,9.9,0.0,SAFE,"재고 여유 — 현재고(355), 재주문점(10)",0.0,131.1,51.0,71526.0,100.0,OVER,과잉 발주 위험 — 현재(353개) > EOQ(131개). 발주 주기 51일 권장,100.0,18.0,2.57,3.63,1.51,STABLE,138.1,0.0,WMA,0.0,40.9,10.0,8.4,10.0,7.5,5.0,FAIR,보통 매칭 · 폐기위험 높음 · 핵심(A)상품,1.001,50.0,STABLE,26.9,LOW,66.1,MEDIUM,36.4,87.0,64.3,0.3,30.0,58362.0,100.0,0.385,0.385,88.5,False,12.8,273,38.3,202,100.0,0.999,4.9,33.1,50.0,HOLD,50.0,1,100.0,69.6,28.0,disposal_risk,54.8,모니터링,241,HEURISTIC 29% | ABC 14% | TURNOVER 14% | DISPOSAL_RISK 14% | SAFETY_STOCK 8% | EOQ 7% | DEMAND_FORECAST 7% | MATCH 5%,"['⏰ 유통기한 임박 (91%)', '❄️ 냉장·냉동 과잉 (80%)', '💸 배송비 상승 (100%)', '⚡ 복합 스트레스 (60%)']","{'재고위험': '24.9%', '판매가능성': '13.1%', '점포이동적합': '14.0%', '비용절감': '18.3%', '폐기회피이익': '13.7%', '실행가능성': '12.8%', '이력보정': '3.3%'}",True,True,False,True,False,True,53.9,32.7,54.4,56.5,72.0,71.9,52.0,54.7,0.0,70.0,권장,할인 판매,🏷️,151,HIGH,신뢰도 높음 ●,#2e7d32,,,70.0,권장,할인 판매,6,3,False,False,,50.0,16008.0,0.0,16008.0,16.12,0.0,16.12,32.0,0.0,355.0,25.0,재고 이동,재고 이동,66.47,일치,66.47,53.054,26.495,14.756
아이스크림085,문래점,여의도2점,25.0,재배치 추천,16026.0,프로모션 순비용이 재배치 비용보다 높습니다.,20.285826155050902,9.913793103448276,18,0,48.2,후순위,16026.0,25.0,348,False,Greedy 선택 후보보다 우선순위가 낮음,1.17,2932,330,20,디저트,298,35.0,8.0,102620.0,A,0.3474431199272941,1,100.0,282.9,1.27,DEAD,0.0,True,37.5,LOW,소진일수 283일 초과,1.0,4.5,0.0,SAFE,"재고 여유 — 현재고(330), 재주문점(4)",0.0,76.3,65.2,55949.0,100.0,OVER,과잉 발주 위험 — 현재(329개) > EOQ(76개). 발주 주기 65일 권장,100.0,8.1,1.16,1.64,0.67,STABLE,285.2,0.0,WMA,0.0,32.5,10.0,0.0,10.0,7.5,5.0,POOR,낮은 매칭 · 핵심(A)상품,0.977,49.4,STABLE,35.6,LOW,43.3,MEDIUM,30.8,61.0,77.8,0.3,30.0,71934.0,100.0,0.385,0.385,88.5,False,8.1,476,27.8,400,100.0,0.999,4.9,44.7,50.0,HOLD,50.0,2,99.8,69.6,27.0,disposal_risk,41.7,모니터링,470,HEURISTIC 29% | ABC 14% | TURNOVER 14% | DISPOSAL_RISK 14% | SAFETY_STOCK 8% | EOQ 7% | DEMAND_FORECAST 7% | MATCH 5%,"['⏰ 유통기한 임박 (91%)', '❄️ 냉장·냉동 과잉 (80%)', '💸 배송비 상승 (100%)', '⚡ 복합 스트레스 (60%)']","{'재고위험': '24.9%', '판매가능성': '13.1%', '점포이동적합': '14.0%', '비용절감': '18.3%', '폐기회피이익': '13.7%', '실행가능성': '12.8%', '이력보정': '3.3%'}",True,True,False,True,False,True,35.4,32.5,49.7,56.5,72.0,72.2,49.4,49.5,0.0,21.6,검토,보류,⏸️,411,HIGH,신뢰도 높음 ●,#2e7d32,,,21.6,검토,보류,2,0,False,False,,50.0,16026.0,0.0,16026.0,16.14,0.0,16.14,32.0,0.0,330.0,25.0,재고 이동,재고 이동,62.128,일치,62.128,49.374,24.584,13.35
삼각김밥070,청량리점,노원점,38.0,프로모션 추천,21867.0,프로모션 순비용이 재배치 비용보다 낮습니다.,12.662490211433045,15.517241379310345,12,8,48.2,후순위,21867.0,38.0,349,False,Greedy 선택 후보보다 우선순위가 낮음,3.94,1995,356,4,간편식,334,118.0,28.0,235410.0,A,0.7940246087095224,1,100.0,90.5,3.98,DEAD,49.7,True,65.0,HIGH,유통기한 임박 | 소진일수 90일 초과,3.4,15.2,0.0,SAFE,"재고 여유 — 현재고(356), 재주문점(15)",0.0,181.0,45.9,79447.0,94.8,OVER,과잉 발주 위험 — 현재(353개) > EOQ(181개). 발주 주기 46일 권장,94.8,27.8,3.97,5.6,2.35,STABLE,89.6,0.0,WMA,0.0,40.9,10.0,8.4,10.0,7.5,5.0,FAIR,보통 매칭 · 폐기위험 높음 · 핵심(A)상품,1.015,50.4,STABLE,17.6,LOW,66.1,MEDIUM,31.9,51.6,91.3,0.3,30.0,69105.0,100.0,0.385,0.385,88.5,False,12.8,273,36.0,250,100.0,0.999,4.9,52.9,50.0,HOLD,50.0,2,99.8,69.6,29.3,disposal_risk,58.8,검토 필요,148,HEURISTIC 29% | ABC 14% | TURNOVER 14% | DISPOSAL_RISK 14% | SAFETY_STOCK 8% | EOQ 7% | DEMAND_FORECAST 7% | MATCH 5%,"['⏰ 유통기한 임박 (91%)', '❄️ 냉장·냉동 과잉 (80%)', '💸 배송비 상승 (100%)', '⚡ 복합 스트레스 (60%)']","{'재고위험': '24.9%', '판매가능성': '13.1%', '점포이동적합': '14.0%', '비용절감': '18.3%', '폐기회피이익': '13.7%', '실행가능성': '12.8%', '이력보정': '3.3%'}",True,True,False,True,False,True,60.9,32.8,55.9,55.7,72.0,78.1,52.0,57.3,0.0,92.8,최적,할인 판매,🏷️,29,HIGH,신뢰도 높음 ●,#2e7d32,,,92.8,최적,할인 판매,2,1,False,False,,50.0,30732.0,0.0,30732.0,32.48,0.0,32.48,65.0,0.0,356.0,38.0,할인,할인,59.537,일치,54.764,59.537,28.292,17.91
요거트104,이태원점,선릉2점,29.0,재배치 추천,17610.0,프로모션 순비용이 재배치 비용보다 높습니다.,18.21848081440877,11.637931034482758,18,0,47.9,후순위,17610.0,29.0,350,False,Greedy 선택 후보보다 우선순위가 낮음,5.03,2928,293,3,유제품,272,151.0,35.0,442128.0,B,0.8311441504147848,2,60.0,58.2,6.18,NORMAL,67.7,False,60.1,HIGH,유통기한 임박 | 신선/냉장 고위험 카테고리,4.3,19.4,0.0,SAFE,"재고 여유 — 현재고(293), 재주문점(19)",0.0,133.8,26.6,137167.0,100.0,OVER,과잉 발주 위험 — 현재(289개) > EOQ(134개). 발주 주기 27일 권장,100.0,35.1,5.01,7.09,2.94,STABLE,58.4,0.2,WMA,0.2,36.9,10.0,8.41,6.0,7.5,5.0,POOR,낮은 매칭 · 폐기위험 높음,0.994,49.9,STABLE,11.5,LOW,69.6,MEDIUM,40.3,74.2,100.0,0.3,30.0,84284.0,100.0,0.385,0.385,88.5,True,12.1,333,31.7,309,100.0,0.999,4.9,57.0,50.0,HOLD,50.0,2,99.8,69.6,43.3,disposal_risk,52.4,모니터링,292,HEURISTIC 29% | ABC 14% | TURNOVER 14% | DISPOSAL_RISK 14% | SAFETY_STOCK 8% | EOQ 7% | DEMAND_FORECAST 7% | MATCH 5%,"['⏰ 유통기한 임박 (91%)', '❄️ 냉장·냉동 과잉 (80%)', '💸 배송비 상승 (100%)', '⚡ 복합 스트레스 (60%)']","{'재고위험': '24.9%', '판매가능성': '13.1%', '점포이동적합': '14.0%', '비용절감': '18.3%', '폐기회피이익': '13.7%', '실행가능성': '12.8%', '이력보정': '3.3%'}",True,True,False,True,False,True,57.5,32.8,53.6,56.3,72.0,91.4,51.6,58.0,0.0,95.4,최적,할인 판매,🏷️,15,HIGH,신뢰도 높음 ●,#2e7d32,,,95.4,최적,할인 판매,7,6,False,False,,50.0,17610.0,0.0,17610.0,17.9,0.0,17.9,36.0,0.0,293.0,29.0,재고 이동,재고 이동,61.347,일치,61.347,50.397,25.57,15.601
핫바033,왕십리2점,잠실2점,46.0,재배치 추천,23163.0,프로모션 순비용이 재배치 비용보다 높습니다.,10.971025841816758,18.96551724137931,18,0,47.9,후순위,23163.0,46.0,351,False,Greedy 선택 후보보다 우선순위가 낮음,2.06,3149,318,3,간편식,310,62.0,14.0,195238.0,A,0.5412696626654718,1,100.0,153.9,2.34,DEAD,14.5,True,73.0,HIGH,유통기한 임박 | 소진일수 154일 초과,1.8,8.0,0.0,SAFE,"재고 여유 — 현재고(318), 재주문점(8)",0.0,104.2,50.6,72173.0,100.0,OVER,과잉 발주 위험 — 현재(316개) > EOQ(104개). 발주 주기 51일 권장,100.0,14.2,2.03,2.88,1.18,STABLE,156.8,0.0,WMA,0.0,40.9,10.0,8.4,10.0,7.5,5.0,FAIR,보통 매칭 · 폐기위험 높음 · 핵심(A)상품,0.971,49.3,STABLE,30.7,LOW,69.6,MEDIUM,28.1,52.7,74.6,0.3,30.0,150662.0,100.0,0.385,0.385,88.5,False,14.2,157,42.4,82,100.0,0.999,4.9,42.4,50.0,HOLD,50.0,2,99.8,69.6,24.3,disposal_risk,55.2,검토 필요,234,HEURISTIC 29% | ABC 14% | TURNOVER 14% | DISPOSAL_RISK 14% | SAFETY_STOCK 8% | EOQ 7% | DEMAND_FORECAST 7% | MATCH 5%,"['⏰ 유통기한 임박 (91%)', '❄️ 냉장·냉동 과잉 (80%)', '💸 배송비 상승 (100%)', '⚡ 복합 스트레스 (60%)']","{'재고위험': '24.9%', '판매가능성': '13.1%', '점포이동적합': '14.0%', '비용절감': '18.3%', '폐기회피이익': '13.7%', '실행가능성': '12.8%', '이력보정': '3.3%'}",True,True,False,True,False,True,55.3,32.5,56.1,56.3,72.0,67.3,52.7,54.6,0.0,68.6,권장,할인 판매,🏷️,159,HIGH,신뢰도 높음 ●,#2e7d32,,,68.6,권장,할인 판매,6,4,False,False,,50.0,23163.0,0.0,23163.0,24.07,0.0,24.07,48.0,0.0,318.0,46.0,재고 이동,재고 이동,63.356,일치,63.356,58.31,28.635,15.607
마카롱088,혜화점,종로점,15.0,프로모션 추천,14545.0,프로모션 순비용이 재배치 비용보다 낮습니다.,22.21874184286087,5.603448275862069,12,8,47.8,후순위,14545.0,15.0,352,False,Greedy 선택 후보보다 우선순위가 낮음,1.68,3309,333,2,디저트,329,50.0,12.0,165450.0,B,0.9184808590933068,2,60.0,199.8,1.8,DEAD,0.0,True,68.0,HIGH,유통기한 임박 | 소진일수 200일 초과,1.4,6.4,0.0,SAFE,"재고 여유 — 현재고(333), 재주문점(6)",0.0,86.1,51.2,71223.0,100.0,OVER,과잉 발주 위험 — 현재(332개) > EOQ(86개). 발주 주기 51일 권장,100.0,11.9,1.7,2.39,1.01,STABLE,195.9,0.0,WMA,0.0,36.9,10.0,8.4,6.0,7.5,5.0,POOR,낮은 매칭 · 폐기위험 높음,1.02,50.5,STABLE,35.0,LOW,73.1,HIGH,35.9,71.9,45.6,0.3,30.0,45017.0,90.0,0.385,0.385,88.5,False,13.1,256,40.7,155,100.0,0.999,4.9,5.6,50.0,HOLD,50.0,2,99.8,64.6,40.0,disposal_risk,43.0,모니터링,462,HEURISTIC 29% | ABC 14% | TURNOVER 14% | DISPOSAL_RISK 14% | SAFETY_STOCK 8% | EOQ 7% | DEMAND_FORECAST 7% | MATCH 5%,"['⏰ 유통기한 임박 (91%)', '❄️ 냉장·냉동 과잉 (80%)', '💸 배송비 상승 (100%)', '⚡ 복합 스트레스 (60%)']","{'재고위험': '24.9%', '판매가능성': '13.1%', '점포이동적합': '14.0%', '비용절감': '18.3%', '폐기회피이익': '13.7%', '실행가능성': '12.8%', '이력보정': '3.3%'}",True,True,False,True,False,True,43.1,32.8,50.3,56.3,66.0,54.4,52.1,48.4,0.0,16.9,검토,할인 판매,🏷️,436,HIGH,신뢰도 높음 ●,#2e7d32,,,16.9,검토,할인 판매,7,2,False,False,,50.0,16827.0,0.0,16827.0,17.03,0.0,17.03,34.0,0.0,333.0,15.0,할인,재고 이동,57.608,다름,57.608,56.487,26.636,13.563
케이크017,상암점,성수2점,20.0,재배치 추천,14676.0,프로모션 순비용이 재배치 비용보다 높습니다.,22.047768206734535,7.758620689655173,18,0,47.8,후순위,14676.0,20.0,353,False,Greedy 선택 후보보다 우선순위가 낮음,4.43,3543,356,0,디저트,350,133.0,31.0,471219.0,A,0.12837842519948908,1,100.0,80.3,4.48,SLOW,55.4,True,65.2,HIGH,유통기한 임박 | 소진일수 80일 초과,3.8,17.1,0.0,SAFE,"재고 여유 — 현재고(356), 재주문점(17)",0.0,135.1,30.5,119675.0,100.0,OVER,과잉 발주 위험 — 현재(352개) > EOQ(135개). 발주 주기 30일 권장,100.0,31.0,4.43,6.26,2.6,STABLE,80.4,0.0,WMA,0.0,40.9,10.0,8.4,10.0,7.5,5.0,FAIR,보통 매칭 · 폐기위험 높음 · 핵심(A)상품,1.0,50.0,STABLE,15.6,LOW,78.3,HIGH,40.7,41.4,71.9,0.3,30.0,70356.0,100.0,0.385,0.385,88.5,False,12.9,266,35.6,256,100.0,0.999,4.9,40.2,50.0,HOLD,50.0,2,99.8,69.6,28.8,disposal_risk,59.8,검토 필요,125,HEURISTIC 29% | ABC 14% | TURNOVER 14% | DISPOSAL_RISK 14% | SAFETY_STOCK 8% | EOQ 7% | DEMAND_FORECAST 7% | MATCH 5%,"['⏰ 유통기한 임박 (91%)', '❄️ 냉장·냉동 과잉 (80%)', '💸 배송비 상승 (100%)', '⚡ 복합 스트레스 (60%)']","{'재고위험': '24.9%', '판매가능성': '13.1%', '점포이동적합': '14.0%', '비용절감': '18.3%', '폐기회피이익': '13.7%', '실행가능성': '12.8%', '이력보정': '3.3%'}",True,True,False,True,False,True,62.5,32.7,54.5,56.3,72.0,61.7,52.0,55.5,0.0,80.1,최적,할인 판매,🏷️,97,HIGH,신뢰도 높음 ●,#2e7d32,,,80.1,최적,할인 판매,1,1,True,False,,50.0,14676.0,0.0,14676.0,14.64,0.0,14.64,29.0,0.0,356.0,20.0,재고 이동,재고 이동,67.8,일치,67.8,49.637,25.539,15.634
샐러드077,용산점,용산2점,25.0,프로모션 추천,17866.0,프로모션 순비용이 재배치 비용보다 낮습니다.,17.884364395719132,9.913793103448276,12,8,47.8,후순위,17866.0,25.0,354,False,Greedy 선택 후보보다 우선순위가 낮음,4.44,2459,330,4,신선식품,306,133.0,31.0,327047.0,A,0.43304685537943377,1,100.0,74.4,4.84,SLOW,58.7,True,62.2,HIGH,유통기한 임박 | 소진일수 74일 초과 | 신선/냉장 고위험 카테고리,3.8,17.1,0.0,SAFE,"재고 여유 — 현재고(330), 재주문점(17)",0.0,137.2,30.9,118100.0,100.0,OVER,과잉 발주 위험 — 현재(326개) > EOQ(137개). 발주 주기 31일 권장,100.0,31.0,4.43,6.26,2.6,STABLE,74.5,0.0,WMA,0.0,40.9,10.0,8.4,10.0,7.5,5.0,FAIR,보통 매칭 · 폐기위험 높음 · 핵심(A)상품,0.997,49.9,STABLE,14.5,LOW,66.1,MEDIUM,36.5,46.9,72.2,0.3,30.0,55904.0,100.0,0.385,0.385,88.5,True,12.3,318,34.1,284,100.0,0.999,4.9,40.4,50.0,HOLD,50.0,2,99.8,69.6,28.9,disposal_risk,59.6,검토 필요,131,HEURISTIC 29% | ABC 14% | TURNOVER 14% | DISPOSAL_RISK 14% | SAFETY_STOCK 8% | EOQ 7% | DEMAND_FORECAST 7% | MATCH 5%,"['⏰ 유통기한 임박 (91%)', '❄️ 냉장·냉동 과잉 (80%)', '💸 배송비 상승 (100%)', '⚡ 복합 스트레스 (60%)']","{'재고위험': '24.9%', '판매가능성': '13.1%', '점포이동적합': '14.0%', '비용절감': '18.3%', '폐기회피이익': '13.7%', '실행가능성': '12.8%', '이력보정': '3.3%'}",True,True,False,True,False,True,62.0,32.7,54.3,56.3,72.0,63.8,51.7,55.6,0.0,81.8,최적,할인 판매,🏷️,88,HIGH,신뢰도 높음 ●,#2e7d32,,,81.8,최적,할인 판매,0,5,False,False,,50.0,21903.0,0.0,21903.0,22.67,0.0,22.67,45.0,0.0,330.0,25.0,할인,재고 이동,60.075,다름,60.075,51.958,25.957,16.845
도시락110,상암점,왕십리2점,27.0,프로모션 추천,18567.0,프로모션 순비용이 재배치 비용보다 낮습니다.,16.96945967110415,10.775862068965516,12,8,47.7,후순위,18567.0,27.0,355,False,Greedy 선택 후보보다 우선순위가 낮음,4.28,2369,335,0,신선식품,330,128.0,30.0,303232.0,A,0.49664048496044355,1,100.0,78.5,4.59,SLOW,56.4,True,74.3,HIGH,유통기한 임박 | 소진일수 78일 초과 | 신선/냉장 고위험 카테고리,3.7,16.5,0.0,SAFE,"재고 여유 — 현재고(335), 재주문점(16)",0.0,137.3,32.1,113811.0,100.0,OVER,과잉 발주 위험 — 현재(331개) > EOQ(137개). 발주 주기 32일 권장,100.0,30.0,4.29,6.05,2.52,STABLE,78.2,0.0,WMA,0.0,40.9,10.0,8.4,10.0,7.5,5.0,FAIR,보통 매칭 · 폐기위험 높음 · 핵심(A)상품,1.001,50.0,STABLE,15.2,LOW,78.3,HIGH,43.6,64.5,83.5,0.3,30.0,58189.0,100.0,0.385,0.385,88.5,True,14.4,144,39.1,184,100.0,0.999,4.9,48.5,50.0,HOLD,50.0,2,99.8,69.5,26.6,disposal_risk,62.2,검토 필요,98,HEURISTIC 29% | ABC 14% | TURNOVER 14% | DISPOSAL_RISK 14% | SAFETY_STOCK 8% | EOQ 7% | DEMAND_FORECAST 7% | MATCH 5%,"['⏰ 유통기한 임박 (91%)', '❄️ 냉장·냉동 과잉 (80%)', '💸 배송비 상승 (100%)', '⚡ 복합 스트레스 (60%)']","{'재고위험': '24.9%', '판매가능성': '13.1%', '점포이동적합': '14.0%', '비용절감': '18.3%', '폐기회피이익': '13.7%', '실행가능성': '12.8%', '이력보정': '3.3%'}",True,True,False,True,False,True,66.9,32.7,56.1,56.2,72.0,77.2,52.8,58.8,0.0,97.6,최적,할인 판매,🏷️,3,HIGH,신뢰도 높음 ●,#2e7d32,,,97.6,최적,할인 판매,1,6,False,False,,50.0,32721.0,0.0,32721.0,34.69,0.0,34.69,69.0,0.0,335.0,27.0,할인,할인,61.235,일치,51.21,61.235,28.317,18.498
도시락007,문래점,역삼점,21.0,재배치 추천,15198.0,프로모션 순비용이 재배치 비용보다 높습니다.,21.366483946750193,8.189655172413794,18,0,47.6,후순위,15198.0,21.0,356,False,Greedy 선택 후보보다 우선순위가 낮음,1.9,3025,305,4,신선식품,295,57.0,13.0,172425.0,A,0.6072939149445852,1,100.0,160.5,2.24,DEAD,10.8,True,70.0,HIGH,유통기한 임박 | 소진일수 160일 초과 | 신선/냉장 고위험 카테고리,1.6,7.3,0.0,SAFE,"재고 여유 — 현재고(305), 재주문점(7)",0.0,80.9,42.6,85688.0,100.0,OVER,과잉 발주 위험 — 현재(303개) > EOQ(81개). 발주 주기 43일 권장,100.0,13.1,1.87,2.66,1.09,STABLE,163.0,0.0,WMA,0.0,40.9,10.0,8.4,10.0,7.5,5.0,FAIR,보통 매칭 · 폐기위험 높음 · 핵심(A)상품,0.977,49.4,STABLE,31.8,LOW,66.1,MEDIUM,40.1,75.5,74.5,0.3,30.0,61032.0,100.0,0.385,0.385,88.5,True,13.7,193,41.5,113,100.0,0.999,4.9,42.2,50.0,HOLD,50.0,2,99.8,69.5,24.3,disposal_risk,53.5,모니터링,273,HEURISTIC 29% | ABC 14% | TURNOVER 14% | DISPOSAL_RISK 14% | SAFETY_STOCK 8% | EOQ 7% | DEMAND_FORECAST 7% | MATCH 5%,"['⏰ 유통기한 임박 (91%)', '❄️ 냉장·냉동 과잉 (80%)', '💸 배송비 상승 (100%)', '⚡ 복합 스트레스 (60%)']","{'재고위험': '24.9%', '판매가능성': '13.1%', '점포이동적합': '14.0%', '비용절감': '18.3%', '폐기회피이익': '13.7%', '실행가능성': '12.8%', '이력보정': '3.3%'}",True,True,False,True,False,True,52.9,32.5,55.9,56.2,72.0,74.8,52.4,55.0,0.0,72.3,권장,할인 판매,🏷️,139,HIGH,신뢰도 높음 ●,#2e7d32,,,72.3,권장,할인 판매,2,1,False,False,,50.0,15198.0,0.0,15198.0,15.22,0.0,15.22,30.0,0.0,305.0,21.0,재고 이동,재고 이동,64.321,일치,64.321,52.746,26.121,14.446
커피031,잠원점,노원2점,26.0,재배치 추천,16836.0,프로모션 순비용이 재배치 비용보다 높습니다.,19.22866092404072,10.344827586206897,18,0,47.6,후순위,16836.0,26.0,357,False,Greedy 선택 후보보다 우선순위가 낮음,0.64,3172,313,1,음료,313,19.0,4.0,60268.0,A,0.44954488468191184,1,100.0,494.2,0.73,DEAD,0.0,True,68.0,HIGH,유통기한 임박 | 소진일수 494일 초과,0.5,2.4,0.0,SAFE,"재고 여유 — 현재고(313), 재주문점(2)",0.0,64.0,100.0,36521.0,100.0,OVER,과잉 발주 위험 — 현재(312개) > EOQ(64개). 발주 주기 100일 권장,100.0,4.2,0.6,0.86,0.34,DECREASING,521.7,0.0,WMA,0.0,40.9,10.0,8.4,10.0,7.5,5.0,FAIR,보통 매칭 · 폐기위험 높음 · 핵심(A)상품,0.893,47.3,DECLINING,37.7,LOW,76.6,HIGH,26.9,76.4,88.0,0.3,30.0,82130.0,100.0,0.385,0.385,88.5,False,13.4,227,42.2,87,100.0,0.999,4.9,51.1,50.0,HOLD,50.0,2,99.8,69.5,21.8,disposal_risk,51.2,모니터링,324,HEURISTIC 29% | ABC 14% | TURNOVER 14% | DISPOSAL_RISK 14% | SAFETY_STOCK 8% | EOQ 7% | DEMAND_FORECAST 7% | MATCH 5%,"['⏰ 유통기한 임박 (91%)', '❄️ 냉장·냉동 과잉 (80%)', '💸 배송비 상승 (100%)', '⚡ 복합 스트레스 (60%)']","{'재고위험': '24.9%', '판매가능성': '13.1%', '점포이동적합': '14.0%', '비용절감': '18.3%', '폐기회피이익': '13.7%', '실행가능성': '12.8%', '이력보정': '3.3%'}",True,True,False,True,False,True,49.4,31.9,57.0,56.2,72.0,84.1,52.3,55.3,0.0,77.7,권장,할인 판매,🏷️,110,HIGH,신뢰도 높음 ●,#2e7d32,,,77.7,권장,할인 판매,2,2,True,False,,50.0,16836.0,0.0,16836.0,17.04,0.0,17.04,34.0,0.0,313.0,26.0,재고 이동,재고 이동,63.494,일치,63.494,54.392,26.663,14.236
생수035,선릉2점,신촌2점,28.0,재배치 추천,17484.0,프로모션 순비용이 재배치 비용보다 높습니다.,18.382928739232575,11.206896551724139,18,0,47.6,후순위,17484.0,28.0,358,False,Greedy 선택 후보보다 우선순위가 낮음,8.15,2766,361,0,음료,350,244.0,57.0,674904.0,A,0.6311245012922923,1,100.0,44.4,8.11,NORMAL,75.3,False,47.2,MEDIUM,유통기한 임박,7.0,31.4,0.0,SAFE,"재고 여유 — 현재고(361), 재주문점(31)",0.0,244.4,30.0,121699.0,44.8,OPTIMAL,"적정 발주 — EOQ(244개), 권장 발주 주기 30일",44.8,57.0,8.14,11.5,4.78,STABLE,44.3,2.1,WMA,2.1,36.2,10.0,3.7,10.0,7.5,5.0,POOR,낮은 매칭 · 핵심(A)상품,0.999,50.0,STABLE,8.6,LOW,78.3,HIGH,24.3,43.2,61.1,0.3,30.0,75454.0,100.0,0.385,0.385,88.5,False,24.3,50,25.9,446,100.0,0.999,4.9,29.5,50.0,HOLD,50.0,2,99.8,69.5,27.5,turnover,54.8,모니터링,243,HEURISTIC 29% | ABC 14% | TURNOVER 14% | DISPOSAL_RISK 14% | SAFETY_STOCK 8% | EOQ 7% | DEMAND_FORECAST 7% | MATCH 5%,"['⏰ 유통기한 임박 (91%)', '❄️ 냉장·냉동 과잉 (80%)', '💸 배송비 상승 (100%)', '⚡ 복합 스트레스 (60%)']","{'재고위험': '24.9%', '판매가능성': '13.1%', '점포이동적합': '14.0%', '비용절감': '18.3%', '폐기회피이익': '13.7%', '실행가능성': '12.8%', '이력보정': '3.3%'}",True,True,False,True,False,True,59.7,33.8,49.4,47.9,72.0,55.1,58.3,51.9,0.0,37.2,검토,보류,⏸️,327,HIGH,신뢰도 높음 ●,#2e7d32,,,37.2,검토,보류,6,3,False,False,,50.0,17484.0,0.0,17484.0,17.76,0.0,17.76,36.0,0.0,361.0,28.0,재고 이동,재고 이동,62.846,일치,62.846,46.794,23.815,16.759
냉동피자114,잠실점,용산점,30.0,프로모션 추천,19721.0,프로모션 순비용이 재배치 비용보다 낮습니다.,15.46332550247977,12.068965517241379,12,8,47.5,후순위,19721.0,30.0,359,False,Greedy 선택 후보보다 우선순위가 낮음,2.47,2268,386,19,냉동식품,321,74.0,17.0,167832.0,A,0.7226437220565529,1,100.0,156.5,2.3,DEAD,13.1,True,44.2,MEDIUM,소진일수 156일 초과 | 신선/냉장 고위험 카테고리,2.1,9.5,0.0,SAFE,"재고 여유 — 현재고(386), 재주문점(10)",0.0,115.1,46.6,78321.0,100.0,OVER,과잉 발주 위험 — 현재(384개) > EOQ(115개). 발주 주기 47일 권장,100.0,17.1,2.44,3.46,1.42,STABLE,158.0,0.0,WMA,0.0,36.1,10.0,3.6,10.0,7.5,5.0,POOR,낮은 매칭 · 핵심(A)상품,0.983,49.6,STABLE,30.8,LOW,43.3,MEDIUM,49.9,76.7,77.1,0.3,30.0,61927.0,100.0,0.385,0.385,88.5,True,9.3,451,30.0,347,100.0,0.999,4.9,44.2,50.0,HOLD,50.0,2,99.8,69.5,29.8,disposal_risk,45.9,모니터링,435,HEURISTIC 29% | ABC 14% | TURNOVER 14% | DISPOSAL_RISK 14% | SAFETY_STOCK 8% | EOQ 7% | DEMAND_FORECAST 7% | MATCH 5%,"['⏰ 유통기한 임박 (91%)', '❄️ 냉장·냉동 과잉 (80%)', '💸 배송비 상승 (100%)', '⚡ 복합 스트레스 (60%)']","{'재고위험': '24.9%', '판매가능성': '13.1%', '점포이동적합': '14.0%', '비용절감': '18.3%', '폐기회피이익': '13.7%', '실행가능성': '12.8%', '이력보정': '3.3%'}",True,True,False,True,False,True,41.9,32.6,51.7,56.1,72.0,77.0,50.0,51.9,0.0,37.6,검토,보류,⏸️,325,HIGH,신뢰도 높음 ●,#2e7d32,,,37.6,검토,보류,2,0,False,False,,50.0,30372.0,0.0,30372.0,32.08,0.0,32.08,64.0,0.0,386.0,30.0,할인,할인,58.675,일치,50.724,58.675,27.166,16.11
마카롱004,건대점,잠원2점,23.0,재배치 추천,16035.0,프로모션 순비용이 재배치 비용보다 높습니다.,20.274079874706345,9.051724137931034,18,0,47.3,후순위,16035.0,23.0,360,False,Greedy 선택 후보보다 우선순위가 낮음,1.26,3202,356,15,디저트,330,38.0,9.0,121676.0,A,0.7747229226474157,1,100.0,281.1,1.28,DEAD,0.0,True,41.2,MEDIUM,소진일수 281일 초과,1.1,4.9,0.0,SAFE,"재고 여유 — 현재고(356), 재주문점(5)",0.0,75.8,60.2,60675.0,100.0,OVER,과잉 발주 위험 — 현재(355개) > EOQ(76개). 발주 주기 60일 권장,100.0,8.9,1.27,1.79,0.75,STABLE,280.0,0.0,WMA,0.0,36.1,10.0,3.6,10.0,7.5,5.0,POOR,낮은 매칭 · 핵심(A)상품,1.02,50.5,STABLE,35.0,LOW,43.3,MEDIUM,33.4,61.1,64.3,0.3,30.0,72340.0,100.0,0.385,0.385,88.5,False,8.9,462,29.8,352,100.0,0.999,4.9,33.1,50.0,HOLD,50.0,2,99.8,69.5,26.8,disposal_risk,42.8,모니터링,466,HEURISTIC 29% | ABC 14% | TURNOVER 14% | DISPOSAL_RISK 14% | SAFETY_STOCK 8% | EOQ 7% | DEMAND_FORECAST 7% | MATCH 5%,"['⏰ 유통기한 임박 (91%)', '❄️ 냉장·냉동 과잉 (80%)', '💸 배송비 상승 (100%)', '⚡ 복합 스트레스 (60%)']","{'재고위험': '24.9%', '판매가능성': '13.1%', '점포이동적합': '14.0%', '비용절감': '18.3%', '폐기회피이익': '13.7%', '실행가능성': '12.8%', '이력보정': '3.3%'}",True,True,False,True,False,True,37.0,32.8,50.5,56.0,72.0,63.2,49.8,48.8,0.0,19.0,검토,보류,⏸️,425,HIGH,신뢰도 높음 ●,#2e7d32,,,19.0,검토,보류,3,2,False,False,,50.0,16035.0,0.0,16035.0,16.15,0.0,16.15,32.0,0.0,356.0,23.0,재고 이동,재고 이동,62.537,일치,62.537,49.992,24.829,13.361
샐러드077,용산점,잠원2점,26.0,프로모션 추천,18581.0,프로모션 순비용이 재배치 비용보다 낮습니다.,16.95118767945706,10.344827586206897,12,8,47.3,후순위,18581.0,26.0,361,False,Greedy 선택 후보보다 우선순위가 낮음,4.44,2459,330,4,신선식품,306,133.0,31.0,327047.0,A,0.43304685537943377,1,100.0,74.4,4.84,SLOW,58.7,True,62.2,HIGH,유통기한 임박 | 소진일수 74일 초과 | 신선/냉장 고위험 카테고리,3.8,17.1,0.0,SAFE,"재고 여유 — 현재고(330), 재주문점(17)",0.0,137.2,30.9,118100.0,100.0,OVER,과잉 발주 위험 — 현재(326개) > EOQ(137개). 발주 주기 31일 권장,100.0,31.0,4.43,6.26,2.6,STABLE,74.5,0.0,WMA,0.0,40.9,10.0,8.4,10.0,7.5,5.0,FAIR,보통 매칭 · 폐기위험 높음 · 핵심(A)상품,0.997,49.9,STABLE,14.5,LOW,66.1,MEDIUM,31.8,61.1,64.3,0.3,30.0,58140.0,100.0,0.385,0.385,88.5,True,12.4,304,34.1,284,100.0,0.999,4.9,33.1,50.0,HOLD,50.0,2,99.8,69.5,28.9,disposal_risk,59.1,검토 필요,141,HEURISTIC 29% | ABC 14% | TURNOVER 14% | DISPOSAL_RISK 14% | SAFETY_STOCK 8% | EOQ 7% | DEMAND_FORECAST 7% | MATCH 5%,"['⏰ 유통기한 임박 (91%)', '❄️ 냉장·냉동 과잉 (80%)', '💸 배송비 상승 (100%)', '⚡ 복합 스트레스 (60%)']","{'재고위험': '24.9%', '판매가능성': '13.1%', '점포이동적합': '14.0%', '비용절감': '18.3%', '폐기회피이익': '13.7%', '실행가능성': '12.8%', '이력보정': '3.3%'}",True,True,False,True,False,True,62.0,32.7,53.5,56.0,72.0,63.2,51.7,55.4,0.0,78.6,권장,할인 판매,🏷️,105,HIGH,신뢰도 높음 ●,#2e7d32,,,78.6,권장,할인 판매,0,2,False,False,,50.0,21822.0,0.0,21822.0,22.58,0.0,22.58,45.0,0.0,330.0,26.0,할인,재고 이동,60.243,다름,60.243,51.524,25.879,16.78
도시락110,용산2점,왕십리2점,27.0,재배치 추천,17466.0,프로모션 순비용이 재배치 비용보다 높습니다.,18.406421299921693,10.775862068965516,18,0,47.2,후순위,17466.0,27.0,362,False,Greedy 선택 후보보다 우선순위가 낮음,2.12,2369,361,3,신선식품,353,64.0,15.0,151616.0,A,0.49664048496044355,1,100.0,169.2,2.13,DEAD,6.0,True,78.0,HIGH,유통기한 임박 | 소진일수 169일 초과 | 신선/냉장 고위험 카테고리,1.8,8.2,0.0,SAFE,"재고 여유 — 현재고(361), 재주문점(8)",0.0,96.6,45.6,80100.0,100.0,OVER,과잉 발주 위험 — 현재(359개) > EOQ(97개). 발주 주기 46일 권장,100.0,14.9,2.13,3.0,1.25,STABLE,169.6,0.0,WMA,0.0,40.9,10.0,8.4,10.0,7.5,5.0,FAIR,보통 매칭 · 폐기위험 높음 · 핵심(A)상품,1.011,50.3,STABLE,33.1,LOW,69.6,MEDIUM,43.6,64.5,83.5,0.3,30.0,59290.0,100.0,0.385,0.385,88.5,True,15.1,110,45.0,13,100.0,0.999,4.9,48.5,50.0,HOLD,50.0,2,99.8,69.4,20.7,disposal_risk,54.4,모니터링,251,HEURISTIC 29% | ABC 14% | TURNOVER 14% | DISPOSAL_RISK 14% | SAFETY_STOCK 8% | EOQ 7% | DEMAND_FORECAST 7% | MATCH 5%,"['⏰ 유통기한 임박 (91%)', '❄️ 냉장·냉동 과잉 (80%)', '💸 배송비 상승 (100%)', '⚡ 복합 스트레스 (60%)']","{'재고위험': '24.9%', '판매가능성': '13.1%', '점포이동적합': '14.0%', '비용절감': '18.3%', '폐기회피이익': '13.7%', '실행가능성': '12.8%', '이력보정': '3.3%'}",True,True,False,True,False,True,55.2,32.8,57.3,56.0,72.0,77.2,53.2,56.0,0.0,85.3,최적,할인 판매,🏷️,69,HIGH,신뢰도 높음 ●,#2e7d32,,,85.3,최적,할인 판매,5,6,False,False,,50.0,17466.0,0.0,17466.0,17.74,0.0,17.74,35.0,0.0,361.0,27.0,재고 이동,재고 이동,65.843,일치,65.843,56.863,27.815,14.646
냉동피자087,마포점,종로점,24.0,프로모션 추천,18030.0,프로모션 순비용이 재배치 비용보다 낮습니다.,17.670321064996084,9.482758620689655,12,8,47.2,후순위,18030.0,24.0,363,False,Greedy 선택 후보보다 우선순위가 낮음,1.26,2581,288,32,냉동식품,232,38.0,9.0,98078.0,B,0.947868811972733,2,60.0,227.4,1.58,DEAD,0.0,True,36.0,LOW,소진일수 227일 초과 | 신선/냉장 고위험 카테고리,1.1,4.9,0.0,SAFE,"재고 여유 — 현재고(288), 재주문점(5)",0.0,77.1,61.2,59674.0,100.0,OVER,과잉 발주 위험 — 현재(287개) > EOQ(77개). 발주 주기 61일 권장,100.0,8.9,1.27,1.79,0.75,STABLE,226.5,0.0,WMA,0.0,28.5,10.0,0.0,6.0,7.5,5.0,POOR,낮은 매칭,1.02,50.5,STABLE,35.0,LOW,43.3,MEDIUM,48.1,71.9,45.6,0.3,30.0,56303.0,100.0,0.385,0.385,88.5,True,8.0,477,26.2,431,100.0,0.999,4.9,5.6,50.0,HOLD,50.0,2,99.8,69.4,50.2,disposal_risk,32.1,후순위,490,HEURISTIC 29% | ABC 14% | TURNOVER 14% | DISPOSAL_RISK 14% | SAFETY_STOCK 8% | EOQ 7% | DEMAND_FORECAST 7% | MATCH 5%,"['⏰ 유통기한 임박 (91%)', '❄️ 냉장·냉동 과잉 (80%)', '💸 배송비 상승 (100%)', '⚡ 복합 스트레스 (60%)']","{'재고위험': '24.9%', '판매가능성': '13.1%', '점포이동적합': '14.0%', '비용절감': '18.3%', '폐기회피이익': '13.7%', '실행가능성': '12.8%', '이력보정': '3.3%'}",True,True,False,True,False,True,28.7,32.8,43.6,56.0,72.0,54.4,49.3,44.6,0.0,7.2,검토,보류,⏸️,488,HIGH,신뢰도 높음 ●,#2e7d32,,,7.2,검토,보류,4,2,False,False,,50.0,22092.0,0.0,22092.0,22.88,0.0,22.88,46.0,0.0,288.0,24.0,할인,할인,52.64,일치,49.583,52.64,24.789,13.559
마카롱026,동대문점,왕십리2점,60.0,재배치 추천,28347.0,프로모션 순비용이 재배치 비용보다 높습니다.,4.205168363351605,25.0,18,0,47.2,후순위,28347.0,60.0,364,False,Greedy 선택 후보보다 우선순위가 낮음,5.7,2160,412,0,디저트,405,171.0,40.0,369360.0,A,0.2761574542214094,1,100.0,72.3,4.98,SLOW,59.8,True,61.1,HIGH,유통기한 임박 | 소진일수 72일 초과,4.9,22.0,0.0,SAFE,"재고 여유 — 현재고(412), 재주문점(22)",0.0,196.3,34.4,105994.0,100.0,OVER,과잉 발주 위험 — 현재(407개) > EOQ(196개). 발주 주기 34일 권장,100.0,40.0,5.71,8.07,3.36,STABLE,72.1,0.0,WMA,0.0,40.9,10.0,8.4,10.0,7.5,5.0,FAIR,보통 매칭 · 폐기위험 높음 · 핵심(A)상품,1.003,50.1,STABLE,14.1,LOW,78.3,HIGH,35.3,64.5,83.5,0.3,30.0,127173.0,100.0,0.385,0.385,88.5,False,12.3,318,33.5,288,100.0,0.999,4.9,48.5,50.0,HOLD,50.0,2,99.8,69.4,29.0,disposal_risk,59.0,검토 필요,142,HEURISTIC 29% | ABC 14% | TURNOVER 14% | DISPOSAL_RISK 14% | SAFETY_STOCK 8% | EOQ 7% | DEMAND_FORECAST 7% | MATCH 5%,"['⏰ 유통기한 임박 (91%)', '❄️ 냉장·냉동 과잉 (80%)', '💸 배송비 상승 (100%)', '⚡ 복합 스트레스 (60%)']","{'재고위험': '24.9%', '판매가능성': '13.1%', '점포이동적합': '14.0%', '비용절감': '18.3%', '폐기회피이익': '13.7%', '실행가능성': '12.8%', '이력보정': '3.3%'}",True,True,False,True,False,True,61.8,32.7,55.0,56.0,72.0,77.2,51.7,57.3,0.0,93.3,최적,할인 판매,🏷️,26,HIGH,신뢰도 높음 ●,#2e7d32,,,93.3,최적,할인 판매,3,6,False,False,,50.0,28347.0,0.0,28347.0,29.83,0.0,29.83,60.0,0.0,412.0,60.0,재고 이동,재고 이동,65.213,일치,65.213,57.639,29.153,17.228
우유119,왕십리2점,성수2점,33.0,재배치 추천,19590.0,프로모션 순비용이 재배치 비용보다 높습니다.,15.634299138606107,13.36206896551724,18,0,47.0,후순위,19590.0,33.0,365,False,Greedy 선택 후보보다 우선순위가 낮음,3.63,2438,347,0,유제품,342,109.0,25.0,265742.0,A,0.2943586902021054,1,100.0,95.5,3.77,DEAD,46.9,True,78.0,HIGH,유통기한 임박 | 소진일수 96일 초과 | 신선/냉장 고위험 카테고리,3.1,14.0,0.0,SAFE,"재고 여유 — 현재고(347), 재주문점(14)",0.0,124.6,34.3,106329.0,100.0,OVER,과잉 발주 위험 — 현재(344개) > EOQ(125개). 발주 주기 34일 권장,100.0,25.2,3.6,5.1,2.1,STABLE,96.4,0.0,WMA,0.0,40.9,10.0,8.4,10.0,7.5,5.0,FAIR,보통 매칭 · 폐기위험 높음 · 핵심(A)상품,0.984,49.6,STABLE,19.0,LOW,78.3,HIGH,30.7,41.4,71.9,0.3,30.0,76955.0,100.0,0.385,0.385,88.5,True,15.2,109,41.5,113,100.0,0.999,4.9,40.2,50.0,HOLD,50.0,2,99.8,69.4,26.1,disposal_risk,61.0,검토 필요,106,HEURISTIC 29% | ABC 14% | TURNOVER 14% | DISPOSAL_RISK 14% | SAFETY_STOCK 8% | EOQ 7% | DEMAND_FORECAST 7% | MATCH 5%,"['⏰ 유통기한 임박 (91%)', '❄️ 냉장·냉동 과잉 (80%)', '💸 배송비 상승 (100%)', '⚡ 복합 스트레스 (60%)']","{'재고위험': '24.9%', '판매가능성': '13.1%', '점포이동적합': '14.0%', '비용절감': '18.3%', '폐기회피이익': '13.7%', '실행가능성': '12.8%', '이력보정': '3.3%'}",True,True,False,True,False,True,66.1,32.6,55.7,55.8,72.0,61.7,53.3,56.5,0.0,88.5,최적,할인 판매,🏷️,52,HIGH,신뢰도 높음 ●,#2e7d32,,,88.5,최적,할인 판매,6,1,False,False,,50.0,19590.0,0.0,19590.0,20.1,0.0,20.1,40.0,0.0,347.0,33.0,재고 이동,재고 이동,66.219,일치,66.219,54.661,27.549,16.268
커피083,상암2점,여의도점,27.0,재배치 추천,17700.0,프로모션 순비용이 재배치 비용보다 높습니다.,18.101018010963195,10.775862068965516,18,0,46.9,후순위,17700.0,27.0,366,False,Greedy 선택 후보보다 우선순위가 낮음,1.47,2824,348,4,음료,340,44.0,10.0,124256.0,A,0.5118256494536694,1,100.0,237.3,1.52,DEAD,0.0,True,60.0,HIGH,유통기한 임박 | 소진일수 237일 초과,1.3,5.7,0.0,SAFE,"재고 여유 — 현재고(348), 재주문점(6)",0.0,102.7,69.9,52224.0,100.0,OVER,과잉 발주 위험 — 현재(347개) > EOQ(103개). 발주 주기 70일 권장,100.0,10.1,1.44,2.05,0.84,STABLE,241.2,0.0,WMA,0.0,40.9,10.0,8.4,10.0,7.5,5.0,FAIR,보통 매칭 · 폐기위험 높음 · 핵심(A)상품,0.972,49.3,STABLE,35.7,LOW,66.1,MEDIUM,32.0,75.5,67.7,0.3,30.0,73798.0,100.0,0.385,0.385,88.5,False,12.1,333,38.4,200,100.0,0.999,4.9,36.5,50.0,HOLD,50.0,2,99.8,69.4,23.8,disposal_risk,48.5,모니터링,382,HEURISTIC 29% | ABC 14% | TURNOVER 14% | DISPOSAL_RISK 14% | SAFETY_STOCK 8% | EOQ 7% | DEMAND_FORECAST 7% | MATCH 5%,"['⏰ 유통기한 임박 (91%)', '❄️ 냉장·냉동 과잉 (80%)', '💸 배송비 상승 (100%)', '⚡ 복합 스트레스 (60%)']","{'재고위험': '24.9%', '판매가능성': '13.1%', '점포이동적합': '14.0%', '비용절감': '18.3%', '폐기회피이익': '13.7%', '실행가능성': '12.8%', '이력보정': '3.3%'}",True,True,False,True,False,True,45.6,32.5,54.7,55.8,72.0,70.3,51.6,52.3,0.0,43.2,검토,할인 판매,🏷️,295,HIGH,신뢰도 높음 ●,#2e7d32,,,43.2,검토,할인 판매,3,2,False,False,,50.0,17700.0,0.0,17700.0,18.0,0.0,18.0,36.0,0.0,348.0,27.0,재고 이동,재고 이동,63.072,일치,63.072,53.816,26.429,14.049
탄산음료075,압구정점,문래점,36.0,재배치 추천,20679.0,프로모션 순비용이 재배치 비용보다 높습니다.,14.212999216914643,14.655172413793101,18,0,46.9,후순위,20679.0,36.0,367,False,Greedy 선택 후보보다 우선순위가 낮음,8.66,2688,282,0,음료,270,260.0,61.0,698880.0,A,0.2566958929893234,1,100.0,32.5,11.06,NORMAL,81.9,False,41.3,MEDIUM,유통기한 임박,7.4,33.4,0.0,SAFE,"재고 여유 — 현재고(282), 재주문점(33)",0.0,255.6,29.5,123668.0,7.4,OPTIMAL,"적정 발주 — EOQ(256개), 권장 발주 주기 30일",7.4,60.8,8.69,12.26,5.11,STABLE,32.5,3.7,WMA,3.7,36.3,10.0,3.78,10.0,7.5,5.0,POOR,낮은 매칭 · 핵심(A)상품,1.006,50.2,STABLE,6.3,LOW,78.3,HIGH,30.2,59.6,68.4,0.3,30.0,95443.0,100.0,0.385,0.385,88.5,False,40.1,12,23.1,484,100.0,0.999,4.9,37.1,50.0,HOLD,50.0,2,99.8,69.4,26.0,turnover,52.3,모니터링,297,HEURISTIC 29% | ABC 14% | TURNOVER 14% | DISPOSAL_RISK 14% | SAFETY_STOCK 8% | EOQ 7% | DEMAND_FORECAST 7% | MATCH 5%,"['⏰ 유통기한 임박 (91%)', '❄️ 냉장·냉동 과잉 (80%)', '💸 배송비 상승 (100%)', '⚡ 복합 스트레스 (60%)']","{'재고위험': '24.9%', '판매가능성': '13.1%', '점포이동적합': '14.0%', '비용절감': '18.3%', '폐기회피이익': '13.7%', '실행가능성': '12.8%', '이력보정': '3.3%'}",True,True,False,True,False,True,58.8,34.6,49.7,41.9,72.0,65.5,67.0,52.0,0.0,39.1,검토,보류,⏸️,317,HIGH,신뢰도 높음 ●,#2e7d32,,,39.1,검토,보류,0,2,False,False,,50.0,20679.0,0.0,20679.0,21.31,0.0,21.31,43.0,0.0,282.0,36.0,재고 이동,재고 이동,56.137,일치,56.137,44.901,22.529,17.731
샐러드025,왕십리2점,역삼2점,28.0,재배치 추천,18096.0,프로모션 순비용이 재배치 비용보다 높습니다.,17.58418167580266,11.206896551724139,18,0,46.8,후순위,18096.0,28.0,368,False,Greedy 선택 후보보다 우선순위가 낮음,7.76,3194,334,1,신선식품,324,233.0,54.0,744202.0,A,0.0749061101457343,1,100.0,43.0,8.37,NORMAL,76.1,False,54.5,MEDIUM,유통기한 임박 | 신선/냉장 고위험 카테고리,6.7,30.0,0.0,SAFE,"재고 여유 — 현재고(334), 재주문점(30)",0.0,159.2,20.5,177942.0,100.0,OVER,과잉 발주 위험 — 현재(327개) > EOQ(159개). 발주 주기 20일 권장,100.0,54.1,7.73,10.93,4.53,STABLE,43.2,2.2,WMA,2.2,36.2,10.0,3.71,10.0,7.5,5.0,POOR,낮은 매칭 · 핵심(A)상품,0.994,49.9,STABLE,8.5,LOW,76.6,HIGH,25.7,36.3,72.3,0.3,30.0,89222.0,100.0,0.385,0.385,88.5,True,25.8,46,28.7,377,100.0,0.999,4.9,40.5,50.0,HOLD,50.0,2,99.8,69.4,26.9,turnover,60.0,검토 필요,119,HEURISTIC 29% | ABC 14% | TURNOVER 14% | DISPOSAL_RISK 14% | SAFETY_STOCK 8% | EOQ 7% | DEMAND_FORECAST 7% | MATCH 5%,"['⏰ 유통기한 임박 (91%)', '❄️ 냉장·냉동 과잉 (80%)', '💸 배송비 상승 (100%)', '⚡ 복합 스트레스 (60%)']","{'재고위험': '24.9%', '판매가능성': '13.1%', '점포이동적합': '14.0%', '비용절감': '18.3%', '폐기회피이익': '13.7%', '실행가능성': '12.8%', '이력보정': '3.3%'}",True,True,False,True,False,True,63.2,33.8,51.1,55.7,72.0,60.3,59.1,55.1,0.0,74.1,권장,보류,⏸️,129,HIGH,신뢰도 높음 ●,#2e7d32,,,74.1,권장,보류,6,2,False,False,,50.0,18096.0,0.0,18096.0,18.44,0.0,18.44,37.0,0.0,334.0,28.0,재고 이동,재고 이동,64.971,일치,64.971,47.083,24.804,16.486
냉동치킨098,청량리점,노원점,31.0,프로모션 추천,20629.0,프로모션 순비용이 재배치 비용보다 낮습니다.,14.278256329939964,12.5,12,8,46.8,후순위,20629.0,31.0,369,False,Greedy 선택 후보보다 우선순위가 낮음,5.82,2295,292,12,냉동식품,195,175.0,41.0,401625.0,A,0.4811722501962872,1,100.0,50.1,7.19,NORMAL,72.2,False,22.9,LOW,신선/냉장 고위험 카테고리,5.0,22.5,0.0,SAFE,"재고 여유 — 현재고(292), 재주문점(22)",0.0,175.7,30.2,120937.0,63.3,OVER,과잉 발주 위험 — 현재(287개) > EOQ(176개). 발주 주기 30일 권장,63.3,40.9,5.84,8.24,3.44,STABLE,50.0,1.3,WMA,1.3,32.6,10.0,0.06,10.0,7.5,5.0,POOR,낮은 매칭 · 핵심(A)상품,1.006,50.2,STABLE,9.8,LOW,43.3,MEDIUM,39.8,51.6,91.3,0.3,30.0,64745.0,100.0,0.385,0.385,88.5,True,15.7,95,15.6,500,100.0,0.999,4.9,52.9,50.0,HOLD,50.0,2,99.8,69.4,26.4,turnover,47.1,모니터링,416,HEURISTIC 29% | ABC 14% | TURNOVER 14% | DISPOSAL_RISK 14% | SAFETY_STOCK 8% | EOQ 7% | DEMAND_FORECAST 7% | MATCH 5%,"['⏰ 유통기한 임박 (91%)', '❄️ 냉장·냉동 과잉 (80%)', '💸 배송비 상승 (100%)', '⚡ 복합 스트레스 (60%)']","{'재고위험': '24.9%', '판매가능성': '13.1%', '점포이동적합': '14.0%', '비용절감': '18.3%', '폐기회피이익': '13.7%', '실행가능성': '12.8%', '이력보정': '3.3%'}",True,True,False,True,False,True,47.9,33.4,48.1,50.2,72.0,78.1,53.5,52.1,0.0,39.5,검토,보류,⏸️,315,HIGH,신뢰도 높음 ●,#2e7d32,,,39.5,검토,보류,2,1,False,False,,50.0,30732.0,0.0,30732.0,32.48,0.0,32.48,65.0,0.0,292.0,31.0,할인,할인,48.087,일치,46.278,48.087,23.036,17.744
냉동치킨098,노원점,청량리점,31.0,프로모션 추천,20629.0,프로모션 순비용이 재배치 비용보다 낮습니다.,14.278256329939964,12.5,12,8,46.8,후순위,20629.0,31.0,370,False,Greedy 선택 후보보다 우선순위가 낮음,9.12,2295,189,0,냉동식품,177,274.0,64.0,628830.0,A,0.4811722501962872,1,100.0,20.7,17.4,FAST,88.5,False,46.0,MEDIUM,유통기한 임박 | 신선/냉장 고위험 카테고리,7.8,35.2,0.0,SAFE,"재고 여유 — 현재고(189), 재주문점(35)",0.0,219.9,24.1,151390.0,14.1,OPTIMAL,"적정 발주 — EOQ(220개), 권장 발주 주기 24일",14.1,63.9,9.13,12.89,5.37,STABLE,20.7,9.3,WMA,9.3,36.6,10.0,4.06,10.0,7.5,5.0,POOR,낮은 매칭 · 핵심(A)상품,1.003,50.1,STABLE,4.0,LOW,78.3,HIGH,36.2,73.8,68.5,0.3,30.0,64745.0,100.0,0.385,0.385,88.5,True,90.6,1,25.0,456,100.0,0.999,4.9,37.2,50.0,HOLD,50.0,1,100.0,69.4,25.7,turnover,59.3,검토 필요,137,HEURISTIC 29% | ABC 14% | TURNOVER 14% | DISPOSAL_RISK 14% | SAFETY_STOCK 8% | EOQ 7% | DEMAND_FORECAST 7% | MATCH 5%,"['⏰ 유통기한 임박 (91%)', '❄️ 냉장·냉동 과잉 (80%)', '💸 배송비 상승 (100%)', '⚡ 복합 스트레스 (60%)']","{'재고위험': '24.9%', '판매가능성': '13.1%', '점포이동적합': '14.0%', '비용절감': '18.3%', '폐기회피이익': '13.7%', '실행가능성': '12.8%', '이력보정': '3.3%'}",True,True,False,True,False,True,62.6,37.4,50.2,42.9,72.0,70.3,94.8,54.2,0.0,61.7,검토,보류,⏸️,196,HIGH,신뢰도 높음 ●,#2e7d32,,,61.7,검토,보류,1,2,False,False,,50.0,30732.0,0.0,30732.0,32.48,0.0,32.48,65.0,0.0,189.0,31.0,할인,할인,48.685,일치,43.906,48.685,22.689,19.016
아이스라떼057,상암점,신촌점,48.0,재배치 추천,24666.0,프로모션 순비용이 재배치 비용보다 높습니다.,9.009397024275646,19.82758620689655,18,0,46.8,후순위,24666.0,48.0,371,False,Greedy 선택 후보보다 우선순위가 낮음,0.77,2903,371,1,유제품,370,23.0,5.0,66769.0,A,0.3820602951519687,1,100.0,483.9,0.74,DEAD,0.0,True,76.0,HIGH,유통기한 임박 | 소진일수 484일 초과 | 신선/냉장 고위험 카테고리,0.7,3.0,0.0,SAFE,"재고 여유 — 현재고(371), 재주문점(3)",0.0,52.6,68.3,53438.0,100.0,OVER,과잉 발주 위험 — 현재(370개) > EOQ(53개). 발주 주기 68일 권장,100.0,5.2,0.74,1.06,0.43,STABLE,499.4,0.0,WMA,0.0,40.9,10.0,8.4,10.0,7.5,5.0,FAIR,보통 매칭 · 폐기위험 높음 · 핵심(A)상품,0.928,48.2,STABLE,36.8,LOW,76.6,HIGH,36.7,58.0,73.0,0.3,30.0,142547.0,100.0,0.385,0.385,88.5,True,14.8,120,45.1,9,100.0,0.999,4.9,41.1,50.0,HOLD,50.0,2,99.8,69.4,19.6,disposal_risk,52.5,모니터링,287,HEURISTIC 29% | ABC 14% | TURNOVER 14% | DISPOSAL_RISK 14% | SAFETY_STOCK 8% | EOQ 7% | DEMAND_FORECAST 7% | MATCH 5%,"['⏰ 유통기한 임박 (91%)', '❄️ 냉장·냉동 과잉 (80%)', '💸 배송비 상승 (100%)', '⚡ 복합 스트레스 (60%)']","{'재고위험': '24.9%', '판매가능성': '13.1%', '점포이동적합': '14.0%', '비용절감': '18.3%', '폐기회피이익': '13.7%', '실행가능성': '12.8%', '이력보정': '3.3%'}",True,True,False,True,False,True,52.9,32.2,56.5,55.7,72.0,68.0,53.0,54.0,0.0,60.4,검토,할인 판매,🏷️,203,HIGH,신뢰도 높음 ●,#2e7d32,,,60.4,검토,할인 판매,1,0,False,False,,50.0,24666.0,0.0,24666.0,25.74,0.0,25.74,51.0,0.0,371.0,48.0,재고 이동,재고 이동,63.494,일치,63.494,61.209,29.64,15.241
요거트042,방배점,잠실점,25.0,재배치 추천,17232.0,프로모션 순비용이 재배치 비용보다 높습니다.,18.711824588880187,9.913793103448276,18,0,46.6,후순위,17232.0,25.0,372,False,Greedy 선택 후보보다 우선순위가 낮음,5.14,3262,378,2,유제품,364,154.0,36.0,502348.0,A,0.17348346758713368,1,100.0,73.6,4.89,SLOW,59.1,True,67.8,HIGH,유통기한 임박 | 소진일수 74일 초과 | 신선/냉장 고위험 카테고리,4.4,19.8,0.0,SAFE,"재고 여유 — 현재고(378), 재주문점(20)",0.0,128.2,24.9,146354.0,100.0,OVER,과잉 발주 위험 — 현재(374개) > EOQ(128개). 발주 주기 25일 권장,100.0,36.0,5.14,7.26,3.02,STABLE,73.5,0.0,WMA,0.0,40.9,10.0,8.4,10.0,7.5,5.0,FAIR,보통 매칭 · 폐기위험 높음 · 핵심(A)상품,1.001,50.0,STABLE,14.3,LOW,73.1,HIGH,36.3,64.5,78.4,0.3,30.0,80628.0,100.0,0.385,0.385,88.5,True,13.5,218,36.2,246,100.0,0.999,4.9,45.1,50.0,HOLD,50.0,2,99.8,69.3,27.8,disposal_risk,60.0,검토 필요,118,HEURISTIC 29% | ABC 14% | TURNOVER 14% | DISPOSAL_RISK 14% | SAFETY_STOCK 8% | EOQ 7% | DEMAND_FORECAST 7% | MATCH 5%,"['⏰ 유통기한 임박 (91%)', '❄️ 냉장·냉동 과잉 (80%)', '💸 배송비 상승 (100%)', '⚡ 복합 스트레스 (60%)']","{'재고위험': '24.9%', '판매가능성': '13.1%', '점포이동적합': '14.0%', '비용절감': '18.3%', '폐기회피이익': '13.7%', '실행가능성': '12.8%', '이력보정': '3.3%'}",True,True,False,True,False,True,64.7,32.7,55.2,55.6,72.0,73.8,52.3,57.6,0.0,93.9,최적,할인 판매,🏷️,23,HIGH,신뢰도 높음 ●,#2e7d32,,,93.9,최적,할인 판매,2,2,True,False,,50.0,17232.0,0.0,17232.0,17.48,0.0,17.48,35.0,0.0,378.0,25.0,재고 이동,재고 이동,67.093,일치,67.093,51.024,26.185,16.053
삼각김밥019,신림점,신촌점,33.0,재배치 추천,19860.0,프로모션 순비용이 재배치 비용보다 높습니다.,15.28191072826938,13.36206896551724,18,0,46.6,후순위,19860.0,33.0,373,False,Greedy 선택 후보보다 우선순위가 낮음,1.32,2090,307,2,간편식,304,40.0,9.0,83600.0,B,0.8901705112697512,2,60.0,230.2,1.56,DEAD,0.0,True,73.0,HIGH,유통기한 임박 | 소진일수 230일 초과,1.1,5.1,0.0,SAFE,"재고 여유 — 현재고(307), 재주문점(5)",0.0,102.4,77.6,47067.0,100.0,OVER,과잉 발주 위험 — 현재(306개) > EOQ(102개). 발주 주기 78일 권장,100.0,9.1,1.3,1.84,0.76,STABLE,236.2,0.0,WMA,0.0,36.9,10.0,8.4,6.0,7.5,5.0,POOR,낮은 매칭 · 폐기위험 높음,0.974,49.4,STABLE,35.6,LOW,73.1,HIGH,30.6,58.0,73.0,0.3,30.0,62904.0,100.0,0.385,0.385,88.5,False,14.2,157,42.8,65,100.0,0.999,4.9,41.1,50.0,HOLD,50.0,2,99.8,69.3,38.0,disposal_risk,43.3,모니터링,459,HEURISTIC 29% | ABC 14% | TURNOVER 14% | DISPOSAL_RISK 14% | SAFETY_STOCK 8% | EOQ 7% | DEMAND_FORECAST 7% | MATCH 5%,"['⏰ 유통기한 임박 (91%)', '❄️ 냉장·냉동 과잉 (80%)', '💸 배송비 상승 (100%)', '⚡ 복합 스트레스 (60%)']","{'재고위험': '24.9%', '판매가능성': '13.1%', '점포이동적합': '14.0%', '비용절감': '18.3%', '폐기회피이익': '13.7%', '실행가능성': '12.8%', '이력보정': '3.3%'}",True,True,False,True,False,True,45.4,32.5,54.3,55.6,72.0,68.0,52.7,51.9,0.0,37.4,검토,할인 판매,🏷️,326,HIGH,신뢰도 높음 ●,#2e7d32,,,37.4,검토,할인 판매,1,0,False,False,,50.0,19860.0,0.0,19860.0,20.4,0.0,20.4,41.0,0.0,307.0,33.0,재고 이동,재고 이동,58.501,일치,58.501,58.445,27.88,13.91
도시락078,강남2점,선릉2점,34.0,재배치 추천,20247.0,프로모션 순비용이 재배치 비용보다 높습니다.,14.776820673453406,13.793103448275861,18,0,46.6,후순위,20247.0,34.0,374,False,Greedy 선택 후보보다 우선순위가 낮음,2.34,2629,315,0,신선식품,312,70.0,16.0,184030.0,A,0.5822717544696352,1,100.0,135.0,2.67,DEAD,25.0,True,80.0,CRITICAL,유통기한 임박 | 소진일수 135일 초과 | 신선/냉장 고위험 카테고리,2.0,9.0,0.0,SAFE,"재고 여유 — 현재고(315), 재주문점(9)",0.0,96.3,41.2,88651.0,100.0,OVER,과잉 발주 위험 — 현재(313개) > EOQ(96개). 발주 주기 41일 권장,100.0,16.2,2.31,3.28,1.35,STABLE,136.1,0.0,WMA,0.0,44.5,10.0,12.0,10.0,7.5,5.0,FAIR,보통 매칭 · 폐기위험 높음 · 핵심(A)상품,0.977,49.4,STABLE,26.8,LOW,78.3,HIGH,37.4,74.2,100.0,0.3,30.0,87016.0,100.0,0.385,0.385,88.5,True,15.7,95,44.9,15,100.0,0.999,4.9,57.0,50.0,HOLD,50.0,2,99.8,69.3,24.1,disposal_risk,58.5,검토 필요,155,HEURISTIC 29% | ABC 14% | TURNOVER 14% | DISPOSAL_RISK 14% | SAFETY_STOCK 8% | EOQ 7% | DEMAND_FORECAST 7% | MATCH 5%,"['⏰ 유통기한 임박 (91%)', '❄️ 냉장·냉동 과잉 (80%)', '💸 배송비 상승 (100%)', '⚡ 복합 스트레스 (60%)']","{'재고위험': '24.9%', '판매가능성': '13.1%', '점포이동적합': '14.0%', '비용절감': '18.3%', '폐기회피이익': '13.7%', '실행가능성': '12.8%', '이력보정': '3.3%'}",True,True,False,True,False,True,61.2,32.5,59.7,55.6,72.0,91.4,53.5,59.6,0.0,97.8,최적,할인 판매,🏷️,2,HIGH,신뢰도 높음 ●,#2e7d32,,,97.8,최적,할인 판매,3,6,False,False,,50.0,20247.0,0.0,20247.0,20.83,0.0,20.83,42.0,0.0,315.0,34.0,재고 이동,재고 이동,63.744,일치,63.744,56.041,27.757,15.742
라면076,합정점,홍대2점,21.0,재배치 추천,16008.0,프로모션 순비용이 재배치 비용보다 높습니다.,20.309318715740016,8.189655172413794,18,0,46.5,후순위,16008.0,21.0,375,False,Greedy 선택 후보보다 우선순위가 낮음,4.93,3381,352,1,간편식,346,148.0,35.0,500388.0,B,0.8221004969557223,2,60.0,71.4,5.05,SLOW,60.3,True,63.7,HIGH,유통기한 임박 | 소진일수 71일 초과,4.2,19.0,0.0,SAFE,"재고 여유 — 현재고(352), 재주문점(19)",0.0,155.5,31.5,115692.0,100.0,OVER,과잉 발주 위험 — 현재(348개) > EOQ(156개). 발주 주기 32일 권장,100.0,34.8,4.97,7.01,2.94,STABLE,70.8,0.0,WMA,0.0,36.9,10.0,8.4,6.0,7.5,5.0,POOR,낮은 매칭 · 폐기위험 높음,1.014,50.4,STABLE,13.9,LOW,76.6,HIGH,36.4,87.0,64.3,0.3,30.0,69193.0,100.0,0.385,0.385,88.5,False,12.6,283,33.7,287,100.0,0.999,4.9,33.1,50.0,HOLD,50.0,1,100.0,69.3,44.6,disposal_risk,50.7,모니터링,331,HEURISTIC 29% | ABC 14% | TURNOVER 14% | DISPOSAL_RISK 14% | SAFETY_STOCK 8% | EOQ 7% | DEMAND_FORECAST 7% | MATCH 5%,"['⏰ 유통기한 임박 (91%)', '❄️ 냉장·냉동 과잉 (80%)', '💸 배송비 상승 (100%)', '⚡ 복합 스트레스 (60%)']","{'재고위험': '24.9%', '판매가능성': '13.1%', '점포이동적합': '14.0%', '비용절감': '18.3%', '폐기회피이익': '13.7%', '실행가능성': '12.8%', '이력보정': '3.3%'}",True,True,False,True,False,True,57.1,32.8,51.7,55.6,72.0,71.9,51.9,55.0,0.0,72.7,권장,할인 판매,🏷️,137,HIGH,신뢰도 높음 ●,#2e7d32,,,72.7,권장,할인 판매,6,3,False,False,,50.0,16008.0,0.0,16008.0,16.12,0.0,16.12,32.0,0.0,352.0,21.0,재고 이동,재고 이동,62.63,일치,62.63,50.959,25.659,15.077
커피031,잠원점,용산점,25.0,재배치 추천,17466.0,프로모션 순비용이 재배치 비용보다 높습니다.,18.406421299921693,9.913793103448276,18,0,46.3,후순위,17466.0,25.0,376,False,Greedy 선택 후보보다 우선순위가 낮음,0.64,3172,313,1,음료,313,19.0,4.0,60268.0,A,0.44954488468191184,1,100.0,494.2,0.73,DEAD,0.0,True,68.0,HIGH,유통기한 임박 | 소진일수 494일 초과,0.5,2.4,0.0,SAFE,"재고 여유 — 현재고(313), 재주문점(2)",0.0,64.0,100.0,36521.0,100.0,OVER,과잉 발주 위험 — 현재(312개) > EOQ(64개). 발주 주기 100일 권장,100.0,4.2,0.6,0.86,0.34,DECREASING,521.7,0.0,WMA,0.0,40.9,10.0,8.4,10.0,7.5,5.0,FAIR,보통 매칭 · 폐기위험 높음 · 핵심(A)상품,0.893,47.3,DECLINING,37.7,LOW,76.6,HIGH,35.1,76.7,77.1,0.3,30.0,77694.0,100.0,0.385,0.385,88.5,False,13.5,218,42.1,91,100.0,0.999,4.9,44.2,50.0,HOLD,50.0,2,99.8,69.3,22.0,disposal_risk,50.1,모니터링,342,HEURISTIC 29% | ABC 14% | TURNOVER 14% | DISPOSAL_RISK 14% | SAFETY_STOCK 8% | EOQ 7% | DEMAND_FORECAST 7% | MATCH 5%,"['⏰ 유통기한 임박 (91%)', '❄️ 냉장·냉동 과잉 (80%)', '💸 배송비 상승 (100%)', '⚡ 복합 스트레스 (60%)']","{'재고위험': '24.9%', '판매가능성': '13.1%', '점포이동적합': '14.0%', '비용절감': '18.3%', '폐기회피이익': '13.7%', '실행가능성': '12.8%', '이력보정': '3.3%'}",True,True,False,True,False,True,49.4,31.9,56.2,55.5,72.0,77.0,52.3,54.2,0.0,61.5,검토,할인 판매,🏷️,197,HIGH,신뢰도 높음 ●,#2e7d32,,,61.5,검토,할인 판매,2,0,False,False,,50.0,17466.0,0.0,17466.0,17.74,0.0,17.74,35.0,0.0,313.0,25.0,재고 이동,재고 이동,62.192,일치,62.192,53.825,26.405,14.252
핫바014,건대점,선릉점,37.0,재배치 추천,21408.0,프로모션 순비용이 재배치 비용보다 높습니다.,13.261550509005481,15.086206896551724,18,0,46.3,후순위,21408.0,37.0,377,False,Greedy 선택 후보보다 우선순위가 낮음,8.61,2476,323,1,간편식,311,258.0,60.0,638808.0,A,0.3125068104982006,1,100.0,37.6,9.59,NORMAL,79.1,False,46.8,MEDIUM,유통기한 임박,7.4,33.2,0.0,SAFE,"재고 여유 — 현재고(323), 재주문점(33)",0.0,240.2,27.9,130838.0,31.4,OPTIMAL,"적정 발주 — EOQ(240개), 권장 발주 주기 28일",31.4,60.1,8.59,12.14,5.03,STABLE,37.6,3.0,WMA,3.0,36.2,10.0,3.75,10.0,7.5,5.0,POOR,낮은 매칭 · 핵심(A)상품,0.996,49.9,STABLE,7.4,LOW,76.6,HIGH,28.9,53.5,62.1,0.3,30.0,88526.0,100.0,0.385,0.385,88.5,False,33.2,28,25.4,454,100.0,0.999,4.9,30.7,50.0,HOLD,50.0,2,99.8,69.3,26.7,turnover,53.9,모니터링,263,HEURISTIC 29% | ABC 14% | TURNOVER 14% | DISPOSAL_RISK 14% | SAFETY_STOCK 8% | EOQ 7% | DEMAND_FORECAST 7% | MATCH 5%,"['⏰ 유통기한 임박 (91%)', '❄️ 냉장·냉동 과잉 (80%)', '💸 배송비 상승 (100%)', '⚡ 복합 스트레스 (60%)']","{'재고위험': '24.9%', '판매가능성': '13.1%', '점포이동적합': '14.0%', '비용절감': '18.3%', '폐기회피이익': '13.7%', '실행가능성': '12.8%', '이력보정': '3.3%'}",True,True,False,True,False,True,60.5,34.2,49.4,45.2,72.0,59.2,63.2,52.1,0.0,41.2,검토,보류,⏸️,306,HIGH,신뢰도 높음 ●,#2e7d32,,,41.2,검토,보류,3,3,True,False,,50.0,21408.0,0.0,21408.0,22.12,0.0,22.12,44.0,0.0,323.0,37.0,재고 이동,재고 이동,58.742,일치,58.742,46.964,23.752,17.497
아이스라떼057,방배점,청량리2점,21.0,프로모션 추천,17805.0,프로모션 순비용이 재배치 비용보다 낮습니다.,17.963978073610022,8.189655172413794,12,8,46.2,후순위,17805.0,21.0,378,False,Greedy 선택 후보보다 우선순위가 낮음,6.34,2903,355,2,유제품,338,190.0,44.0,551570.0,A,0.3820602951519687,1,100.0,56.1,6.42,NORMAL,68.8,False,59.0,MEDIUM,유통기한 임박 | 신선/냉장 고위험 카테고리,5.4,24.4,0.0,SAFE,"재고 여유 — 현재고(355), 재주문점(24)",0.0,150.9,23.8,153338.0,100.0,OVER,과잉 발주 위험 — 현재(350개) > EOQ(151개). 발주 주기 24일 권장,100.0,44.2,6.31,8.93,3.7,STABLE,56.2,0.5,WMA,0.5,36.1,10.0,3.62,10.0,7.5,5.0,POOR,낮은 매칭 · 핵심(A)상품,0.991,49.8,STABLE,11.1,LOW,73.1,HIGH,36.0,85.4,58.3,0.3,30.0,55351.0,100.0,0.385,0.385,88.5,True,13.2,245,31.0,322,100.0,0.999,4.9,26.2,50.0,HOLD,50.0,1,100.0,69.2,27.6,disposal_risk,58.1,검토 필요,165,HEURISTIC 29% | ABC 14% | TURNOVER 14% | DISPOSAL_RISK 14% | SAFETY_STOCK 8% | EOQ 7% | DEMAND_FORECAST 7% | MATCH 5%,"['⏰ 유통기한 임박 (91%)', '❄️ 냉장·냉동 과잉 (80%)', '💸 배송비 상승 (100%)', '⚡ 복합 스트레스 (60%)']","{'재고위험': '24.9%', '판매가능성': '13.1%', '점포이동적합': '14.0%', '비용절감': '18.3%', '폐기회피이익': '13.7%', '실행가능성': '12.8%', '이력보정': '3.3%'}",True,True,False,True,False,True,63.3,32.9,50.1,55.4,72.0,67.3,52.3,55.7,0.0,82.7,최적,보류,⏸️,83,HIGH,신뢰도 높음 ●,#2e7d32,,,82.7,최적,보류,2,1,False,False,,50.0,19797.0,0.0,19797.0,20.33,0.0,20.33,41.0,0.0,355.0,21.0,할인,재고 이동,61.641,다름,61.641,48.759,25.012,16.645
아이스라떼057,명동2점,청량리2점,21.0,프로모션 추천,17805.0,프로모션 순비용이 재배치 비용보다 낮습니다.,17.963978073610022,8.189655172413794,12,8,46.2,후순위,17805.0,21.0,379,False,Greedy 선택 후보보다 우선순위가 낮음,2.54,2903,353,0,유제품,350,76.0,18.0,220628.0,A,0.3820602951519687,1,100.0,139.3,2.58,DEAD,22.6,True,78.0,HIGH,유통기한 임박 | 소진일수 139일 초과 | 신선/냉장 고위험 카테고리,2.2,9.8,0.0,SAFE,"재고 여유 — 현재고(353), 재주문점(10)",0.0,95.5,37.6,97056.0,100.0,OVER,과잉 발주 위험 — 현재(351개) > EOQ(96개). 발주 주기 38일 권장,100.0,17.9,2.56,3.6,1.51,STABLE,138.0,0.0,WMA,0.0,40.9,10.0,8.4,10.0,7.5,5.0,FAIR,보통 매칭 · 폐기위험 높음 · 핵심(A)상품,1.012,50.3,STABLE,27.0,LOW,78.3,HIGH,36.0,85.4,58.3,0.3,30.0,55351.0,100.0,0.385,0.385,88.5,True,15.3,106,43.4,56,100.0,0.999,4.9,26.2,50.0,HOLD,50.0,2,99.8,69.2,24.4,disposal_risk,56.3,검토 필요,205,HEURISTIC 29% | ABC 14% | TURNOVER 14% | DISPOSAL_RISK 14% | SAFETY_STOCK 8% | EOQ 7% | DEMAND_FORECAST 7% | MATCH 5%,"['⏰ 유통기한 임박 (91%)', '❄️ 냉장·냉동 과잉 (80%)', '💸 배송비 상승 (100%)', '⚡ 복합 스트레스 (60%)']","{'재고위험': '24.9%', '판매가능성': '13.1%', '점포이동적합': '14.0%', '비용절감': '18.3%', '폐기회피이익': '13.7%', '실행가능성': '12.8%', '이력보정': '3.3%'}",True,True,False,True,False,True,59.6,32.8,54.7,55.4,72.0,67.3,53.3,55.4,0.0,78.4,권장,할인 판매,🏷️,106,HIGH,신뢰도 높음 ●,#2e7d32,,,78.4,권장,할인 판매,3,1,False,False,,50.0,29355.0,0.0,29355.0,30.95,0.0,30.95,62.0,0.0,353.0,21.0,할인,할인,61.633,일치,51.514,61.633,28.316,17.133
마카롱053,사당점,청량리2점,37.0,재배치 추천,21498.0,프로모션 순비용이 재배치 비용보다 높습니다.,13.144087705559906,15.086206896551724,18,0,46.2,후순위,21498.0,37.0,380,False,Greedy 선택 후보보다 우선순위가 낮음,3.98,3122,339,2,디저트,328,119.0,28.0,371518.0,A,0.2370369123281216,1,100.0,85.5,4.21,SLOW,52.5,True,65.7,HIGH,유통기한 임박 | 소진일수 86일 초과,3.4,15.3,0.0,SAFE,"재고 여유 — 현재고(339), 재주문점(15)",0.0,136.4,34.3,106482.0,100.0,OVER,과잉 발주 위험 — 현재(336개) > EOQ(136개). 발주 주기 34일 권장,100.0,27.9,3.99,5.63,2.34,STABLE,85.1,0.0,WMA,0.0,40.9,10.0,8.4,10.0,7.5,5.0,FAIR,보통 매칭 · 폐기위험 높음 · 핵심(A)상품,1.005,50.1,STABLE,16.6,LOW,73.1,HIGH,28.2,85.4,58.3,0.3,30.0,117119.0,100.0,0.385,0.385,88.5,False,13.2,245,35.9,251,100.0,0.999,4.9,26.2,50.0,HOLD,50.0,2,99.8,69.2,29.0,disposal_risk,58.0,검토 필요,166,HEURISTIC 29% | ABC 14% | TURNOVER 14% | DISPOSAL_RISK 14% | SAFETY_STOCK 8% | EOQ 7% | DEMAND_FORECAST 7% | MATCH 5%,"['⏰ 유통기한 임박 (91%)', '❄️ 냉장·냉동 과잉 (80%)', '💸 배송비 상승 (100%)', '⚡ 복합 스트레스 (60%)']","{'재고위험': '24.9%', '판매가능성': '13.1%', '점포이동적합': '14.0%', '비용절감': '18.3%', '폐기회피이익': '13.7%', '실행가능성': '12.8%', '이력보정': '3.3%'}",True,True,False,True,False,True,62.0,32.7,53.2,55.4,72.0,67.3,52.2,55.8,0.0,83.6,최적,할인 판매,🏷️,78,HIGH,신뢰도 높음 ●,#2e7d32,,,83.6,최적,할인 판매,3,1,False,False,,50.0,21498.0,0.0,21498.0,22.22,0.0,22.22,44.0,0.0,339.0,37.0,재고 이동,재고 이동,63.836,일치,63.836,52.463,26.725,16.349
커피083,문래2점,명동2점,33.0,재배치 추천,20256.0,프로모션 순비용이 재배치 비용보다 높습니다.,14.765074393108847,13.36206896551724,18,0,46.1,후순위,20256.0,33.0,381,False,Greedy 선택 후보보다 우선순위가 낮음,7.07,2824,382,4,음료,343,212.0,49.0,598688.0,A,0.5118256494536694,1,100.0,54.1,6.66,NORMAL,69.9,False,42.0,MEDIUM,유통기한 임박,6.1,27.3,0.0,SAFE,"재고 여유 — 현재고(382), 재주문점(27)",0.0,225.3,31.9,114531.0,66.8,OVER,과잉 발주 위험 — 현재(376개) > EOQ(225개). 발주 주기 32일 권장,66.8,49.2,7.03,9.94,4.11,STABLE,54.3,0.8,WMA,0.8,36.1,10.0,3.64,10.0,7.5,5.0,POOR,낮은 매칭 · 핵심(A)상품,0.99,49.8,STABLE,10.8,LOW,66.1,MEDIUM,34.9,73.5,61.0,0.3,30.0,91574.0,100.0,0.385,0.385,88.5,False,12.7,279,24.1,465,100.0,0.999,4.9,29.5,50.0,HOLD,50.0,2,99.8,69.2,28.6,turnover,51.8,모니터링,311,HEURISTIC 29% | ABC 14% | TURNOVER 14% | DISPOSAL_RISK 14% | SAFETY_STOCK 8% | EOQ 7% | DEMAND_FORECAST 7% | MATCH 5%,"['⏰ 유통기한 임박 (91%)', '❄️ 냉장·냉동 과잉 (80%)', '💸 배송비 상승 (100%)', '⚡ 복합 스트레스 (60%)']","{'재고위험': '24.9%', '판매가능성': '13.1%', '점포이동적합': '14.0%', '비용절감': '18.3%', '폐기회피이익': '13.7%', '실행가능성': '12.8%', '이력보정': '3.3%'}",True,True,False,True,False,True,56.0,33.0,49.0,50.4,72.0,65.2,51.9,52.5,0.0,46.6,검토,보류,⏸️,277,HIGH,신뢰도 높음 ●,#2e7d32,,,46.6,검토,보류,4,3,False,False,,50.0,20256.0,0.0,20256.0,20.84,0.0,20.84,42.0,0.0,382.0,33.0,재고 이동,재고 이동,62.045,일치,62.045,47.309,24.303,16.451
요거트080,강남2점,건대점,35.0,재배치 추천,20985.0,프로모션 순비용이 재배치 비용보다 높습니다.,13.813625685199685,14.224137931034484,18,0,46.0,후순위,20985.0,35.0,382,False,Greedy 선택 후보보다 우선순위가 낮음,3.99,3136,378,1,유제품,373,120.0,28.0,376320.0,A,0.5268566680372615,1,100.0,94.5,3.81,DEAD,47.5,True,76.0,HIGH,유통기한 임박 | 소진일수 94일 초과 | 신선/냉장 고위험 카테고리,3.4,15.4,0.0,SAFE,"재고 여유 — 현재고(378), 재주문점(15)",0.0,115.2,28.9,126431.0,100.0,OVER,과잉 발주 위험 — 현재(375개) > EOQ(115개). 발주 주기 29일 권장,100.0,28.0,4.0,5.65,2.35,STABLE,94.5,0.0,WMA,0.0,40.9,10.0,8.4,10.0,7.5,5.0,FAIR,보통 매칭 · 폐기위험 높음 · 핵심(A)상품,1.003,50.1,STABLE,18.4,LOW,76.6,HIGH,37.2,46.6,67.1,0.3,30.0,110727.0,100.0,0.385,0.385,88.5,True,14.9,116,40.5,157,100.0,0.999,4.9,35.9,50.0,HOLD,50.0,2,99.8,69.2,26.7,disposal_risk,59.7,검토 필요,128,HEURISTIC 29% | ABC 14% | TURNOVER 14% | DISPOSAL_RISK 14% | SAFETY_STOCK 8% | EOQ 7% | DEMAND_FORECAST 7% | MATCH 5%,"['⏰ 유통기한 임박 (91%)', '❄️ 냉장·냉동 과잉 (80%)', '💸 배송비 상승 (100%)', '⚡ 복합 스트레스 (60%)']","{'재고위험': '24.9%', '판매가능성': '13.1%', '점포이동적합': '14.0%', '비용절감': '18.3%', '폐기회피이익': '13.7%', '실행가능성': '12.8%', '이력보정': '3.3%'}",True,True,False,True,False,True,65.3,32.7,55.1,55.3,72.0,60.3,53.1,55.9,0.0,84.2,최적,할인 판매,🏷️,75,HIGH,신뢰도 높음 ●,#2e7d32,,,84.2,최적,할인 판매,3,3,True,False,,50.0,20985.0,0.0,20985.0,21.65,0.0,21.65,43.0,0.0,378.0,35.0,재고 이동,재고 이동,65.862,일치,65.862,55.104,27.752,16.307
요거트104,동대문점,왕십리점,21.0,프로모션 추천,17963.0,프로모션 순비용이 재배치 비용보다 낮습니다.,17.757765596450014,8.189655172413794,12,8,45.9,후순위,17963.0,21.0,383,False,Greedy 선택 후보보다 우선순위가 낮음,0.5,2928,347,9,유제품,341,15.0,4.0,43920.0,B,0.8311441504147848,2,60.0,694.0,0.52,DEAD,0.0,True,55.1,MEDIUM,소진일수 694일 초과 | 신선/냉장 고위험 카테고리,0.4,1.9,0.0,SAFE,"재고 여유 — 현재고(347), 재주문점(2)",0.0,42.2,84.4,43247.0,100.0,OVER,과잉 발주 위험 — 현재(347개) > EOQ(42개). 발주 주기 84일 권장,100.0,3.8,0.54,0.75,0.34,INCREASING,639.2,0.0,WMA,0.0,32.1,10.0,3.6,6.0,7.5,5.0,POOR,낮은 매칭,1.143,53.6,RISING,35.0,LOW,48.6,MEDIUM,35.1,44.7,91.4,0.3,30.0,55823.0,100.0,0.385,0.385,88.5,True,11.0,410,34.5,279,100.0,0.999,4.9,52.9,50.0,HOLD,50.0,2,99.8,69.2,45.6,disposal_risk,36.8,후순위,484,HEURISTIC 29% | ABC 14% | TURNOVER 14% | DISPOSAL_RISK 14% | SAFETY_STOCK 8% | EOQ 7% | DEMAND_FORECAST 7% | MATCH 5%,"['⏰ 유통기한 임박 (91%)', '❄️ 냉장·냉동 과잉 (80%)', '💸 배송비 상승 (100%)', '⚡ 복합 스트레스 (60%)']","{'재고위험': '24.9%', '판매가능성': '13.1%', '점포이동적합': '14.0%', '비용절감': '18.3%', '폐기회피이익': '13.7%', '실행가능성': '12.8%', '이력보정': '3.3%'}",True,True,False,True,False,True,37.3,33.8,51.6,55.2,72.0,75.8,51.0,50.6,0.0,25.9,검토,보류,⏸️,388,HIGH,신뢰도 높음 ●,#2e7d32,,,25.9,검토,보류,3,0,False,False,,50.0,32541.0,0.0,32541.0,34.49,0.0,34.49,69.0,0.0,347.0,21.0,할인,할인,63.143,일치,42.442,63.143,27.591,15.14
냉동치킨098,잠원2점,노원점,31.0,재배치 추천,19743.0,프로모션 순비용이 재배치 비용보다 높습니다.,15.434612372748632,12.5,18,0,45.9,후순위,19743.0,31.0,384,False,Greedy 선택 후보보다 우선순위가 낮음,2.21,2295,362,3,냉동식품,353,66.0,15.0,151470.0,A,0.4811722501962872,1,100.0,164.5,2.19,DEAD,8.6,True,74.0,HIGH,유통기한 임박 | 소진일수 164일 초과 | 신선/냉장 고위험 카테고리,1.9,8.5,0.0,SAFE,"재고 여유 — 현재고(362), 재주문점(8)",0.0,108.2,49.0,74524.0,100.0,OVER,과잉 발주 위험 — 현재(360개) > EOQ(108개). 발주 주기 49일 권장,100.0,15.2,2.17,3.08,1.26,STABLE,166.7,0.0,WMA,0.0,40.9,10.0,8.4,10.0,7.5,5.0,FAIR,보통 매칭 · 폐기위험 높음 · 핵심(A)상품,0.97,49.2,STABLE,32.6,LOW,69.6,MEDIUM,39.8,51.6,91.3,0.3,30.0,65631.0,100.0,0.385,0.385,88.5,True,14.6,131,43.2,60,100.0,0.999,4.9,52.9,50.0,HOLD,50.0,2,99.8,69.2,22.7,disposal_risk,52.7,모니터링,283,HEURISTIC 29% | ABC 14% | TURNOVER 14% | DISPOSAL_RISK 14% | SAFETY_STOCK 8% | EOQ 7% | DEMAND_FORECAST 7% | MATCH 5%,"['⏰ 유통기한 임박 (91%)', '❄️ 냉장·냉동 과잉 (80%)', '💸 배송비 상승 (100%)', '⚡ 복합 스트레스 (60%)']","{'재고위험': '24.9%', '판매가능성': '13.1%', '점포이동적합': '14.0%', '비용절감': '18.3%', '폐기회피이익': '13.7%', '실행가능성': '12.8%', '이력보정': '3.3%'}",True,True,False,True,False,True,54.1,32.5,57.3,55.2,72.0,78.1,52.9,55.7,0.0,82.9,최적,할인 판매,🏷️,82,HIGH,신뢰도 높음 ●,#2e7d32,,,82.9,최적,할인 판매,2,1,False,False,,50.0,19743.0,0.0,19743.0,20.27,0.0,20.27,41.0,0.0,362.0,31.0,재고 이동,재고 이동,63.663,일치,63.663,56.521,27.695,14.88
핫바033,여의도점,잠실2점,46.0,재배치 추천,24729.0,프로모션 순비용이 재배치 비용보다 높습니다.,8.927173061863744,18.96551724137931,18,0,45.9,후순위,24729.0,46.0,385,False,Greedy 선택 후보보다 우선순위가 낮음,0.85,3149,344,3,간편식,341,26.0,6.0,81874.0,A,0.5412696626654718,1,100.0,396.9,0.91,DEAD,0.0,True,73.0,HIGH,유통기한 임박 | 소진일수 397일 초과,0.7,3.2,0.0,SAFE,"재고 여유 — 현재고(344), 재주문점(3)",0.0,66.9,78.7,46361.0,100.0,OVER,과잉 발주 위험 — 현재(343개) > EOQ(67개). 발주 주기 79일 권장,100.0,6.0,0.86,1.21,0.51,STABLE,401.3,0.0,WMA,0.0,40.9,10.0,8.4,10.0,7.5,5.0,FAIR,보통 매칭 · 폐기위험 높음 · 핵심(A)상품,1.008,50.2,STABLE,35.0,LOW,69.6,MEDIUM,28.1,52.7,74.6,0.3,30.0,149096.0,100.0,0.385,0.385,88.5,False,14.4,144,43.4,56,100.0,0.999,4.9,42.4,50.0,HOLD,50.0,2,99.8,69.2,20.6,disposal_risk,51.0,모니터링,328,HEURISTIC 29% | ABC 14% | TURNOVER 14% | DISPOSAL_RISK 14% | SAFETY_STOCK 8% | EOQ 7% | DEMAND_FORECAST 7% | MATCH 5%,"['⏰ 유통기한 임박 (91%)', '❄️ 냉장·냉동 과잉 (80%)', '💸 배송비 상승 (100%)', '⚡ 복합 스트레스 (60%)']","{'재고위험': '24.9%', '판매가능성': '13.1%', '점포이동적합': '14.0%', '비용절감': '18.3%', '폐기회피이익': '13.7%', '실행가능성': '12.8%', '이력보정': '3.3%'}",True,True,False,True,False,True,51.4,32.8,56.3,55.2,72.0,67.3,52.8,53.5,0.0,55.3,검토,할인 판매,🏷️,230,HIGH,신뢰도 높음 ●,#2e7d32,,,55.3,검토,할인 판매,2,4,False,False,,50.0,24729.0,0.0,24729.0,25.81,0.0,25.81,52.0,0.0,344.0,46.0,재고 이동,재고 이동,61.243,일치,61.243,59.513,28.877,15.213
냉동피자114,잠실점,이태원점,34.0,프로모션 추천,22350.0,프로모션 순비용이 재배치 비용보다 낮습니다.,12.032106499608457,13.793103448275861,12,8,45.8,후순위,22350.0,34.0,386,False,Greedy 선택 후보보다 우선순위가 낮음,2.47,2268,386,19,냉동식품,321,74.0,17.0,167832.0,A,0.7226437220565529,1,100.0,156.5,2.3,DEAD,13.1,True,44.2,MEDIUM,소진일수 156일 초과 | 신선/냉장 고위험 카테고리,2.1,9.5,0.0,SAFE,"재고 여유 — 현재고(386), 재주문점(10)",0.0,115.1,46.6,78321.0,100.0,OVER,과잉 발주 위험 — 현재(384개) > EOQ(115개). 발주 주기 47일 권장,100.0,17.1,2.44,3.46,1.42,STABLE,158.0,0.0,WMA,0.0,36.1,10.0,3.6,10.0,7.5,5.0,POOR,낮은 매칭 · 핵심(A)상품,0.983,49.6,STABLE,30.8,LOW,43.3,MEDIUM,37.3,0.0,60.8,0.3,30.0,70184.0,100.0,0.385,0.385,88.5,True,9.7,436,29.9,348,100.0,0.999,4.9,29.3,50.0,HOLD,50.0,2,99.8,69.2,30.0,disposal_risk,44.4,모니터링,448,HEURISTIC 29% | ABC 14% | TURNOVER 14% | DISPOSAL_RISK 14% | SAFETY_STOCK 8% | EOQ 7% | DEMAND_FORECAST 7% | MATCH 5%,"['⏰ 유통기한 임박 (91%)', '❄️ 냉장·냉동 과잉 (80%)', '💸 배송비 상승 (100%)', '⚡ 복합 스트레스 (60%)']","{'재고위험': '24.9%', '판매가능성': '13.1%', '점포이동적합': '14.0%', '비용절감': '18.3%', '폐기회피이익': '13.7%', '실행가능성': '12.8%', '이력보정': '3.3%'}",True,True,False,True,False,True,41.9,32.6,50.2,55.2,72.0,40.5,50.2,46.9,0.0,11.3,검토,보류,⏸️,466,HIGH,신뢰도 높음 ●,#2e7d32,,,11.3,검토,보류,2,7,False,False,,50.0,26385.0,0.0,26385.0,27.65,0.0,27.65,55.0,0.0,386.0,34.0,할인,재고 이동,55.444,다름,55.444,54.722,26.434,15.264
삼각김밥113,노원점,선릉2점,52.0,재배치 추천,26844.0,프로모션 순비용이 재배치 비용보다 높습니다.,6.166797180892717,21.551724137931032,18,0,45.7,후순위,26844.0,52.0,387,False,Greedy 선택 후보보다 우선순위가 낮음,7.83,1810,338,2,간편식,317,235.0,55.0,425350.0,A,0.3299880160837302,1,100.0,43.1,8.34,NORMAL,76.1,False,49.6,MEDIUM,유통기한 임박,6.7,30.2,0.0,SAFE,"재고 여유 — 현재고(338), 재주문점(30)",0.0,267.9,34.2,106679.0,23.7,OPTIMAL,"적정 발주 — EOQ(268개), 권장 발주 주기 34일",23.7,54.9,7.84,11.07,4.61,STABLE,43.1,2.3,WMA,2.3,36.2,10.0,3.72,10.0,7.5,5.0,POOR,낮은 매칭 · 핵심(A)상품,1.003,50.1,STABLE,8.4,LOW,73.1,HIGH,34.3,74.2,100.0,0.3,30.0,86100.0,100.0,0.385,0.385,88.5,False,26.5,42,26.7,413,100.0,0.999,4.9,57.0,50.0,HOLD,50.0,2,99.8,69.1,27.3,turnover,52.5,모니터링,289,HEURISTIC 29% | ABC 14% | TURNOVER 14% | DISPOSAL_RISK 14% | SAFETY_STOCK 8% | EOQ 7% | DEMAND_FORECAST 7% | MATCH 5%,"['⏰ 유통기한 임박 (91%)', '❄️ 냉장·냉동 과잉 (80%)', '💸 배송비 상승 (100%)', '⚡ 복합 스트레스 (60%)']","{'재고위험': '24.9%', '판매가능성': '13.1%', '점포이동적합': '14.0%', '비용절감': '18.3%', '폐기회피이익': '13.7%', '실행가능성': '12.8%', '이력보정': '3.3%'}",True,True,False,True,False,True,61.0,33.9,52.3,43.7,72.0,91.4,59.5,56.5,0.0,88.7,최적,보류,⏸️,51,HIGH,신뢰도 높음 ●,#2e7d32,,,88.7,최적,보류,1,6,False,False,,50.0,26844.0,0.0,26844.0,28.16,0.0,28.16,56.0,0.0,338.0,52.0,재고 이동,재고 이동,56.908,일치,56.908,50.816,25.261,18.153
김밥109,목동점,선릉2점,31.0,재배치 추천,20112.0,프로모션 순비용이 재배치 비용보다 높습니다.,14.953014878621769,12.5,18,0,45.5,후순위,20112.0,31.0,388,False,Greedy 선택 후보보다 우선순위가 낮음,4.14,3342,374,3,신선식품,357,124.0,29.0,414408.0,A,0.7544751084522577,1,100.0,90.5,3.98,DEAD,49.7,True,78.0,HIGH,유통기한 임박 | 소진일수 90일 초과 | 신선/냉장 고위험 카테고리,3.5,15.9,0.0,SAFE,"재고 여유 — 현재고(374), 재주문점(16)",0.0,113.7,27.5,132949.0,100.0,OVER,과잉 발주 위험 — 현재(370개) > EOQ(114개). 발주 주기 28일 권장,100.0,29.0,4.14,5.85,2.44,STABLE,90.3,0.0,WMA,0.0,40.9,10.0,8.4,10.0,7.5,5.0,FAIR,보통 매칭 · 폐기위험 높음 · 핵심(A)상품,1.001,50.0,STABLE,17.6,LOW,69.6,MEDIUM,37.4,74.2,100.0,0.3,30.0,104210.0,100.0,0.385,0.385,88.5,True,15.3,106,41.1,135,100.0,0.999,4.9,57.0,50.0,HOLD,50.0,2,99.8,69.1,26.0,disposal_risk,60.1,검토 필요,117,HEURISTIC 29% | ABC 14% | TURNOVER 14% | DISPOSAL_RISK 14% | SAFETY_STOCK 8% | EOQ 7% | DEMAND_FORECAST 7% | MATCH 5%,"['⏰ 유통기한 임박 (91%)', '❄️ 냉장·냉동 과잉 (80%)', '💸 배송비 상승 (100%)', '⚡ 복합 스트레스 (60%)']","{'재고위험': '24.9%', '판매가능성': '13.1%', '점포이동적합': '14.0%', '비용절감': '18.3%', '폐기회피이익': '13.7%', '실행가능성': '12.8%', '이력보정': '3.3%'}",True,True,False,True,False,True,66.8,32.7,57.3,55.0,72.0,91.4,53.3,60.5,0.0,98.0,최적,할인 판매,🏷️,1,HIGH,신뢰도 높음 ●,#2e7d32,,,98.0,최적,할인 판매,2,6,False,False,,50.0,20112.0,0.0,20112.0,20.68,0.0,20.68,41.0,0.0,374.0,31.0,재고 이동,재고 이동,65.704,일치,65.704,54.283,27.411,16.311
도시락078,합정점,목동점,27.0,재배치 추천,18852.0,프로모션 순비용이 재배치 비용보다 높습니다.,16.59749412685983,10.775862068965516,18,0,45.4,후순위,18852.0,27.0,389,False,Greedy 선택 후보보다 우선순위가 낮음,4.02,2629,329,2,신선식품,318,121.0,28.0,318109.0,A,0.5822717544696352,1,100.0,81.6,4.41,SLOW,54.7,True,73.8,HIGH,유통기한 임박 | 소진일수 82일 초과 | 신선/냉장 고위험 카테고리,3.4,15.5,0.0,SAFE,"재고 여유 — 현재고(329), 재주문점(16)",0.0,126.3,31.4,116195.0,100.0,OVER,과잉 발주 위험 — 현재(326개) > EOQ(126개). 발주 주기 31일 권장,100.0,28.1,4.01,5.67,2.36,STABLE,82.0,0.0,WMA,0.0,40.9,10.0,8.4,10.0,7.5,5.0,FAIR,보통 매칭 · 폐기위험 높음 · 핵심(A)상품,0.995,49.9,STABLE,16.0,LOW,73.1,HIGH,32.3,70.2,50.1,0.3,30.0,66328.0,100.0,0.385,0.385,88.5,True,14.6,131,39.0,185,100.0,0.999,4.9,14.1,50.0,HOLD,50.0,2,99.8,69.1,26.9,disposal_risk,59.8,검토 필요,127,HEURISTIC 29% | ABC 14% | TURNOVER 14% | DISPOSAL_RISK 14% | SAFETY_STOCK 8% | EOQ 7% | DEMAND_FORECAST 7% | MATCH 5%,"['⏰ 유통기한 임박 (91%)', '❄️ 냉장·냉동 과잉 (80%)', '💸 배송비 상승 (100%)', '⚡ 복합 스트레스 (60%)']","{'재고위험': '24.9%', '판매가능성': '13.1%', '점포이동적합': '14.0%', '비용절감': '18.3%', '폐기회피이익': '13.7%', '실행가능성': '12.8%', '이력보정': '3.3%'}",True,True,False,True,False,True,66.2,32.7,52.6,55.0,72.0,56.8,52.9,55.3,0.0,77.1,권장,할인 판매,🏷️,113,HIGH,신뢰도 높음 ●,#2e7d32,,,77.1,권장,할인 판매,6,2,False,False,,50.0,18852.0,0.0,18852.0,19.28,0.0,19.28,39.0,0.0,329.0,27.0,재고 이동,재고 이동,64.089,일치,64.089,51.397,26.229,16.317
요거트104,동대문점,교대2점,22.0,프로모션 추천,18818.0,프로모션 순비용이 재배치 비용보다 낮습니다.,16.641868963717044,8.620689655172415,12,8,45.3,후순위,18818.0,22.0,390,False,Greedy 선택 후보보다 우선순위가 낮음,0.5,2928,347,9,유제품,341,15.0,4.0,43920.0,B,0.8311441504147848,2,60.0,694.0,0.52,DEAD,0.0,True,55.1,MEDIUM,소진일수 694일 초과 | 신선/냉장 고위험 카테고리,0.4,1.9,0.0,SAFE,"재고 여유 — 현재고(347), 재주문점(2)",0.0,42.2,84.4,43247.0,100.0,OVER,과잉 발주 위험 — 현재(347개) > EOQ(42개). 발주 주기 84일 권장,100.0,3.8,0.54,0.75,0.34,INCREASING,639.2,0.0,WMA,0.0,32.1,10.0,3.6,6.0,7.5,5.0,POOR,낮은 매칭,1.143,53.6,RISING,35.0,LOW,48.6,MEDIUM,27.6,48.1,65.5,0.3,30.0,58481.0,100.0,0.385,0.385,88.5,True,11.2,405,34.5,279,100.0,0.999,4.9,34.3,50.0,HOLD,50.0,2,99.8,69.1,45.7,disposal_risk,36.3,후순위,485,HEURISTIC 29% | ABC 14% | TURNOVER 14% | DISPOSAL_RISK 14% | SAFETY_STOCK 8% | EOQ 7% | DEMAND_FORECAST 7% | MATCH 5%,"['⏰ 유통기한 임박 (91%)', '❄️ 냉장·냉동 과잉 (80%)', '💸 배송비 상승 (100%)', '⚡ 복합 스트레스 (60%)']","{'재고위험': '24.9%', '판매가능성': '13.1%', '점포이동적합': '14.0%', '비용절감': '18.3%', '폐기회피이익': '13.7%', '실행가능성': '12.8%', '이력보정': '3.3%'}",True,True,False,True,False,True,37.3,33.8,49.8,54.9,72.0,59.7,51.1,48.2,0.0,16.6,검토,보류,⏸️,438,HIGH,신뢰도 높음 ●,#2e7d32,,,16.6,검토,보류,3,4,False,False,,50.0,22695.0,0.0,22695.0,23.55,0.0,23.55,47.0,0.0,347.0,22.0,할인,할인,56.314,일치,51.633,56.314,26.338,13.914
요거트104,이태원점,교대2점,22.0,프로모션 추천,18818.0,프로모션 순비용이 재배치 비용보다 낮습니다.,16.641868963717044,8.620689655172415,12,8,45.3,후순위,18818.0,22.0,391,False,Greedy 선택 후보보다 우선순위가 낮음,5.03,2928,293,3,유제품,272,151.0,35.0,442128.0,B,0.8311441504147848,2,60.0,58.2,6.18,NORMAL,67.7,False,60.1,HIGH,유통기한 임박 | 신선/냉장 고위험 카테고리,4.3,19.4,0.0,SAFE,"재고 여유 — 현재고(293), 재주문점(19)",0.0,133.8,26.6,137167.0,100.0,OVER,과잉 발주 위험 — 현재(289개) > EOQ(134개). 발주 주기 27일 권장,100.0,35.1,5.01,7.09,2.94,STABLE,58.4,0.2,WMA,0.2,36.9,10.0,8.41,6.0,7.5,5.0,POOR,낮은 매칭 · 폐기위험 높음,0.994,49.9,STABLE,11.5,LOW,69.6,MEDIUM,27.6,48.1,65.5,0.3,30.0,58481.0,100.0,0.385,0.385,88.5,True,12.5,293,31.6,313,100.0,0.999,4.9,34.3,50.0,HOLD,50.0,2,99.8,69.1,43.6,disposal_risk,50.1,모니터링,341,HEURISTIC 29% | ABC 14% | TURNOVER 14% | DISPOSAL_RISK 14% | SAFETY_STOCK 8% | EOQ 7% | DEMAND_FORECAST 7% | MATCH 5%,"['⏰ 유통기한 임박 (91%)', '❄️ 냉장·냉동 과잉 (80%)', '💸 배송비 상승 (100%)', '⚡ 복합 스트레스 (60%)']","{'재고위험': '24.9%', '판매가능성': '13.1%', '점포이동적합': '14.0%', '비용절감': '18.3%', '폐기회피이익': '13.7%', '실행가능성': '12.8%', '이력보정': '3.3%'}",True,True,False,True,False,True,57.5,32.8,51.4,54.9,72.0,59.7,51.8,53.3,0.0,53.3,검토,할인 판매,🏷️,241,HIGH,신뢰도 높음 ●,#2e7d32,,,53.3,검토,할인 판매,7,4,False,False,,50.0,33612.0,0.0,33612.0,35.68,0.0,35.68,71.0,0.0,293.0,22.0,할인,할인,57.886,일치,43.277,57.886,26.354,17.5
요거트104,혜화점,교대2점,22.0,프로모션 추천,18818.0,프로모션 순비용이 재배치 비용보다 낮습니다.,16.641868963717044,8.620689655172415,12,8,45.3,후순위,18818.0,22.0,392,False,Greedy 선택 후보보다 우선순위가 낮음,1.31,2928,306,2,유제품,303,39.0,9.0,114192.0,B,0.8311441504147848,2,60.0,235.4,1.53,DEAD,0.0,True,76.0,HIGH,유통기한 임박 | 소진일수 235일 초과 | 신선/냉장 고위험 카테고리,1.1,5.0,0.0,SAFE,"재고 여유 — 현재고(306), 재주문점(5)",0.0,68.3,52.1,70001.0,100.0,OVER,과잉 발주 위험 — 현재(305개) > EOQ(68개). 발주 주기 52일 권장,100.0,9.1,1.3,1.84,0.76,STABLE,235.4,0.0,WMA,0.0,36.9,10.0,8.4,6.0,7.5,5.0,POOR,낮은 매칭 · 폐기위험 높음,0.981,49.5,STABLE,35.5,LOW,73.1,HIGH,27.6,48.1,65.5,0.3,30.0,58481.0,100.0,0.385,0.385,88.5,True,14.9,116,43.9,41,100.0,0.999,4.9,34.3,50.0,HOLD,50.0,2,99.8,69.1,36.8,disposal_risk,42.9,모니터링,464,HEURISTIC 29% | ABC 14% | TURNOVER 14% | DISPOSAL_RISK 14% | SAFETY_STOCK 8% | EOQ 7% | DEMAND_FORECAST 7% | MATCH 5%,"['⏰ 유통기한 임박 (91%)', '❄️ 냉장·냉동 과잉 (80%)', '💸 배송비 상승 (100%)', '⚡ 복합 스트레스 (60%)']","{'재고위험': '24.9%', '판매가능성': '13.1%', '점포이동적합': '14.0%', '비용절감': '18.3%', '폐기회피이익': '13.7%', '실행가능성': '12.8%', '이력보정': '3.3%'}",True,True,False,True,False,True,46.8,32.6,53.8,54.9,72.0,59.7,53.1,51.0,0.0,29.8,검토,할인 판매,🏷️,367,HIGH,신뢰도 높음 ●,#2e7d32,,,29.8,검토,할인 판매,7,4,False,False,,50.0,34143.0,0.0,34143.0,36.27,0.0,36.27,73.0,0.0,306.0,22.0,할인,할인,66.403,일치,41.763,66.403,28.77,15.768
아이스크림085,건대2점,잠원점,36.0,재배치 추천,21966.0,프로모션 순비용이 재배치 비용보다 높습니다.,12.533281127642912,14.655172413793101,18,0,45.2,후순위,21966.0,36.0,393,False,Greedy 선택 후보보다 우선순위가 낮음,3.77,2932,379,12,디저트,316,113.0,26.0,331316.0,A,0.3474431199272941,1,100.0,100.6,3.58,DEAD,44.1,True,36.9,LOW,소진일수 101일 초과,3.2,14.5,0.0,SAFE,"재고 여유 — 현재고(379), 재주문점(14)",0.0,137.0,36.3,100431.0,100.0,OVER,과잉 발주 위험 — 현재(376개) > EOQ(137개). 발주 주기 36일 권장,100.0,26.2,3.74,5.3,2.19,STABLE,101.3,0.0,WMA,0.0,32.5,10.0,0.0,10.0,7.5,5.0,POOR,낮은 매칭 · 핵심(A)상품,0.985,49.6,STABLE,19.9,LOW,43.3,MEDIUM,30.3,34.9,77.2,0.3,30.0,104696.0,100.0,0.385,0.385,88.5,False,8.8,466,23.5,476,100.0,0.999,4.9,44.3,50.0,HOLD,50.0,2,99.8,69.0,32.4,disposal_risk,46.2,모니터링,431,HEURISTIC 29% | ABC 14% | TURNOVER 14% | DISPOSAL_RISK 14% | SAFETY_STOCK 8% | EOQ 7% | DEMAND_FORECAST 7% | MATCH 5%,"['⏰ 유통기한 임박 (91%)', '❄️ 냉장·냉동 과잉 (80%)', '💸 배송비 상승 (100%)', '⚡ 복합 스트레스 (60%)']","{'재고위험': '24.9%', '판매가능성': '13.1%', '점포이동적합': '14.0%', '비용절감': '18.3%', '폐기회피이익': '13.7%', '실행가능성': '12.8%', '이력보정': '3.3%'}",True,True,False,True,False,True,46.8,32.6,48.8,54.9,72.0,63.1,49.8,50.7,0.0,27.9,검토,보류,⏸️,377,HIGH,신뢰도 높음 ●,#2e7d32,,,27.9,검토,보류,5,2,False,False,,50.0,21966.0,0.0,21966.0,22.74,0.0,22.74,45.0,0.0,379.0,36.0,재고 이동,재고 이동,61.151,일치,61.151,48.499,24.933,15.289
도시락007,압구정2점,역삼점,21.0,프로모션 추천,18574.0,프로모션 순비용이 재배치 비용보다 낮습니다.,16.960323675280605,8.189655172413794,12,8,45.1,후순위,18574.0,21.0,394,False,Greedy 선택 후보보다 우선순위가 낮음,1.67,3025,317,1,신선식품,315,50.0,12.0,151250.0,A,0.6072939149445852,1,100.0,190.2,1.89,DEAD,0.0,True,78.0,HIGH,유통기한 임박 | 소진일수 190일 초과 | 신선/냉장 고위험 카테고리,1.4,6.4,0.0,SAFE,"재고 여유 — 현재고(317), 재주문점(6)",0.0,75.9,45.4,80334.0,100.0,OVER,과잉 발주 위험 — 현재(316개) > EOQ(76개). 발주 주기 45일 권장,100.0,11.9,1.7,2.39,1.01,STABLE,186.5,0.0,WMA,0.0,40.9,10.0,8.4,10.0,7.5,5.0,FAIR,보통 매칭 · 폐기위험 높음 · 핵심(A)상품,1.027,50.7,STABLE,35.0,LOW,76.6,HIGH,40.1,75.5,74.5,0.3,30.0,57656.0,100.0,0.385,0.385,88.5,True,15.4,102,45.4,4,100.0,0.999,4.9,42.2,50.0,HOLD,50.0,2,99.8,69.0,19.0,disposal_risk,51.6,모니터링,317,HEURISTIC 29% | ABC 14% | TURNOVER 14% | DISPOSAL_RISK 14% | SAFETY_STOCK 8% | EOQ 7% | DEMAND_FORECAST 7% | MATCH 5%,"['⏰ 유통기한 임박 (91%)', '❄️ 냉장·냉동 과잉 (80%)', '💸 배송비 상승 (100%)', '⚡ 복합 스트레스 (60%)']","{'재고위험': '24.9%', '판매가능성': '13.1%', '점포이동적합': '14.0%', '비용절감': '18.3%', '폐기회피이익': '13.7%', '실행가능성': '12.8%', '이력보정': '3.3%'}",True,True,False,True,False,True,53.6,32.9,56.7,54.8,72.0,74.8,53.4,55.0,0.0,73.6,권장,할인 판매,🏷️,132,HIGH,신뢰도 높음 ●,#2e7d32,,,73.6,권장,할인 판매,3,1,False,False,,50.0,28824.0,0.0,28824.0,30.36,0.0,30.36,61.0,0.0,317.0,21.0,할인,할인,61.368,일치,49.479,61.368,28.001,16.315
요거트080,청량리점,건대점,35.0,재배치 추천,21705.0,프로모션 순비용이 재배치 비용보다 높습니다.,12.873923257635083,14.224137931034484,18,0,45.1,후순위,21705.0,35.0,395,False,Greedy 선택 후보보다 우선순위가 낮음,2.25,3136,337,1,유제품,334,68.0,16.0,213248.0,A,0.5268566680372615,1,100.0,148.7,2.42,DEAD,17.4,True,76.0,HIGH,유통기한 임박 | 소진일수 149일 초과 | 신선/냉장 고위험 카테고리,1.9,8.6,0.0,SAFE,"재고 여유 — 현재고(337), 재주문점(9)",0.0,86.5,38.4,94942.0,100.0,OVER,과잉 발주 위험 — 현재(335개) > EOQ(86개). 발주 주기 38일 권장,100.0,15.9,2.27,3.2,1.34,STABLE,148.4,0.0,WMA,0.0,40.9,10.0,8.4,10.0,7.5,5.0,FAIR,보통 매칭 · 폐기위험 높음 · 핵심(A)상품,1.016,50.4,STABLE,29.1,LOW,76.6,HIGH,37.2,46.6,67.1,0.3,30.0,110007.0,100.0,0.385,0.385,88.5,True,15.1,110,43.1,61,100.0,0.999,4.9,35.9,50.0,HOLD,50.0,2,99.8,69.0,24.1,disposal_risk,53.9,모니터링,259,HEURISTIC 29% | ABC 14% | TURNOVER 14% | DISPOSAL_RISK 14% | SAFETY_STOCK 8% | EOQ 7% | DEMAND_FORECAST 7% | MATCH 5%,"['⏰ 유통기한 임박 (91%)', '❄️ 냉장·냉동 과잉 (80%)', '💸 배송비 상승 (100%)', '⚡ 복합 스트레스 (60%)']","{'재고위험': '24.9%', '판매가능성': '13.1%', '점포이동적합': '14.0%', '비용절감': '18.3%', '폐기회피이익': '13.7%', '실행가능성': '12.8%', '이력보정': '3.3%'}",True,True,False,True,False,True,57.3,32.8,55.6,54.8,72.0,60.3,53.2,53.9,0.0,59.6,검토,할인 판매,🏷️,207,HIGH,신뢰도 높음 ●,#2e7d32,,,59.6,검토,할인 판매,2,3,False,False,,50.0,21705.0,0.0,21705.0,22.45,0.0,22.45,45.0,0.0,337.0,35.0,재고 이동,재고 이동,62.081,일치,62.081,56.196,27.696,15.465
마카롱004,교대점,잠원2점,23.0,재배치 추천,17844.0,프로모션 순비용이 재배치 비용보다 높습니다.,17.913077525450273,9.051724137931034,18,0,45.0,후순위,17844.0,23.0,396,False,Greedy 선택 후보보다 우선순위가 낮음,4.68,3202,304,0,디저트,298,140.0,33.0,448280.0,A,0.7747229226474157,1,100.0,65.1,5.53,SLOW,63.8,True,57.6,MEDIUM,유통기한 임박,4.0,18.0,0.0,SAFE,"재고 여유 — 현재고(304), 재주문점(18)",0.0,146.1,31.2,116936.0,100.0,OVER,과잉 발주 위험 — 현재(300개) > EOQ(146개). 발주 주기 31일 권장,100.0,32.9,4.7,6.63,2.77,STABLE,64.7,0.0,WMA,0.0,36.1,10.0,3.6,10.0,7.5,5.0,POOR,낮은 매칭 · 핵심(A)상품,1.007,50.2,STABLE,12.6,LOW,78.3,HIGH,33.4,61.1,64.3,0.3,30.0,70531.0,100.0,0.385,0.385,88.5,False,11.8,362,30.7,326,100.0,0.999,4.9,33.1,50.0,HOLD,50.0,2,99.8,69.0,28.6,disposal_risk,55.5,검토 필요,225,HEURISTIC 29% | ABC 14% | TURNOVER 14% | DISPOSAL_RISK 14% | SAFETY_STOCK 8% | EOQ 7% | DEMAND_FORECAST 7% | MATCH 5%,"['⏰ 유통기한 임박 (91%)', '❄️ 냉장·냉동 과잉 (80%)', '💸 배송비 상승 (100%)', '⚡ 복합 스트레스 (60%)']","{'재고위험': '24.9%', '판매가능성': '13.1%', '점포이동적합': '14.0%', '비용절감': '18.3%', '폐기회피이익': '13.7%', '실행가능성': '12.8%', '이력보정': '3.3%'}",True,True,False,True,False,True,61.3,32.8,50.7,54.8,72.0,63.2,51.4,54.6,0.0,68.0,권장,보류,⏸️,162,HIGH,신뢰도 높음 ●,#2e7d32,,,68.0,권장,보류,3,2,False,False,,50.0,17844.0,0.0,17844.0,18.16,0.0,18.16,36.0,0.0,304.0,23.0,재고 이동,재고 이동,62.113,일치,62.113,46.354,24.238,16.093
도시락078,강남2점,목동점,27.0,프로모션 추천,20673.0,프로모션 순비용이 재배치 비용보다 낮습니다.,14.220830070477682,10.775862068965516,12,8,45.0,후순위,20673.0,27.0,397,False,Greedy 선택 후보보다 우선순위가 낮음,2.34,2629,315,0,신선식품,312,70.0,16.0,184030.0,A,0.5822717544696352,1,100.0,135.0,2.67,DEAD,25.0,True,80.0,CRITICAL,유통기한 임박 | 소진일수 135일 초과 | 신선/냉장 고위험 카테고리,2.0,9.0,0.0,SAFE,"재고 여유 — 현재고(315), 재주문점(9)",0.0,96.3,41.2,88651.0,100.0,OVER,과잉 발주 위험 — 현재(313개) > EOQ(96개). 발주 주기 41일 권장,100.0,16.2,2.31,3.28,1.35,STABLE,136.1,0.0,WMA,0.0,44.5,10.0,12.0,10.0,7.5,5.0,FAIR,보통 매칭 · 폐기위험 높음 · 핵심(A)상품,0.977,49.4,STABLE,26.8,LOW,78.3,HIGH,32.3,70.2,50.1,0.3,30.0,64507.0,100.0,0.385,0.385,88.5,True,15.9,89,44.8,18,100.0,0.999,4.9,14.1,50.0,HOLD,50.0,2,99.8,69.0,24.1,disposal_risk,57.0,검토 필요,189,HEURISTIC 29% | ABC 14% | TURNOVER 14% | DISPOSAL_RISK 14% | SAFETY_STOCK 8% | EOQ 7% | DEMAND_FORECAST 7% | MATCH 5%,"['⏰ 유통기한 임박 (91%)', '❄️ 냉장·냉동 과잉 (80%)', '💸 배송비 상승 (100%)', '⚡ 복합 스트레스 (60%)']","{'재고위험': '24.9%', '판매가능성': '13.1%', '점포이동적합': '14.0%', '비용절감': '18.3%', '폐기회피이익': '13.7%', '실행가능성': '12.8%', '이력보정': '3.3%'}",True,True,False,True,False,True,61.2,32.5,55.4,54.8,72.0,56.8,53.7,54.4,0.0,63.9,검토,할인 판매,🏷️,184,HIGH,신뢰도 높음 ●,#2e7d32,,,63.9,검토,할인 판매,3,2,False,False,,50.0,23901.0,0.0,23901.0,24.89,0.0,24.89,50.0,0.0,315.0,27.0,할인,재고 이동,57.202,다름,57.202,56.427,27.352,16.332
샐러드025,교대점,명동점,21.0,재배치 추천,17304.0,프로모션 순비용이 재배치 비용보다 높습니다.,18.61785434612373,8.189655172413794,18,0,44.8,후순위,17304.0,21.0,398,False,Greedy 선택 후보보다 우선순위가 낮음,4.56,3194,247,1,신선식품,241,137.0,32.0,437578.0,A,0.0749061101457343,1,100.0,54.1,6.66,NORMAL,69.9,False,60.0,HIGH,유통기한 임박 | 신선/냉장 고위험 카테고리,3.9,17.6,0.0,SAFE,"재고 여유 — 현재고(247), 재주문점(18)",0.0,122.0,26.8,136405.0,99.3,OVER,과잉 발주 위험 — 현재(243개) > EOQ(122개). 발주 주기 27일 권장,99.3,32.0,4.57,6.45,2.69,STABLE,54.0,0.8,WMA,0.8,40.9,10.0,8.44,10.0,7.5,5.0,FAIR,보통 매칭 · 폐기위험 높음 · 핵심(A)상품,1.003,50.1,STABLE,10.5,LOW,76.6,HIGH,33.9,50.9,53.5,0.3,30.0,63185.0,100.0,0.385,0.385,88.5,True,15.4,102,32.1,302,100.0,0.999,4.9,19.6,50.0,HOLD,50.0,1,100.0,69.0,27.6,disposal_risk,58.8,검토 필요,149,HEURISTIC 29% | ABC 14% | TURNOVER 14% | DISPOSAL_RISK 14% | SAFETY_STOCK 8% | EOQ 7% | DEMAND_FORECAST 7% | MATCH 5%,"['⏰ 유통기한 임박 (91%)', '❄️ 냉장·냉동 과잉 (80%)', '💸 배송비 상승 (100%)', '⚡ 복합 스트레스 (60%)']","{'재고위험': '24.9%', '판매가능성': '13.1%', '점포이동적합': '14.0%', '비용절감': '18.3%', '폐기회피이익': '13.7%', '실행가능성': '12.8%', '이력보정': '3.3%'}",True,True,False,True,False,True,64.0,33.1,51.8,54.5,72.0,52.6,53.5,54.1,0.0,60.7,검토,할인 판매,🏷️,201,HIGH,신뢰도 높음 ●,#2e7d32,,,60.7,검토,할인 판매,3,5,False,False,,50.0,17304.0,0.0,17304.0,17.56,0.0,17.56,35.0,0.0,247.0,21.0,재고 이동,재고 이동,60.496,일치,60.496,44.758,23.551,16.385
아이스라떼057,방배점,교대2점,23.0,프로모션 추천,19501.0,프로모션 순비용이 재배치 비용보다 낮습니다.,15.750456799791177,9.051724137931034,12,8,44.8,후순위,19501.0,23.0,399,False,Greedy 선택 후보보다 우선순위가 낮음,6.34,2903,355,2,유제품,338,190.0,44.0,551570.0,A,0.3820602951519687,1,100.0,56.1,6.42,NORMAL,68.8,False,59.0,MEDIUM,유통기한 임박 | 신선/냉장 고위험 카테고리,5.4,24.4,0.0,SAFE,"재고 여유 — 현재고(355), 재주문점(24)",0.0,150.9,23.8,153338.0,100.0,OVER,과잉 발주 위험 — 현재(350개) > EOQ(151개). 발주 주기 24일 권장,100.0,44.2,6.31,8.93,3.7,STABLE,56.2,0.5,WMA,0.5,36.1,10.0,3.62,10.0,7.5,5.0,POOR,낮은 매칭 · 핵심(A)상품,0.991,49.8,STABLE,11.1,LOW,73.1,HIGH,27.6,48.1,65.5,0.3,30.0,60622.0,100.0,0.385,0.385,88.5,True,13.4,227,30.9,323,100.0,0.999,4.9,34.3,50.0,HOLD,50.0,2,99.8,69.0,27.6,disposal_risk,56.9,검토 필요,192,HEURISTIC 29% | ABC 14% | TURNOVER 14% | DISPOSAL_RISK 14% | SAFETY_STOCK 8% | EOQ 7% | DEMAND_FORECAST 7% | MATCH 5%,"['⏰ 유통기한 임박 (91%)', '❄️ 냉장·냉동 과잉 (80%)', '💸 배송비 상승 (100%)', '⚡ 복합 스트레스 (60%)']","{'재고위험': '24.9%', '판매가능성': '13.1%', '점포이동적합': '14.0%', '비용절감': '18.3%', '폐기회피이익': '13.7%', '실행가능성': '12.8%', '이력보정': '3.3%'}",True,True,False,True,False,True,63.3,32.9,50.9,54.6,72.0,59.7,52.3,54.7,0.0,68.9,권장,보류,⏸️,157,HIGH,신뢰도 높음 ●,#2e7d32,,,68.9,권장,보류,2,4,False,False,,50.0,25314.0,0.0,25314.0,26.46,0.0,26.46,53.0,0.0,355.0,23.0,할인,재고 이동,55.794,다름,55.794,51.249,25.514,17.457
아이스라떼057,명동2점,교대2점,23.0,프로모션 추천,19501.0,프로모션 순비용이 재배치 비용보다 낮습니다.,15.750456799791177,9.051724137931034,12,8,44.8,후순위,19501.0,23.0,400,False,Greedy 선택 후보보다 우선순위가 낮음,2.54,2903,353,0,유제품,350,76.0,18.0,220628.0,A,0.3820602951519687,1,100.0,139.3,2.58,DEAD,22.6,True,78.0,HIGH,유통기한 임박 | 소진일수 139일 초과 | 신선/냉장 고위험 카테고리,2.2,9.8,0.0,SAFE,"재고 여유 — 현재고(353), 재주문점(10)",0.0,95.5,37.6,97056.0,100.0,OVER,과잉 발주 위험 — 현재(351개) > EOQ(96개). 발주 주기 38일 권장,100.0,17.9,2.56,3.6,1.51,STABLE,138.0,0.0,WMA,0.0,40.9,10.0,8.4,10.0,7.5,5.0,FAIR,보통 매칭 · 폐기위험 높음 · 핵심(A)상품,1.012,50.3,STABLE,27.0,LOW,78.3,HIGH,27.6,48.1,65.5,0.3,30.0,60622.0,100.0,0.385,0.385,88.5,True,15.4,102,43.4,56,100.0,0.999,4.9,34.3,50.0,HOLD,50.0,2,99.8,69.0,24.4,disposal_risk,55.0,검토 필요,237,HEURISTIC 29% | ABC 14% | TURNOVER 14% | DISPOSAL_RISK 14% | SAFETY_STOCK 8% | EOQ 7% | DEMAND_FORECAST 7% | MATCH 5%,"['⏰ 유통기한 임박 (91%)', '❄️ 냉장·냉동 과잉 (80%)', '💸 배송비 상승 (100%)', '⚡ 복합 스트레스 (60%)']","{'재고위험': '24.9%', '판매가능성': '13.1%', '점포이동적합': '14.0%', '비용절감': '18.3%', '폐기회피이익': '13.7%', '실행가능성': '12.8%', '이력보정': '3.3%'}",True,True,False,True,False,True,59.6,32.8,55.5,54.6,72.0,59.7,53.4,54.4,0.0,64.1,검토,할인 판매,🏷️,183,HIGH,신뢰도 높음 ●,#2e7d32,,,64.1,검토,할인 판매,3,4,False,False,,50.0,30516.0,0.0,30516.0,32.24,0.0,32.24,64.0,0.0,353.0,23.0,할인,할인,61.252,일치,50.692,61.252,28.207,17.087
도시락110,왕십리2점,문래점,33.0,재배치 추천,21372.0,프로모션 순비용이 재배치 비용보다 높습니다.,13.30853563038371,13.36206896551724,18,0,44.7,후순위,21372.0,33.0,401,False,Greedy 선택 후보보다 우선순위가 낮음,5.06,2369,343,2,신선식품,329,152.0,35.0,360088.0,A,0.49664048496044355,1,100.0,67.7,5.32,SLOW,62.4,True,66.8,HIGH,유통기한 임박 | 소진일수 68일 초과 | 신선/냉장 고위험 카테고리,4.3,19.5,0.0,SAFE,"재고 여유 — 현재고(343), 재주문점(20)",0.0,149.2,29.5,123748.0,100.0,OVER,과잉 발주 위험 — 현재(339개) > EOQ(149개). 발주 주기 30일 권장,100.0,35.2,5.03,7.12,2.94,STABLE,68.2,0.0,WMA,0.0,40.9,10.0,8.4,10.0,7.5,5.0,FAIR,보통 매칭 · 폐기위험 높음 · 핵심(A)상품,0.988,49.7,STABLE,13.5,LOW,73.1,HIGH,40.8,59.6,68.4,0.3,30.0,72440.0,100.0,0.385,0.385,88.5,True,13.6,209,35.5,260,100.0,0.999,4.9,37.1,50.0,HOLD,50.0,2,99.8,68.9,27.6,disposal_risk,58.6,검토 필요,152,HEURISTIC 29% | ABC 14% | TURNOVER 14% | DISPOSAL_RISK 14% | SAFETY_STOCK 8% | EOQ 7% | DEMAND_FORECAST 7% | MATCH 5%,"['⏰ 유통기한 임박 (91%)', '❄️ 냉장·냉동 과잉 (80%)', '💸 배송비 상승 (100%)', '⚡ 복합 스트레스 (60%)']","{'재고위험': '24.9%', '판매가능성': '13.1%', '점포이동적합': '14.0%', '비용절감': '18.3%', '폐기회피이익': '13.7%', '실행가능성': '12.8%', '이력보정': '3.3%'}",True,True,False,True,False,True,65.1,32.6,54.2,54.6,72.0,65.5,52.4,56.3,0.0,87.0,최적,할인 판매,🏷️,60,HIGH,신뢰도 높음 ●,#2e7d32,,,87.0,최적,할인 판매,6,2,False,False,,50.0,21372.0,0.0,21372.0,22.08,0.0,22.08,44.0,0.0,343.0,33.0,재고 이동,재고 이동,63.002,일치,63.002,50.868,26.162,16.629
도시락110,상암점,목동2점,35.0,재배치 추천,21993.0,프로모션 순비용이 재배치 비용보다 높습니다.,12.498042286609241,14.224137931034484,18,0,44.7,후순위,21993.0,35.0,402,False,Greedy 선택 후보보다 우선순위가 낮음,4.28,2369,335,0,신선식품,330,128.0,30.0,303232.0,A,0.49664048496044355,1,100.0,78.5,4.59,SLOW,56.4,True,74.3,HIGH,유통기한 임박 | 소진일수 78일 초과 | 신선/냉장 고위험 카테고리,3.7,16.5,0.0,SAFE,"재고 여유 — 현재고(335), 재주문점(16)",0.0,137.3,32.1,113811.0,100.0,OVER,과잉 발주 위험 — 현재(331개) > EOQ(137개). 발주 주기 32일 권장,100.0,30.0,4.29,6.05,2.52,STABLE,78.2,0.0,WMA,0.0,40.9,10.0,8.4,10.0,7.5,5.0,FAIR,보통 매칭 · 폐기위험 높음 · 핵심(A)상품,1.001,50.0,STABLE,15.2,LOW,78.3,HIGH,25.4,80.7,77.5,0.3,30.0,77505.0,100.0,0.385,0.385,88.5,True,14.8,120,38.9,187,100.0,0.999,4.9,44.5,50.0,HOLD,50.0,1,100.0,68.9,26.6,disposal_risk,59.6,검토 필요,132,HEURISTIC 29% | ABC 14% | TURNOVER 14% | DISPOSAL_RISK 14% | SAFETY_STOCK 8% | EOQ 7% | DEMAND_FORECAST 7% | MATCH 5%,"['⏰ 유통기한 임박 (91%)', '❄️ 냉장·냉동 과잉 (80%)', '💸 배송비 상승 (100%)', '⚡ 복합 스트레스 (60%)']","{'재고위험': '24.9%', '판매가능성': '13.1%', '점포이동적합': '14.0%', '비용절감': '18.3%', '폐기회피이익': '13.7%', '실행가능성': '12.8%', '이력보정': '3.3%'}",True,True,False,True,False,True,66.9,32.7,55.6,54.6,72.0,78.6,53.1,58.6,0.0,97.1,최적,할인 판매,🏷️,6,HIGH,신뢰도 높음 ●,#2e7d32,,,97.1,최적,할인 판매,1,4,False,False,,50.0,21993.0,0.0,21993.0,22.77,0.0,22.77,46.0,0.0,335.0,35.0,재고 이동,재고 이동,62.939,일치,62.939,52.888,26.909,16.73
라면086,합정2점,역삼2점,41.0,재배치 추천,24099.0,프로모션 순비용이 재배치 비용보다 높습니다.,9.749412685982772,16.810344827586206,18,0,44.6,후순위,24099.0,41.0,403,False,Greedy 선택 후보보다 우선순위가 낮음,6.15,3405,347,4,간편식,313,184.0,43.0,626520.0,A,0.04778947291941071,1,100.0,56.6,6.36,NORMAL,68.6,False,48.3,MEDIUM,유통기한 임박,5.3,23.8,0.0,SAFE,"재고 여유 — 현재고(347), 재주문점(24)",0.0,173.1,28.1,129674.0,97.4,OVER,과잉 발주 위험 — 현재(342개) > EOQ(173개). 발주 주기 28일 권장,97.4,43.0,6.14,8.68,3.61,STABLE,56.5,0.5,WMA,0.5,36.1,10.0,3.62,10.0,7.5,5.0,POOR,낮은 매칭 · 핵심(A)상품,0.999,50.0,STABLE,11.0,LOW,66.1,MEDIUM,32.0,36.3,72.3,0.3,30.0,143427.0,100.0,0.385,0.385,88.5,False,12.0,342,26.6,417,100.0,0.999,4.9,40.5,50.0,HOLD,50.0,2,99.8,68.9,28.6,turnover,53.8,모니터링,269,HEURISTIC 29% | ABC 14% | TURNOVER 14% | DISPOSAL_RISK 14% | SAFETY_STOCK 8% | EOQ 7% | DEMAND_FORECAST 7% | MATCH 5%,"['⏰ 유통기한 임박 (91%)', '❄️ 냉장·냉동 과잉 (80%)', '💸 배송비 상승 (100%)', '⚡ 복합 스트레스 (60%)']","{'재고위험': '24.9%', '판매가능성': '13.1%', '점포이동적합': '14.0%', '비용절감': '18.3%', '폐기회피이익': '13.7%', '실행가능성': '12.8%', '이력보정': '3.3%'}",True,True,False,True,False,True,58.4,33.0,50.6,54.1,72.0,60.3,51.5,53.4,0.0,54.2,검토,보류,⏸️,236,HIGH,신뢰도 높음 ●,#2e7d32,,,54.2,검토,보류,0,2,False,False,,50.0,24099.0,0.0,24099.0,25.11,0.0,25.11,50.0,0.0,347.0,41.0,재고 이동,재고 이동,60.725,일치,60.725,48.805,25.397,16.713
라면046,여의도점,잠실점,31.0,재배치 추천,20859.0,프로모션 순비용이 재배치 비용보다 높습니다.,13.978073610023491,12.5,18,0,44.5,후순위,20859.0,31.0,404,False,Greedy 선택 후보보다 우선순위가 낮음,0.64,3060,359,1,간편식,359,19.0,4.0,58140.0,A,0.15168851304585387,1,100.0,566.8,0.64,DEAD,0.0,True,73.0,HIGH,유통기한 임박 | 소진일수 567일 초과,0.5,2.4,0.0,SAFE,"재고 여유 — 현재고(359), 재주문점(2)",0.0,58.9,92.0,39656.0,100.0,OVER,과잉 발주 위험 — 현재(358개) > EOQ(59개). 발주 주기 92일 권장,100.0,4.2,0.6,0.86,0.34,DECREASING,598.3,0.0,WMA,0.0,40.9,10.0,8.4,10.0,7.5,5.0,FAIR,보통 매칭 · 폐기위험 높음 · 핵심(A)상품,0.893,47.3,DECLINING,37.7,LOW,76.6,HIGH,29.2,64.5,78.4,0.3,30.0,92973.0,100.0,0.385,0.385,88.5,False,14.6,131,44.0,37,100.0,0.999,4.9,45.1,50.0,HOLD,50.0,2,99.8,68.9,20.7,disposal_risk,49.7,모니터링,348,HEURISTIC 29% | ABC 14% | TURNOVER 14% | DISPOSAL_RISK 14% | SAFETY_STOCK 8% | EOQ 7% | DEMAND_FORECAST 7% | MATCH 5%,"['⏰ 유통기한 임박 (91%)', '❄️ 냉장·냉동 과잉 (80%)', '💸 배송비 상승 (100%)', '⚡ 복합 스트레스 (60%)']","{'재고위험': '24.9%', '판매가능성': '13.1%', '점포이동적합': '14.0%', '비용절감': '18.3%', '폐기회피이익': '13.7%', '실행가능성': '12.8%', '이력보정': '3.3%'}",True,True,False,True,False,True,51.6,31.9,56.7,54.5,72.0,73.8,52.9,54.2,0.0,61.8,검토,할인 판매,🏷️,195,HIGH,신뢰도 높음 ●,#2e7d32,,,61.8,검토,할인 판매,2,2,True,False,,50.0,20859.0,0.0,20859.0,21.51,0.0,21.51,43.0,0.0,359.0,31.0,재고 이동,재고 이동,61.529,일치,61.529,56.515,27.538,14.65
탄산음료116,마포점,청량리2점,27.0,프로모션 추천,21240.0,프로모션 순비용이 재배치 비용보다 낮습니다.,13.480814408770556,10.775862068965516,12,8,44.3,후순위,21240.0,27.0,405,False,Greedy 선택 후보보다 우선순위가 낮음,3.08,2699,339,2,음료,331,92.0,22.0,248308.0,A,0.41626294718817425,1,100.0,110.5,3.26,DEAD,38.6,True,68.0,HIGH,유통기한 임박 | 소진일수 110일 초과,2.6,11.8,0.0,SAFE,"재고 여유 — 현재고(339), 재주문점(12)",0.0,152.1,49.4,73903.0,100.0,OVER,과잉 발주 위험 — 현재(336개) > EOQ(152개). 발주 주기 49일 권장,100.0,21.8,3.11,4.38,1.84,STABLE,108.9,0.0,WMA,0.0,40.9,10.0,8.4,10.0,7.5,5.0,FAIR,보통 매칭 · 폐기위험 높음 · 핵심(A)상품,1.02,50.5,STABLE,21.4,LOW,73.1,HIGH,27.2,85.4,58.3,0.3,30.0,66208.0,100.0,0.385,0.385,88.5,False,13.8,181,37.9,214,100.0,0.999,4.9,26.2,50.0,HOLD,50.0,1,100.0,68.9,28.9,disposal_risk,54.7,모니터링,246,HEURISTIC 29% | ABC 14% | TURNOVER 14% | DISPOSAL_RISK 14% | SAFETY_STOCK 8% | EOQ 7% | DEMAND_FORECAST 7% | MATCH 5%,"['⏰ 유통기한 임박 (91%)', '❄️ 냉장·냉동 과잉 (80%)', '💸 배송비 상승 (100%)', '⚡ 복합 스트레스 (60%)']","{'재고위험': '24.9%', '판매가능성': '13.1%', '점포이동적합': '14.0%', '비용절감': '18.3%', '폐기회피이익': '13.7%', '실행가능성': '12.8%', '이력보정': '3.3%'}",True,True,False,True,False,True,59.3,32.8,53.6,54.4,72.0,67.3,52.6,55.0,0.0,72.8,권장,할인 판매,🏷️,136,HIGH,신뢰도 높음 ●,#2e7d32,,,72.8,권장,할인 판매,4,1,False,False,,50.0,22722.0,0.0,22722.0,23.58,0.0,23.58,47.0,0.0,339.0,27.0,할인,재고 이동,58.597,다름,58.597,52.521,26.178,16.156
탄산음료116,강남2점,청량리2점,27.0,프로모션 추천,21240.0,프로모션 순비용이 재배치 비용보다 낮습니다.,13.480814408770556,10.775862068965516,12,8,44.3,후순위,21240.0,27.0,406,False,Greedy 선택 후보보다 우선순위가 낮음,0.41,2699,311,5,음료,309,12.0,3.0,32388.0,A,0.41626294718817425,1,100.0,777.5,0.46,DEAD,0.0,True,60.0,HIGH,유통기한 임박 | 소진일수 778일 초과,0.4,1.6,0.0,SAFE,"재고 여유 — 현재고(311), 재주문점(2)",0.0,55.5,135.4,26963.0,100.0,OVER,과잉 발주 위험 — 현재(311개) > EOQ(56개). 발주 주기 135일 권장,100.0,2.9,0.41,0.58,0.25,STABLE,750.7,0.0,WMA,0.0,40.9,10.0,8.4,10.0,7.5,5.0,FAIR,보통 매칭 · 폐기위험 높음 · 핵심(A)상품,1.045,51.1,STABLE,35.0,LOW,62.6,MEDIUM,27.2,85.4,58.3,0.3,30.0,66208.0,100.0,0.385,0.385,88.5,False,12.6,283,38.1,207,100.0,0.999,4.9,26.2,50.0,HOLD,50.0,2,99.8,68.9,24.1,disposal_risk,46.2,모니터링,432,HEURISTIC 29% | ABC 14% | TURNOVER 14% | DISPOSAL_RISK 14% | SAFETY_STOCK 8% | EOQ 7% | DEMAND_FORECAST 7% | MATCH 5%,"['⏰ 유통기한 임박 (91%)', '❄️ 냉장·냉동 과잉 (80%)', '💸 배송비 상승 (100%)', '⚡ 복합 스트레스 (60%)']","{'재고위험': '24.9%', '판매가능성': '13.1%', '점포이동적합': '14.0%', '비용절감': '18.3%', '폐기회피이익': '13.7%', '실행가능성': '12.8%', '이력보정': '3.3%'}",True,True,False,True,False,True,45.5,33.0,53.6,54.4,72.0,67.3,51.8,51.6,0.0,35.6,검토,할인 판매,🏷️,336,HIGH,신뢰도 높음 ●,#2e7d32,,,35.6,검토,할인 판매,3,1,False,False,,50.0,26070.0,0.0,26070.0,27.3,0.0,27.3,55.0,0.0,311.0,27.0,할인,할인,55.558,일치,51.609,55.558,26.359,15.343
탄산음료116,청량리점,청량리2점,27.0,프로모션 추천,21240.0,프로모션 순비용이 재배치 비용보다 낮습니다.,13.480814408770556,10.775862068965516,12,8,44.3,후순위,21240.0,27.0,407,False,Greedy 선택 후보보다 우선순위가 낮음,8.08,2699,359,6,음료,292,242.0,57.0,653158.0,A,0.41626294718817425,1,100.0,44.5,8.09,NORMAL,75.3,False,37.2,LOW,유통기한 임박,6.9,31.1,0.0,SAFE,"재고 여유 — 현재고(359), 재주문점(31)",0.0,246.4,30.5,119699.0,42.9,OPTIMAL,"적정 발주 — EOQ(246개), 권장 발주 주기 30일",42.9,56.8,8.11,11.45,4.78,STABLE,44.2,2.1,WMA,2.1,32.6,10.0,0.11,10.0,7.5,5.0,POOR,낮은 매칭 · 핵심(A)상품,1.008,50.2,STABLE,8.6,LOW,59.1,MEDIUM,27.2,85.4,58.3,0.3,30.0,66208.0,100.0,0.385,0.385,88.5,False,24.0,52,21.0,493,100.0,0.999,4.9,26.2,50.0,HOLD,50.0,1,100.0,68.9,27.2,turnover,48.2,모니터링,391,HEURISTIC 29% | ABC 14% | TURNOVER 14% | DISPOSAL_RISK 14% | SAFETY_STOCK 8% | EOQ 7% | DEMAND_FORECAST 7% | MATCH 5%,"['⏰ 유통기한 임박 (91%)', '❄️ 냉장·냉동 과잉 (80%)', '💸 배송비 상승 (100%)', '⚡ 복합 스트레스 (60%)']","{'재고위험': '24.9%', '판매가능성': '13.1%', '점포이동적합': '14.0%', '비용절감': '18.3%', '폐기회피이익': '13.7%', '실행가능성': '12.8%', '이력보정': '3.3%'}",True,True,False,True,False,True,55.2,33.8,46.5,45.8,72.0,67.3,58.2,51.5,0.0,34.8,검토,보류,⏸️,340,HIGH,신뢰도 높음 ●,#2e7d32,,,34.8,검토,보류,2,1,False,False,,50.0,27141.0,0.0,27141.0,28.49,0.0,28.49,57.0,0.0,359.0,27.0,할인,재고 이동,50.209,다름,50.209,47.814,23.246,17.778
마카롱015,상암점,마포2점,54.0,재배치 추천,28608.0,프로모션 순비용이 재배치 비용보다 높습니다.,3.864526233359436,22.413793103448278,18,0,44.3,후순위,28608.0,54.0,408,False,Greedy 선택 후보보다 우선순위가 낮음,1.29,2785,349,0,디저트,348,39.0,9.0,108615.0,A,0.3993310944514818,1,100.0,268.5,1.34,DEAD,0.0,True,70.0,HIGH,유통기한 임박 | 소진일수 268일 초과,1.1,5.0,0.0,SAFE,"재고 여유 — 현재고(349), 재주문점(5)",0.0,82.2,63.7,57256.0,100.0,OVER,과잉 발주 위험 — 현재(348개) > EOQ(82개). 발주 주기 64일 권장,100.0,9.0,1.29,1.82,0.75,STABLE,271.4,0.0,WMA,0.0,40.9,10.0,8.4,10.0,7.5,5.0,FAIR,보통 매칭 · 폐기위험 높음 · 핵심(A)상품,0.997,49.9,STABLE,35.1,LOW,78.3,HIGH,36.4,18.3,70.1,0.3,30.0,151860.0,100.0,0.385,0.385,88.5,False,14.2,157,42.2,87,100.0,0.999,4.9,38.7,50.0,HOLD,50.0,2,99.8,68.9,21.6,disposal_risk,48.8,모니터링,371,HEURISTIC 29% | ABC 14% | TURNOVER 14% | DISPOSAL_RISK 14% | SAFETY_STOCK 8% | EOQ 7% | DEMAND_FORECAST 7% | MATCH 5%,"['⏰ 유통기한 임박 (91%)', '❄️ 냉장·냉동 과잉 (80%)', '💸 배송비 상승 (100%)', '⚡ 복합 스트레스 (60%)']","{'재고위험': '24.9%', '판매가능성': '13.1%', '점포이동적합': '14.0%', '비용절감': '18.3%', '폐기회피이익': '13.7%', '실행가능성': '12.8%', '이력보정': '3.3%'}",True,True,False,True,False,True,50.0,32.7,55.7,54.4,72.0,52.8,52.7,51.1,0.0,30.3,검토,할인 판매,🏷️,364,HIGH,신뢰도 높음 ●,#2e7d32,,,30.3,검토,할인 판매,1,6,False,False,,50.0,28608.0,0.0,28608.0,30.12,0.0,30.12,60.0,0.0,349.0,54.0,재고 이동,할인,60.21,다름,58.675,60.21,29.191,15.523
생수035,용산2점,용산점,26.0,프로모션 추천,20976.0,프로모션 순비용이 재배치 비용보다 낮습니다.,13.825371965544244,10.344827586206897,12,8,44.2,후순위,20976.0,26.0,409,False,Greedy 선택 후보보다 우선순위가 낮음,1.95,2766,366,0,음료,364,58.0,14.0,160428.0,A,0.6311245012922923,1,100.0,189.3,1.9,DEAD,0.0,True,70.0,HIGH,유통기한 임박 | 소진일수 189일 초과,1.7,7.6,0.0,SAFE,"재고 여유 — 현재고(366), 재주문점(8)",0.0,119.6,61.3,59529.0,100.0,OVER,과잉 발주 위험 — 현재(364개) > EOQ(120개). 발주 주기 61일 권장,100.0,13.9,1.99,2.79,1.18,STABLE,184.3,0.0,WMA,0.0,40.9,10.0,8.4,10.0,7.5,5.0,FAIR,보통 매칭 · 폐기위험 높음 · 핵심(A)상품,1.026,50.6,STABLE,35.0,LOW,78.3,HIGH,35.1,76.7,77.1,0.3,30.0,65323.0,100.0,0.385,0.385,88.5,False,14.2,157,42.1,91,100.0,0.999,4.9,44.2,50.0,HOLD,50.0,2,99.8,68.8,21.6,disposal_risk,48.7,모니터링,373,HEURISTIC 29% | ABC 14% | TURNOVER 14% | DISPOSAL_RISK 14% | SAFETY_STOCK 8% | EOQ 7% | DEMAND_FORECAST 7% | MATCH 5%,"['⏰ 유통기한 임박 (91%)', '❄️ 냉장·냉동 과잉 (80%)', '💸 배송비 상승 (100%)', '⚡ 복합 스트레스 (60%)']","{'재고위험': '24.9%', '판매가능성': '13.1%', '점포이동적합': '14.0%', '비용절감': '18.3%', '폐기회피이익': '13.7%', '실행가능성': '12.8%', '이력보정': '3.3%'}",True,True,False,True,False,True,50.0,32.9,56.2,54.3,72.0,77.0,52.7,54.3,0.0,62.4,검토,할인 판매,🏷️,192,HIGH,신뢰도 높음 ●,#2e7d32,,,62.4,검토,할인 판매,5,0,False,False,,50.0,21903.0,0.0,21903.0,22.67,0.0,22.67,45.0,0.0,366.0,26.0,할인,재고 이동,58.772,다름,58.772,55.754,27.012,14.756
우유119,이태원점,성수2점,33.0,재배치 추천,21723.0,프로모션 순비용이 재배치 비용보다 높습니다.,12.850430696945967,13.36206896551724,18,0,44.2,후순위,21723.0,33.0,410,False,Greedy 선택 후보보다 우선순위가 낮음,4.9,2438,388,0,유제품,382,147.0,34.0,358386.0,A,0.2943586902021054,1,100.0,79.2,4.55,SLOW,56.0,True,72.6,HIGH,유통기한 임박 | 소진일수 79일 초과 | 신선/냉장 고위험 카테고리,4.2,18.9,0.0,SAFE,"재고 여유 — 현재고(388), 재주문점(19)",0.0,144.8,29.6,123537.0,100.0,OVER,과잉 발주 위험 — 현재(384개) > EOQ(145개). 발주 주기 30일 권장,100.0,34.1,4.87,6.89,2.85,STABLE,79.6,0.0,WMA,0.0,40.9,10.0,8.4,10.0,7.5,5.0,FAIR,보통 매칭 · 폐기위험 높음 · 핵심(A)상품,0.991,49.8,STABLE,15.6,LOW,78.3,HIGH,30.7,41.4,71.9,0.3,30.0,74822.0,100.0,0.385,0.385,88.5,True,14.6,131,38.3,202,100.0,0.999,4.9,40.2,50.0,HOLD,50.0,2,99.8,68.8,27.1,disposal_risk,58.6,검토 필요,151,HEURISTIC 29% | ABC 14% | TURNOVER 14% | DISPOSAL_RISK 14% | SAFETY_STOCK 8% | EOQ 7% | DEMAND_FORECAST 7% | MATCH 5%,"['⏰ 유통기한 임박 (91%)', '❄️ 냉장·냉동 과잉 (80%)', '💸 배송비 상승 (100%)', '⚡ 복합 스트레스 (60%)']","{'재고위험': '24.9%', '판매가능성': '13.1%', '점포이동적합': '14.0%', '비용절감': '18.3%', '폐기회피이익': '13.7%', '실행가능성': '12.8%', '이력보정': '3.3%'}",True,True,False,True,False,True,66.0,32.6,55.1,54.3,72.0,61.7,52.9,56.1,0.0,85.9,최적,할인 판매,🏷️,66,HIGH,신뢰도 높음 ●,#2e7d32,,,85.9,최적,할인 판매,7,1,False,False,,50.0,21723.0,0.0,21723.0,22.47,0.0,22.47,45.0,0.0,388.0,33.0,재고 이동,재고 이동,64.264,일치,64.264,53.282,27.079,16.511
생수010,성수2점,왕십리점,33.0,재배치 추천,21768.0,프로모션 순비용이 재배치 비용보다 높습니다.,12.79169929522318,13.36206896551724,18,0,44.2,후순위,21768.0,33.0,411,False,Greedy 선택 후보보다 우선순위가 낮음,2.38,2515,282,5,음료,266,71.0,17.0,178565.0,A,0.7843826476323568,1,100.0,119.2,3.02,DEAD,33.8,True,60.0,HIGH,유통기한 임박 | 소진일수 119일 초과,2.0,9.1,0.0,SAFE,"재고 여유 — 현재고(282), 재주문점(9)",0.0,138.5,58.2,62710.0,100.0,OVER,과잉 발주 위험 — 현재(280개) > EOQ(138개). 발주 주기 58일 권장,100.0,16.9,2.41,3.4,1.43,STABLE,116.8,0.0,WMA,0.0,40.9,10.0,8.4,10.0,7.5,5.0,FAIR,보통 매칭 · 폐기위험 높음 · 핵심(A)상품,1.02,50.5,STABLE,23.0,LOW,62.6,MEDIUM,32.7,44.7,91.4,0.3,30.0,77826.0,100.0,0.385,0.385,88.5,False,12.6,283,35.1,271,100.0,0.999,4.9,52.9,50.0,HOLD,50.0,2,99.8,68.8,30.4,disposal_risk,51.7,모니터링,315,HEURISTIC 29% | ABC 14% | TURNOVER 14% | DISPOSAL_RISK 14% | SAFETY_STOCK 8% | EOQ 7% | DEMAND_FORECAST 7% | MATCH 5%,"['⏰ 유통기한 임박 (91%)', '❄️ 냉장·냉동 과잉 (80%)', '💸 배송비 상승 (100%)', '⚡ 복합 스트레스 (60%)']","{'재고위험': '24.9%', '판매가능성': '13.1%', '점포이동적합': '14.0%', '비용절감': '18.3%', '폐기회피이익': '13.7%', '실행가능성': '12.8%', '이력보정': '3.3%'}",True,True,False,True,False,True,54.4,32.8,55.7,54.3,72.0,75.8,51.8,55.1,0.0,74.9,권장,할인 판매,🏷️,125,HIGH,신뢰도 높음 ●,#2e7d32,,,74.9,권장,할인 판매,1,0,False,False,,50.0,21768.0,0.0,21768.0,22.52,0.0,22.52,45.0,0.0,282.0,33.0,재고 이동,재고 이동,58.491,일치,58.491,50.276,25.429,15.67
치즈049,왕십리2점,강남점,22.0,재배치 추천,18177.0,프로모션 순비용이 재배치 비용보다 높습니다.,17.478465152701645,8.620689655172415,18,0,44.1,후순위,18177.0,22.0,412,False,Greedy 선택 후보보다 우선순위가 낮음,11.26,3529,331,1,유제품,316,338.0,79.0,1192802.0,A,0.21640219702090946,1,100.0,29.4,12.25,FAST,83.7,False,46.0,MEDIUM,유통기한 임박 | 신선/냉장 고위험 카테고리,9.7,43.5,0.0,SAFE,"재고 여유 — 현재고(331), 재주문점(44)",0.0,182.4,16.2,225307.0,76.2,OVER,과잉 발주 위험 — 현재(321개) > EOQ(182개). 발주 주기 16일 권장,76.2,78.9,11.27,15.92,6.63,STABLE,29.4,5.3,WMA,5.3,36.4,10.0,3.86,10.0,7.5,5.0,POOR,낮은 매칭 · 핵심(A)상품,1.002,50.1,STABLE,5.7,LOW,76.6,HIGH,29.8,38.9,80.3,0.3,30.0,74989.0,100.0,0.385,0.385,88.5,True,56.8,6,24.8,458,100.0,0.999,4.9,46.4,50.0,HOLD,50.0,2,99.8,68.8,26.1,turnover,57.4,검토 필요,180,HEURISTIC 29% | ABC 14% | TURNOVER 14% | DISPOSAL_RISK 14% | SAFETY_STOCK 8% | EOQ 7% | DEMAND_FORECAST 7% | MATCH 5%,"['⏰ 유통기한 임박 (91%)', '❄️ 냉장·냉동 과잉 (80%)', '💸 배송비 상승 (100%)', '⚡ 복합 스트레스 (60%)']","{'재고위험': '24.9%', '판매가능성': '13.1%', '점포이동적합': '14.0%', '비용절감': '18.3%', '폐기회피이익': '13.7%', '실행가능성': '12.8%', '이력보정': '3.3%'}",True,True,False,True,False,True,61.4,35.4,51.0,50.7,72.0,66.5,76.2,54.7,0.0,69.5,권장,보류,⏸️,154,HIGH,신뢰도 높음 ●,#2e7d32,,,69.5,권장,보류,6,0,False,False,,50.0,18177.0,0.0,18177.0,18.53,0.0,18.53,37.0,0.0,331.0,22.0,재고 이동,재고 이동,60.342,일치,60.342,43.612,22.951,16.626
핫바033,동대문점,역삼점,28.0,재배치 추천,20130.0,프로모션 순비용이 재배치 비용보다 높습니다.,14.929522317932655,11.206896551724139,18,0,44.1,후순위,20130.0,28.0,413,False,Greedy 선택 후보보다 우선순위가 낮음,5.57,3149,399,0,간편식,392,167.0,39.0,525883.0,A,0.5412696626654718,1,100.0,71.7,5.02,SLOW,60.2,True,65.8,HIGH,유통기한 임박 | 소진일수 72일 초과,4.8,21.5,0.0,SAFE,"재고 여유 — 현재고(399), 재주문점(22)",0.0,171.3,30.8,118678.0,100.0,OVER,과잉 발주 위험 — 현재(394개) > EOQ(171개). 발주 주기 31일 권장,100.0,39.0,5.57,7.87,3.27,STABLE,71.6,0.0,WMA,0.0,40.9,10.0,8.4,10.0,7.5,5.0,FAIR,보통 매칭 · 폐기위험 높음 · 핵심(A)상품,1.0,50.0,STABLE,13.9,LOW,78.3,HIGH,33.2,75.5,74.5,0.3,30.0,85676.0,100.0,0.385,0.385,88.5,False,13.5,218,35.2,267,100.0,0.999,4.9,42.2,50.0,HOLD,50.0,2,99.8,68.8,28.1,disposal_risk,57.5,검토 필요,178,HEURISTIC 29% | ABC 14% | TURNOVER 14% | DISPOSAL_RISK 14% | SAFETY_STOCK 8% | EOQ 7% | DEMAND_FORECAST 7% | MATCH 5%,"['⏰ 유통기한 임박 (91%)', '❄️ 냉장·냉동 과잉 (80%)', '💸 배송비 상승 (100%)', '⚡ 복합 스트레스 (60%)']","{'재고위험': '24.9%', '판매가능성': '13.1%', '점포이동적합': '14.0%', '비용절감': '18.3%', '폐기회피이익': '13.7%', '실행가능성': '12.8%', '이력보정': '3.3%'}",True,True,False,True,False,True,64.1,32.7,54.7,54.3,72.0,74.8,52.3,57.2,0.0,92.2,최적,할인 판매,🏷️,32,HIGH,신뢰도 높음 ●,#2e7d32,,,92.2,최적,할인 판매,3,1,False,False,,50.0,20130.0,0.0,20130.0,20.7,0.0,20.7,41.0,0.0,399.0,28.0,재고 이동,재고 이동,64.617,일치,64.617,50.982,26.171,16.245
도시락110,왕십리2점,목동2점,35.0,프로모션 추천,24068.0,프로모션 순비용이 재배치 비용보다 낮습니다.,9.78987209605847,14.224137931034484,12,8,44.0,후순위,24068.0,35.0,414,False,Greedy 선택 후보보다 우선순위가 낮음,5.06,2369,343,2,신선식품,329,152.0,35.0,360088.0,A,0.49664048496044355,1,100.0,67.7,5.32,SLOW,62.4,True,66.8,HIGH,유통기한 임박 | 소진일수 68일 초과 | 신선/냉장 고위험 카테고리,4.3,19.5,0.0,SAFE,"재고 여유 — 현재고(343), 재주문점(20)",0.0,149.2,29.5,123748.0,100.0,OVER,과잉 발주 위험 — 현재(339개) > EOQ(149개). 발주 주기 30일 권장,100.0,35.2,5.03,7.12,2.94,STABLE,68.2,0.0,WMA,0.0,40.9,10.0,8.4,10.0,7.5,5.0,FAIR,보통 매칭 · 폐기위험 높음 · 핵심(A)상품,0.988,49.7,STABLE,13.5,LOW,73.1,HIGH,25.4,80.7,77.5,0.3,30.0,75430.0,100.0,0.385,0.385,88.5,True,13.7,193,35.5,260,100.0,0.999,4.9,44.5,50.0,HOLD,50.0,1,100.0,68.8,27.6,disposal_risk,58.0,검토 필요,167,HEURISTIC 29% | ABC 14% | TURNOVER 14% | DISPOSAL_RISK 14% | SAFETY_STOCK 8% | EOQ 7% | DEMAND_FORECAST 7% | MATCH 5%,"['⏰ 유통기한 임박 (91%)', '❄️ 냉장·냉동 과잉 (80%)', '💸 배송비 상승 (100%)', '⚡ 복합 스트레스 (60%)']","{'재고위험': '24.9%', '판매가능성': '13.1%', '점포이동적합': '14.0%', '비용절감': '18.3%', '폐기회피이익': '13.7%', '실행가능성': '12.8%', '이력보정': '3.3%'}",True,True,False,True,False,True,65.1,32.6,55.0,54.2,72.0,78.6,52.5,58.0,0.0,95.6,최적,할인 판매,🏷️,14,HIGH,신뢰도 높음 ●,#2e7d32,,,95.6,최적,할인 판매,6,4,False,False,,50.0,27915.0,0.0,27915.0,29.35,0.0,29.35,59.0,0.0,343.0,35.0,할인,재고 이동,55.951,다름,55.951,53.706,26.747,17.653
아이스크림085,건대2점,구로2점,24.0,프로모션 추천,20557.0,프로모션 순비용이 재배치 비용보다 낮습니다.,14.372226572696425,9.482758620689655,12,8,43.9,후순위,20557.0,24.0,415,False,Greedy 선택 후보보다 우선순위가 낮음,3.77,2932,379,12,디저트,316,113.0,26.0,331316.0,A,0.3474431199272941,1,100.0,100.6,3.58,DEAD,44.1,True,36.9,LOW,소진일수 101일 초과,3.2,14.5,0.0,SAFE,"재고 여유 — 현재고(379), 재주문점(14)",0.0,137.0,36.3,100431.0,100.0,OVER,과잉 발주 위험 — 현재(376개) > EOQ(137개). 발주 주기 36일 권장,100.0,26.2,3.74,5.3,2.19,STABLE,101.3,0.0,WMA,0.0,32.5,10.0,0.0,10.0,7.5,5.0,POOR,낮은 매칭 · 핵심(A)상품,0.985,49.6,STABLE,19.9,LOW,43.3,MEDIUM,33.5,44.6,59.7,0.3,30.0,63885.0,100.0,0.385,0.385,88.5,False,9.1,460,23.4,479,100.0,0.999,4.9,28.0,50.0,HOLD,50.0,2,99.8,68.8,32.5,disposal_risk,45.0,모니터링,441,HEURISTIC 29% | ABC 14% | TURNOVER 14% | DISPOSAL_RISK 14% | SAFETY_STOCK 8% | EOQ 7% | DEMAND_FORECAST 7% | MATCH 5%,"['⏰ 유통기한 임박 (91%)', '❄️ 냉장·냉동 과잉 (80%)', '💸 배송비 상승 (100%)', '⚡ 복합 스트레스 (60%)']","{'재고위험': '24.9%', '판매가능성': '13.1%', '점포이동적합': '14.0%', '비용절감': '18.3%', '폐기회피이익': '13.7%', '실행가능성': '12.8%', '이력보정': '3.3%'}",True,True,False,True,False,True,46.8,32.6,47.1,54.1,72.0,54.7,49.9,49.3,0.0,20.7,검토,보류,⏸️,416,HIGH,신뢰도 높음 ●,#2e7d32,,,20.7,검토,보류,5,1,False,False,,50.0,32892.0,0.0,32892.0,34.88,0.0,34.88,70.0,0.0,379.0,24.0,할인,할인,53.9,일치,46.587,53.9,25.228,16.831
마카롱054,동대문2점,선릉2점,40.0,재배치 추천,24270.0,프로모션 순비용이 재배치 비용보다 높습니다.,9.526233359436178,16.379310344827587,18,0,43.9,후순위,24270.0,40.0,416,False,Greedy 선택 후보보다 우선순위가 낮음,1.13,3010,325,20,디저트,294,34.0,8.0,102340.0,C,0.9758865194200881,3,20.0,286.8,1.26,DEAD,0.0,True,37.5,LOW,소진일수 287일 초과,1.0,4.4,0.0,SAFE,"재고 여유 — 현재고(325), 재주문점(4)",0.0,74.0,65.5,55711.0,100.0,OVER,과잉 발주 위험 — 현재(324개) > EOQ(74개). 발주 주기 66일 권장,100.0,8.0,1.14,1.61,0.68,STABLE,284.4,0.0,WMA,0.0,25.5,10.0,0.0,3.0,7.5,5.0,POOR,낮은 매칭,1.011,50.3,STABLE,35.0,LOW,43.3,MEDIUM,32.5,74.2,100.0,0.3,30.0,120210.0,100.0,0.385,0.385,88.5,False,9.0,461,26.0,440,100.0,0.999,4.9,57.0,50.0,HOLD,50.0,2,99.8,68.8,62.7,disposal_risk,21.5,후순위,496,HEURISTIC 29% | ABC 14% | TURNOVER 14% | DISPOSAL_RISK 14% | SAFETY_STOCK 8% | EOQ 7% | DEMAND_FORECAST 7% | MATCH 5%,"['⏰ 유통기한 임박 (91%)', '❄️ 냉장·냉동 과잉 (80%)', '💸 배송비 상승 (100%)', '⚡ 복합 스트레스 (60%)']","{'재고위험': '24.9%', '판매가능성': '13.1%', '점포이동적합': '14.0%', '비용절감': '18.3%', '폐기회피이익': '13.7%', '실행가능성': '12.8%', '이력보정': '3.3%'}",True,True,False,True,False,True,23.4,32.8,47.4,54.1,72.0,91.4,49.9,48.2,0.0,16.4,검토,보류,⏸️,439,HIGH,신뢰도 높음 ●,#2e7d32,,,16.4,검토,보류,2,6,False,False,,50.0,24270.0,0.0,24270.0,25.3,0.0,25.3,51.0,0.0,325.0,40.0,재고 이동,할인,55.507,다름,48.584,55.507,26.155,12.617
샐러드025,왕십리2점,명동점,21.0,프로모션 추천,19638.0,프로모션 순비용이 재배치 비용보다 낮습니다.,15.5716523101018,8.189655172413794,12,8,43.8,후순위,19638.0,21.0,417,False,Greedy 선택 후보보다 우선순위가 낮음,7.76,3194,334,1,신선식품,324,233.0,54.0,744202.0,A,0.0749061101457343,1,100.0,43.0,8.37,NORMAL,76.1,False,54.5,MEDIUM,유통기한 임박 | 신선/냉장 고위험 카테고리,6.7,30.0,0.0,SAFE,"재고 여유 — 현재고(334), 재주문점(30)",0.0,159.2,20.5,177942.0,100.0,OVER,과잉 발주 위험 — 현재(327개) > EOQ(159개). 발주 주기 20일 권장,100.0,54.1,7.73,10.93,4.53,STABLE,43.2,2.2,WMA,2.2,36.2,10.0,3.71,10.0,7.5,5.0,POOR,낮은 매칭 · 핵심(A)상품,0.994,49.9,STABLE,8.5,LOW,76.6,HIGH,33.9,50.9,53.5,0.3,30.0,60851.0,100.0,0.385,0.385,88.5,True,26.0,43,28.6,383,100.0,0.999,4.9,19.6,50.0,HOLD,50.0,1,100.0,68.8,26.9,turnover,57.4,검토 필요,179,HEURISTIC 29% | ABC 14% | TURNOVER 14% | DISPOSAL_RISK 14% | SAFETY_STOCK 8% | EOQ 7% | DEMAND_FORECAST 7% | MATCH 5%,"['⏰ 유통기한 임박 (91%)', '❄️ 냉장·냉동 과잉 (80%)', '💸 배송비 상승 (100%)', '⚡ 복합 스트레스 (60%)']","{'재고위험': '24.9%', '판매가능성': '13.1%', '점포이동적합': '14.0%', '비용절감': '18.3%', '폐기회피이익': '13.7%', '실행가능성': '12.8%', '이력보정': '3.3%'}",True,True,False,True,False,True,63.2,33.8,49.0,54.1,72.0,52.6,59.3,53.5,0.0,54.8,검토,보류,⏸️,233,HIGH,신뢰도 높음 ●,#2e7d32,,,54.8,검토,보류,6,5,False,False,,50.0,27672.0,0.0,27672.0,29.08,0.0,29.08,58.0,0.0,334.0,21.0,할인,재고 이동,51.704,다름,51.704,50.213,24.846,17.948
샐러드025,종로2점,명동점,21.0,프로모션 추천,19638.0,프로모션 순비용이 재배치 비용보다 낮습니다.,15.5716523101018,8.189655172413794,12,8,43.8,후순위,19638.0,21.0,418,False,Greedy 선택 후보보다 우선순위가 낮음,3.06,3194,370,2,신선식품,362,92.0,21.0,293848.0,A,0.0749061101457343,1,100.0,120.7,2.98,DEAD,32.9,True,78.0,HIGH,유통기한 임박 | 소진일수 121일 초과 | 신선/냉장 고위험 카테고리,2.6,11.8,0.0,SAFE,"재고 여유 — 현재고(370), 재주문점(12)",0.0,100.0,32.7,111740.0,100.0,OVER,과잉 발주 위험 — 현재(367개) > EOQ(100개). 발주 주기 33일 권장,100.0,21.2,3.03,4.29,1.77,STABLE,122.2,0.0,WMA,0.0,40.9,10.0,8.4,10.0,7.5,5.0,FAIR,보통 매칭 · 폐기위험 높음 · 핵심(A)상품,0.98,49.5,STABLE,24.0,LOW,73.1,HIGH,33.9,50.9,53.5,0.3,30.0,60851.0,100.0,0.385,0.385,88.5,True,15.6,99,42.6,74,100.0,0.999,4.9,19.6,50.0,HOLD,50.0,2,99.8,68.8,25.7,disposal_risk,55.8,검토 필요,212,HEURISTIC 29% | ABC 14% | TURNOVER 14% | DISPOSAL_RISK 14% | SAFETY_STOCK 8% | EOQ 7% | DEMAND_FORECAST 7% | MATCH 5%,"['⏰ 유통기한 임박 (91%)', '❄️ 냉장·냉동 과잉 (80%)', '💸 배송비 상승 (100%)', '⚡ 복합 스트레스 (60%)']","{'재고위험': '24.9%', '판매가능성': '13.1%', '점포이동적합': '14.0%', '비용절감': '18.3%', '폐기회피이익': '13.7%', '실행가능성': '12.8%', '이력보정': '3.3%'}",True,True,False,True,False,True,62.4,32.6,53.9,54.1,72.0,52.6,53.5,53.8,0.0,58.3,검토,할인 판매,🏷️,214,HIGH,신뢰도 높음 ●,#2e7d32,,,58.3,검토,할인 판매,7,5,False,False,,50.0,33603.0,0.0,33603.0,35.67,0.0,35.67,71.0,0.0,370.0,21.0,할인,할인,62.107,일치,48.399,62.107,28.219,17.556
마카롱053,홍대2점,청량리2점,37.0,재배치 추천,23379.0,프로모션 순비용이 재배치 비용보다 높습니다.,10.689115113547377,15.086206896551724,18,0,43.8,후순위,23379.0,37.0,419,False,Greedy 선택 후보보다 우선순위가 낮음,1.44,3122,330,2,디저트,326,43.0,10.0,134246.0,A,0.2370369123281216,1,100.0,230.2,1.56,DEAD,0.0,True,68.0,HIGH,유통기한 임박 | 소진일수 230일 초과,1.2,5.5,0.0,SAFE,"재고 여유 — 현재고(330), 재주문점(6)",0.0,82.1,57.0,64049.0,100.0,OVER,과잉 발주 위험 — 현재(329개) > EOQ(82개). 발주 주기 57일 권장,100.0,10.0,1.43,2.02,0.83,STABLE,231.0,0.0,WMA,0.0,40.9,10.0,8.4,10.0,7.5,5.0,FAIR,보통 매칭 · 폐기위험 높음 · 핵심(A)상품,0.992,49.8,STABLE,35.2,LOW,73.1,HIGH,28.2,85.4,58.3,0.3,30.0,115238.0,100.0,0.385,0.385,88.5,False,13.9,174,41.4,118,100.0,0.999,4.9,26.2,50.0,HOLD,50.0,2,99.8,68.8,22.1,disposal_risk,47.8,모니터링,398,HEURISTIC 29% | ABC 14% | TURNOVER 14% | DISPOSAL_RISK 14% | SAFETY_STOCK 8% | EOQ 7% | DEMAND_FORECAST 7% | MATCH 5%,"['⏰ 유통기한 임박 (91%)', '❄️ 냉장·냉동 과잉 (80%)', '💸 배송비 상승 (100%)', '⚡ 복합 스트레스 (60%)']","{'재고위험': '24.9%', '판매가능성': '13.1%', '점포이동적합': '14.0%', '비용절감': '18.3%', '폐기회피이익': '13.7%', '실행가능성': '12.8%', '이력보정': '3.3%'}",True,True,False,True,False,True,49.1,32.6,54.3,54.1,72.0,67.3,52.6,52.5,0.0,44.9,검토,할인 판매,🏷️,286,HIGH,신뢰도 높음 ●,#2e7d32,,,44.9,검토,할인 판매,3,1,False,False,,50.0,23379.0,0.0,23379.0,24.31,0.0,24.31,49.0,0.0,330.0,37.0,재고 이동,재고 이동,58.659,일치,58.659,56.005,27.322,14.869
도시락078,선릉2점,목동점,27.0,재배치 추천,20112.0,프로모션 순비용이 재배치 비용보다 높습니다.,14.953014878621769,10.775862068965516,18,0,43.7,후순위,20112.0,27.0,420,False,Greedy 선택 후보보다 우선순위가 낮음,9.44,2629,307,3,신선식품,268,283.0,66.0,744007.0,A,0.5822717544696352,1,100.0,32.5,11.06,NORMAL,81.9,False,49.3,MEDIUM,유통기한 임박 | 신선/냉장 고위험 카테고리,8.1,36.4,0.0,SAFE,"재고 여유 — 현재고(307), 재주문점(36)",0.0,193.5,20.5,178058.0,54.5,OVER,과잉 발주 위험 — 현재(299개) > EOQ(194개). 발주 주기 20일 권장,54.5,66.0,9.43,13.32,5.53,STABLE,32.6,3.7,WMA,3.7,36.3,10.0,3.78,10.0,7.5,5.0,POOR,낮은 매칭 · 핵심(A)상품,0.999,50.0,STABLE,6.3,LOW,69.6,MEDIUM,32.3,70.2,50.1,0.3,30.0,65068.0,100.0,0.385,0.385,88.5,True,40.6,10,26.1,436,100.0,0.999,4.9,14.1,50.0,HOLD,50.0,1,100.0,68.7,26.0,turnover,54.9,모니터링,239,HEURISTIC 29% | ABC 14% | TURNOVER 14% | DISPOSAL_RISK 14% | SAFETY_STOCK 8% | EOQ 7% | DEMAND_FORECAST 7% | MATCH 5%,"['⏰ 유통기한 임박 (91%)', '❄️ 냉장·냉동 과잉 (80%)', '💸 배송비 상승 (100%)', '⚡ 복합 스트레스 (60%)']","{'재고위험': '24.9%', '판매가능성': '13.1%', '점포이동적합': '14.0%', '비용절감': '18.3%', '폐기회피이익': '13.7%', '실행가능성': '12.8%', '이력보정': '3.3%'}",True,True,False,True,False,True,62.4,34.6,48.0,47.2,72.0,56.8,67.3,52.5,0.0,46.7,검토,보류,⏸️,276,HIGH,신뢰도 높음 ●,#2e7d32,,,46.7,검토,보류,6,2,False,False,,50.0,20112.0,0.0,20112.0,20.68,0.0,20.68,41.0,0.0,307.0,27.0,재고 이동,재고 이동,57.773,일치,57.773,44.155,22.888,17.188
차음료040,문래2점,명동2점,27.0,재배치 추천,20256.0,프로모션 순비용이 재배치 비용보다 높습니다.,14.765074393108847,10.775862068965516,18,0,43.5,후순위,20256.0,27.0,421,False,Greedy 선택 후보보다 우선순위가 낮음,6.1,3094,299,2,음료,282,183.0,43.0,566202.0,A,0.10164415208715274,1,100.0,49.0,7.34,NORMAL,72.8,False,47.5,MEDIUM,유통기한 임박,5.2,23.5,0.0,SAFE,"재고 여유 — 현재고(299), 재주문점(24)",0.0,199.9,32.8,111354.0,47.0,OPTIMAL,"적정 발주 — EOQ(200개), 권장 발주 주기 33일",47.0,42.9,6.13,8.64,3.61,STABLE,48.8,1.5,WMA,1.5,36.2,10.0,3.68,10.0,7.5,5.0,POOR,낮은 매칭 · 핵심(A)상품,1.007,50.2,STABLE,9.5,LOW,73.1,HIGH,34.9,73.5,61.0,0.3,30.0,79990.0,100.0,0.385,0.385,88.5,False,19.2,71,25.9,446,100.0,0.999,4.9,29.5,50.0,HOLD,50.0,2,99.8,68.7,28.0,turnover,50.5,모니터링,333,HEURISTIC 29% | ABC 14% | TURNOVER 14% | DISPOSAL_RISK 14% | SAFETY_STOCK 8% | EOQ 7% | DEMAND_FORECAST 7% | MATCH 5%,"['⏰ 유통기한 임박 (91%)', '❄️ 냉장·냉동 과잉 (80%)', '💸 배송비 상승 (100%)', '⚡ 복합 스트레스 (60%)']","{'재고위험': '24.9%', '판매가능성': '13.1%', '점포이동적합': '14.0%', '비용절감': '18.3%', '폐기회피이익': '13.7%', '실행가능성': '12.8%', '이력보정': '3.3%'}",True,True,False,True,False,True,59.2,33.5,49.4,46.0,72.0,65.2,55.5,52.6,0.0,48.2,검토,보류,⏸️,268,HIGH,신뢰도 높음 ●,#2e7d32,,,48.2,검토,보류,4,3,False,False,,50.0,20256.0,0.0,20256.0,20.84,0.0,20.84,42.0,0.0,299.0,27.0,재고 이동,재고 이동,56.18,일치,56.18,44.333,22.678,16.951
마카롱054,동대문2점,여의도2점,30.0,재배치 추천,21408.0,프로모션 순비용이 재배치 비용보다 높습니다.,13.261550509005481,12.068965517241379,18,0,43.3,후순위,21408.0,30.0,422,False,Greedy 선택 후보보다 우선순위가 낮음,1.13,3010,325,20,디저트,294,34.0,8.0,102340.0,C,0.9758865194200881,3,20.0,286.8,1.26,DEAD,0.0,True,37.5,LOW,소진일수 287일 초과,1.0,4.4,0.0,SAFE,"재고 여유 — 현재고(325), 재주문점(4)",0.0,74.0,65.5,55711.0,100.0,OVER,과잉 발주 위험 — 현재(324개) > EOQ(74개). 발주 주기 66일 권장,100.0,8.0,1.14,1.61,0.68,STABLE,284.4,0.0,WMA,0.0,25.5,10.0,0.0,3.0,7.5,5.0,POOR,낮은 매칭,1.011,50.3,STABLE,35.0,LOW,43.3,MEDIUM,30.8,61.0,77.8,0.3,30.0,86952.0,100.0,0.385,0.385,88.5,False,9.2,456,26.0,440,100.0,0.999,4.9,44.7,50.0,HOLD,50.0,2,99.8,68.7,63.0,disposal_risk,20.9,후순위,497,HEURISTIC 29% | ABC 14% | TURNOVER 14% | DISPOSAL_RISK 14% | SAFETY_STOCK 8% | EOQ 7% | DEMAND_FORECAST 7% | MATCH 5%,"['⏰ 유통기한 임박 (91%)', '❄️ 냉장·냉동 과잉 (80%)', '💸 배송비 상승 (100%)', '⚡ 복합 스트레스 (60%)']","{'재고위험': '24.9%', '판매가능성': '13.1%', '점포이동적합': '14.0%', '비용절감': '18.3%', '폐기회피이익': '13.7%', '실행가능성': '12.8%', '이력보정': '3.3%'}",True,True,False,True,False,True,23.4,32.8,46.1,53.8,72.0,72.2,50.0,45.5,0.0,9.1,검토,보류,⏸️,478,HIGH,신뢰도 높음 ●,#2e7d32,,,9.1,검토,보류,2,0,False,False,,50.0,21408.0,0.0,21408.0,22.12,0.0,22.12,44.0,0.0,325.0,30.0,재고 이동,할인,53.332,다름,48.904,53.332,25.197,12.228
도시락078,강남2점,용산점,30.0,프로모션 추천,22970.0,프로모션 순비용이 재배치 비용보다 낮습니다.,11.222918298094493,12.068965517241379,12,8,43.3,후순위,22970.0,30.0,423,False,Greedy 선택 후보보다 우선순위가 낮음,2.34,2629,315,0,신선식품,312,70.0,16.0,184030.0,A,0.5822717544696352,1,100.0,135.0,2.67,DEAD,25.0,True,80.0,CRITICAL,유통기한 임박 | 소진일수 135일 초과 | 신선/냉장 고위험 카테고리,2.0,9.0,0.0,SAFE,"재고 여유 — 현재고(315), 재주문점(9)",0.0,96.3,41.2,88651.0,100.0,OVER,과잉 발주 위험 — 현재(313개) > EOQ(96개). 발주 주기 41일 권장,100.0,16.2,2.31,3.28,1.35,STABLE,136.1,0.0,WMA,0.0,44.5,10.0,12.0,10.0,7.5,5.0,FAIR,보통 매칭 · 폐기위험 높음 · 핵심(A)상품,0.977,49.4,STABLE,26.8,LOW,78.3,HIGH,31.1,76.7,77.1,0.3,30.0,71674.0,100.0,0.385,0.385,88.5,True,16.1,83,44.8,18,100.0,0.999,4.9,44.2,50.0,HOLD,50.0,1,100.0,68.7,24.1,disposal_risk,55.5,검토 필요,227,HEURISTIC 29% | ABC 14% | TURNOVER 14% | DISPOSAL_RISK 14% | SAFETY_STOCK 8% | EOQ 7% | DEMAND_FORECAST 7% | MATCH 5%,"['⏰ 유통기한 임박 (91%)', '❄️ 냉장·냉동 과잉 (80%)', '💸 배송비 상승 (100%)', '⚡ 복합 스트레스 (60%)']","{'재고위험': '24.9%', '판매가능성': '13.1%', '점포이동적합': '14.0%', '비용절감': '18.3%', '폐기회피이익': '13.7%', '실행가능성': '12.8%', '이력보정': '3.3%'}",True,True,False,True,False,True,61.2,32.5,58.4,53.8,72.0,77.0,53.9,57.2,0.0,92.0,최적,할인 판매,🏷️,33,HIGH,신뢰도 높음 ●,#2e7d32,,,92.0,최적,할인 판매,3,0,False,False,,50.0,30642.0,0.0,30642.0,32.38,0.0,32.38,65.0,0.0,315.0,30.0,할인,할인,59.434,일치,50.753,59.434,27.929,17.108
아이스크림071,강남2점,마포2점,42.0,재배치 추천,25431.0,프로모션 순비용이 재배치 비용보다 높습니다.,8.010963194988253,17.24137931034483,18,0,43.3,후순위,25431.0,42.0,424,False,Greedy 선택 후보보다 우선순위가 낮음,0.5,2866,348,2,디저트,347,15.0,4.0,42990.0,A,0.7334451862058423,1,100.0,696.0,0.52,DEAD,0.0,True,68.0,HIGH,유통기한 임박 | 소진일수 696일 초과,0.4,1.9,0.0,SAFE,"재고 여유 — 현재고(348), 재주문점(2)",0.0,50.5,101.0,36161.0,100.0,OVER,과잉 발주 위험 — 현재(348개) > EOQ(50개). 발주 주기 101일 권장,100.0,3.8,0.54,0.75,0.34,INCREASING,641.1,0.0,WMA,0.0,40.9,10.0,8.4,10.0,7.5,5.0,FAIR,보통 매칭 · 폐기위험 높음 · 핵심(A)상품,1.143,53.6,RISING,35.0,LOW,73.1,HIGH,36.4,18.3,70.1,0.3,30.0,119015.0,100.0,0.385,0.385,88.5,False,14.0,169,41.3,123,100.0,0.999,4.9,38.7,50.0,HOLD,50.0,2,99.8,68.7,22.2,disposal_risk,47.4,모니터링,410,HEURISTIC 29% | ABC 14% | TURNOVER 14% | DISPOSAL_RISK 14% | SAFETY_STOCK 8% | EOQ 7% | DEMAND_FORECAST 7% | MATCH 5%,"['⏰ 유통기한 임박 (91%)', '❄️ 냉장·냉동 과잉 (80%)', '💸 배송비 상승 (100%)', '⚡ 복합 스트레스 (60%)']","{'재고위험': '24.9%', '판매가능성': '13.1%', '점포이동적합': '14.0%', '비용절감': '18.3%', '폐기회피이익': '13.7%', '실행가능성': '12.8%', '이력보정': '3.3%'}",True,True,False,True,False,True,49.1,33.8,55.5,53.8,72.0,52.8,52.6,50.9,0.0,29.2,검토,할인 판매,🏷️,370,HIGH,신뢰도 높음 ●,#2e7d32,,,29.2,검토,할인 판매,3,6,False,False,,50.0,25431.0,0.0,25431.0,26.59,0.0,26.59,53.0,0.0,348.0,42.0,재고 이동,재고 이동,58.334,일치,58.334,57.226,27.865,15.051
마카롱053,왕십리2점,잠원2점,26.0,재배치 추천,20166.0,프로모션 순비용이 재배치 비용보다 높습니다.,14.882537196554424,10.344827586206897,18,0,43.2,후순위,20166.0,26.0,425,False,Greedy 선택 후보보다 우선순위가 낮음,11.34,3122,342,0,디저트,327,340.0,79.0,1061480.0,A,0.2370369123281216,1,100.0,30.2,11.93,NORMAL,83.2,False,40.1,MEDIUM,유통기한 임박,9.7,43.7,0.0,SAFE,"재고 여유 — 현재고(342), 재주문점(44)",0.0,230.3,20.3,179738.0,44.3,OPTIMAL,"적정 발주 — EOQ(230개), 권장 발주 주기 20일",44.3,79.2,11.31,15.99,6.64,STABLE,30.2,4.0,WMA,4.0,36.3,10.0,3.8,10.0,7.5,5.0,POOR,낮은 매칭 · 핵심(A)상품,0.995,49.9,STABLE,6.0,LOW,78.3,HIGH,33.4,61.1,64.3,0.3,30.0,77240.0,100.0,0.385,0.385,88.5,False,43.3,7,22.4,491,100.0,0.999,4.9,33.1,50.0,HOLD,50.0,2,99.8,68.6,25.7,turnover,51.8,모니터링,314,HEURISTIC 29% | ABC 14% | TURNOVER 14% | DISPOSAL_RISK 14% | SAFETY_STOCK 8% | EOQ 7% | DEMAND_FORECAST 7% | MATCH 5%,"['⏰ 유통기한 임박 (91%)', '❄️ 냉장·냉동 과잉 (80%)', '💸 배송비 상승 (100%)', '⚡ 복합 스트레스 (60%)']","{'재고위험': '24.9%', '판매가능성': '13.1%', '점포이동적합': '14.0%', '비용절감': '18.3%', '폐기회피이익': '13.7%', '실행가능성': '12.8%', '이력보정': '3.3%'}",True,True,False,True,False,True,58.6,34.7,49.1,45.4,72.0,63.2,68.7,52.2,0.0,42.1,검토,보류,⏸️,301,HIGH,신뢰도 높음 ●,#2e7d32,,,42.1,검토,보류,6,2,False,False,,50.0,20166.0,0.0,20166.0,20.74,0.0,20.74,41.0,0.0,342.0,26.0,재고 이동,재고 이동,57.09,일치,57.09,43.062,22.286,17.004
차음료040,교대점,동대문2점,33.0,재배치 추천,22488.0,프로모션 순비용이 재배치 비용보다 높습니다.,11.851996867658574,13.36206896551724,18,0,43.2,후순위,22488.0,33.0,426,False,Greedy 선택 후보보다 우선순위가 낮음,3.79,3094,325,2,음료,315,114.0,27.0,352716.0,A,0.10164415208715274,1,100.0,85.5,4.21,SLOW,52.5,True,65.8,HIGH,유통기한 임박 | 소진일수 86일 초과,3.2,14.6,0.0,SAFE,"재고 여유 — 현재고(325), 재주문점(15)",0.0,157.6,41.6,87773.0,100.0,OVER,과잉 발주 위험 — 현재(322개) > EOQ(158개). 발주 주기 42일 권장,100.0,26.8,3.83,5.39,2.27,STABLE,84.9,0.0,WMA,0.0,40.9,10.0,8.4,10.0,7.5,5.0,FAIR,보통 매칭 · 폐기위험 높음 · 핵심(A)상품,1.018,50.4,STABLE,16.7,LOW,73.1,HIGH,34.5,65.3,83.9,0.3,30.0,100034.0,100.0,0.385,0.385,88.5,False,13.7,193,35.8,252,100.0,0.999,4.9,48.7,50.0,HOLD,50.0,2,99.8,68.6,29.0,disposal_risk,55.4,검토 필요,229,HEURISTIC 29% | ABC 14% | TURNOVER 14% | DISPOSAL_RISK 14% | SAFETY_STOCK 8% | EOQ 7% | DEMAND_FORECAST 7% | MATCH 5%,"['⏰ 유통기한 임박 (91%)', '❄️ 냉장·냉동 과잉 (80%)', '💸 배송비 상승 (100%)', '⚡ 복합 스트레스 (60%)']","{'재고위험': '24.9%', '판매가능성': '13.1%', '점포이동적합': '14.0%', '비용절감': '18.3%', '폐기회피이익': '13.7%', '실행가능성': '12.8%', '이력보정': '3.3%'}",True,True,False,True,False,True,62.0,32.8,55.4,53.8,72.0,77.7,52.4,57.1,0.0,91.7,최적,할인 판매,🏷️,35,HIGH,신뢰도 높음 ●,#2e7d32,,,91.7,최적,할인 판매,3,2,False,False,,50.0,22488.0,0.0,22488.0,23.32,0.0,23.32,47.0,0.0,325.0,33.0,재고 이동,재고 이동,60.112,일치,60.112,50.669,25.881,16.406
생수010,역삼점,왕십리점,33.0,프로모션 추천,24138.0,프로모션 순비용이 재배치 비용보다 낮습니다.,9.698512137823023,13.36206896551724,12,8,43.1,후순위,24138.0,33.0,427,False,Greedy 선택 후보보다 우선순위가 낮음,2.97,2515,296,0,음료,292,89.0,21.0,223835.0,A,0.7843826476323568,1,100.0,99.8,3.61,DEAD,44.6,True,70.0,HIGH,유통기한 임박 | 소진일수 100일 초과,2.5,11.4,0.0,SAFE,"재고 여유 — 현재고(296), 재주문점(11)",0.0,154.7,52.1,70054.0,89.7,OVER,과잉 발주 위험 — 현재(294개) > EOQ(155개). 발주 주기 52일 권장,89.7,20.9,2.99,4.21,1.76,STABLE,99.1,0.0,WMA,0.0,40.9,10.0,8.4,10.0,7.5,5.0,FAIR,보통 매칭 · 폐기위험 높음 · 핵심(A)상품,1.01,50.3,STABLE,19.4,LOW,78.3,HIGH,32.7,44.7,91.4,0.3,30.0,75456.0,100.0,0.385,0.385,88.5,False,14.3,152,38.2,206,100.0,0.999,4.9,52.9,50.0,HOLD,50.0,2,99.8,68.6,28.4,disposal_risk,54.4,모니터링,250,HEURISTIC 29% | ABC 14% | TURNOVER 14% | DISPOSAL_RISK 14% | SAFETY_STOCK 8% | EOQ 7% | DEMAND_FORECAST 7% | MATCH 5%,"['⏰ 유통기한 임박 (91%)', '❄️ 냉장·냉동 과잉 (80%)', '💸 배송비 상승 (100%)', '⚡ 복합 스트레스 (60%)']","{'재고위험': '24.9%', '판매가능성': '13.1%', '점포이동적합': '14.0%', '비용절감': '18.3%', '폐기회피이익': '13.7%', '실행가능성': '12.8%', '이력보정': '3.3%'}",True,True,False,True,False,True,61.8,32.8,56.3,52.2,72.0,75.8,52.8,56.7,0.0,90.0,최적,할인 판매,🏷️,44,HIGH,신뢰도 높음 ●,#2e7d32,,,90.0,최적,할인 판매,1,0,False,False,,50.0,34017.0,0.0,34017.0,36.13,0.0,36.13,72.0,0.0,296.0,33.0,할인,할인,57.68,일치,47.536,57.68,26.965,17.786
컵밥065,혜화점,동대문2점,34.0,프로모션 추천,24502.0,프로모션 순비용이 재배치 비용보다 낮습니다.,9.223440354998695,13.793103448275861,12,8,43.0,후순위,24502.0,34.0,428,False,Greedy 선택 후보보다 우선순위가 낮음,1.68,2479,328,5,간편식,317,50.0,12.0,123950.0,A,0.594828172680739,1,100.0,196.8,1.83,DEAD,0.0,True,65.0,HIGH,유통기한 임박 | 소진일수 197일 초과,1.4,6.4,0.0,SAFE,"재고 여유 — 현재고(328), 재주문점(6)",0.0,106.0,63.1,57830.0,100.0,OVER,과잉 발주 위험 — 현재(327개) > EOQ(106개). 발주 주기 63일 권장,100.0,11.9,1.7,2.39,1.01,STABLE,192.9,0.0,WMA,0.0,40.9,10.0,8.4,10.0,7.5,5.0,FAIR,보통 매칭 · 폐기위험 높음 · 핵심(A)상품,1.02,50.5,STABLE,35.0,LOW,62.6,MEDIUM,31.9,65.3,83.9,0.3,30.0,76641.0,100.0,0.385,0.385,88.5,False,13.6,209,40.1,167,100.0,0.999,4.9,48.7,50.0,HOLD,50.0,2,99.8,68.6,23.0,disposal_risk,46.4,모니터링,428,HEURISTIC 29% | ABC 14% | TURNOVER 14% | DISPOSAL_RISK 14% | SAFETY_STOCK 8% | EOQ 7% | DEMAND_FORECAST 7% | MATCH 5%,"['⏰ 유통기한 임박 (91%)', '❄️ 냉장·냉동 과잉 (80%)', '💸 배송비 상승 (100%)', '⚡ 복합 스트레스 (60%)']","{'재고위험': '24.9%', '판매가능성': '13.1%', '점포이동적합': '14.0%', '비용절감': '18.3%', '폐기회피이익': '13.7%', '실행가능성': '12.8%', '이력보정': '3.3%'}",True,True,False,True,False,True,47.8,32.8,56.3,53.6,72.0,77.7,52.4,53.7,0.0,57.0,검토,할인 판매,🏷️,221,HIGH,신뢰도 높음 ●,#2e7d32,,,57.0,검토,할인 판매,7,2,False,False,,50.0,24567.0,0.0,24567.0,25.63,0.0,25.63,51.0,0.0,328.0,34.0,할인,재고 이동,55.868,다름,55.868,54.712,26.697,14.936
마카롱053,홍대2점,잠원2점,26.0,재배치 추천,20445.0,프로모션 순비용이 재배치 비용보다 높습니다.,14.51840250587314,10.344827586206897,18,0,42.9,후순위,20445.0,26.0,429,False,Greedy 선택 후보보다 우선순위가 낮음,1.44,3122,330,2,디저트,326,43.0,10.0,134246.0,A,0.2370369123281216,1,100.0,230.2,1.56,DEAD,0.0,True,68.0,HIGH,유통기한 임박 | 소진일수 230일 초과,1.2,5.5,0.0,SAFE,"재고 여유 — 현재고(330), 재주문점(6)",0.0,82.1,57.0,64049.0,100.0,OVER,과잉 발주 위험 — 현재(329개) > EOQ(82개). 발주 주기 57일 권장,100.0,10.0,1.43,2.02,0.83,STABLE,231.0,0.0,WMA,0.0,40.9,10.0,8.4,10.0,7.5,5.0,FAIR,보통 매칭 · 폐기위험 높음 · 핵심(A)상품,0.992,49.8,STABLE,35.2,LOW,73.1,HIGH,33.4,61.1,64.3,0.3,30.0,76961.0,100.0,0.385,0.385,88.5,False,14.1,163,41.3,123,100.0,0.999,4.9,33.1,50.0,HOLD,50.0,2,99.8,68.6,22.2,disposal_risk,47.0,모니터링,418,HEURISTIC 29% | ABC 14% | TURNOVER 14% | DISPOSAL_RISK 14% | SAFETY_STOCK 8% | EOQ 7% | DEMAND_FORECAST 7% | MATCH 5%,"['⏰ 유통기한 임박 (91%)', '❄️ 냉장·냉동 과잉 (80%)', '💸 배송비 상승 (100%)', '⚡ 복합 스트레스 (60%)']","{'재고위험': '24.9%', '판매가능성': '13.1%', '점포이동적합': '14.0%', '비용절감': '18.3%', '폐기회피이익': '13.7%', '실행가능성': '12.8%', '이력보정': '3.3%'}",True,True,False,True,False,True,49.1,32.6,55.0,53.6,72.0,63.2,52.7,51.9,0.0,38.2,검토,할인 판매,🏷️,322,HIGH,신뢰도 높음 ●,#2e7d32,,,38.2,검토,할인 판매,3,2,False,False,,50.0,20445.0,0.0,20445.0,21.05,0.0,21.05,42.0,0.0,330.0,26.0,재고 이동,재고 이동,58.662,일치,58.662,53.571,26.242,14.465
라면076,합정점,신촌2점,27.0,재배치 추천,20715.0,프로모션 순비용이 재배치 비용보다 높습니다.,14.166014095536415,10.775862068965516,18,0,42.9,후순위,20715.0,27.0,430,False,Greedy 선택 후보보다 우선순위가 낮음,4.93,3381,352,1,간편식,346,148.0,35.0,500388.0,B,0.8221004969557223,2,60.0,71.4,5.05,SLOW,60.3,True,63.7,HIGH,유통기한 임박 | 소진일수 71일 초과,4.2,19.0,0.0,SAFE,"재고 여유 — 현재고(352), 재주문점(19)",0.0,155.5,31.5,115692.0,100.0,OVER,과잉 발주 위험 — 현재(348개) > EOQ(156개). 발주 주기 32일 권장,100.0,34.8,4.97,7.01,2.94,STABLE,70.8,0.0,WMA,0.0,36.9,10.0,8.4,6.0,7.5,5.0,POOR,낮은 매칭 · 폐기위험 높음,1.014,50.4,STABLE,13.9,LOW,76.6,HIGH,38.3,43.2,61.1,0.3,30.0,88829.0,100.0,0.385,0.385,88.5,False,13.2,245,33.5,288,100.0,0.999,4.9,29.5,50.0,HOLD,50.0,2,99.8,68.6,44.9,disposal_risk,47.5,모니터링,408,HEURISTIC 29% | ABC 14% | TURNOVER 14% | DISPOSAL_RISK 14% | SAFETY_STOCK 8% | EOQ 7% | DEMAND_FORECAST 7% | MATCH 5%,"['⏰ 유통기한 임박 (91%)', '❄️ 냉장·냉동 과잉 (80%)', '💸 배송비 상승 (100%)', '⚡ 복합 스트레스 (60%)']","{'재고위험': '24.9%', '판매가능성': '13.1%', '점포이동적합': '14.0%', '비용절감': '18.3%', '폐기회피이익': '13.7%', '실행가능성': '12.8%', '이력보정': '3.3%'}",True,True,False,True,False,True,57.1,32.8,51.3,53.6,72.0,55.1,52.2,52.4,0.0,44.3,검토,할인 판매,🏷️,289,HIGH,신뢰도 높음 ●,#2e7d32,,,44.3,검토,할인 판매,6,3,False,False,,50.0,20715.0,0.0,20715.0,21.35,0.0,21.35,43.0,0.0,352.0,27.0,재고 이동,재고 이동,57.903,일치,57.903,51.255,25.739,15.527
커피083,문래2점,여의도점,27.0,프로모션 추천,22252.0,프로모션 순비용이 재배치 비용보다 낮습니다.,12.160010441138084,10.775862068965516,12,8,42.9,후순위,22252.0,27.0,431,False,Greedy 선택 후보보다 우선순위가 낮음,7.07,2824,382,4,음료,343,212.0,49.0,598688.0,A,0.5118256494536694,1,100.0,54.1,6.66,NORMAL,69.9,False,42.0,MEDIUM,유통기한 임박,6.1,27.3,0.0,SAFE,"재고 여유 — 현재고(382), 재주문점(27)",0.0,225.3,31.9,114531.0,66.8,OVER,과잉 발주 위험 — 현재(376개) > EOQ(225개). 발주 주기 32일 권장,66.8,49.2,7.03,9.94,4.11,STABLE,54.3,0.8,WMA,0.8,36.1,10.0,3.64,10.0,7.5,5.0,POOR,낮은 매칭 · 핵심(A)상품,0.99,49.8,STABLE,10.8,LOW,66.1,MEDIUM,32.0,75.5,67.7,0.3,30.0,69246.0,100.0,0.385,0.385,88.5,False,13.4,227,23.9,469,100.0,0.999,4.9,36.5,50.0,HOLD,50.0,1,100.0,68.6,28.6,turnover,48.9,모니터링,365,HEURISTIC 29% | ABC 14% | TURNOVER 14% | DISPOSAL_RISK 14% | SAFETY_STOCK 8% | EOQ 7% | DEMAND_FORECAST 7% | MATCH 5%,"['⏰ 유통기한 임박 (91%)', '❄️ 냉장·냉동 과잉 (80%)', '💸 배송비 상승 (100%)', '⚡ 복합 스트레스 (60%)']","{'재고위험': '24.9%', '판매가능성': '13.1%', '점포이동적합': '14.0%', '비용절감': '18.3%', '폐기회피이익': '13.7%', '실행가능성': '12.8%', '이력보정': '3.3%'}",True,True,False,True,False,True,56.0,33.0,49.7,48.6,72.0,70.3,52.4,52.9,0.0,50.8,검토,보류,⏸️,254,HIGH,신뢰도 높음 ●,#2e7d32,,,50.8,검토,보류,4,2,False,False,,50.0,26772.0,0.0,26772.0,28.08,0.0,28.08,56.0,0.0,382.0,27.0,할인,재고 이동,52.211,다름,52.211,48.289,23.949,17.386
생수035,용산점,신촌2점,28.0,프로모션 추천,22589.0,프로모션 순비용이 재배치 비용보다 낮습니다.,11.720177499347429,11.206896551724139,12,8,42.9,후순위,22589.0,28.0,432,False,Greedy 선택 후보보다 우선순위가 낮음,5.93,2766,316,2,음료,300,178.0,42.0,492348.0,A,0.6311245012922923,1,100.0,53.3,6.76,NORMAL,70.4,False,49.6,MEDIUM,유통기한 임박,5.1,22.9,0.0,SAFE,"재고 여유 — 현재고(316), 재주문점(23)",0.0,208.5,35.2,103809.0,49.1,OPTIMAL,"적정 발주 — EOQ(208개), 권장 발주 주기 35일",49.1,41.8,5.97,8.42,3.53,STABLE,52.9,0.9,WMA,0.9,36.1,10.0,3.64,10.0,7.5,5.0,POOR,낮은 매칭 · 핵심(A)상품,1.012,50.3,STABLE,10.4,LOW,73.1,HIGH,24.3,43.2,61.1,0.3,30.0,70349.0,100.0,0.385,0.385,88.5,False,14.8,120,26.9,411,100.0,0.999,4.9,29.5,50.0,HOLD,50.0,2,99.8,68.6,28.3,turnover,49.8,모니터링,347,HEURISTIC 29% | ABC 14% | TURNOVER 14% | DISPOSAL_RISK 14% | SAFETY_STOCK 8% | EOQ 7% | DEMAND_FORECAST 7% | MATCH 5%,"['⏰ 유통기한 임박 (91%)', '❄️ 냉장·냉동 과잉 (80%)', '💸 배송비 상승 (100%)', '⚡ 복합 스트레스 (60%)']","{'재고위험': '24.9%', '판매가능성': '13.1%', '점포이동적합': '14.0%', '비용절감': '18.3%', '폐기회피이익': '13.7%', '실행가능성': '12.8%', '이력보정': '3.3%'}",True,True,False,True,False,True,59.5,33.2,49.6,46.0,72.0,55.1,53.0,51.4,0.0,33.1,검토,보류,⏸️,349,HIGH,신뢰도 높음 ●,#2e7d32,,,33.1,검토,보류,0,3,False,False,,50.0,24513.0,0.0,24513.0,25.57,0.0,25.57,51.0,0.0,316.0,28.0,할인,재고 이동,52.316,다름,52.316,46.605,23.307,17.492
아이스크림071,선릉점,마포2점,42.0,재배치 추천,25827.0,프로모션 순비용이 재배치 비용보다 높습니다.,7.4941268598277215,17.24137931034483,18,0,42.7,후순위,25827.0,42.0,433,False,Greedy 선택 후보보다 우선순위가 낮음,4.91,2866,329,0,디저트,323,147.0,34.0,421302.0,A,0.7334451862058423,1,100.0,67.1,5.36,SLOW,62.7,True,58.6,MEDIUM,유통기한 임박 | 소진일수 67일 초과,4.2,18.9,0.0,SAFE,"재고 여유 — 현재고(329), 재주문점(19)",0.0,158.2,32.2,113317.0,100.0,OVER,과잉 발주 위험 — 현재(325개) > EOQ(158개). 발주 주기 32일 권장,100.0,34.1,4.87,6.9,2.85,STABLE,67.5,0.0,WMA,0.0,36.1,10.0,3.6,10.0,7.5,5.0,POOR,낮은 매칭 · 핵심(A)상품,0.989,49.7,STABLE,13.3,LOW,78.3,HIGH,36.4,18.3,70.1,0.3,30.0,118619.0,100.0,0.385,0.385,88.5,False,12.4,304,31.1,320,100.0,0.999,4.9,38.7,50.0,HOLD,50.0,2,99.8,68.5,28.7,disposal_risk,53.5,모니터링,272,HEURISTIC 29% | ABC 14% | TURNOVER 14% | DISPOSAL_RISK 14% | SAFETY_STOCK 8% | EOQ 7% | DEMAND_FORECAST 7% | MATCH 5%,"['⏰ 유통기한 임박 (91%)', '❄️ 냉장·냉동 과잉 (80%)', '💸 배송비 상승 (100%)', '⚡ 복합 스트레스 (60%)']","{'재고위험': '24.9%', '판매가능성': '13.1%', '점포이동적합': '14.0%', '비용절감': '18.3%', '폐기회피이익': '13.7%', '실행가능성': '12.8%', '이력보정': '3.3%'}",True,True,False,True,False,True,61.5,32.6,51.3,53.5,72.0,52.8,51.7,53.2,0.0,52.5,검토,보류,⏸️,245,HIGH,신뢰도 높음 ●,#2e7d32,,,52.5,검토,보류,3,6,False,True,21670.0,23.4,25827.0,0.0,25827.0,27.03,0.0,27.03,54.0,0.0,329.0,42.0,재고 이동,재고 이동,58.719,일치,58.719,50.346,25.95,16.926
마카롱004,압구정2점,잠원2점,23.0,재배치 추천,19788.0,프로모션 순비용이 재배치 비용보다 높습니다.,15.375880971025842,9.051724137931034,18,0,42.4,후순위,19788.0,23.0,434,False,Greedy 선택 후보보다 우선순위가 낮음,7.0,3202,304,7,디저트,236,210.0,49.0,672420.0,A,0.7747229226474157,1,100.0,43.4,8.29,NORMAL,75.9,False,36.7,LOW,유통기한 임박,6.0,27.0,0.0,SAFE,"재고 여유 — 현재고(304), 재주문점(27)",0.0,178.7,25.5,143013.0,66.8,OVER,과잉 발주 위험 — 현재(298개) > EOQ(179개). 발주 주기 26일 권장,66.8,49.0,7.0,9.89,4.11,STABLE,43.4,2.2,WMA,2.2,32.6,10.0,0.11,10.0,7.5,5.0,POOR,낮은 매칭 · 핵심(A)상품,1.0,50.0,STABLE,8.4,LOW,55.6,MEDIUM,33.4,61.1,64.3,0.3,30.0,68587.0,100.0,0.385,0.385,88.5,False,25.1,48,20.6,496,100.0,0.999,4.9,33.1,50.0,HOLD,50.0,2,99.8,68.5,27.1,turnover,48.3,모니터링,389,HEURISTIC 29% | ABC 14% | TURNOVER 14% | DISPOSAL_RISK 14% | SAFETY_STOCK 8% | EOQ 7% | DEMAND_FORECAST 7% | MATCH 5%,"['⏰ 유통기한 임박 (91%)', '❄️ 냉장·냉동 과잉 (80%)', '💸 배송비 상승 (100%)', '⚡ 복합 스트레스 (60%)']","{'재고위험': '24.9%', '판매가능성': '13.1%', '점포이동적합': '14.0%', '비용절감': '18.3%', '폐기회피이익': '13.7%', '실행가능성': '12.8%', '이력보정': '3.3%'}",True,True,False,True,False,True,55.1,33.8,47.1,48.3,72.0,63.2,58.7,51.5,0.0,35.0,검토,보류,⏸️,339,HIGH,신뢰도 높음 ●,#2e7d32,,,35.0,검토,보류,3,2,False,False,,50.0,19788.0,0.0,19788.0,20.32,0.0,20.32,41.0,0.0,304.0,23.0,재고 이동,재고 이동,55.677,일치,55.677,41.437,21.739,16.447
아이스크림085,구로2점,여의도2점,25.0,재배치 추천,20553.0,프로모션 순비용이 재배치 비용보다 높습니다.,14.377447141738449,9.913793103448276,18,0,42.3,후순위,20553.0,25.0,435,False,Greedy 선택 후보보다 우선순위가 낮음,6.16,2932,311,3,디저트,286,185.0,43.0,542420.0,A,0.3474431199272941,1,100.0,50.4,7.14,NORMAL,72.0,False,48.2,MEDIUM,유통기한 임박,5.3,23.8,0.0,SAFE,"재고 여유 — 현재고(311), 재주문점(24)",0.0,175.1,28.4,128377.0,74.6,OVER,과잉 발주 위험 — 현재(306개) > EOQ(175개). 발주 주기 28일 권장,74.6,43.0,6.14,8.68,3.6,STABLE,50.6,1.2,WMA,1.2,36.2,10.0,3.66,10.0,7.5,5.0,POOR,낮은 매칭 · 핵심(A)상품,0.997,49.9,STABLE,9.9,LOW,69.6,MEDIUM,30.8,61.0,77.8,0.3,30.0,67407.0,100.0,0.385,0.385,88.5,False,17.0,80,26.2,431,100.0,0.999,4.9,44.7,50.0,HOLD,50.0,2,99.8,68.5,28.1,turnover,51.2,모니터링,325,HEURISTIC 29% | ABC 14% | TURNOVER 14% | DISPOSAL_RISK 14% | SAFETY_STOCK 8% | EOQ 7% | DEMAND_FORECAST 7% | MATCH 5%,"['⏰ 유통기한 임박 (91%)', '❄️ 냉장·냉동 과잉 (80%)', '💸 배송비 상승 (100%)', '⚡ 복합 스트레스 (60%)']","{'재고위험': '24.9%', '판매가능성': '13.1%', '점포이동적합': '14.0%', '비용절감': '18.3%', '폐기회피이익': '13.7%', '실행가능성': '12.8%', '이력보정': '3.3%'}",True,True,False,True,False,True,59.3,33.3,51.0,49.5,72.0,72.2,54.3,54.4,0.0,64.5,검토,보류,⏸️,181,HIGH,신뢰도 높음 ●,#2e7d32,,,64.5,검토,보류,1,0,False,False,,50.0,20553.0,0.0,20553.0,21.17,0.0,21.17,42.0,0.0,311.0,25.0,재고 이동,재고 이동,57.092,일치,57.092,43.995,22.945,16.607
도시락007,역삼점,동대문2점,25.0,프로모션 추천,22111.0,프로모션 순비용이 재배치 비용보다 낮습니다.,12.344035499869486,9.913793103448276,12,8,42.3,후순위,22111.0,25.0,436,False,Greedy 선택 후보보다 우선순위가 낮음,4.05,3025,347,5,신선식품,319,122.0,28.0,369050.0,A,0.6072939149445852,1,100.0,85.3,4.22,SLOW,52.6,True,67.7,HIGH,유통기한 임박 | 소진일수 85일 초과 | 신선/냉장 고위험 카테고리,3.5,15.6,0.0,SAFE,"재고 여유 — 현재고(347), 재주문점(16)",0.0,118.2,29.2,125104.0,100.0,OVER,과잉 발주 위험 — 현재(344개) > EOQ(118개). 발주 주기 29일 권장,100.0,28.1,4.01,5.68,2.34,STABLE,86.4,0.0,WMA,0.0,40.9,10.0,8.4,10.0,7.5,5.0,FAIR,보통 매칭 · 폐기위험 높음 · 핵심(A)상품,0.988,49.7,STABLE,17.0,LOW,62.6,MEDIUM,23.2,65.3,83.9,0.3,30.0,68639.0,100.0,0.385,0.385,88.5,True,14.1,163,36.6,237,100.0,0.999,4.9,48.7,50.0,HOLD,50.0,2,99.8,68.5,28.6,disposal_risk,55.1,검토 필요,236,HEURISTIC 29% | ABC 14% | TURNOVER 14% | DISPOSAL_RISK 14% | SAFETY_STOCK 8% | EOQ 7% | DEMAND_FORECAST 7% | MATCH 5%,"['⏰ 유통기한 임박 (91%)', '❄️ 냉장·냉동 과잉 (80%)', '💸 배송비 상승 (100%)', '⚡ 복합 스트레스 (60%)']","{'재고위험': '24.9%', '판매가능성': '13.1%', '점포이동적합': '14.0%', '비용절감': '18.3%', '폐기회피이익': '13.7%', '실행가능성': '12.8%', '이력보정': '3.3%'}",True,True,False,True,False,True,62.9,32.6,55.6,53.3,72.0,77.7,52.7,57.2,0.0,92.4,최적,할인 판매,🏷️,31,HIGH,신뢰도 높음 ●,#2e7d32,,,92.4,최적,할인 판매,1,2,False,False,,50.0,28248.0,0.0,28248.0,29.72,0.0,29.72,59.0,0.0,347.0,25.0,할인,할인,53.702,일치,52.37,53.702,26.201,17.395
커피083,합정점,문래2점,28.0,프로모션 추천,23076.0,프로모션 순비용이 재배치 비용보다 낮습니다.,11.084573218480816,11.206896551724139,12,8,42.3,후순위,23076.0,28.0,437,False,Greedy 선택 후보보다 우선순위가 낮음,2.67,2824,357,4,음료,343,80.0,19.0,225920.0,A,0.5118256494536694,1,100.0,133.9,2.69,DEAD,25.6,True,60.0,HIGH,유통기한 임박 | 소진일수 134일 초과,2.3,10.3,0.0,SAFE,"재고 여유 — 현재고(357), 재주문점(10)",0.0,138.5,51.9,70383.0,100.0,OVER,과잉 발주 위험 — 현재(355개) > EOQ(138개). 발주 주기 52일 권장,100.0,18.9,2.7,3.8,1.6,STABLE,132.2,0.0,WMA,0.0,40.9,10.0,8.4,10.0,7.5,5.0,FAIR,보통 매칭 · 폐기위험 높음 · 핵심(A)상품,1.017,50.4,STABLE,26.0,LOW,66.1,MEDIUM,39.0,51.7,85.1,0.3,30.0,71810.0,100.0,0.385,0.385,88.5,False,12.9,266,35.8,252,100.0,0.999,4.9,49.4,50.0,HOLD,50.0,2,99.8,68.5,29.8,disposal_risk,48.7,모니터링,374,HEURISTIC 29% | ABC 14% | TURNOVER 14% | DISPOSAL_RISK 14% | SAFETY_STOCK 8% | EOQ 7% | DEMAND_FORECAST 7% | MATCH 5%,"['⏰ 유통기한 임박 (91%)', '❄️ 냉장·냉동 과잉 (80%)', '💸 배송비 상승 (100%)', '⚡ 복합 스트레스 (60%)']","{'재고위험': '24.9%', '판매가능성': '13.1%', '점포이동적합': '14.0%', '비용절감': '18.3%', '폐기회피이익': '13.7%', '실행가능성': '12.8%', '이력보정': '3.3%'}",True,True,False,True,False,True,52.3,32.8,55.5,53.3,72.0,74.0,52.0,54.1,0.0,61.1,검토,할인 판매,🏷️,199,HIGH,신뢰도 높음 ●,#2e7d32,,,61.1,검토,할인 판매,6,4,False,False,,50.0,29859.0,0.0,29859.0,31.51,0.0,31.51,63.0,0.0,357.0,28.0,할인,할인,55.611,일치,50.176,55.611,26.481,16.447
라면076,교대2점,홍대2점,21.0,프로모션 추천,20816.0,프로모션 순비용이 재배치 비용보다 낮습니다.,14.034194727225266,8.189655172413794,12,8,42.2,후순위,20816.0,21.0,438,False,Greedy 선택 후보보다 우선순위가 낮음,0.53,3381,261,21,간편식,246,16.0,4.0,54096.0,B,0.8221004969557223,2,60.0,489.4,0.74,DEAD,0.0,True,41.8,MEDIUM,소진일수 489일 초과,0.5,2.1,0.0,SAFE,"재고 여유 — 현재고(261), 재주문점(2)",0.0,51.0,96.2,37933.0,100.0,OVER,과잉 발주 위험 — 현재(260개) > EOQ(51개). 발주 주기 96일 권장,100.0,3.9,0.56,0.78,0.34,STABLE,468.5,0.0,WMA,0.0,32.1,10.0,3.6,6.0,7.5,5.0,POOR,낮은 매칭,1.078,52.0,STABLE,35.0,LOW,43.3,MEDIUM,36.4,87.0,64.3,0.3,30.0,64385.0,100.0,0.385,0.385,88.5,False,10.0,430,29.0,371,100.0,0.999,4.9,33.1,50.0,HOLD,50.0,2,99.8,68.4,50.1,disposal_risk,30.1,후순위,494,HEURISTIC 29% | ABC 14% | TURNOVER 14% | DISPOSAL_RISK 14% | SAFETY_STOCK 8% | EOQ 7% | DEMAND_FORECAST 7% | MATCH 5%,"['⏰ 유통기한 임박 (91%)', '❄️ 냉장·냉동 과잉 (80%)', '💸 배송비 상승 (100%)', '⚡ 복합 스트레스 (60%)']","{'재고위험': '24.9%', '판매가능성': '13.1%', '점포이동적합': '14.0%', '비용절감': '18.3%', '폐기회피이익': '13.7%', '실행가능성': '12.8%', '이력보정': '3.3%'}",True,True,False,True,False,True,31.3,33.3,48.6,53.2,72.0,71.9,50.4,47.7,0.0,14.7,검토,보류,⏸️,448,HIGH,신뢰도 높음 ●,#2e7d32,,,14.7,검토,보류,4,3,False,False,,50.0,24450.0,0.0,24450.0,25.5,0.0,25.5,51.0,0.0,261.0,21.0,할인,할인,50.858,일치,44.249,50.858,23.992,13.823
치즈049,왕십리2점,잠원2점,23.0,재배치 추천,20166.0,프로모션 순비용이 재배치 비용보다 높습니다.,14.882537196554424,9.051724137931034,18,0,41.9,후순위,20166.0,23.0,439,False,Greedy 선택 후보보다 우선순위가 낮음,11.26,3529,331,1,유제품,316,338.0,79.0,1192802.0,A,0.21640219702090946,1,100.0,29.4,12.25,FAST,83.7,False,46.0,MEDIUM,유통기한 임박 | 신선/냉장 고위험 카테고리,9.7,43.5,0.0,SAFE,"재고 여유 — 현재고(331), 재주문점(44)",0.0,182.4,16.2,225307.0,76.2,OVER,과잉 발주 위험 — 현재(321개) > EOQ(182개). 발주 주기 16일 권장,76.2,78.9,11.27,15.92,6.63,STABLE,29.4,5.3,WMA,5.3,36.4,10.0,3.86,10.0,7.5,5.0,POOR,낮은 매칭 · 핵심(A)상품,1.002,50.1,STABLE,5.7,LOW,76.6,HIGH,28.0,61.1,64.3,0.3,30.0,77234.0,100.0,0.385,0.385,88.5,True,56.9,5,24.7,460,100.0,0.999,4.9,33.1,50.0,HOLD,50.0,2,99.8,68.4,26.0,turnover,55.5,검토 필요,226,HEURISTIC 29% | ABC 14% | TURNOVER 14% | DISPOSAL_RISK 14% | SAFETY_STOCK 8% | EOQ 7% | DEMAND_FORECAST 7% | MATCH 5%,"['⏰ 유통기한 임박 (91%)', '❄️ 냉장·냉동 과잉 (80%)', '💸 배송비 상승 (100%)', '⚡ 복합 스트레스 (60%)']","{'재고위험': '24.9%', '판매가능성': '13.1%', '점포이동적합': '14.0%', '비용절감': '18.3%', '폐기회피이익': '13.7%', '실행가능성': '12.8%', '이력보정': '3.3%'}",True,True,False,True,False,True,61.4,35.4,49.6,49.5,72.0,63.2,76.2,53.8,0.0,58.7,검토,보류,⏸️,212,HIGH,신뢰도 높음 ●,#2e7d32,,,58.7,검토,보류,6,2,False,False,,50.0,20166.0,0.0,20166.0,20.74,0.0,20.74,41.0,0.0,331.0,23.0,재고 이동,재고 이동,57.93,일치,57.93,42.894,22.638,16.818
케이크017,동대문점,성수2점,20.0,프로모션 추천,20797.0,프로모션 순비용이 재배치 비용보다 낮습니다.,14.058992430174888,7.758620689655173,12,8,41.8,후순위,20797.0,20.0,440,False,Greedy 선택 후보보다 우선순위가 낮음,2.9,3543,370,5,디저트,350,87.0,20.0,308241.0,A,0.12837842519948908,1,100.0,127.6,2.82,DEAD,29.1,True,60.0,HIGH,유통기한 임박 | 소진일수 128일 초과,2.5,11.2,0.0,SAFE,"재고 여유 — 현재고(370), 재주문점(11)",0.0,109.3,37.7,96828.0,100.0,OVER,과잉 발주 위험 — 현재(368개) > EOQ(109개). 발주 주기 38일 권장,100.0,20.1,2.87,4.07,1.68,STABLE,128.9,0.0,WMA,0.0,40.9,10.0,8.4,10.0,7.5,5.0,FAIR,보통 매칭 · 폐기위험 높음 · 핵심(A)상품,0.985,49.6,STABLE,25.2,LOW,62.6,MEDIUM,40.7,41.4,71.9,0.3,30.0,64235.0,100.0,0.385,0.385,88.5,False,13.0,262,35.6,256,100.0,0.999,4.9,40.2,50.0,HOLD,50.0,2,99.8,68.4,30.2,disposal_risk,48.8,모니터링,370,HEURISTIC 29% | ABC 14% | TURNOVER 14% | DISPOSAL_RISK 14% | SAFETY_STOCK 8% | EOQ 7% | DEMAND_FORECAST 7% | MATCH 5%,"['⏰ 유통기한 임박 (91%)', '❄️ 냉장·냉동 과잉 (80%)', '💸 배송비 상승 (100%)', '⚡ 복합 스트레스 (60%)']","{'재고위험': '24.9%', '판매가능성': '13.1%', '점포이동적합': '14.0%', '비용절감': '18.3%', '폐기회피이익': '13.7%', '실행가능성': '12.8%', '이력보정': '3.3%'}",True,True,False,True,False,True,53.3,32.6,54.5,53.0,72.0,61.7,52.1,52.6,0.0,47.7,검토,할인 판매,🏷️,271,HIGH,신뢰도 높음 ●,#2e7d32,,,47.7,검토,할인 판매,3,1,False,False,,50.0,20832.0,0.0,20832.0,21.48,0.0,21.48,43.0,0.0,370.0,20.0,할인,재고 이동,57.89,다름,57.89,49.589,24.938,15.187
케이크017,용산점,성수2점,20.0,프로모션 추천,20797.0,프로모션 순비용이 재배치 비용보다 낮습니다.,14.058992430174888,7.758620689655173,12,8,41.8,후순위,20797.0,20.0,441,False,Greedy 선택 후보보다 우선순위가 낮음,6.92,3543,398,3,디저트,369,208.0,48.0,736944.0,A,0.12837842519948908,1,100.0,57.4,6.27,NORMAL,68.1,False,51.7,MEDIUM,유통기한 임박,5.9,26.7,0.0,SAFE,"재고 여유 — 현재고(398), 재주문점(27)",0.0,168.9,24.4,149574.0,100.0,OVER,과잉 발주 위험 — 현재(392개) > EOQ(169개). 발주 주기 24일 권장,100.0,48.2,6.89,9.74,4.03,STABLE,57.8,0.3,WMA,0.3,36.1,10.0,3.62,10.0,7.5,5.0,POOR,낮은 매칭 · 핵심(A)상품,0.991,49.8,STABLE,11.4,LOW,69.6,MEDIUM,40.7,41.4,71.9,0.3,30.0,64235.0,100.0,0.385,0.385,88.5,False,12.2,327,27.9,396,100.0,0.999,4.9,40.2,50.0,HOLD,50.0,2,99.8,68.4,28.5,disposal_risk,52.1,모니터링,303,HEURISTIC 29% | ABC 14% | TURNOVER 14% | DISPOSAL_RISK 14% | SAFETY_STOCK 8% | EOQ 7% | DEMAND_FORECAST 7% | MATCH 5%,"['⏰ 유통기한 임박 (91%)', '❄️ 냉장·냉동 과잉 (80%)', '💸 배송비 상승 (100%)', '⚡ 복합 스트레스 (60%)']","{'재고위험': '24.9%', '판매가능성': '13.1%', '점포이동적합': '14.0%', '비용절감': '18.3%', '폐기회피이익': '13.7%', '실행가능성': '12.8%', '이력보정': '3.3%'}",True,True,False,True,False,True,59.8,32.8,50.8,53.0,72.0,61.7,51.6,53.7,0.0,57.9,검토,보류,⏸️,216,HIGH,신뢰도 높음 ●,#2e7d32,,,57.9,검토,보류,0,1,False,False,,50.0,23649.0,0.0,23649.0,24.61,0.0,24.61,49.0,0.0,398.0,20.0,할인,재고 이동,56.671,다름,56.671,47.696,24.383,16.686
탄산음료050,목동2점,합정점,39.0,프로모션 추천,27076.0,프로모션 순비용이 재배치 비용보다 낮습니다.,5.864004176455233,15.948275862068966,12,8,41.8,후순위,27076.0,39.0,442,False,Greedy 선택 후보보다 우선순위가 낮음,0.6,2391,361,0,음료,361,18.0,4.0,43038.0,B,0.8656502532053011,2,60.0,601.7,0.6,DEAD,0.0,True,70.0,HIGH,유통기한 임박 | 소진일수 602일 초과,0.5,2.3,0.0,SAFE,"재고 여유 — 현재고(361), 재주문점(2)",0.0,71.3,118.8,30701.0,100.0,OVER,과잉 발주 위험 — 현재(360개) > EOQ(71개). 발주 주기 119일 권장,100.0,4.1,0.59,0.83,0.34,STABLE,616.3,0.0,WMA,0.0,36.9,10.0,8.4,6.0,7.5,5.0,POOR,낮은 매칭 · 폐기위험 높음,0.952,48.8,STABLE,36.2,LOW,78.3,HIGH,38.7,59.9,78.8,0.3,30.0,84823.0,100.0,0.385,0.385,88.5,False,14.4,144,41.5,113,100.0,0.999,4.9,45.4,50.0,HOLD,50.0,2,99.8,68.4,40.1,disposal_risk,38.2,후순위,482,HEURISTIC 29% | ABC 14% | TURNOVER 14% | DISPOSAL_RISK 14% | SAFETY_STOCK 8% | EOQ 7% | DEMAND_FORECAST 7% | MATCH 5%,"['⏰ 유통기한 임박 (91%)', '❄️ 냉장·냉동 과잉 (80%)', '💸 배송비 상승 (100%)', '⚡ 복합 스트레스 (60%)']","{'재고위험': '24.9%', '판매가능성': '13.1%', '점포이동적합': '14.0%', '비용절감': '18.3%', '폐기회피이익': '13.7%', '실행가능성': '12.8%', '이력보정': '3.3%'}",True,True,False,True,False,True,44.1,32.3,54.4,53.0,72.0,72.5,52.8,51.7,0.0,36.1,검토,할인 판매,🏷️,333,HIGH,신뢰도 높음 ●,#2e7d32,,,36.1,검토,할인 판매,4,6,False,False,,50.0,31740.0,0.0,31740.0,33.6,0.0,33.6,67.0,0.0,361.0,39.0,할인,할인,62.147,일치,47.914,62.147,28.635,15.0
도시락036,강남점,성수점,23.0,재배치 추천,20364.0,프로모션 순비용이 재배치 비용보다 높습니다.,14.624119028974158,9.051724137931034,18,0,41.7,후순위,20364.0,23.0,443,False,Greedy 선택 후보보다 우선순위가 낮음,2.05,3295,343,1,신선식품,341,61.0,14.0,200995.0,B,0.8400030592329824,2,60.0,168.7,2.13,DEAD,6.3,True,78.0,HIGH,유통기한 임박 | 소진일수 169일 초과 | 신선/냉장 고위험 카테고리,1.8,8.0,0.0,SAFE,"재고 여유 — 현재고(343), 재주문점(8)",0.0,80.5,39.3,92893.0,100.0,OVER,과잉 발주 위험 — 현재(341개) > EOQ(80개). 발주 주기 39일 권장,100.0,14.1,2.01,2.86,1.17,STABLE,170.3,0.0,WMA,0.0,36.9,10.0,8.4,6.0,7.5,5.0,POOR,낮은 매칭 · 폐기위험 높음,0.976,49.4,STABLE,33.1,LOW,76.6,HIGH,24.5,56.6,77.1,0.3,30.0,70578.0,100.0,0.385,0.385,88.5,True,15.7,95,43.9,41,100.0,0.999,4.9,44.2,50.0,HOLD,50.0,2,99.8,68.3,38.2,disposal_risk,41.2,모니터링,474,HEURISTIC 29% | ABC 14% | TURNOVER 14% | DISPOSAL_RISK 14% | SAFETY_STOCK 8% | EOQ 7% | DEMAND_FORECAST 7% | MATCH 5%,"['⏰ 유통기한 임박 (91%)', '❄️ 냉장·냉동 과잉 (80%)', '💸 배송비 상승 (100%)', '⚡ 복합 스트레스 (60%)']","{'재고위험': '24.9%', '판매가능성': '13.1%', '점포이동적합': '14.0%', '비용절감': '18.3%', '폐기회피이익': '13.7%', '실행가능성': '12.8%', '이력보정': '3.3%'}",True,True,False,True,False,True,49.3,32.5,54.8,52.9,72.0,70.3,53.5,52.7,0.0,49.2,검토,할인 판매,🏷️,263,HIGH,신뢰도 높음 ●,#2e7d32,,,49.2,검토,할인 판매,0,4,False,False,,50.0,20364.0,0.0,20364.0,20.96,0.0,20.96,42.0,0.0,343.0,23.0,재고 이동,할인,56.448,다름,55.659,56.448,27.021,14.048
탄산음료075,잠원2점,압구정점,34.0,재배치 추천,23964.0,프로모션 순비용이 재배치 비용보다 높습니다.,9.925606891151135,13.793103448275861,18,0,41.7,후순위,23964.0,34.0,444,False,Greedy 선택 후보보다 우선순위가 낮음,6.52,2688,323,1,음료,314,196.0,46.0,526848.0,A,0.2566958929893234,1,100.0,49.4,7.28,NORMAL,72.6,False,47.7,MEDIUM,유통기한 임박,5.6,25.2,0.0,SAFE,"재고 여유 — 현재고(323), 재주문점(25)",0.0,221.8,34.0,107305.0,43.1,OPTIMAL,"적정 발주 — EOQ(222개), 권장 발주 주기 34일",43.1,45.9,6.56,9.25,3.87,STABLE,49.3,1.4,WMA,1.4,36.2,10.0,3.67,10.0,7.5,5.0,POOR,낮은 매칭 · 핵심(A)상품,1.008,50.2,STABLE,9.6,LOW,76.6,HIGH,29.8,53.2,90.7,0.3,30.0,85706.0,100.0,0.385,0.385,88.5,False,18.6,72,25.9,446,100.0,0.999,4.9,52.6,50.0,HOLD,50.0,2,99.8,68.3,28.0,turnover,48.6,모니터링,378,HEURISTIC 29% | ABC 14% | TURNOVER 14% | DISPOSAL_RISK 14% | SAFETY_STOCK 8% | EOQ 7% | DEMAND_FORECAST 7% | MATCH 5%,"['⏰ 유통기한 임박 (91%)', '❄️ 냉장·냉동 과잉 (80%)', '💸 배송비 상승 (100%)', '⚡ 복합 스트레스 (60%)']","{'재고위험': '24.9%', '판매가능성': '13.1%', '점포이동적합': '14.0%', '비용절감': '18.3%', '폐기회피이익': '13.7%', '실행가능성': '12.8%', '이력보정': '3.3%'}",True,True,False,True,False,True,59.2,33.5,51.7,44.4,72.0,78.2,55.1,54.3,0.0,63.5,검토,보류,⏸️,186,HIGH,신뢰도 높음 ●,#2e7d32,,,63.5,검토,보류,2,0,False,False,,50.0,23964.0,0.0,23964.0,24.96,0.0,24.96,50.0,0.0,323.0,34.0,재고 이동,재고 이동,54.119,일치,54.119,45.832,23.255,17.321
핫바014,합정점,선릉점,37.0,프로모션 추천,26631.0,프로모션 순비용이 재배치 비용보다 낮습니다.,6.44479248238058,15.086206896551724,12,8,41.5,후순위,26631.0,37.0,445,False,Greedy 선택 후보보다 우선순위가 낮음,1.27,2476,352,0,간편식,351,38.0,9.0,94088.0,A,0.3125068104982006,1,100.0,277.9,1.3,DEAD,0.0,True,75.0,HIGH,유통기한 임박 | 소진일수 278일 초과,1.1,4.9,0.0,SAFE,"재고 여유 — 현재고(352), 재주문점(5)",0.0,92.2,72.6,50250.0,100.0,OVER,과잉 발주 위험 — 현재(351개) > EOQ(92개). 발주 주기 73일 권장,100.0,9.0,1.29,1.81,0.76,STABLE,273.8,0.0,WMA,0.0,40.9,10.0,8.4,10.0,7.5,5.0,FAIR,보통 매칭 · 폐기위험 높음 · 핵심(A)상품,1.012,50.3,STABLE,35.0,LOW,78.3,HIGH,28.9,53.5,62.1,0.3,30.0,83303.0,100.0,0.385,0.385,88.5,False,15.4,102,44.0,37,100.0,0.999,4.9,30.7,50.0,HOLD,50.0,2,99.8,68.3,20.2,disposal_risk,47.6,모니터링,404,HEURISTIC 29% | ABC 14% | TURNOVER 14% | DISPOSAL_RISK 14% | SAFETY_STOCK 8% | EOQ 7% | DEMAND_FORECAST 7% | MATCH 5%,"['⏰ 유통기한 임박 (91%)', '❄️ 냉장·냉동 과잉 (80%)', '💸 배송비 상승 (100%)', '⚡ 복합 스트레스 (60%)']","{'재고위험': '24.9%', '판매가능성': '13.1%', '점포이동적합': '14.0%', '비용절감': '18.3%', '폐기회피이익': '13.7%', '실행가능성': '12.8%', '이력보정': '3.3%'}",True,True,False,True,False,True,52.2,32.8,55.3,52.8,72.0,59.2,53.4,52.1,0.0,40.6,검토,할인 판매,🏷️,309,HIGH,신뢰도 높음 ●,#2e7d32,,,40.6,검토,할인 판매,6,3,False,False,,50.0,30336.0,0.0,30336.0,32.04,0.0,32.04,64.0,0.0,352.0,37.0,할인,할인,59.593,일치,51.795,59.593,28.216,15.937
아이스라떼060,건대점,역삼점,35.0,재배치 추천,24558.0,프로모션 순비용이 재배치 비용보다 높습니다.,9.150352388410337,14.224137931034484,18,0,41.4,후순위,24558.0,35.0,446,False,Greedy 선택 후보보다 우선순위가 낮음,5.09,3510,294,1,유제품,287,153.0,36.0,537030.0,A,0.19496939414720207,1,100.0,57.6,6.24,NORMAL,68.0,False,59.8,MEDIUM,유통기한 임박 | 신선/냉장 고위험 카테고리,4.4,19.7,0.0,SAFE,"재고 여유 — 현재고(294), 재주문점(20)",0.0,123.0,24.2,151075.0,100.0,OVER,과잉 발주 위험 — 현재(290개) > EOQ(123개). 발주 주기 24일 권장,100.0,35.9,5.13,7.23,3.03,STABLE,57.3,0.4,WMA,0.4,36.1,10.0,3.62,10.0,7.5,5.0,POOR,낮은 매칭 · 핵심(A)상품,1.01,50.3,STABLE,11.2,LOW,76.6,HIGH,33.8,75.5,74.5,0.3,30.0,122862.0,100.0,0.385,0.385,88.5,True,13.8,181,31.1,320,100.0,0.999,4.9,42.2,50.0,HOLD,50.0,1,100.0,68.3,27.6,disposal_risk,53.9,모니터링,265,HEURISTIC 29% | ABC 14% | TURNOVER 14% | DISPOSAL_RISK 14% | SAFETY_STOCK 8% | EOQ 7% | DEMAND_FORECAST 7% | MATCH 5%,"['⏰ 유통기한 임박 (91%)', '❄️ 냉장·냉동 과잉 (80%)', '💸 배송비 상승 (100%)', '⚡ 복합 스트레스 (60%)']","{'재고위험': '24.9%', '판매가능성': '13.1%', '점포이동적합': '14.0%', '비용절감': '18.3%', '폐기회피이익': '13.7%', '실행가능성': '12.8%', '이력보정': '3.3%'}",True,True,False,True,False,True,63.4,33.0,51.7,52.8,72.0,74.8,52.6,56.4,0.0,88.1,최적,보류,⏸️,54,HIGH,신뢰도 높음 ●,#2e7d32,,,88.1,최적,보류,3,1,False,False,,50.0,24558.0,0.0,24558.0,25.62,0.0,25.62,51.0,0.0,294.0,35.0,재고 이동,재고 이동,56.924,일치,56.924,47.639,24.83,16.99
아이스크림085,건대2점,여의도2점,25.0,재배치 추천,21291.0,프로모션 순비용이 재배치 비용보다 높습니다.,13.414252153484728,9.913793103448276,18,0,41.3,후순위,21291.0,25.0,447,False,Greedy 선택 후보보다 우선순위가 낮음,3.77,2932,379,12,디저트,316,113.0,26.0,331316.0,A,0.3474431199272941,1,100.0,100.6,3.58,DEAD,44.1,True,36.9,LOW,소진일수 101일 초과,3.2,14.5,0.0,SAFE,"재고 여유 — 현재고(379), 재주문점(14)",0.0,137.0,36.3,100431.0,100.0,OVER,과잉 발주 위험 — 현재(376개) > EOQ(137개). 발주 주기 36일 권장,100.0,26.2,3.74,5.3,2.19,STABLE,101.3,0.0,WMA,0.0,32.5,10.0,0.0,10.0,7.5,5.0,POOR,낮은 매칭 · 핵심(A)상품,0.985,49.6,STABLE,19.9,LOW,43.3,MEDIUM,30.8,61.0,77.8,0.3,30.0,66669.0,100.0,0.385,0.385,88.5,False,9.8,434,23.3,480,100.0,0.999,4.9,44.7,50.0,HOLD,50.0,2,99.8,68.3,32.7,disposal_risk,42.7,모니터링,467,HEURISTIC 29% | ABC 14% | TURNOVER 14% | DISPOSAL_RISK 14% | SAFETY_STOCK 8% | EOQ 7% | DEMAND_FORECAST 7% | MATCH 5%,"['⏰ 유통기한 임박 (91%)', '❄️ 냉장·냉동 과잉 (80%)', '💸 배송비 상승 (100%)', '⚡ 복합 스트레스 (60%)']","{'재고위험': '24.9%', '판매가능성': '13.1%', '점포이동적합': '14.0%', '비용절감': '18.3%', '폐기회피이익': '13.7%', '실행가능성': '12.8%', '이력보정': '3.3%'}",True,True,False,True,False,True,46.8,32.6,48.8,52.7,72.0,72.2,50.3,51.5,0.0,34.1,검토,보류,⏸️,344,HIGH,신뢰도 높음 ●,#2e7d32,,,34.1,검토,보류,5,0,False,False,,50.0,21291.0,0.0,21291.0,21.99,0.0,21.99,44.0,0.0,379.0,25.0,재고 이동,재고 이동,57.588,일치,57.588,45.373,23.494,15.071
도시락036,교대점,노원2점,23.0,프로모션 추천,22206.0,프로모션 순비용이 재배치 비용보다 낮습니다.,12.220046985121378,9.051724137931034,12,8,41.3,후순위,22206.0,23.0,448,False,Greedy 선택 후보보다 우선순위가 낮음,4.86,3295,337,0,신선식품,331,146.0,34.0,481070.0,B,0.8400030592329824,2,60.0,69.2,5.2,SLOW,61.6,True,69.6,HIGH,유통기한 임박 | 소진일수 69일 초과 | 신선/냉장 고위험 카테고리,4.2,18.8,0.0,SAFE,"재고 여유 — 현재고(337), 재주문점(19)",0.0,124.0,25.5,143030.0,100.0,OVER,과잉 발주 위험 — 현재(333개) > EOQ(124개). 발주 주기 26일 권장,100.0,34.0,4.86,6.86,2.85,STABLE,69.4,0.0,WMA,0.0,36.9,10.0,8.4,6.0,7.5,5.0,POOR,낮은 매칭 · 폐기위험 높음,0.999,50.0,STABLE,13.5,LOW,78.3,HIGH,31.2,76.4,88.0,0.3,30.0,68736.0,100.0,0.385,0.385,88.5,True,14.4,144,35.7,254,100.0,0.999,4.9,51.1,50.0,HOLD,50.0,1,100.0,68.3,42.6,disposal_risk,47.8,모니터링,399,HEURISTIC 29% | ABC 14% | TURNOVER 14% | DISPOSAL_RISK 14% | SAFETY_STOCK 8% | EOQ 7% | DEMAND_FORECAST 7% | MATCH 5%,"['⏰ 유통기한 임박 (91%)', '❄️ 냉장·냉동 과잉 (80%)', '💸 배송비 상승 (100%)', '⚡ 복합 스트레스 (60%)']","{'재고위험': '24.9%', '판매가능성': '13.1%', '점포이동적합': '14.0%', '비용절감': '18.3%', '폐기회피이익': '13.7%', '실행가능성': '12.8%', '이력보정': '3.3%'}",True,True,False,True,False,True,60.2,32.7,53.9,52.7,72.0,84.1,52.9,57.0,0.0,91.3,최적,할인 판매,🏷️,37,HIGH,신뢰도 높음 ●,#2e7d32,,,91.3,최적,할인 판매,3,2,False,False,,50.0,23145.0,0.0,23145.0,24.05,0.0,24.05,48.0,0.0,337.0,23.0,할인,재고 이동,53.605,다름,53.605,51.319,25.547,16.062
도시락036,강남점,노원2점,23.0,프로모션 추천,22206.0,프로모션 순비용이 재배치 비용보다 낮습니다.,12.220046985121378,9.051724137931034,12,8,41.3,후순위,22206.0,23.0,449,False,Greedy 선택 후보보다 우선순위가 낮음,2.05,3295,343,1,신선식품,341,61.0,14.0,200995.0,B,0.8400030592329824,2,60.0,168.7,2.13,DEAD,6.3,True,78.0,HIGH,유통기한 임박 | 소진일수 169일 초과 | 신선/냉장 고위험 카테고리,1.8,8.0,0.0,SAFE,"재고 여유 — 현재고(343), 재주문점(8)",0.0,80.5,39.3,92893.0,100.0,OVER,과잉 발주 위험 — 현재(341개) > EOQ(80개). 발주 주기 39일 권장,100.0,14.1,2.01,2.86,1.17,STABLE,170.3,0.0,WMA,0.0,36.9,10.0,8.4,6.0,7.5,5.0,POOR,낮은 매칭 · 폐기위험 높음,0.976,49.4,STABLE,33.1,LOW,76.6,HIGH,31.2,76.4,88.0,0.3,30.0,68736.0,100.0,0.385,0.385,88.5,True,15.7,95,43.9,41,100.0,0.999,4.9,51.1,50.0,HOLD,50.0,2,99.8,68.3,38.3,disposal_risk,40.9,모니터링,475,HEURISTIC 29% | ABC 14% | TURNOVER 14% | DISPOSAL_RISK 14% | SAFETY_STOCK 8% | EOQ 7% | DEMAND_FORECAST 7% | MATCH 5%,"['⏰ 유통기한 임박 (91%)', '❄️ 냉장·냉동 과잉 (80%)', '💸 배송비 상승 (100%)', '⚡ 복합 스트레스 (60%)']","{'재고위험': '24.9%', '판매가능성': '13.1%', '점포이동적합': '14.0%', '비용절감': '18.3%', '폐기회피이익': '13.7%', '실행가능성': '12.8%', '이력보정': '3.3%'}",True,True,False,True,False,True,49.3,32.5,55.5,52.7,72.0,84.1,53.5,54.6,0.0,67.2,권장,할인 판매,🏷️,166,HIGH,신뢰도 높음 ●,#2e7d32,,,67.2,권장,할인 판매,0,2,False,False,,50.0,29175.0,0.0,29175.0,30.75,0.0,30.75,61.0,0.0,343.0,23.0,할인,할인,60.872,일치,46.582,60.872,27.793,15.241
핫바074,홍대2점,구로2점,30.0,재배치 추천,22983.0,프로모션 순비용이 재배치 비용보다 높습니다.,11.205951448707909,12.068965517241379,18,0,41.3,후순위,22983.0,30.0,450,False,Greedy 선택 후보보다 우선순위가 낮음,1.13,3442,316,3,간편식,312,34.0,8.0,117028.0,B,0.8127939376615826,2,60.0,278.8,1.29,DEAD,0.0,True,73.0,HIGH,유통기한 임박 | 소진일수 279일 초과,1.0,4.4,0.0,SAFE,"재고 여유 — 현재고(316), 재주문점(4)",0.0,73.8,65.3,55886.0,100.0,OVER,과잉 발주 위험 — 현재(315개) > EOQ(74개). 발주 주기 65일 권장,100.0,8.0,1.14,1.61,0.68,STABLE,276.5,0.0,WMA,0.0,36.9,10.0,8.4,6.0,7.5,5.0,POOR,낮은 매칭 · 폐기위험 높음,1.011,50.3,STABLE,35.0,LOW,69.6,MEDIUM,38.1,44.6,59.7,0.3,30.0,100929.0,100.0,0.385,0.385,88.5,False,14.9,116,42.4,82,100.0,0.999,4.9,28.0,50.0,HOLD,50.0,2,99.8,68.3,38.8,disposal_risk,38.5,후순위,479,HEURISTIC 29% | ABC 14% | TURNOVER 14% | DISPOSAL_RISK 14% | SAFETY_STOCK 8% | EOQ 7% | DEMAND_FORECAST 7% | MATCH 5%,"['⏰ 유통기한 임박 (91%)', '❄️ 냉장·냉동 과잉 (80%)', '💸 배송비 상승 (100%)', '⚡ 복합 스트레스 (60%)']","{'재고위험': '24.9%', '판매가능성': '13.1%', '점포이동적합': '14.0%', '비용절감': '18.3%', '폐기회피이익': '13.7%', '실행가능성': '12.8%', '이력보정': '3.3%'}",True,True,False,True,False,True,45.4,32.8,52.9,52.7,72.0,54.7,53.1,49.5,0.0,21.8,검토,할인 판매,🏷️,410,HIGH,신뢰도 높음 ●,#2e7d32,,,21.8,검토,할인 판매,3,1,False,False,,50.0,22983.0,0.0,22983.0,23.87,0.0,23.87,48.0,0.0,316.0,30.0,재고 이동,할인,56.706,다름,52.897,56.706,27.043,14.074
마카롱054,청량리점,선릉2점,40.0,재배치 추천,26340.0,프로모션 순비용이 재배치 비용보다 높습니다.,6.824588880187941,16.379310344827587,18,0,41.2,후순위,26340.0,40.0,451,False,Greedy 선택 후보보다 우선순위가 낮음,0.74,3010,380,24,디저트,356,22.0,5.0,66220.0,C,0.9758865194200881,3,20.0,518.2,0.69,DEAD,0.0,True,34.5,LOW,소진일수 518일 초과,0.6,2.8,0.0,SAFE,"재고 여유 — 현재고(380), 재주문점(3)",0.0,59.9,80.9,45083.0,100.0,OVER,과잉 발주 위험 — 현재(379개) > EOQ(60개). 발주 주기 81일 권장,100.0,5.1,0.73,1.03,0.42,STABLE,521.6,0.0,WMA,0.0,25.5,10.0,0.0,3.0,7.5,5.0,POOR,낮은 매칭,0.965,49.1,STABLE,35.9,LOW,43.3,MEDIUM,32.5,74.2,100.0,0.3,30.0,118140.0,100.0,0.385,0.385,88.5,False,9.5,439,24.9,457,100.0,0.999,4.9,57.0,50.0,DISPOSE,30.0,2,99.8,68.2,65.0,disposal_risk,18.3,후순위,499,HEURISTIC 29% | ABC 14% | TURNOVER 14% | DISPOSAL_RISK 14% | SAFETY_STOCK 8% | EOQ 7% | DEMAND_FORECAST 7% | MATCH 5%,"['⏰ 유통기한 임박 (91%)', '❄️ 냉장·냉동 과잉 (80%)', '💸 배송비 상승 (100%)', '⚡ 복합 스트레스 (60%)']","{'재고위험': '24.9%', '판매가능성': '13.1%', '점포이동적합': '14.0%', '비용절감': '18.3%', '폐기회피이익': '13.7%', '실행가능성': '12.8%', '이력보정': '3.3%'}",True,True,False,True,False,True,22.1,32.4,47.2,52.7,72.0,91.4,50.1,47.5,0.0,13.9,검토,보류,⏸️,452,HIGH,신뢰도 높음 ●,#2e7d32,,,13.9,검토,보류,2,6,False,False,,50.0,26340.0,0.0,26340.0,27.6,0.0,27.6,55.0,0.0,380.0,40.0,재고 이동,할인,55.498,다름,47.203,55.498,26.137,12.57
생수010,역삼점,선릉2점,37.0,프로모션 추천,27064.0,프로모션 순비용이 재배치 비용보다 낮습니다.,5.87966588358131,15.086206896551724,12,8,41.0,후순위,27064.0,37.0,452,False,Greedy 선택 후보보다 우선순위가 낮음,2.97,2515,296,0,음료,292,89.0,21.0,223835.0,A,0.7843826476323568,1,100.0,99.8,3.61,DEAD,44.6,True,70.0,HIGH,유통기한 임박 | 소진일수 100일 초과,2.5,11.4,0.0,SAFE,"재고 여유 — 현재고(296), 재주문점(11)",0.0,154.7,52.1,70054.0,89.7,OVER,과잉 발주 위험 — 현재(294개) > EOQ(155개). 발주 주기 52일 권장,89.7,20.9,2.99,4.21,1.76,STABLE,99.1,0.0,WMA,0.0,40.9,10.0,8.4,10.0,7.5,5.0,FAIR,보통 매칭 · 폐기위험 높음 · 핵심(A)상품,1.01,50.3,STABLE,19.4,LOW,78.3,HIGH,43.5,74.2,100.0,0.3,30.0,84602.0,100.0,0.385,0.385,88.5,False,14.7,125,38.1,207,100.0,0.999,4.9,57.0,50.0,DISPOSE,30.0,2,99.8,68.2,28.4,disposal_risk,52.5,모니터링,290,HEURISTIC 29% | ABC 14% | TURNOVER 14% | DISPOSAL_RISK 14% | SAFETY_STOCK 8% | EOQ 7% | DEMAND_FORECAST 7% | MATCH 5%,"['⏰ 유통기한 임박 (91%)', '❄️ 냉장·냉동 과잉 (80%)', '💸 배송비 상승 (100%)', '⚡ 복합 스트레스 (60%)']","{'재고위험': '24.9%', '판매가능성': '13.1%', '점포이동적합': '14.0%', '비용절감': '18.3%', '폐기회피이익': '13.7%', '실행가능성': '12.8%', '이력보정': '3.3%'}",True,True,False,True,False,True,61.8,32.8,56.7,51.0,72.0,91.4,53.0,58.5,0.0,96.9,최적,할인 판매,🏷️,7,HIGH,신뢰도 높음 ●,#2e7d32,,,96.9,최적,할인 판매,1,6,False,False,,50.0,28689.0,0.0,28689.0,30.21,0.0,30.21,60.0,0.0,296.0,37.0,할인,할인,52.637,일치,52.172,52.637,26.108,17.178
케이크017,동대문점,상암점,21.0,프로모션 추천,21837.0,프로모션 순비용이 재배치 비용보다 낮습니다.,12.701644479248237,8.189655172413794,12,8,40.9,후순위,21837.0,21.0,453,False,Greedy 선택 후보보다 우선순위가 낮음,2.9,3543,370,5,디저트,350,87.0,20.0,308241.0,A,0.12837842519948908,1,100.0,127.6,2.82,DEAD,29.1,True,60.0,HIGH,유통기한 임박 | 소진일수 128일 초과,2.5,11.2,0.0,SAFE,"재고 여유 — 현재고(370), 재주문점(11)",0.0,109.3,37.7,96828.0,100.0,OVER,과잉 발주 위험 — 현재(368개) > EOQ(109개). 발주 주기 38일 권장,100.0,20.1,2.87,4.07,1.68,STABLE,128.9,0.0,WMA,0.0,40.9,10.0,8.4,10.0,7.5,5.0,FAIR,보통 매칭 · 폐기위험 높음 · 핵심(A)상품,0.985,49.6,STABLE,25.2,LOW,62.6,MEDIUM,39.1,65.1,50.1,0.3,30.0,67447.0,100.0,0.385,0.385,88.5,False,13.2,245,35.5,260,100.0,0.999,4.9,14.1,50.0,DISPOSE,30.0,2,99.8,68.2,30.2,disposal_risk,48.0,모니터링,393,HEURISTIC 29% | ABC 14% | TURNOVER 14% | DISPOSAL_RISK 14% | SAFETY_STOCK 8% | EOQ 7% | DEMAND_FORECAST 7% | MATCH 5%,"['⏰ 유통기한 임박 (91%)', '❄️ 냉장·냉동 과잉 (80%)', '💸 배송비 상승 (100%)', '⚡ 복합 스트레스 (60%)']","{'재고위험': '24.9%', '판매가능성': '13.1%', '점포이동적합': '14.0%', '비용절감': '18.3%', '폐기회피이익': '13.7%', '실행가능성': '12.8%', '이력보정': '3.3%'}",True,True,False,True,False,True,53.3,32.6,51.9,52.5,72.0,55.1,52.2,51.3,0.0,31.7,검토,할인 판매,🏷️,357,HIGH,신뢰도 높음 ●,#2e7d32,,,31.7,검토,할인 판매,3,1,False,False,,50.0,23352.0,0.0,23352.0,24.28,0.0,24.28,49.0,0.0,370.0,21.0,할인,재고 이동,55.071,다름,55.071,50.55,25.115,15.549
케이크017,용산점,상암점,21.0,프로모션 추천,21837.0,프로모션 순비용이 재배치 비용보다 낮습니다.,12.701644479248237,8.189655172413794,12,8,40.9,후순위,21837.0,21.0,454,False,Greedy 선택 후보보다 우선순위가 낮음,6.92,3543,398,3,디저트,369,208.0,48.0,736944.0,A,0.12837842519948908,1,100.0,57.4,6.27,NORMAL,68.1,False,51.7,MEDIUM,유통기한 임박,5.9,26.7,0.0,SAFE,"재고 여유 — 현재고(398), 재주문점(27)",0.0,168.9,24.4,149574.0,100.0,OVER,과잉 발주 위험 — 현재(392개) > EOQ(169개). 발주 주기 24일 권장,100.0,48.2,6.89,9.74,4.03,STABLE,57.8,0.3,WMA,0.3,36.1,10.0,3.62,10.0,7.5,5.0,POOR,낮은 매칭 · 핵심(A)상품,0.991,49.8,STABLE,11.4,LOW,69.6,MEDIUM,39.1,65.1,50.1,0.3,30.0,67447.0,100.0,0.385,0.385,88.5,False,12.4,304,27.8,400,100.0,0.999,4.9,14.1,50.0,DISPOSE,30.0,2,99.8,68.2,28.5,disposal_risk,51.3,모니터링,323,HEURISTIC 29% | ABC 14% | TURNOVER 14% | DISPOSAL_RISK 14% | SAFETY_STOCK 8% | EOQ 7% | DEMAND_FORECAST 7% | MATCH 5%,"['⏰ 유통기한 임박 (91%)', '❄️ 냉장·냉동 과잉 (80%)', '💸 배송비 상승 (100%)', '⚡ 복합 스트레스 (60%)']","{'재고위험': '24.9%', '판매가능성': '13.1%', '점포이동적합': '14.0%', '비용절감': '18.3%', '폐기회피이익': '13.7%', '실행가능성': '12.8%', '이력보정': '3.3%'}",True,True,False,True,False,True,59.8,32.8,48.2,52.5,72.0,55.1,51.7,52.4,0.0,44.7,검토,보류,⏸️,287,HIGH,신뢰도 높음 ●,#2e7d32,,,44.7,검토,보류,0,1,False,False,,50.0,36816.0,0.0,36816.0,39.24,0.0,39.24,78.0,0.0,398.0,21.0,할인,할인,55.378,일치,44.92,55.378,25.709,17.993
탄산음료075,압구정점,잠원2점,32.0,재배치 추천,23964.0,프로모션 순비용이 재배치 비용보다 높습니다.,9.925606891151135,12.931034482758621,18,0,40.9,후순위,23964.0,32.0,455,False,Greedy 선택 후보보다 우선순위가 낮음,8.66,2688,282,0,음료,270,260.0,61.0,698880.0,A,0.2566958929893234,1,100.0,32.5,11.06,NORMAL,81.9,False,41.3,MEDIUM,유통기한 임박,7.4,33.4,0.0,SAFE,"재고 여유 — 현재고(282), 재주문점(33)",0.0,255.6,29.5,123668.0,7.4,OPTIMAL,"적정 발주 — EOQ(256개), 권장 발주 주기 30일",7.4,60.8,8.69,12.26,5.11,STABLE,32.5,3.7,WMA,3.7,36.3,10.0,3.78,10.0,7.5,5.0,POOR,낮은 매칭 · 핵심(A)상품,1.006,50.2,STABLE,6.3,LOW,78.3,HIGH,36.7,61.1,64.3,0.3,30.0,79255.0,100.0,0.385,0.385,88.5,False,40.4,11,22.8,488,100.0,0.999,4.9,33.1,50.0,DISPOSE,30.0,1,100.0,68.2,26.0,turnover,47.0,모니터링,417,HEURISTIC 29% | ABC 14% | TURNOVER 14% | DISPOSAL_RISK 14% | SAFETY_STOCK 8% | EOQ 7% | DEMAND_FORECAST 7% | MATCH 5%,"['⏰ 유통기한 임박 (91%)', '❄️ 냉장·냉동 과잉 (80%)', '💸 배송비 상승 (100%)', '⚡ 복합 스트레스 (60%)']","{'재고위험': '24.9%', '판매가능성': '13.1%', '점포이동적합': '14.0%', '비용절감': '18.3%', '폐기회피이익': '13.7%', '실행가능성': '12.8%', '이력보정': '3.3%'}",True,True,False,True,False,True,58.8,34.6,49.2,38.6,72.0,63.2,67.2,51.0,0.0,30.2,검토,보류,⏸️,365,HIGH,신뢰도 높음 ●,#2e7d32,,,30.2,검토,보류,0,2,False,False,,50.0,23964.0,0.0,23964.0,24.96,0.0,24.96,50.0,0.0,282.0,32.0,재고 이동,재고 이동,49.674,일치,49.674,42.541,21.414,17.873
도시락007,압구정2점,동대문2점,25.0,재배치 추천,21714.0,프로모션 순비용이 재배치 비용보다 높습니다.,12.862176977290524,9.913793103448276,18,0,40.8,후순위,21714.0,25.0,456,False,Greedy 선택 후보보다 우선순위가 낮음,1.67,3025,317,1,신선식품,315,50.0,12.0,151250.0,A,0.6072939149445852,1,100.0,190.2,1.89,DEAD,0.0,True,78.0,HIGH,유통기한 임박 | 소진일수 190일 초과 | 신선/냉장 고위험 카테고리,1.4,6.4,0.0,SAFE,"재고 여유 — 현재고(317), 재주문점(6)",0.0,75.9,45.4,80334.0,100.0,OVER,과잉 발주 위험 — 현재(316개) > EOQ(76개). 발주 주기 45일 권장,100.0,11.9,1.7,2.39,1.01,STABLE,186.5,0.0,WMA,0.0,40.9,10.0,8.4,10.0,7.5,5.0,FAIR,보통 매칭 · 폐기위험 높음 · 핵심(A)상품,1.027,50.7,STABLE,35.0,LOW,76.6,HIGH,23.2,65.3,83.9,0.3,30.0,69036.0,100.0,0.385,0.385,88.5,True,16.0,85,45.2,7,100.0,0.999,4.9,48.7,50.0,DISPOSE,30.0,1,100.0,68.2,19.2,disposal_risk,47.7,모니터링,400,HEURISTIC 29% | ABC 14% | TURNOVER 14% | DISPOSAL_RISK 14% | SAFETY_STOCK 8% | EOQ 7% | DEMAND_FORECAST 7% | MATCH 5%,"['⏰ 유통기한 임박 (91%)', '❄️ 냉장·냉동 과잉 (80%)', '💸 배송비 상승 (100%)', '⚡ 복합 스트레스 (60%)']","{'재고위험': '24.9%', '판매가능성': '13.1%', '점포이동적합': '14.0%', '비용절감': '18.3%', '폐기회피이익': '13.7%', '실행가능성': '12.8%', '이력보정': '3.3%'}",True,True,False,True,False,True,53.6,32.9,57.3,52.4,72.0,77.7,53.8,55.1,0.0,73.8,권장,할인 판매,🏷️,131,HIGH,신뢰도 높음 ●,#2e7d32,,,73.8,권장,할인 판매,3,2,False,False,,50.0,21714.0,0.0,21714.0,22.46,0.0,22.46,45.0,0.0,317.0,25.0,재고 이동,재고 이동,56.778,일치,56.778,54.304,26.496,14.821
커피031,성수점,용산점,25.0,프로모션 추천,23214.0,프로모션 순비용이 재배치 비용보다 낮습니다.,10.904463586530932,9.913793103448276,12,8,40.8,후순위,23214.0,25.0,457,False,Greedy 선택 후보보다 우선순위가 낮음,2.42,3172,366,1,음료,363,73.0,17.0,231556.0,A,0.44954488468191184,1,100.0,150.4,2.39,DEAD,16.4,True,68.0,HIGH,유통기한 임박 | 소진일수 150일 초과,2.1,9.4,0.0,SAFE,"재고 여유 — 현재고(366), 재주문점(9)",0.0,124.4,51.4,71016.0,100.0,OVER,과잉 발주 위험 — 현재(364개) > EOQ(124개). 발주 주기 51일 권장,100.0,17.0,2.43,3.43,1.43,STABLE,150.7,0.0,WMA,0.0,40.9,10.0,8.4,10.0,7.5,5.0,FAIR,보통 매칭 · 폐기위험 높음 · 핵심(A)상품,1.004,50.1,STABLE,29.4,LOW,76.6,HIGH,35.1,76.7,77.1,0.3,30.0,71946.0,100.0,0.385,0.385,88.5,False,14.4,144,39.8,170,100.0,0.999,4.9,44.2,50.0,DISPOSE,30.0,2,99.8,68.2,26.4,disposal_risk,47.9,모니터링,395,HEURISTIC 29% | ABC 14% | TURNOVER 14% | DISPOSAL_RISK 14% | SAFETY_STOCK 8% | EOQ 7% | DEMAND_FORECAST 7% | MATCH 5%,"['⏰ 유통기한 임박 (91%)', '❄️ 냉장·냉동 과잉 (80%)', '💸 배송비 상승 (100%)', '⚡ 복합 스트레스 (60%)']","{'재고위험': '24.9%', '판매가능성': '13.1%', '점포이동적합': '14.0%', '비용절감': '18.3%', '폐기회피이익': '13.7%', '실행가능성': '12.8%', '이력보정': '3.3%'}",True,True,False,True,False,True,53.5,32.7,55.8,52.4,72.0,77.0,52.8,54.7,0.0,69.9,권장,할인 판매,🏷️,152,HIGH,신뢰도 높음 ●,#2e7d32,,,69.9,권장,할인 판매,4,0,False,False,,50.0,27096.0,0.0,27096.0,28.44,0.0,28.44,57.0,0.0,366.0,25.0,할인,할인,55.072,일치,52.19,55.072,26.501,15.912
커피031,상암점,용산점,25.0,프로모션 추천,23214.0,프로모션 순비용이 재배치 비용보다 낮습니다.,10.904463586530932,9.913793103448276,12,8,40.8,후순위,23214.0,25.0,458,False,Greedy 선택 후보보다 우선순위가 낮음,4.38,3172,334,3,음료,316,131.0,31.0,415532.0,A,0.44954488468191184,1,100.0,76.5,4.71,SLOW,57.5,True,61.2,HIGH,유통기한 임박 | 소진일수 76일 초과,3.8,16.9,0.0,SAFE,"재고 여유 — 현재고(334), 재주문점(17)",0.0,167.3,38.2,95540.0,97.4,OVER,과잉 발주 위험 — 현재(330개) > EOQ(167개). 발주 주기 38일 권장,97.4,30.9,4.41,6.22,2.61,STABLE,75.7,0.0,WMA,0.0,40.9,10.0,8.4,10.0,7.5,5.0,FAIR,보통 매칭 · 폐기위험 높음 · 핵심(A)상품,1.011,50.3,STABLE,14.8,LOW,69.6,MEDIUM,35.1,76.7,77.1,0.3,30.0,71946.0,100.0,0.385,0.385,88.5,False,13.4,227,33.4,290,100.0,0.999,4.9,44.2,50.0,DISPOSE,30.0,1,100.0,68.2,29.3,disposal_risk,52.7,모니터링,284,HEURISTIC 29% | ABC 14% | TURNOVER 14% | DISPOSAL_RISK 14% | SAFETY_STOCK 8% | EOQ 7% | DEMAND_FORECAST 7% | MATCH 5%,"['⏰ 유통기한 임박 (91%)', '❄️ 냉장·냉동 과잉 (80%)', '💸 배송비 상승 (100%)', '⚡ 복합 스트레스 (60%)']","{'재고위험': '24.9%', '판매가능성': '13.1%', '점포이동적합': '14.0%', '비용절감': '18.3%', '폐기회피이익': '13.7%', '실행가능성': '12.8%', '이력보정': '3.3%'}",True,True,False,True,False,True,61.3,32.8,54.5,52.0,72.0,77.0,52.4,56.4,0.0,87.7,최적,할인 판매,🏷️,56,HIGH,신뢰도 높음 ●,#2e7d32,,,87.7,최적,할인 판매,1,0,False,False,,50.0,36816.0,0.0,36816.0,39.24,0.0,39.24,78.0,0.0,334.0,25.0,할인,할인,56.224,일치,44.066,56.224,26.032,17.943
요거트104,동대문점,선릉2점,29.0,재배치 추천,23082.0,프로모션 순비용이 재배치 비용보다 높습니다.,11.076742364917775,11.637931034482758,18,0,40.7,후순위,23082.0,29.0,459,False,Greedy 선택 후보보다 우선순위가 낮음,0.5,2928,347,9,유제품,341,15.0,4.0,43920.0,B,0.8311441504147848,2,60.0,694.0,0.52,DEAD,0.0,True,55.1,MEDIUM,소진일수 694일 초과 | 신선/냉장 고위험 카테고리,0.4,1.9,0.0,SAFE,"재고 여유 — 현재고(347), 재주문점(2)",0.0,42.2,84.4,43247.0,100.0,OVER,과잉 발주 위험 — 현재(347개) > EOQ(42개). 발주 주기 84일 권장,100.0,3.8,0.54,0.75,0.34,INCREASING,639.2,0.0,WMA,0.0,32.1,10.0,3.6,6.0,7.5,5.0,POOR,낮은 매칭,1.143,53.6,RISING,35.0,LOW,48.6,MEDIUM,40.3,74.2,100.0,0.3,30.0,78812.0,100.0,0.385,0.385,88.5,True,12.1,333,34.2,282,100.0,0.999,4.9,57.0,50.0,DISPOSE,30.0,2,99.8,68.1,46.6,disposal_risk,32.2,후순위,489,HEURISTIC 29% | ABC 14% | TURNOVER 14% | DISPOSAL_RISK 14% | SAFETY_STOCK 8% | EOQ 7% | DEMAND_FORECAST 7% | MATCH 5%,"['⏰ 유통기한 임박 (91%)', '❄️ 냉장·냉동 과잉 (80%)', '💸 배송비 상승 (100%)', '⚡ 복합 스트레스 (60%)']","{'재고위험': '24.9%', '판매가능성': '13.1%', '점포이동적합': '14.0%', '비용절감': '18.3%', '폐기회피이익': '13.7%', '실행가능성': '12.8%', '이력보정': '3.3%'}",True,True,False,True,False,True,37.3,33.8,52.0,52.4,72.0,91.4,51.6,52.1,0.0,40.2,검토,보류,⏸️,311,HIGH,신뢰도 높음 ●,#2e7d32,,,40.2,검토,보류,3,6,False,False,,50.0,23082.0,0.0,23082.0,23.98,0.0,23.98,48.0,0.0,347.0,29.0,재고 이동,할인,53.907,다름,51.804,53.907,25.877,13.545
마카롱054,동대문2점,노원점,35.0,재배치 추천,25170.0,프로모션 순비용이 재배치 비용보다 높습니다.,8.351605324980424,14.224137931034484,18,0,40.6,후순위,25170.0,35.0,460,False,Greedy 선택 후보보다 우선순위가 낮음,1.13,3010,325,20,디저트,294,34.0,8.0,102340.0,C,0.9758865194200881,3,20.0,286.8,1.26,DEAD,0.0,True,37.5,LOW,소진일수 287일 초과,1.0,4.4,0.0,SAFE,"재고 여유 — 현재고(325), 재주문점(4)",0.0,74.0,65.5,55711.0,100.0,OVER,과잉 발주 위험 — 현재(324개) > EOQ(74개). 발주 주기 66일 권장,100.0,8.0,1.14,1.61,0.68,STABLE,284.4,0.0,WMA,0.0,25.5,10.0,0.0,3.0,7.5,5.0,POOR,낮은 매칭,1.011,50.3,STABLE,35.0,LOW,43.3,MEDIUM,32.8,51.6,91.3,0.3,30.0,101250.0,100.0,0.385,0.385,88.5,False,9.9,433,25.9,446,100.0,0.999,4.9,52.9,50.0,DISPOSE,30.0,2,99.8,68.1,64.2,disposal_risk,18.5,후순위,498,HEURISTIC 29% | ABC 14% | TURNOVER 14% | DISPOSAL_RISK 14% | SAFETY_STOCK 8% | EOQ 7% | DEMAND_FORECAST 7% | MATCH 5%,"['⏰ 유통기한 임박 (91%)', '❄️ 냉장·냉동 과잉 (80%)', '💸 배송비 상승 (100%)', '⚡ 복합 스트레스 (60%)']","{'재고위험': '24.9%', '판매가능성': '13.1%', '점포이동적합': '14.0%', '비용절감': '18.3%', '폐기회피이익': '13.7%', '실행가능성': '12.8%', '이력보정': '3.3%'}",True,True,False,True,False,True,23.4,32.8,46.9,52.3,72.0,78.1,50.4,46.1,0.0,9.8,검토,보류,⏸️,474,HIGH,신뢰도 높음 ●,#2e7d32,,,9.8,검토,보류,2,1,False,False,,50.0,25170.0,0.0,25170.0,26.3,0.0,26.3,53.0,0.0,325.0,35.0,재고 이동,할인,53.676,다름,45.196,53.676,25.304,12.601
차음료040,동대문2점,명동2점,27.0,프로모션 추천,24439.0,프로모션 순비용이 재배치 비용보다 낮습니다.,9.305664317410598,10.775862068965516,12,8,40.1,후순위,24439.0,27.0,461,False,Greedy 선택 후보보다 우선순위가 낮음,8.09,3094,292,1,음료,281,243.0,57.0,751842.0,A,0.10164415208715274,1,100.0,36.0,9.99,NORMAL,80.0,False,41.0,MEDIUM,유통기한 임박,6.9,31.2,0.0,SAFE,"재고 여유 — 현재고(292), 재주문점(31)",0.0,230.3,28.5,128238.0,23.8,OPTIMAL,"적정 발주 — EOQ(230개), 권장 발주 주기 28일",23.8,56.9,8.13,11.47,4.79,STABLE,35.9,3.2,WMA,3.2,36.3,10.0,3.76,10.0,7.5,5.0,POOR,낮은 매칭 · 핵심(A)상품,1.007,50.2,STABLE,7.0,LOW,76.6,HIGH,34.9,73.5,61.0,0.3,30.0,75807.0,100.0,0.385,0.385,88.5,False,35.4,25,22.7,489,100.0,0.999,4.9,29.5,50.0,DISPOSE,30.0,1,100.0,68.0,26.5,turnover,46.7,모니터링,422,HEURISTIC 29% | ABC 14% | TURNOVER 14% | DISPOSAL_RISK 14% | SAFETY_STOCK 8% | EOQ 7% | DEMAND_FORECAST 7% | MATCH 5%,"['⏰ 유통기한 임박 (91%)', '❄️ 냉장·냉동 과잉 (80%)', '💸 배송비 상승 (100%)', '⚡ 복합 스트레스 (60%)']","{'재고위험': '24.9%', '판매가능성': '13.1%', '점포이동적합': '14.0%', '비용절감': '18.3%', '폐기회피이익': '13.7%', '실행가능성': '12.8%', '이력보정': '3.3%'}",True,True,False,True,False,True,58.2,34.4,48.8,40.6,72.0,65.2,64.5,51.4,0.0,33.5,검토,보류,⏸️,347,HIGH,신뢰도 높음 ●,#2e7d32,,,33.5,검토,보류,2,3,False,False,,50.0,27195.0,0.0,27195.0,28.55,0.0,28.55,57.0,0.0,292.0,27.0,할인,재고 이동,46.464,다름,46.464,43.459,21.488,17.844
탄산음료116,강남2점,잠원2점,34.0,프로모션 추천,26746.0,프로모션 순비용이 재배치 비용보다 낮습니다.,6.294701122422344,13.793103448275861,12,8,40.1,후순위,26746.0,34.0,462,False,Greedy 선택 후보보다 우선순위가 낮음,0.41,2699,311,5,음료,309,12.0,3.0,32388.0,A,0.41626294718817425,1,100.0,777.5,0.46,DEAD,0.0,True,60.0,HIGH,유통기한 임박 | 소진일수 778일 초과,0.4,1.6,0.0,SAFE,"재고 여유 — 현재고(311), 재주문점(2)",0.0,55.5,135.4,26963.0,100.0,OVER,과잉 발주 위험 — 현재(311개) > EOQ(56개). 발주 주기 135일 권장,100.0,2.9,0.41,0.58,0.25,STABLE,750.7,0.0,WMA,0.0,40.9,10.0,8.4,10.0,7.5,5.0,FAIR,보통 매칭 · 폐기위험 높음 · 핵심(A)상품,1.045,51.1,STABLE,35.0,LOW,62.6,MEDIUM,36.7,61.1,64.3,0.3,30.0,83373.0,100.0,0.385,0.385,88.5,False,13.3,237,37.9,214,100.0,0.999,4.9,33.1,50.0,DISPOSE,30.0,2,99.8,68.0,24.4,disposal_risk,42.5,모니터링,468,HEURISTIC 29% | ABC 14% | TURNOVER 14% | DISPOSAL_RISK 14% | SAFETY_STOCK 8% | EOQ 7% | DEMAND_FORECAST 7% | MATCH 5%,"['⏰ 유통기한 임박 (91%)', '❄️ 냉장·냉동 과잉 (80%)', '💸 배송비 상승 (100%)', '⚡ 복합 스트레스 (60%)']","{'재고위험': '24.9%', '판매가능성': '13.1%', '점포이동적합': '14.0%', '비용절감': '18.3%', '폐기회피이익': '13.7%', '실행가능성': '12.8%', '이력보정': '3.3%'}",True,True,False,True,False,True,45.5,33.0,54.3,52.1,72.0,63.2,52.2,50.7,0.0,28.1,검토,할인 판매,🏷️,376,HIGH,신뢰도 높음 ●,#2e7d32,,,28.1,검토,할인 판매,3,2,False,False,,50.0,30867.0,0.0,30867.0,32.63,0.0,32.63,65.0,0.0,311.0,34.0,할인,할인,55.306,일치,47.551,55.306,26.283,15.534
커피031,성수점,노원2점,26.0,프로모션 추천,24143.0,프로모션 순비용이 재배치 비용보다 낮습니다.,9.69198642652049,10.344827586206897,12,8,40.0,후순위,24143.0,26.0,463,False,Greedy 선택 후보보다 우선순위가 낮음,2.42,3172,366,1,음료,363,73.0,17.0,231556.0,A,0.44954488468191184,1,100.0,150.4,2.39,DEAD,16.4,True,68.0,HIGH,유통기한 임박 | 소진일수 150일 초과,2.1,9.4,0.0,SAFE,"재고 여유 — 현재고(366), 재주문점(9)",0.0,124.4,51.4,71016.0,100.0,OVER,과잉 발주 위험 — 현재(364개) > EOQ(124개). 발주 주기 51일 권장,100.0,17.0,2.43,3.43,1.43,STABLE,150.7,0.0,WMA,0.0,40.9,10.0,8.4,10.0,7.5,5.0,FAIR,보통 매칭 · 폐기위험 높음 · 핵심(A)상품,1.004,50.1,STABLE,29.4,LOW,76.6,HIGH,26.9,76.4,88.0,0.3,30.0,74823.0,100.0,0.385,0.385,88.5,False,14.5,138,39.7,177,100.0,0.999,4.9,51.1,50.0,DISPOSE,30.0,2,99.8,68.0,26.5,disposal_risk,47.2,모니터링,413,HEURISTIC 29% | ABC 14% | TURNOVER 14% | DISPOSAL_RISK 14% | SAFETY_STOCK 8% | EOQ 7% | DEMAND_FORECAST 7% | MATCH 5%,"['⏰ 유통기한 임박 (91%)', '❄️ 냉장·냉동 과잉 (80%)', '💸 배송비 상승 (100%)', '⚡ 복합 스트레스 (60%)']","{'재고위험': '24.9%', '판매가능성': '13.1%', '점포이동적합': '14.0%', '비용절감': '18.3%', '폐기회피이익': '13.7%', '실행가능성': '12.8%', '이력보정': '3.3%'}",True,True,False,True,False,True,53.5,32.7,56.5,52.0,72.0,84.1,52.9,55.6,0.0,81.6,최적,할인 판매,🏷️,89,HIGH,신뢰도 높음 ●,#2e7d32,,,81.6,최적,할인 판매,4,2,False,False,,50.0,24819.0,0.0,24819.0,25.91,0.0,25.91,52.0,0.0,366.0,26.0,할인,재고 이동,54.664,다름,54.664,52.984,26.062,15.436
커피031,상암점,노원2점,26.0,프로모션 추천,24143.0,프로모션 순비용이 재배치 비용보다 낮습니다.,9.69198642652049,10.344827586206897,12,8,40.0,후순위,24143.0,26.0,464,False,Greedy 선택 후보보다 우선순위가 낮음,4.38,3172,334,3,음료,316,131.0,31.0,415532.0,A,0.44954488468191184,1,100.0,76.5,4.71,SLOW,57.5,True,61.2,HIGH,유통기한 임박 | 소진일수 76일 초과,3.8,16.9,0.0,SAFE,"재고 여유 — 현재고(334), 재주문점(17)",0.0,167.3,38.2,95540.0,97.4,OVER,과잉 발주 위험 — 현재(330개) > EOQ(167개). 발주 주기 38일 권장,97.4,30.9,4.41,6.22,2.61,STABLE,75.7,0.0,WMA,0.0,40.9,10.0,8.4,10.0,7.5,5.0,FAIR,보통 매칭 · 폐기위험 높음 · 핵심(A)상품,1.011,50.3,STABLE,14.8,LOW,69.6,MEDIUM,26.9,76.4,88.0,0.3,30.0,74823.0,100.0,0.385,0.385,88.5,False,13.5,218,33.4,290,100.0,0.999,4.9,51.1,50.0,DISPOSE,30.0,1,100.0,68.0,29.3,disposal_risk,52.0,모니터링,307,HEURISTIC 29% | ABC 14% | TURNOVER 14% | DISPOSAL_RISK 14% | SAFETY_STOCK 8% | EOQ 7% | DEMAND_FORECAST 7% | MATCH 5%,"['⏰ 유통기한 임박 (91%)', '❄️ 냉장·냉동 과잉 (80%)', '💸 배송비 상승 (100%)', '⚡ 복합 스트레스 (60%)']","{'재고위험': '24.9%', '판매가능성': '13.1%', '점포이동적합': '14.0%', '비용절감': '18.3%', '폐기회피이익': '13.7%', '실행가능성': '12.8%', '이력보정': '3.3%'}",True,True,False,True,False,True,61.3,32.8,55.2,51.6,72.0,84.1,52.4,57.3,0.0,93.0,최적,할인 판매,🏷️,28,HIGH,신뢰도 높음 ●,#2e7d32,,,93.0,최적,할인 판매,1,2,False,False,,50.0,33981.0,0.0,33981.0,36.09,0.0,36.09,72.0,0.0,334.0,26.0,할인,할인,53.838,일치,46.324,53.838,25.604,17.656
아이스라떼060,동대문2점,합정2점,36.0,재배치 추천,25917.0,프로모션 순비용이 재배치 비용보다 높습니다.,7.376664056382146,14.655172413793101,18,0,40.0,후순위,25917.0,36.0,465,False,Greedy 선택 후보보다 우선순위가 낮음,0.66,3510,394,1,유제품,394,20.0,5.0,70200.0,A,0.19496939414720207,1,100.0,591.0,0.61,DEAD,0.0,True,76.0,HIGH,유통기한 임박 | 소진일수 591일 초과 | 신선/냉장 고위험 카테고리,0.6,2.6,0.0,SAFE,"재고 여유 — 현재고(394), 재주문점(3)",0.0,44.3,67.1,54401.0,100.0,OVER,과잉 발주 위험 — 현재(393개) > EOQ(44개). 발주 주기 67일 권장,100.0,4.8,0.69,0.96,0.41,STABLE,574.6,0.0,WMA,0.0,40.9,10.0,8.4,10.0,7.5,5.0,FAIR,보통 매칭 · 폐기위험 높음 · 핵심(A)상품,1.082,52.1,STABLE,35.0,LOW,76.6,HIGH,31.7,60.8,84.8,0.3,30.0,125715.0,100.0,0.385,0.385,88.5,True,15.8,92,44.3,30,100.0,0.999,4.9,49.3,50.0,DISPOSE,30.0,2,99.8,68.0,19.9,disposal_risk,46.5,모니터링,425,HEURISTIC 29% | ABC 14% | TURNOVER 14% | DISPOSAL_RISK 14% | SAFETY_STOCK 8% | EOQ 7% | DEMAND_FORECAST 7% | MATCH 5%,"['⏰ 유통기한 임박 (91%)', '❄️ 냉장·냉동 과잉 (80%)', '💸 배송비 상승 (100%)', '⚡ 복합 스트레스 (60%)']","{'재고위험': '24.9%', '판매가능성': '13.1%', '점포이동적합': '14.0%', '비용절감': '18.3%', '폐기회피이익': '13.7%', '실행가능성': '12.8%', '이력보정': '3.3%'}",True,True,False,True,False,True,52.7,33.3,57.2,52.0,72.0,76.8,53.6,54.7,0.0,69.7,권장,할인 판매,🏷️,153,HIGH,신뢰도 높음 ●,#2e7d32,,,69.7,권장,할인 판매,2,0,False,False,,50.0,25917.0,0.0,25917.0,27.13,0.0,27.13,54.0,0.0,394.0,36.0,재고 이동,할인,57.647,다름,57.48,57.647,27.975,15.097
탄산음료050,청량리점,압구정점,43.0,프로모션 추천,29853.0,프로모션 순비용이 재배치 비용보다 낮습니다.,2.2396241190289743,17.67241379310345,12,8,39.9,후순위,29853.0,43.0,466,False,Greedy 선택 후보보다 우선순위가 낮음,3.1,2391,366,3,음료,353,93.0,22.0,222363.0,B,0.8656502532053011,2,60.0,118.1,3.05,DEAD,34.4,True,68.0,HIGH,유통기한 임박 | 소진일수 118일 초과,2.7,12.0,0.0,SAFE,"재고 여유 — 현재고(366), 재주문점(12)",0.0,162.1,52.3,69784.0,100.0,OVER,과잉 발주 위험 — 현재(363개) > EOQ(162개). 발주 주기 52일 권장,100.0,21.9,3.13,4.41,1.85,STABLE,117.0,0.0,WMA,0.0,36.9,10.0,8.4,6.0,7.5,5.0,POOR,낮은 매칭 · 폐기위험 높음,1.014,50.3,STABLE,23.0,LOW,69.6,MEDIUM,29.8,53.2,90.7,0.3,30.0,93523.0,100.0,0.385,0.385,88.5,False,14.3,152,37.3,225,100.0,0.999,4.9,52.6,50.0,DISPOSE,30.0,2,99.8,68.0,47.2,disposal_risk,41.7,모니터링,471,HEURISTIC 29% | ABC 14% | TURNOVER 14% | DISPOSAL_RISK 14% | SAFETY_STOCK 8% | EOQ 7% | DEMAND_FORECAST 7% | MATCH 5%,"['⏰ 유통기한 임박 (91%)', '❄️ 냉장·냉동 과잉 (80%)', '💸 배송비 상승 (100%)', '⚡ 복합 스트레스 (60%)']","{'재고위험': '24.9%', '판매가능성': '13.1%', '점포이동적합': '14.0%', '비용절감': '18.3%', '폐기회피이익': '13.7%', '실행가능성': '12.8%', '이력보정': '3.3%'}",True,True,False,True,False,True,52.2,32.8,54.3,51.9,72.0,78.2,52.8,54.3,0.0,62.2,검토,할인 판매,🏷️,193,HIGH,신뢰도 높음 ●,#2e7d32,,,62.2,검토,할인 판매,2,0,False,False,,50.0,30516.0,0.0,30516.0,32.24,0.0,32.24,64.0,0.0,366.0,43.0,할인,할인,57.057,일치,50.745,57.057,27.623,15.765
샐러드025,종로2점,역삼2점,28.0,재배치 추천,23415.0,프로모션 순비용이 재배치 비용보다 높습니다.,10.642129992169147,11.206896551724139,18,0,39.8,후순위,23415.0,28.0,467,False,Greedy 선택 후보보다 우선순위가 낮음,3.06,3194,370,2,신선식품,362,92.0,21.0,293848.0,A,0.0749061101457343,1,100.0,120.7,2.98,DEAD,32.9,True,78.0,HIGH,유통기한 임박 | 소진일수 121일 초과 | 신선/냉장 고위험 카테고리,2.6,11.8,0.0,SAFE,"재고 여유 — 현재고(370), 재주문점(12)",0.0,100.0,32.7,111740.0,100.0,OVER,과잉 발주 위험 — 현재(367개) > EOQ(100개). 발주 주기 33일 권장,100.0,21.2,3.03,4.29,1.77,STABLE,122.2,0.0,WMA,0.0,40.9,10.0,8.4,10.0,7.5,5.0,FAIR,보통 매칭 · 폐기위험 높음 · 핵심(A)상품,0.98,49.5,STABLE,24.0,LOW,73.1,HIGH,25.7,36.3,72.3,0.3,30.0,83903.0,100.0,0.385,0.385,88.5,True,16.1,83,42.4,82,100.0,0.999,4.9,40.5,50.0,DISPOSE,30.0,2,99.8,68.0,25.7,disposal_risk,52.3,모니터링,294,HEURISTIC 29% | ABC 14% | TURNOVER 14% | DISPOSAL_RISK 14% | SAFETY_STOCK 8% | EOQ 7% | DEMAND_FORECAST 7% | MATCH 5%,"['⏰ 유통기한 임박 (91%)', '❄️ 냉장·냉동 과잉 (80%)', '💸 배송비 상승 (100%)', '⚡ 복합 스트레스 (60%)']","{'재고위험': '24.9%', '판매가능성': '13.1%', '점포이동적합': '14.0%', '비용절감': '18.3%', '폐기회피이익': '13.7%', '실행가능성': '12.8%', '이력보정': '3.3%'}",True,True,False,True,False,True,62.4,32.6,55.9,51.9,72.0,60.3,53.8,54.7,0.0,69.3,권장,할인 판매,🏷️,155,HIGH,신뢰도 높음 ●,#2e7d32,,,69.3,권장,할인 판매,7,2,False,False,,50.0,23415.0,0.0,23415.0,24.35,0.0,24.35,49.0,0.0,370.0,28.0,재고 이동,재고 이동,58.566,일치,58.566,53.431,26.664,15.971
요거트080,청량리점,잠실점,31.0,재배치 추천,24612.0,프로모션 순비용이 재배치 비용보다 높습니다.,9.079874706342991,12.5,18,0,39.6,후순위,24612.0,31.0,468,False,Greedy 선택 후보보다 우선순위가 낮음,2.25,3136,337,1,유제품,334,68.0,16.0,213248.0,A,0.5268566680372615,1,100.0,148.7,2.42,DEAD,17.4,True,76.0,HIGH,유통기한 임박 | 소진일수 149일 초과 | 신선/냉장 고위험 카테고리,1.9,8.6,0.0,SAFE,"재고 여유 — 현재고(337), 재주문점(9)",0.0,86.5,38.4,94942.0,100.0,OVER,과잉 발주 위험 — 현재(335개) > EOQ(86개). 발주 주기 38일 권장,100.0,15.9,2.27,3.2,1.34,STABLE,148.4,0.0,WMA,0.0,40.9,10.0,8.4,10.0,7.5,5.0,FAIR,보통 매칭 · 폐기위험 높음 · 핵심(A)상품,1.016,50.4,STABLE,29.1,LOW,76.6,HIGH,36.3,64.5,78.4,0.3,30.0,92047.0,100.0,0.385,0.385,88.5,True,15.8,92,42.8,65,100.0,0.999,4.9,45.1,50.0,DISPOSE,30.0,2,99.8,67.9,24.3,disposal_risk,49.0,모니터링,363,HEURISTIC 29% | ABC 14% | TURNOVER 14% | DISPOSAL_RISK 14% | SAFETY_STOCK 8% | EOQ 7% | DEMAND_FORECAST 7% | MATCH 5%,"['⏰ 유통기한 임박 (91%)', '❄️ 냉장·냉동 과잉 (80%)', '💸 배송비 상승 (100%)', '⚡ 복합 스트레스 (60%)']","{'재고위험': '24.9%', '판매가능성': '13.1%', '점포이동적합': '14.0%', '비용절감': '18.3%', '폐기회피이익': '13.7%', '실행가능성': '12.8%', '이력보정': '3.3%'}",True,True,False,True,False,True,57.3,32.8,56.5,51.8,72.0,73.8,53.6,55.2,0.0,76.2,권장,할인 판매,🏷️,118,HIGH,신뢰도 높음 ●,#2e7d32,,,76.2,권장,할인 판매,2,2,True,False,,50.0,24612.0,0.0,24612.0,25.68,0.0,25.68,51.0,0.0,337.0,31.0,재고 이동,재고 이동,56.154,일치,56.154,53.955,26.647,15.597
요거트080,왕십리점,문래2점,27.0,프로모션 추천,24780.0,프로모션 순비용이 재배치 비용보다 낮습니다.,8.860610806577917,10.775862068965516,12,8,39.6,후순위,24780.0,27.0,469,False,Greedy 선택 후보보다 우선순위가 낮음,5.18,3136,293,1,유제품,286,155.0,36.0,486080.0,A,0.5268566680372615,1,100.0,56.7,6.35,NORMAL,68.5,False,59.4,MEDIUM,유통기한 임박 | 신선/냉장 고위험 카테고리,4.4,19.9,0.0,SAFE,"재고 여유 — 현재고(293), 재주문점(20)",0.0,131.2,25.3,144057.0,100.0,OVER,과잉 발주 위험 — 현재(289개) > EOQ(131개). 발주 주기 25일 권장,100.0,36.1,5.16,7.29,3.02,STABLE,56.8,0.4,WMA,0.4,36.1,10.0,3.62,10.0,7.5,5.0,POOR,낮은 매칭 · 핵심(A)상품,0.993,49.8,STABLE,11.2,LOW,76.6,HIGH,28.3,51.7,85.1,0.3,30.0,76826.0,100.0,0.385,0.385,88.5,True,14.0,169,30.8,324,100.0,0.999,4.9,49.4,50.0,DISPOSE,30.0,1,100.0,67.9,27.5,disposal_risk,52.3,모니터링,298,HEURISTIC 29% | ABC 14% | TURNOVER 14% | DISPOSAL_RISK 14% | SAFETY_STOCK 8% | EOQ 7% | DEMAND_FORECAST 7% | MATCH 5%,"['⏰ 유통기한 임박 (91%)', '❄️ 냉장·냉동 과잉 (80%)', '💸 배송비 상승 (100%)', '⚡ 복합 스트레스 (60%)']","{'재고위험': '24.9%', '판매가능성': '13.1%', '점포이동적합': '14.0%', '비용절감': '18.3%', '폐기회피이익': '13.7%', '실행가능성': '12.8%', '이력보정': '3.3%'}",True,True,False,True,False,True,63.4,32.8,52.3,51.8,72.0,74.0,52.7,56.2,0.0,86.6,최적,보류,⏸️,62,HIGH,신뢰도 높음 ●,#2e7d32,,,86.6,최적,보류,0,4,False,False,,50.0,30399.0,0.0,30399.0,32.11,0.0,32.11,64.0,0.0,293.0,27.0,할인,할인,49.164,일치,48.444,49.164,24.502,17.677
요거트080,청량리점,문래2점,27.0,프로모션 추천,24780.0,프로모션 순비용이 재배치 비용보다 낮습니다.,8.860610806577917,10.775862068965516,12,8,39.6,후순위,24780.0,27.0,470,False,Greedy 선택 후보보다 우선순위가 낮음,2.25,3136,337,1,유제품,334,68.0,16.0,213248.0,A,0.5268566680372615,1,100.0,148.7,2.42,DEAD,17.4,True,76.0,HIGH,유통기한 임박 | 소진일수 149일 초과 | 신선/냉장 고위험 카테고리,1.9,8.6,0.0,SAFE,"재고 여유 — 현재고(337), 재주문점(9)",0.0,86.5,38.4,94942.0,100.0,OVER,과잉 발주 위험 — 현재(335개) > EOQ(86개). 발주 주기 38일 권장,100.0,15.9,2.27,3.2,1.34,STABLE,148.4,0.0,WMA,0.0,40.9,10.0,8.4,10.0,7.5,5.0,FAIR,보통 매칭 · 폐기위험 높음 · 핵심(A)상품,1.016,50.4,STABLE,29.1,LOW,76.6,HIGH,28.3,51.7,85.1,0.3,30.0,76826.0,100.0,0.385,0.385,88.5,True,15.8,92,42.8,65,100.0,0.999,4.9,49.4,50.0,DISPOSE,30.0,2,99.8,67.9,24.3,disposal_risk,49.0,모니터링,361,HEURISTIC 29% | ABC 14% | TURNOVER 14% | DISPOSAL_RISK 14% | SAFETY_STOCK 8% | EOQ 7% | DEMAND_FORECAST 7% | MATCH 5%,"['⏰ 유통기한 임박 (91%)', '❄️ 냉장·냉동 과잉 (80%)', '💸 배송비 상승 (100%)', '⚡ 복합 스트레스 (60%)']","{'재고위험': '24.9%', '판매가능성': '13.1%', '점포이동적합': '14.0%', '비용절감': '18.3%', '폐기회피이익': '13.7%', '실행가능성': '12.8%', '이력보정': '3.3%'}",True,True,False,True,False,True,57.3,32.8,56.9,51.8,72.0,74.0,53.6,55.3,0.0,77.5,권장,할인 판매,🏷️,111,HIGH,신뢰도 높음 ●,#2e7d32,,,77.5,권장,할인 판매,2,4,False,False,,50.0,38310.0,0.0,38310.0,40.9,0.0,40.9,82.0,0.0,337.0,27.0,할인,할인,61.935,일치,42.772,61.935,27.799,17.021
탄산음료116,마포점,잠원2점,34.0,재배치 추천,25566.0,프로모션 순비용이 재배치 비용보다 높습니다.,7.8347689898198905,13.793103448275861,18,0,39.6,후순위,25566.0,34.0,471,False,Greedy 선택 후보보다 우선순위가 낮음,3.08,2699,339,2,음료,331,92.0,22.0,248308.0,A,0.41626294718817425,1,100.0,110.5,3.26,DEAD,38.6,True,68.0,HIGH,유통기한 임박 | 소진일수 110일 초과,2.6,11.8,0.0,SAFE,"재고 여유 — 현재고(339), 재주문점(12)",0.0,152.1,49.4,73903.0,100.0,OVER,과잉 발주 위험 — 현재(336개) > EOQ(152개). 발주 주기 49일 권장,100.0,21.8,3.11,4.38,1.84,STABLE,108.9,0.0,WMA,0.0,40.9,10.0,8.4,10.0,7.5,5.0,FAIR,보통 매칭 · 폐기위험 높음 · 핵심(A)상품,1.02,50.5,STABLE,21.4,LOW,73.1,HIGH,36.7,61.1,64.3,0.3,30.0,84553.0,100.0,0.385,0.385,88.5,False,14.6,131,37.7,218,100.0,0.999,4.9,33.1,50.0,DISPOSE,30.0,2,99.8,67.9,28.9,disposal_risk,50.5,모니터링,335,HEURISTIC 29% | ABC 14% | TURNOVER 14% | DISPOSAL_RISK 14% | SAFETY_STOCK 8% | EOQ 7% | DEMAND_FORECAST 7% | MATCH 5%,"['⏰ 유통기한 임박 (91%)', '❄️ 냉장·냉동 과잉 (80%)', '💸 배송비 상승 (100%)', '⚡ 복합 스트레스 (60%)']","{'재고위험': '24.9%', '판매가능성': '13.1%', '점포이동적합': '14.0%', '비용절감': '18.3%', '폐기회피이익': '13.7%', '실행가능성': '12.8%', '이력보정': '3.3%'}",True,True,False,True,False,True,59.3,32.8,54.3,51.8,72.0,63.2,52.9,54.1,0.0,60.5,검토,할인 판매,🏷️,202,HIGH,신뢰도 높음 ●,#2e7d32,,,60.5,검토,할인 판매,4,2,False,False,,50.0,25566.0,0.0,25566.0,26.74,0.0,26.74,53.0,0.0,339.0,34.0,재고 이동,재고 이동,56.147,일치,56.147,51.604,26.015,16.196
마카롱053,사당점,잠원2점,26.0,재배치 추천,23199.0,프로모션 순비용이 재배치 비용보다 높습니다.,10.924040720438528,10.344827586206897,18,0,39.3,후순위,23199.0,26.0,472,False,Greedy 선택 후보보다 우선순위가 낮음,3.98,3122,339,2,디저트,328,119.0,28.0,371518.0,A,0.2370369123281216,1,100.0,85.5,4.21,SLOW,52.5,True,65.7,HIGH,유통기한 임박 | 소진일수 86일 초과,3.4,15.3,0.0,SAFE,"재고 여유 — 현재고(339), 재주문점(15)",0.0,136.4,34.3,106482.0,100.0,OVER,과잉 발주 위험 — 현재(336개) > EOQ(136개). 발주 주기 34일 권장,100.0,27.9,3.99,5.63,2.34,STABLE,85.1,0.0,WMA,0.0,40.9,10.0,8.4,10.0,7.5,5.0,FAIR,보통 매칭 · 폐기위험 높음 · 핵심(A)상품,1.005,50.1,STABLE,16.6,LOW,73.1,HIGH,33.4,61.1,64.3,0.3,30.0,74207.0,100.0,0.385,0.385,88.5,False,14.3,152,35.6,256,100.0,0.999,4.9,33.1,50.0,DISPOSE,30.0,2,99.8,67.9,29.0,disposal_risk,51.9,모니터링,308,HEURISTIC 29% | ABC 14% | TURNOVER 14% | DISPOSAL_RISK 14% | SAFETY_STOCK 8% | EOQ 7% | DEMAND_FORECAST 7% | MATCH 5%,"['⏰ 유통기한 임박 (91%)', '❄️ 냉장·냉동 과잉 (80%)', '💸 배송비 상승 (100%)', '⚡ 복합 스트레스 (60%)']","{'재고위험': '24.9%', '판매가능성': '13.1%', '점포이동적합': '14.0%', '비용절감': '18.3%', '폐기회피이익': '13.7%', '실행가능성': '12.8%', '이력보정': '3.3%'}",True,True,False,True,False,True,62.0,32.7,53.8,51.6,72.0,63.2,52.8,54.6,0.0,68.2,권장,할인 판매,🏷️,161,HIGH,신뢰도 높음 ●,#2e7d32,,,68.2,권장,할인 판매,3,2,False,False,,50.0,23199.0,0.0,23199.0,24.11,0.0,24.11,48.0,0.0,339.0,26.0,재고 이동,재고 이동,56.766,일치,56.766,48.546,24.903,16.301
마카롱054,청량리점,여의도2점,30.0,재배치 추천,24486.0,프로모션 순비용이 재배치 비용보다 높습니다.,9.244322631166797,12.068965517241379,18,0,39.3,후순위,24486.0,30.0,473,False,Greedy 선택 후보보다 우선순위가 낮음,0.74,3010,380,24,디저트,356,22.0,5.0,66220.0,C,0.9758865194200881,3,20.0,518.2,0.69,DEAD,0.0,True,34.5,LOW,소진일수 518일 초과,0.6,2.8,0.0,SAFE,"재고 여유 — 현재고(380), 재주문점(3)",0.0,59.9,80.9,45083.0,100.0,OVER,과잉 발주 위험 — 현재(379개) > EOQ(60개). 발주 주기 81일 권장,100.0,5.1,0.73,1.03,0.42,STABLE,521.6,0.0,WMA,0.0,25.5,10.0,0.0,3.0,7.5,5.0,POOR,낮은 매칭,0.965,49.1,STABLE,35.9,LOW,43.3,MEDIUM,30.8,61.0,77.8,0.3,30.0,83874.0,100.0,0.385,0.385,88.5,False,10.0,430,24.8,458,100.0,0.999,4.9,44.7,50.0,DISPOSE,30.0,2,99.8,67.9,65.8,disposal_risk,16.6,후순위,500,HEURISTIC 29% | ABC 14% | TURNOVER 14% | DISPOSAL_RISK 14% | SAFETY_STOCK 8% | EOQ 7% | DEMAND_FORECAST 7% | MATCH 5%,"['⏰ 유통기한 임박 (91%)', '❄️ 냉장·냉동 과잉 (80%)', '💸 배송비 상승 (100%)', '⚡ 복합 스트레스 (60%)']","{'재고위험': '24.9%', '판매가능성': '13.1%', '점포이동적합': '14.0%', '비용절감': '18.3%', '폐기회피이익': '13.7%', '실행가능성': '12.8%', '이력보정': '3.3%'}",True,True,False,True,False,True,22.1,32.4,45.9,51.6,72.0,72.2,50.4,44.7,0.0,7.8,검토,보류,⏸️,485,HIGH,신뢰도 높음 ●,#2e7d32,,,7.8,검토,보류,2,0,False,False,,50.0,24486.0,0.0,24486.0,25.54,0.0,25.54,51.0,0.0,380.0,30.0,재고 이동,할인,53.053,다름,45.888,53.053,25.03,12.275
차음료040,동대문2점,압구정점,28.0,프로모션 추천,25344.0,프로모션 순비용이 재배치 비용보다 낮습니다.,8.12451057165231,11.206896551724139,12,8,39.3,후순위,25344.0,28.0,474,False,Greedy 선택 후보보다 우선순위가 낮음,8.09,3094,292,1,음료,281,243.0,57.0,751842.0,A,0.10164415208715274,1,100.0,36.0,9.99,NORMAL,80.0,False,41.0,MEDIUM,유통기한 임박,6.9,31.2,0.0,SAFE,"재고 여유 — 현재고(292), 재주문점(31)",0.0,230.3,28.5,128238.0,23.8,OPTIMAL,"적정 발주 — EOQ(230개), 권장 발주 주기 28일",23.8,56.9,8.13,11.47,4.79,STABLE,35.9,3.2,WMA,3.2,36.3,10.0,3.76,10.0,7.5,5.0,POOR,낮은 매칭 · 핵심(A)상품,1.007,50.2,STABLE,7.0,LOW,76.6,HIGH,29.8,53.2,90.7,0.3,30.0,78614.0,100.0,0.385,0.385,88.5,False,35.5,24,22.7,489,100.0,0.999,4.9,52.6,50.0,DISPOSE,30.0,1,100.0,67.9,26.5,turnover,46.0,모니터링,433,HEURISTIC 29% | ABC 14% | TURNOVER 14% | DISPOSAL_RISK 14% | SAFETY_STOCK 8% | EOQ 7% | DEMAND_FORECAST 7% | MATCH 5%,"['⏰ 유통기한 임박 (91%)', '❄️ 냉장·냉동 과잉 (80%)', '💸 배송비 상승 (100%)', '⚡ 복합 스트레스 (60%)']","{'재고위험': '24.9%', '판매가능성': '13.1%', '점포이동적합': '14.0%', '비용절감': '18.3%', '폐기회피이익': '13.7%', '실행가능성': '12.8%', '이력보정': '3.3%'}",True,True,False,True,False,True,58.2,34.4,51.1,40.2,72.0,78.2,64.5,53.3,0.0,53.6,검토,보류,⏸️,239,HIGH,신뢰도 높음 ●,#2e7d32,,,53.6,검토,보류,2,0,False,False,,50.0,27456.0,0.0,27456.0,28.84,0.0,28.84,58.0,0.0,292.0,28.0,할인,재고 이동,46.206,다름,46.206,43.061,21.39,17.796
치즈049,명동2점,잠원2점,23.0,프로모션 추천,23820.0,프로모션 순비용이 재배치 비용보다 낮습니다.,10.113547376664055,9.051724137931034,12,8,39.2,후순위,23820.0,23.0,475,False,Greedy 선택 후보보다 우선순위가 낮음,1.38,3529,324,2,유제품,321,41.0,10.0,144689.0,A,0.21640219702090946,1,100.0,237.1,1.52,DEAD,0.0,True,76.0,HIGH,유통기한 임박 | 소진일수 237일 초과 | 신선/냉장 고위험 카테고리,1.2,5.3,0.0,SAFE,"재고 여유 — 현재고(324), 재주문점(5)",0.0,63.9,46.3,78876.0,100.0,OVER,과잉 발주 위험 — 현재(323개) > EOQ(64개). 발주 주기 46일 권장,100.0,9.9,1.41,1.98,0.85,STABLE,229.1,0.0,WMA,0.0,40.9,10.0,8.4,10.0,7.5,5.0,FAIR,보통 매칭 · 폐기위험 높음 · 핵심(A)상품,1.035,50.9,STABLE,35.0,LOW,73.1,HIGH,28.0,61.1,64.3,0.3,30.0,73580.0,100.0,0.385,0.385,88.5,True,15.9,89,44.3,30,100.0,0.999,4.9,33.1,50.0,DISPOSE,30.0,2,99.8,67.8,19.9,disposal_risk,45.8,모니터링,437,HEURISTIC 29% | ABC 14% | TURNOVER 14% | DISPOSAL_RISK 14% | SAFETY_STOCK 8% | EOQ 7% | DEMAND_FORECAST 7% | MATCH 5%,"['⏰ 유통기한 임박 (91%)', '❄️ 냉장·냉동 과잉 (80%)', '💸 배송비 상승 (100%)', '⚡ 복합 스트레스 (60%)']","{'재고위험': '24.9%', '판매가능성': '13.1%', '점포이동적합': '14.0%', '비용절감': '18.3%', '폐기회피이익': '13.7%', '실행가능성': '12.8%', '이력보정': '3.3%'}",True,True,False,True,False,True,52.7,33.0,55.6,51.6,72.0,63.2,53.7,52.6,0.0,47.5,검토,할인 판매,🏷️,272,HIGH,신뢰도 높음 ●,#2e7d32,,,47.5,검토,할인 판매,3,2,False,False,,50.0,24576.0,0.0,24576.0,25.64,0.0,25.64,51.0,0.0,324.0,23.0,할인,할인,53.858,일치,52.537,53.858,26.117,15.115
치즈049,문래2점,잠원2점,23.0,프로모션 추천,23820.0,프로모션 순비용이 재배치 비용보다 낮습니다.,10.113547376664055,9.051724137931034,12,8,39.2,후순위,23820.0,23.0,476,False,Greedy 선택 후보보다 우선순위가 낮음,1.4,3529,343,1,유제품,342,42.0,10.0,148218.0,A,0.21640219702090946,1,100.0,245.0,1.47,DEAD,0.0,True,76.0,HIGH,유통기한 임박 | 소진일수 245일 초과 | 신선/냉장 고위험 카테고리,1.2,5.4,0.0,SAFE,"재고 여유 — 현재고(343), 재주문점(5)",0.0,64.3,45.9,79446.0,100.0,OVER,과잉 발주 위험 — 현재(342개) > EOQ(64개). 발주 주기 46일 권장,100.0,9.9,1.41,1.99,0.84,STABLE,242.5,0.0,WMA,0.0,40.9,10.0,8.4,10.0,7.5,5.0,FAIR,보통 매칭 · 폐기위험 높음 · 핵심(A)상품,1.02,50.5,STABLE,35.0,LOW,76.6,HIGH,28.0,61.1,64.3,0.3,30.0,73580.0,100.0,0.385,0.385,88.5,True,15.9,89,44.3,30,100.0,0.999,4.9,33.1,50.0,DISPOSE,30.0,2,99.8,67.8,19.9,disposal_risk,45.8,모니터링,436,HEURISTIC 29% | ABC 14% | TURNOVER 14% | DISPOSAL_RISK 14% | SAFETY_STOCK 8% | EOQ 7% | DEMAND_FORECAST 7% | MATCH 5%,"['⏰ 유통기한 임박 (91%)', '❄️ 냉장·냉동 과잉 (80%)', '💸 배송비 상승 (100%)', '⚡ 복합 스트레스 (60%)']","{'재고위험': '24.9%', '판매가능성': '13.1%', '점포이동적합': '14.0%', '비용절감': '18.3%', '폐기회피이익': '13.7%', '실행가능성': '12.8%', '이력보정': '3.3%'}",True,True,False,True,False,True,52.7,32.8,55.6,51.6,72.0,63.2,53.7,52.6,0.0,47.1,검토,할인 판매,🏷️,274,HIGH,신뢰도 높음 ●,#2e7d32,,,47.1,검토,할인 판매,4,2,False,False,,50.0,28581.0,0.0,28581.0,30.09,0.0,30.09,60.0,0.0,343.0,23.0,할인,할인,56.892,일치,49.084,56.892,26.817,15.693
라면046,성수점,청량리점,32.0,재배치 추천,25215.0,프로모션 순비용이 재배치 비용보다 높습니다.,8.292873923257636,12.931034482758621,18,0,39.2,후순위,25215.0,32.0,477,False,Greedy 선택 후보보다 우선순위가 낮음,7.75,3060,399,3,간편식,367,232.0,54.0,709920.0,A,0.15168851304585387,1,100.0,51.6,6.98,NORMAL,71.3,False,53.8,MEDIUM,유통기한 임박,6.6,29.8,0.0,SAFE,"재고 여유 — 현재고(399), 재주문점(30)",0.0,205.0,26.5,137997.0,91.4,OVER,과잉 발주 위험 — 현재(392개) > EOQ(205개). 발주 주기 26일 권장,91.4,54.1,7.73,10.93,4.53,STABLE,51.6,1.1,WMA,1.1,36.2,10.0,3.66,10.0,7.5,5.0,POOR,낮은 매칭 · 핵심(A)상품,0.995,49.9,STABLE,10.1,LOW,69.6,MEDIUM,29.2,73.8,68.5,0.3,30.0,92289.0,100.0,0.385,0.385,88.5,False,17.3,79,28.4,386,100.0,0.999,4.9,37.2,50.0,DISPOSE,30.0,1,100.0,67.8,27.7,disposal_risk,50.9,모니터링,330,HEURISTIC 29% | ABC 14% | TURNOVER 14% | DISPOSAL_RISK 14% | SAFETY_STOCK 8% | EOQ 7% | DEMAND_FORECAST 7% | MATCH 5%,"['⏰ 유통기한 임박 (91%)', '❄️ 냉장·냉동 과잉 (80%)', '💸 배송비 상승 (100%)', '⚡ 복합 스트레스 (60%)']","{'재고위험': '24.9%', '판매가능성': '13.1%', '점포이동적합': '14.0%', '비용절감': '18.3%', '폐기회피이익': '13.7%', '실행가능성': '12.8%', '이력보정': '3.3%'}",True,True,False,True,False,True,61.6,33.2,50.7,50.3,72.0,70.3,54.5,54.8,0.0,71.2,권장,보류,⏸️,145,HIGH,신뢰도 높음 ●,#2e7d32,,,71.2,권장,보류,4,2,False,False,,50.0,25215.0,0.0,25215.0,26.35,0.0,26.35,53.0,0.0,399.0,32.0,재고 이동,재고 이동,57.349,일치,57.349,47.658,24.739,16.852
핫바033,동대문점,잠원점,25.0,재배치 추천,23037.0,프로모션 순비용이 재배치 비용보다 높습니다.,11.135473766640565,9.913793103448276,18,0,39.0,후순위,23037.0,25.0,478,False,Greedy 선택 후보보다 우선순위가 낮음,5.57,3149,399,0,간편식,392,167.0,39.0,525883.0,A,0.5412696626654718,1,100.0,71.7,5.02,SLOW,60.2,True,65.8,HIGH,유통기한 임박 | 소진일수 72일 초과,4.8,21.5,0.0,SAFE,"재고 여유 — 현재고(399), 재주문점(22)",0.0,171.3,30.8,118678.0,100.0,OVER,과잉 발주 위험 — 현재(394개) > EOQ(171개). 발주 주기 31일 권장,100.0,39.0,5.57,7.87,3.27,STABLE,71.6,0.0,WMA,0.0,40.9,10.0,8.4,10.0,7.5,5.0,FAIR,보통 매칭 · 폐기위험 높음 · 핵심(A)상품,1.0,50.0,STABLE,13.9,LOW,78.3,HIGH,28.4,34.9,77.2,0.3,30.0,71433.0,100.0,0.385,0.385,88.5,False,14.4,144,34.9,274,100.0,0.999,4.9,44.3,50.0,DISPOSE,30.0,2,99.8,67.8,28.0,disposal_risk,52.9,모니터링,282,HEURISTIC 29% | ABC 14% | TURNOVER 14% | DISPOSAL_RISK 14% | SAFETY_STOCK 8% | EOQ 7% | DEMAND_FORECAST 7% | MATCH 5%,"['⏰ 유통기한 임박 (91%)', '❄️ 냉장·냉동 과잉 (80%)', '💸 배송비 상승 (100%)', '⚡ 복합 스트레스 (60%)']","{'재고위험': '24.9%', '판매가능성': '13.1%', '점포이동적합': '14.0%', '비용절감': '18.3%', '폐기회피이익': '13.7%', '실행가능성': '12.8%', '이력보정': '3.3%'}",True,True,False,True,False,True,64.1,32.7,54.8,51.4,72.0,63.1,52.8,55.2,0.0,76.0,권장,할인 판매,🏷️,119,HIGH,신뢰도 높음 ●,#2e7d32,,,76.0,권장,할인 판매,3,2,False,False,,50.0,23037.0,0.0,23037.0,23.93,0.0,23.93,48.0,0.0,399.0,25.0,재고 이동,재고 이동,58.931,일치,58.931,49.125,25.278,16.419
케이크017,동대문점,용산점,23.0,프로모션 추천,23917.0,프로모션 순비용이 재배치 비용보다 낮습니다.,9.986948577394937,9.051724137931034,12,8,39.0,후순위,23917.0,23.0,479,False,Greedy 선택 후보보다 우선순위가 낮음,2.9,3543,370,5,디저트,350,87.0,20.0,308241.0,A,0.12837842519948908,1,100.0,127.6,2.82,DEAD,29.1,True,60.0,HIGH,유통기한 임박 | 소진일수 128일 초과,2.5,11.2,0.0,SAFE,"재고 여유 — 현재고(370), 재주문점(11)",0.0,109.3,37.7,96828.0,100.0,OVER,과잉 발주 위험 — 현재(368개) > EOQ(109개). 발주 주기 38일 권장,100.0,20.1,2.87,4.07,1.68,STABLE,128.9,0.0,WMA,0.0,40.9,10.0,8.4,10.0,7.5,5.0,FAIR,보통 매칭 · 폐기위험 높음 · 핵심(A)상품,0.985,49.6,STABLE,25.2,LOW,62.6,MEDIUM,33.6,76.7,77.1,0.3,30.0,73870.0,100.0,0.385,0.385,88.5,False,13.5,218,35.4,264,100.0,0.999,4.9,44.2,50.0,DISPOSE,30.0,2,99.8,67.8,30.2,disposal_risk,46.3,모니터링,430,HEURISTIC 29% | ABC 14% | TURNOVER 14% | DISPOSAL_RISK 14% | SAFETY_STOCK 8% | EOQ 7% | DEMAND_FORECAST 7% | MATCH 5%,"['⏰ 유통기한 임박 (91%)', '❄️ 냉장·냉동 과잉 (80%)', '💸 배송비 상승 (100%)', '⚡ 복합 스트레스 (60%)']","{'재고위험': '24.9%', '판매가능성': '13.1%', '점포이동적합': '14.0%', '비용절감': '18.3%', '폐기회피이익': '13.7%', '실행가능성': '12.8%', '이력보정': '3.3%'}",True,True,False,True,False,True,53.3,32.6,54.9,51.4,72.0,77.0,52.3,54.3,0.0,63.1,검토,할인 판매,🏷️,188,HIGH,신뢰도 높음 ●,#2e7d32,,,63.1,검토,할인 판매,3,0,False,False,,50.0,33396.0,0.0,33396.0,35.44,0.0,35.44,71.0,0.0,370.0,23.0,할인,할인,55.512,일치,45.726,55.512,25.945,16.552
케이크017,상암점,용산점,23.0,프로모션 추천,23917.0,프로모션 순비용이 재배치 비용보다 낮습니다.,9.986948577394937,9.051724137931034,12,8,39.0,후순위,23917.0,23.0,480,False,Greedy 선택 후보보다 우선순위가 낮음,4.43,3543,356,0,디저트,350,133.0,31.0,471219.0,A,0.12837842519948908,1,100.0,80.3,4.48,SLOW,55.4,True,65.2,HIGH,유통기한 임박 | 소진일수 80일 초과,3.8,17.1,0.0,SAFE,"재고 여유 — 현재고(356), 재주문점(17)",0.0,135.1,30.5,119675.0,100.0,OVER,과잉 발주 위험 — 현재(352개) > EOQ(135개). 발주 주기 30일 권장,100.0,31.0,4.43,6.26,2.6,STABLE,80.4,0.0,WMA,0.0,40.9,10.0,8.4,10.0,7.5,5.0,FAIR,보통 매칭 · 폐기위험 높음 · 핵심(A)상품,1.0,50.0,STABLE,15.6,LOW,78.3,HIGH,33.6,76.7,77.1,0.3,30.0,73870.0,100.0,0.385,0.385,88.5,False,14.3,152,35.1,271,100.0,0.999,4.9,44.2,50.0,DISPOSE,30.0,2,99.8,67.8,28.8,disposal_risk,52.0,모니터링,304,HEURISTIC 29% | ABC 14% | TURNOVER 14% | DISPOSAL_RISK 14% | SAFETY_STOCK 8% | EOQ 7% | DEMAND_FORECAST 7% | MATCH 5%,"['⏰ 유통기한 임박 (91%)', '❄️ 냉장·냉동 과잉 (80%)', '💸 배송비 상승 (100%)', '⚡ 복합 스트레스 (60%)']","{'재고위험': '24.9%', '판매가능성': '13.1%', '점포이동적합': '14.0%', '비용절감': '18.3%', '폐기회피이익': '13.7%', '실행가능성': '12.8%', '이력보정': '3.3%'}",True,True,False,True,False,True,62.5,32.7,54.8,51.4,72.0,77.0,52.8,56.6,0.0,89.4,최적,할인 판매,🏷️,47,HIGH,신뢰도 높음 ●,#2e7d32,,,89.4,최적,할인 판매,1,0,False,False,,50.0,36816.0,0.0,36816.0,39.24,0.0,39.24,78.0,0.0,356.0,23.0,할인,할인,56.267,일치,44.179,56.267,26.122,17.791
탄산음료116,마포점,청량리점,36.0,프로모션 추천,28320.0,프로모션 순비용이 재배치 비용보다 낮습니다.,4.240407204385278,14.655172413793101,12,8,38.9,후순위,28320.0,36.0,481,False,Greedy 선택 후보보다 우선순위가 낮음,3.08,2699,339,2,음료,331,92.0,22.0,248308.0,A,0.41626294718817425,1,100.0,110.5,3.26,DEAD,38.6,True,68.0,HIGH,유통기한 임박 | 소진일수 110일 초과,2.6,11.8,0.0,SAFE,"재고 여유 — 현재고(339), 재주문점(12)",0.0,152.1,49.4,73903.0,100.0,OVER,과잉 발주 위험 — 현재(336개) > EOQ(152개). 발주 주기 49일 권장,100.0,21.8,3.11,4.38,1.84,STABLE,108.9,0.0,WMA,0.0,40.9,10.0,8.4,10.0,7.5,5.0,FAIR,보통 매칭 · 폐기위험 높음 · 핵심(A)상품,1.02,50.5,STABLE,21.4,LOW,73.1,HIGH,34.7,73.8,68.5,0.3,30.0,88277.0,100.0,0.385,0.385,88.5,False,14.7,125,37.7,218,100.0,0.999,4.9,37.2,50.0,DISPOSE,30.0,2,99.8,67.8,28.9,disposal_risk,49.9,모니터링,345,HEURISTIC 29% | ABC 14% | TURNOVER 14% | DISPOSAL_RISK 14% | SAFETY_STOCK 8% | EOQ 7% | DEMAND_FORECAST 7% | MATCH 5%,"['⏰ 유통기한 임박 (91%)', '❄️ 냉장·냉동 과잉 (80%)', '💸 배송비 상승 (100%)', '⚡ 복합 스트레스 (60%)']","{'재고위험': '24.9%', '판매가능성': '13.1%', '점포이동적합': '14.0%', '비용절감': '18.3%', '폐기회피이익': '13.7%', '실행가능성': '12.8%', '이력보정': '3.3%'}",True,True,False,True,False,True,59.3,32.8,54.7,51.4,72.0,70.3,53.0,55.0,0.0,72.1,권장,할인 판매,🏷️,140,HIGH,신뢰도 높음 ●,#2e7d32,,,72.1,권장,할인 판매,4,2,False,False,,50.0,34305.0,0.0,34305.0,36.45,0.0,36.45,73.0,0.0,339.0,36.0,할인,할인,55.765,일치,48.131,55.765,26.739,17.09
도시락007,역삼점,건대점,29.0,재배치 추천,24558.0,프로모션 순비용이 재배치 비용보다 높습니다.,9.150352388410337,11.637931034482758,18,0,38.8,후순위,24558.0,29.0,482,False,Greedy 선택 후보보다 우선순위가 낮음,4.05,3025,347,5,신선식품,319,122.0,28.0,369050.0,A,0.6072939149445852,1,100.0,85.3,4.22,SLOW,52.6,True,67.7,HIGH,유통기한 임박 | 소진일수 85일 초과 | 신선/냉장 고위험 카테고리,3.5,15.6,0.0,SAFE,"재고 여유 — 현재고(347), 재주문점(16)",0.0,118.2,29.2,125104.0,100.0,OVER,과잉 발주 위험 — 현재(344개) > EOQ(118개). 발주 주기 29일 권장,100.0,28.1,4.01,5.68,2.34,STABLE,86.4,0.0,WMA,0.0,40.9,10.0,8.4,10.0,7.5,5.0,FAIR,보통 매칭 · 폐기위험 높음 · 핵심(A)상품,0.988,49.7,STABLE,17.0,LOW,62.6,MEDIUM,25.5,46.6,67.1,0.3,30.0,80712.0,100.0,0.385,0.385,88.5,True,14.7,125,36.4,239,100.0,0.999,4.9,35.9,50.0,DISPOSE,30.0,2,99.8,67.8,28.5,disposal_risk,52.0,모니터링,306,HEURISTIC 29% | ABC 14% | TURNOVER 14% | DISPOSAL_RISK 14% | SAFETY_STOCK 8% | EOQ 7% | DEMAND_FORECAST 7% | MATCH 5%,"['⏰ 유통기한 임박 (91%)', '❄️ 냉장·냉동 과잉 (80%)', '💸 배송비 상승 (100%)', '⚡ 복합 스트레스 (60%)']","{'재고위험': '24.9%', '판매가능성': '13.1%', '점포이동적합': '14.0%', '비용절감': '18.3%', '폐기회피이익': '13.7%', '실행가능성': '12.8%', '이력보정': '3.3%'}",True,True,False,True,False,True,62.9,32.6,54.3,51.3,72.0,60.3,53.0,54.5,0.0,65.6,권장,할인 판매,🏷️,175,HIGH,신뢰도 높음 ●,#2e7d32,,,65.6,권장,할인 판매,1,3,False,False,,50.0,24558.0,0.0,24558.0,25.62,0.0,25.62,51.0,0.0,347.0,29.0,재고 이동,재고 이동,56.41,일치,56.41,49.531,25.326,16.485
핫바033,여의도점,역삼점,28.0,프로모션 추천,25806.0,프로모션 순비용이 재배치 비용보다 낮습니다.,7.521534847298356,11.206896551724139,12,8,38.7,후순위,25806.0,28.0,483,False,Greedy 선택 후보보다 우선순위가 낮음,0.85,3149,344,3,간편식,341,26.0,6.0,81874.0,A,0.5412696626654718,1,100.0,396.9,0.91,DEAD,0.0,True,73.0,HIGH,유통기한 임박 | 소진일수 397일 초과,0.7,3.2,0.0,SAFE,"재고 여유 — 현재고(344), 재주문점(3)",0.0,66.9,78.7,46361.0,100.0,OVER,과잉 발주 위험 — 현재(343개) > EOQ(67개). 발주 주기 79일 권장,100.0,6.0,0.86,1.21,0.51,STABLE,401.3,0.0,WMA,0.0,40.9,10.0,8.4,10.0,7.5,5.0,FAIR,보통 매칭 · 폐기위험 높음 · 핵심(A)상품,1.008,50.2,STABLE,35.0,LOW,69.6,MEDIUM,33.2,75.5,74.5,0.3,30.0,80000.0,100.0,0.385,0.385,88.5,False,15.5,100,43.1,61,100.0,0.999,4.9,42.2,50.0,DISPOSE,30.0,2,99.8,67.7,20.9,disposal_risk,44.6,모니터링,443,HEURISTIC 29% | ABC 14% | TURNOVER 14% | DISPOSAL_RISK 14% | SAFETY_STOCK 8% | EOQ 7% | DEMAND_FORECAST 7% | MATCH 5%,"['⏰ 유통기한 임박 (91%)', '❄️ 냉장·냉동 과잉 (80%)', '💸 배송비 상승 (100%)', '⚡ 복합 스트레스 (60%)']","{'재고위험': '24.9%', '판매가능성': '13.1%', '점포이동적합': '14.0%', '비용절감': '18.3%', '폐기회피이익': '13.7%', '실행가능성': '12.8%', '이력보정': '3.3%'}",True,True,False,True,False,True,51.4,32.8,56.2,51.3,72.0,74.8,53.4,53.7,0.0,58.1,검토,할인 판매,🏷️,215,HIGH,신뢰도 높음 ●,#2e7d32,,,58.1,검토,할인 판매,2,1,False,False,,50.0,27402.0,0.0,27402.0,28.78,0.0,28.78,58.0,0.0,344.0,28.0,할인,할인,55.25,일치,50.971,55.25,26.597,15.389
핫바033,왕십리2점,역삼점,28.0,프로모션 추천,25806.0,프로모션 순비용이 재배치 비용보다 낮습니다.,7.521534847298356,11.206896551724139,12,8,38.7,후순위,25806.0,28.0,484,False,Greedy 선택 후보보다 우선순위가 낮음,2.06,3149,318,3,간편식,310,62.0,14.0,195238.0,A,0.5412696626654718,1,100.0,153.9,2.34,DEAD,14.5,True,73.0,HIGH,유통기한 임박 | 소진일수 154일 초과,1.8,8.0,0.0,SAFE,"재고 여유 — 현재고(318), 재주문점(8)",0.0,104.2,50.6,72173.0,100.0,OVER,과잉 발주 위험 — 현재(316개) > EOQ(104개). 발주 주기 51일 권장,100.0,14.2,2.03,2.88,1.18,STABLE,156.8,0.0,WMA,0.0,40.9,10.0,8.4,10.0,7.5,5.0,FAIR,보통 매칭 · 폐기위험 높음 · 핵심(A)상품,0.971,49.3,STABLE,30.7,LOW,69.6,MEDIUM,33.2,75.5,74.5,0.3,30.0,80000.0,100.0,0.385,0.385,88.5,False,15.5,100,42.0,95,100.0,0.999,4.9,42.2,50.0,DISPOSE,30.0,1,100.0,67.7,24.6,disposal_risk,47.0,모니터링,419,HEURISTIC 29% | ABC 14% | TURNOVER 14% | DISPOSAL_RISK 14% | SAFETY_STOCK 8% | EOQ 7% | DEMAND_FORECAST 7% | MATCH 5%,"['⏰ 유통기한 임박 (91%)', '❄️ 냉장·냉동 과잉 (80%)', '💸 배송비 상승 (100%)', '⚡ 복합 스트레스 (60%)']","{'재고위험': '24.9%', '판매가능성': '13.1%', '점포이동적합': '14.0%', '비용절감': '18.3%', '폐기회피이익': '13.7%', '실행가능성': '12.8%', '이력보정': '3.3%'}",True,True,False,True,False,True,55.3,32.5,56.0,51.3,72.0,74.8,53.5,54.7,0.0,68.7,권장,할인 판매,🏷️,158,HIGH,신뢰도 높음 ●,#2e7d32,,,68.7,권장,할인 판매,6,1,False,False,,50.0,31461.0,0.0,31461.0,33.29,0.0,33.29,67.0,0.0,318.0,28.0,할인,할인,56.158,일치,47.24,56.158,26.552,16.269
탄산음료075,방배점,압구정점,34.0,재배치 추천,26241.0,프로모션 순비용이 재배치 비용보다 높습니다.,6.953797963978073,13.793103448275861,18,0,38.7,후순위,26241.0,34.0,485,False,Greedy 선택 후보보다 우선순위가 낮음,6.6,2688,261,2,음료,243,198.0,46.0,532224.0,A,0.2566958929893234,1,100.0,39.5,9.1,NORMAL,78.1,False,42.8,MEDIUM,유통기한 임박,5.7,25.5,0.0,SAFE,"재고 여유 — 현재고(261), 재주문점(26)",0.0,223.1,33.8,107962.0,14.4,OPTIMAL,"적정 발주 — EOQ(223개), 권장 발주 주기 34일",14.4,46.1,6.59,9.31,3.86,STABLE,39.6,2.7,WMA,2.7,36.2,10.0,3.73,10.0,7.5,5.0,POOR,낮은 매칭 · 핵심(A)상품,0.996,49.9,STABLE,7.8,LOW,73.1,HIGH,29.8,53.2,90.7,0.3,30.0,83429.0,100.0,0.385,0.385,88.5,False,30.6,34,23.5,476,100.0,0.999,4.9,52.6,50.0,DISPOSE,30.0,2,99.8,67.7,26.9,turnover,44.5,모니터링,447,HEURISTIC 29% | ABC 14% | TURNOVER 14% | DISPOSAL_RISK 14% | SAFETY_STOCK 8% | EOQ 7% | DEMAND_FORECAST 7% | MATCH 5%,"['⏰ 유통기한 임박 (91%)', '❄️ 냉장·냉동 과잉 (80%)', '💸 배송비 상승 (100%)', '⚡ 복합 스트레스 (60%)']","{'재고위험': '24.9%', '판매가능성': '13.1%', '점포이동적합': '14.0%', '비용절감': '18.3%', '폐기회피이익': '13.7%', '실행가능성': '12.8%', '이력보정': '3.3%'}",True,True,False,True,False,True,58.5,34.0,51.3,38.4,72.0,78.2,61.7,53.1,0.0,51.6,검토,보류,⏸️,250,HIGH,신뢰도 높음 ●,#2e7d32,,,51.6,검토,보류,2,0,False,False,,50.0,26241.0,0.0,26241.0,27.49,0.0,27.49,55.0,0.0,261.0,34.0,재고 이동,재고 이동,47.265,일치,47.265,42.374,21.314,17.74
마카롱015,잠원2점,문래2점,41.0,재배치 추천,28581.0,프로모션 순비용이 재배치 비용보다 높습니다.,3.899765074393109,16.810344827586206,18,0,38.7,후순위,28581.0,41.0,486,False,Greedy 선택 후보보다 우선순위가 낮음,3.48,2785,325,0,디저트,321,104.0,24.0,289640.0,A,0.3993310944514818,1,100.0,93.8,3.84,DEAD,47.9,True,70.0,HIGH,유통기한 임박 | 소진일수 94일 초과,3.0,13.4,0.0,SAFE,"재고 여유 — 현재고(325), 재주문점(13)",0.0,135.1,38.8,94041.0,100.0,OVER,과잉 발주 위험 — 현재(322개) > EOQ(135개). 발주 주기 39일 권장,100.0,24.1,3.44,4.88,2.01,STABLE,94.4,0.0,WMA,0.0,40.9,10.0,8.4,10.0,7.5,5.0,FAIR,보통 매칭 · 폐기위험 높음 · 핵심(A)상품,0.985,49.6,STABLE,18.5,LOW,78.3,HIGH,21.4,51.7,85.1,0.3,30.0,108441.0,100.0,0.385,0.385,88.5,False,15.0,114,37.7,218,100.0,0.999,4.9,49.4,50.0,DISPOSE,30.0,2,99.8,67.7,28.3,disposal_risk,51.7,모니터링,316,HEURISTIC 29% | ABC 14% | TURNOVER 14% | DISPOSAL_RISK 14% | SAFETY_STOCK 8% | EOQ 7% | DEMAND_FORECAST 7% | MATCH 5%,"['⏰ 유통기한 임박 (91%)', '❄️ 냉장·냉동 과잉 (80%)', '💸 배송비 상승 (100%)', '⚡ 복합 스트레스 (60%)']","{'재고위험': '24.9%', '판매가능성': '13.1%', '점포이동적합': '14.0%', '비용절감': '18.3%', '폐기회피이익': '13.7%', '실행가능성': '12.8%', '이력보정': '3.3%'}",True,True,False,True,False,True,62.7,32.6,55.9,51.3,72.0,74.0,53.2,56.4,0.0,87.9,최적,할인 판매,🏷️,55,HIGH,신뢰도 높음 ●,#2e7d32,,,87.9,최적,할인 판매,2,4,False,False,,50.0,28581.0,0.0,28581.0,30.09,0.0,30.09,60.0,0.0,325.0,41.0,재고 이동,재고 이동,54.499,일치,54.499,52.115,26.379,16.918
요거트042,잠실점,합정점,30.0,재배치 추천,25089.0,프로모션 순비용이 재배치 비용보다 높습니다.,8.45732184808144,12.068965517241379,18,0,38.5,후순위,25089.0,30.0,487,False,Greedy 선택 후보보다 우선순위가 낮음,8.39,3262,331,1,유제품,320,252.0,59.0,822024.0,A,0.17348346758713368,1,100.0,39.4,9.14,NORMAL,78.1,False,50.7,MEDIUM,유통기한 임박 | 신선/냉장 고위험 카테고리,7.2,32.4,0.0,SAFE,"재고 여유 — 현재고(331), 재주문점(32)",0.0,163.8,19.5,186984.0,97.7,OVER,과잉 발주 위험 — 현재(324개) > EOQ(164개). 발주 주기 20일 권장,97.7,58.9,8.41,11.88,4.95,STABLE,39.3,2.8,WMA,2.8,36.2,10.0,3.74,10.0,7.5,5.0,POOR,낮은 매칭 · 핵심(A)상품,1.005,50.1,STABLE,7.7,LOW,76.6,HIGH,29.8,59.9,78.8,0.3,30.0,92343.0,100.0,0.385,0.385,88.5,True,32.0,33,26.7,413,100.0,0.999,4.9,45.4,50.0,DISPOSE,30.0,2,99.8,67.7,26.7,turnover,52.3,모니터링,295,HEURISTIC 29% | ABC 14% | TURNOVER 14% | DISPOSAL_RISK 14% | SAFETY_STOCK 8% | EOQ 7% | DEMAND_FORECAST 7% | MATCH 5%,"['⏰ 유통기한 임박 (91%)', '❄️ 냉장·냉동 과잉 (80%)', '💸 배송비 상승 (100%)', '⚡ 복합 스트레스 (60%)']","{'재고위험': '24.9%', '판매가능성': '13.1%', '점포이동적합': '14.0%', '비용절감': '18.3%', '폐기회피이익': '13.7%', '실행가능성': '12.8%', '이력보정': '3.3%'}",True,True,False,True,False,True,62.0,34.1,51.2,50.8,72.0,72.5,62.5,55.5,0.0,79.7,권장,보류,⏸️,99,HIGH,신뢰도 높음 ●,#2e7d32,,,79.7,권장,보류,2,6,False,False,,50.0,25089.0,0.0,25089.0,26.21,0.0,26.21,52.0,0.0,331.0,30.0,재고 이동,재고 이동,54.843,일치,54.843,44.438,23.553,17.006
요거트042,청량리2점,청량리점,27.0,프로모션 추천,25800.0,프로모션 순비용이 재배치 비용보다 낮습니다.,7.529365700861393,10.775862068965516,12,8,38.3,후순위,25800.0,27.0,488,False,Greedy 선택 후보보다 우선순위가 낮음,0.78,3262,396,5,유제품,391,23.0,5.0,75026.0,A,0.17348346758713368,1,100.0,516.5,0.7,DEAD,0.0,True,68.0,HIGH,유통기한 임박 | 소진일수 516일 초과 | 신선/냉장 고위험 카테고리,0.7,3.0,0.0,SAFE,"재고 여유 — 현재고(396), 재주문점(3)",0.0,49.9,64.0,57012.0,100.0,OVER,과잉 발주 위험 — 현재(395개) > EOQ(50개). 발주 주기 64일 권장,100.0,5.2,0.74,1.06,0.42,STABLE,533.1,0.0,WMA,0.0,40.9,10.0,8.4,10.0,7.5,5.0,FAIR,보통 매칭 · 폐기위험 높음 · 핵심(A)상품,0.916,47.9,STABLE,37.1,LOW,62.6,MEDIUM,32.7,73.8,68.5,0.3,30.0,79889.0,100.0,0.385,0.385,88.5,True,14.8,120,41.6,109,100.0,0.999,4.9,37.2,50.0,DISPOSE,30.0,1,100.0,67.7,22.4,disposal_risk,43.0,모니터링,463,HEURISTIC 29% | ABC 14% | TURNOVER 14% | DISPOSAL_RISK 14% | SAFETY_STOCK 8% | EOQ 7% | DEMAND_FORECAST 7% | MATCH 5%,"['⏰ 유통기한 임박 (91%)', '❄️ 냉장·냉동 과잉 (80%)', '💸 배송비 상승 (100%)', '⚡ 복합 스트레스 (60%)']","{'재고위험': '24.9%', '판매가능성': '13.1%', '점포이동적합': '14.0%', '비용절감': '18.3%', '폐기회피이익': '13.7%', '실행가능성': '12.8%', '이력보정': '3.3%'}",True,True,False,True,False,True,49.3,32.1,55.4,51.1,72.0,70.3,53.1,52.4,0.0,44.5,검토,할인 판매,🏷️,288,HIGH,신뢰도 높음 ●,#2e7d32,,,44.5,검토,할인 판매,1,2,False,False,,50.0,27141.0,0.0,27141.0,28.49,0.0,28.49,57.0,0.0,396.0,27.0,할인,할인,55.068,일치,52.269,55.068,26.574,15.093
라면046,강남점,잠실점,31.0,재배치 추천,25665.0,프로모션 순비용이 재배치 비용보다 높습니다.,7.705559906029757,12.5,18,0,38.2,후순위,25665.0,31.0,489,False,Greedy 선택 후보보다 우선순위가 낮음,7.36,3060,342,1,간편식,332,221.0,52.0,676260.0,A,0.15168851304585387,1,100.0,46.4,7.75,NORMAL,74.2,False,51.2,MEDIUM,유통기한 임박,6.3,28.4,0.0,SAFE,"재고 여유 — 현재고(342), 재주문점(28)",0.0,199.8,27.1,134480.0,68.0,OVER,과잉 발주 위험 — 현재(336개) > EOQ(200개). 발주 주기 27일 권장,68.0,51.8,7.4,10.44,4.36,STABLE,46.2,1.8,WMA,1.8,36.2,10.0,3.69,10.0,7.5,5.0,POOR,낮은 매칭 · 핵심(A)상품,1.009,50.2,STABLE,9.0,LOW,76.6,HIGH,29.2,64.5,78.4,0.3,30.0,88167.0,100.0,0.385,0.385,88.5,False,22.8,63,27.1,406,100.0,0.999,4.9,45.1,50.0,DISPOSE,30.0,2,99.8,67.6,27.4,turnover,48.7,모니터링,377,HEURISTIC 29% | ABC 14% | TURNOVER 14% | DISPOSAL_RISK 14% | SAFETY_STOCK 8% | EOQ 7% | DEMAND_FORECAST 7% | MATCH 5%,"['⏰ 유통기한 임박 (91%)', '❄️ 냉장·냉동 과잉 (80%)', '💸 배송비 상승 (100%)', '⚡ 복합 스트레스 (60%)']","{'재고위험': '24.9%', '판매가능성': '13.1%', '점포이동적합': '14.0%', '비용절감': '18.3%', '폐기회피이익': '13.7%', '실행가능성': '12.8%', '이력보정': '3.3%'}",True,True,False,True,False,True,61.2,33.7,51.2,46.2,72.0,73.8,57.4,54.5,0.0,66.9,권장,보류,⏸️,168,HIGH,신뢰도 높음 ●,#2e7d32,,,66.9,권장,보류,0,2,False,False,,50.0,25665.0,0.0,25665.0,26.85,0.0,26.85,54.0,0.0,342.0,31.0,재고 이동,재고 이동,52.806,일치,52.806,45.26,23.363,17.252
요거트080,강남2점,잠실점,31.0,재배치 추천,25719.0,프로모션 순비용이 재배치 비용보다 높습니다.,7.635082223962412,12.5,18,0,38.1,후순위,25719.0,31.0,490,False,Greedy 선택 후보보다 우선순위가 낮음,3.99,3136,378,1,유제품,373,120.0,28.0,376320.0,A,0.5268566680372615,1,100.0,94.5,3.81,DEAD,47.5,True,76.0,HIGH,유통기한 임박 | 소진일수 94일 초과 | 신선/냉장 고위험 카테고리,3.4,15.4,0.0,SAFE,"재고 여유 — 현재고(378), 재주문점(15)",0.0,115.2,28.9,126431.0,100.0,OVER,과잉 발주 위험 — 현재(375개) > EOQ(115개). 발주 주기 29일 권장,100.0,28.0,4.0,5.65,2.35,STABLE,94.5,0.0,WMA,0.0,40.9,10.0,8.4,10.0,7.5,5.0,FAIR,보통 매칭 · 폐기위험 높음 · 핵심(A)상품,1.003,50.1,STABLE,18.4,LOW,76.6,HIGH,36.3,64.5,78.4,0.3,30.0,90940.0,100.0,0.385,0.385,88.5,True,16.0,85,40.1,167,100.0,0.999,4.9,45.1,50.0,DISPOSE,30.0,1,100.0,67.6,26.6,disposal_risk,52.7,모니터링,285,HEURISTIC 29% | ABC 14% | TURNOVER 14% | DISPOSAL_RISK 14% | SAFETY_STOCK 8% | EOQ 7% | DEMAND_FORECAST 7% | MATCH 5%,"['⏰ 유통기한 임박 (91%)', '❄️ 냉장·냉동 과잉 (80%)', '💸 배송비 상승 (100%)', '⚡ 복합 스트레스 (60%)']","{'재고위험': '24.9%', '판매가능성': '13.1%', '점포이동적합': '14.0%', '비용절감': '18.3%', '폐기회피이익': '13.7%', '실행가능성': '12.8%', '이력보정': '3.3%'}",True,True,False,True,False,True,65.3,32.7,55.9,51.0,72.0,73.8,53.8,57.0,0.0,91.1,최적,할인 판매,🏷️,38,HIGH,신뢰도 높음 ●,#2e7d32,,,91.1,최적,할인 판매,3,2,False,False,,50.0,25719.0,0.0,25719.0,26.91,0.0,26.91,54.0,0.0,378.0,31.0,재고 이동,재고 이동,57.033,일치,57.033,52.324,26.419,16.595
요거트042,잠실점,청량리점,27.0,재배치 추천,24612.0,프로모션 순비용이 재배치 비용보다 높습니다.,9.079874706342991,10.775862068965516,18,0,37.9,후순위,24612.0,27.0,491,False,Greedy 선택 후보보다 우선순위가 낮음,8.39,3262,331,1,유제품,320,252.0,59.0,822024.0,A,0.17348346758713368,1,100.0,39.4,9.14,NORMAL,78.1,False,50.7,MEDIUM,유통기한 임박 | 신선/냉장 고위험 카테고리,7.2,32.4,0.0,SAFE,"재고 여유 — 현재고(331), 재주문점(32)",0.0,163.8,19.5,186984.0,97.7,OVER,과잉 발주 위험 — 현재(324개) > EOQ(164개). 발주 주기 20일 권장,97.7,58.9,8.41,11.88,4.95,STABLE,39.3,2.8,WMA,2.8,36.2,10.0,3.74,10.0,7.5,5.0,POOR,낮은 매칭 · 핵심(A)상품,1.005,50.1,STABLE,7.7,LOW,76.6,HIGH,32.7,73.8,68.5,0.3,30.0,81077.0,100.0,0.385,0.385,88.5,True,32.1,32,26.6,417,100.0,0.999,4.9,37.2,50.0,DISPOSE,30.0,1,100.0,67.6,26.6,turnover,51.8,모니터링,312,HEURISTIC 29% | ABC 14% | TURNOVER 14% | DISPOSAL_RISK 14% | SAFETY_STOCK 8% | EOQ 7% | DEMAND_FORECAST 7% | MATCH 5%,"['⏰ 유통기한 임박 (91%)', '❄️ 냉장·냉동 과잉 (80%)', '💸 배송비 상승 (100%)', '⚡ 복합 스트레스 (60%)']","{'재고위험': '24.9%', '판매가능성': '13.1%', '점포이동적합': '14.0%', '비용절감': '18.3%', '폐기회피이익': '13.7%', '실행가능성': '12.8%', '이력보정': '3.3%'}",True,True,False,True,False,True,62.0,34.1,50.3,50.5,72.0,70.3,62.7,55.0,0.0,73.2,권장,보류,⏸️,134,HIGH,신뢰도 높음 ●,#2e7d32,,,73.2,권장,보류,2,2,True,False,,50.0,24612.0,0.0,24612.0,25.68,0.0,25.68,51.0,0.0,331.0,27.0,재고 이동,재고 이동,54.336,일치,54.336,43.746,23.219,16.923
라면086,역삼2점,합정2점,25.0,재배치 추천,24099.0,프로모션 순비용이 재배치 비용보다 높습니다.,9.749412685982772,9.913793103448276,18,0,37.7,후순위,24099.0,25.0,492,False,Greedy 선택 후보보다 우선순위가 낮음,7.92,3405,349,3,간편식,316,238.0,55.0,810390.0,A,0.04778947291941071,1,100.0,44.0,8.18,NORMAL,75.6,False,50.0,MEDIUM,유통기한 임박,6.8,30.6,0.0,SAFE,"재고 여유 — 현재고(349), 재주문점(31)",0.0,196.4,24.8,147156.0,74.2,OVER,과잉 발주 위험 — 현재(342개) > EOQ(196개). 발주 주기 25일 권장,74.2,55.2,7.89,11.15,4.62,STABLE,44.3,2.1,WMA,2.1,36.2,10.0,3.7,10.0,7.5,5.0,POOR,낮은 매칭 · 핵심(A)상품,0.992,49.8,STABLE,8.8,LOW,69.6,MEDIUM,37.9,60.8,84.8,0.3,30.0,78051.0,100.0,0.385,0.385,88.5,False,25.4,47,26.5,423,100.0,0.999,4.9,49.3,50.0,DISPOSE,30.0,2,99.8,67.5,27.2,turnover,48.8,모니터링,368,HEURISTIC 29% | ABC 14% | TURNOVER 14% | DISPOSAL_RISK 14% | SAFETY_STOCK 8% | EOQ 7% | DEMAND_FORECAST 7% | MATCH 5%,"['⏰ 유통기한 임박 (91%)', '❄️ 냉장·냉동 과잉 (80%)', '💸 배송비 상승 (100%)', '⚡ 복합 스트레스 (60%)']","{'재고위험': '24.9%', '판매가능성': '13.1%', '점포이동적합': '14.0%', '비용절감': '18.3%', '폐기회피이익': '13.7%', '실행가능성': '12.8%', '이력보정': '3.3%'}",True,True,False,True,False,True,61.1,33.7,51.5,46.9,72.0,76.8,58.9,55.1,0.0,74.3,권장,보류,⏸️,128,HIGH,신뢰도 높음 ●,#2e7d32,,,74.3,권장,보류,2,0,False,False,,50.0,24099.0,0.0,24099.0,25.11,0.0,25.11,50.0,0.0,349.0,25.0,재고 이동,재고 이동,53.359,일치,53.359,43.75,22.825,16.969
라면076,교대2점,여의도점,34.0,재배치 추천,27420.0,프로모션 순비용이 재배치 비용보다 높습니다.,5.415035238841034,13.793103448275861,18,0,37.2,후순위,27420.0,34.0,493,False,Greedy 선택 후보보다 우선순위가 낮음,0.53,3381,261,21,간편식,246,16.0,4.0,54096.0,B,0.8221004969557223,2,60.0,489.4,0.74,DEAD,0.0,True,41.8,MEDIUM,소진일수 489일 초과,0.5,2.1,0.0,SAFE,"재고 여유 — 현재고(261), 재주문점(2)",0.0,51.0,96.2,37933.0,100.0,OVER,과잉 발주 위험 — 현재(260개) > EOQ(51개). 발주 주기 96일 권장,100.0,3.9,0.56,0.78,0.34,STABLE,468.5,0.0,WMA,0.0,32.1,10.0,3.6,6.0,7.5,5.0,POOR,낮은 매칭,1.078,52.0,STABLE,35.0,LOW,43.3,MEDIUM,33.5,75.5,67.7,0.3,30.0,110525.0,100.0,0.385,0.385,88.5,False,11.3,402,28.8,373,100.0,0.999,4.9,36.5,50.0,DISPOSE,30.0,2,99.8,67.4,51.2,disposal_risk,25.7,후순위,495,HEURISTIC 29% | ABC 14% | TURNOVER 14% | DISPOSAL_RISK 14% | SAFETY_STOCK 8% | EOQ 7% | DEMAND_FORECAST 7% | MATCH 5%,"['⏰ 유통기한 임박 (91%)', '❄️ 냉장·냉동 과잉 (80%)', '💸 배송비 상승 (100%)', '⚡ 복합 스트레스 (60%)']","{'재고위험': '24.9%', '판매가능성': '13.1%', '점포이동적합': '14.0%', '비용절감': '18.3%', '폐기회피이익': '13.7%', '실행가능성': '12.8%', '이력보정': '3.3%'}",True,True,False,True,False,True,31.3,33.3,48.9,50.5,72.0,70.3,51.1,47.1,0.0,11.5,검토,보류,⏸️,465,HIGH,신뢰도 높음 ●,#2e7d32,,,11.5,검토,보류,4,2,False,False,,50.0,27420.0,0.0,27420.0,28.8,0.0,28.8,58.0,0.0,261.0,34.0,재고 이동,할인,49.706,다름,43.142,49.706,24.031,13.746
라면086,합정2점,신촌2점,27.0,프로모션 추천,26958.0,프로모션 순비용이 재배치 비용보다 낮습니다.,6.018010963194989,10.775862068965516,12,8,36.8,후순위,26958.0,27.0,494,False,Greedy 선택 후보보다 우선순위가 낮음,6.15,3405,347,4,간편식,313,184.0,43.0,626520.0,A,0.04778947291941071,1,100.0,56.6,6.36,NORMAL,68.6,False,48.3,MEDIUM,유통기한 임박,5.3,23.8,0.0,SAFE,"재고 여유 — 현재고(347), 재주문점(24)",0.0,173.1,28.1,129674.0,97.4,OVER,과잉 발주 위험 — 현재(342개) > EOQ(173개). 발주 주기 28일 권장,97.4,43.0,6.14,8.68,3.61,STABLE,56.5,0.5,WMA,0.5,36.1,10.0,3.62,10.0,7.5,5.0,POOR,낮은 매칭 · 핵심(A)상품,0.999,50.0,STABLE,11.0,LOW,66.1,MEDIUM,38.3,43.2,61.1,0.3,30.0,83364.0,100.0,0.385,0.385,88.5,False,13.6,209,26.2,431,100.0,0.999,4.9,29.5,50.0,DISPOSE,30.0,2,99.8,67.4,28.6,turnover,46.8,모니터링,421,HEURISTIC 29% | ABC 14% | TURNOVER 14% | DISPOSAL_RISK 14% | SAFETY_STOCK 8% | EOQ 7% | DEMAND_FORECAST 7% | MATCH 5%,"['⏰ 유통기한 임박 (91%)', '❄️ 냉장·냉동 과잉 (80%)', '💸 배송비 상승 (100%)', '⚡ 복합 스트레스 (60%)']","{'재고위험': '24.9%', '판매가능성': '13.1%', '점포이동적합': '14.0%', '비용절감': '18.3%', '폐기회피이익': '13.7%', '실행가능성': '12.8%', '이력보정': '3.3%'}",True,True,False,True,False,True,58.4,33.0,49.4,49.8,72.0,55.1,52.4,51.8,0.0,36.7,검토,보류,⏸️,330,HIGH,신뢰도 높음 ●,#2e7d32,,,36.7,검토,보류,0,3,False,False,,50.0,27528.0,0.0,27528.0,28.92,0.0,28.92,58.0,0.0,347.0,27.0,할인,재고 이동,50.487,다름,50.487,44.533,23.257,16.906
라면046,강남점,청량리점,32.0,프로모션 추천,28639.0,프로모션 순비용이 재배치 비용보다 낮습니다.,3.824066823283738,12.931034482758621,12,8,36.8,후순위,28639.0,32.0,495,False,Greedy 선택 후보보다 우선순위가 낮음,7.36,3060,342,1,간편식,332,221.0,52.0,676260.0,A,0.15168851304585387,1,100.0,46.4,7.75,NORMAL,74.2,False,51.2,MEDIUM,유통기한 임박,6.3,28.4,0.0,SAFE,"재고 여유 — 현재고(342), 재주문점(28)",0.0,199.8,27.1,134480.0,68.0,OVER,과잉 발주 위험 — 현재(336개) > EOQ(200개). 발주 주기 27일 권장,68.0,51.8,7.4,10.44,4.36,STABLE,46.2,1.8,WMA,1.8,36.2,10.0,3.69,10.0,7.5,5.0,POOR,낮은 매칭 · 핵심(A)상품,1.009,50.2,STABLE,9.0,LOW,76.6,HIGH,29.2,73.8,68.5,0.3,30.0,88865.0,100.0,0.385,0.385,88.5,False,22.9,61,27.0,409,100.0,0.999,4.9,37.2,50.0,DISPOSE,30.0,1,100.0,67.4,27.3,turnover,47.4,모니터링,409,HEURISTIC 29% | ABC 14% | TURNOVER 14% | DISPOSAL_RISK 14% | SAFETY_STOCK 8% | EOQ 7% | DEMAND_FORECAST 7% | MATCH 5%,"['⏰ 유통기한 임박 (91%)', '❄️ 냉장·냉동 과잉 (80%)', '💸 배송비 상승 (100%)', '⚡ 복합 스트레스 (60%)']","{'재고위험': '24.9%', '판매가능성': '13.1%', '점포이동적합': '14.0%', '비용절감': '18.3%', '폐기회피이익': '13.7%', '실행가능성': '12.8%', '이력보정': '3.3%'}",True,True,False,True,False,True,61.2,33.7,50.4,45.4,72.0,70.3,57.6,53.8,0.0,58.9,검토,보류,⏸️,211,HIGH,신뢰도 높음 ●,#2e7d32,,,58.9,검토,보류,0,2,False,False,,50.0,34800.0,0.0,34800.0,37.0,0.0,37.0,74.0,0.0,342.0,32.0,할인,할인,49.04,일치,44.796,49.04,23.839,17.872
김밥109,목동점,합정2점,28.0,프로모션 추천,27428.0,프로모션 순비용이 재배치 비용보다 낮습니다.,5.404594100756982,11.206896551724139,12,8,36.6,후순위,27428.0,28.0,496,False,Greedy 선택 후보보다 우선순위가 낮음,4.14,3342,374,3,신선식품,357,124.0,29.0,414408.0,A,0.7544751084522577,1,100.0,90.5,3.98,DEAD,49.7,True,78.0,HIGH,유통기한 임박 | 소진일수 90일 초과 | 신선/냉장 고위험 카테고리,3.5,15.9,0.0,SAFE,"재고 여유 — 현재고(374), 재주문점(16)",0.0,113.7,27.5,132949.0,100.0,OVER,과잉 발주 위험 — 현재(370개) > EOQ(114개). 발주 주기 28일 권장,100.0,29.0,4.14,5.85,2.44,STABLE,90.3,0.0,WMA,0.0,40.9,10.0,8.4,10.0,7.5,5.0,FAIR,보통 매칭 · 폐기위험 높음 · 핵심(A)상품,1.001,50.0,STABLE,17.6,LOW,69.6,MEDIUM,23.6,60.8,84.8,0.3,30.0,84863.0,100.0,0.385,0.385,88.5,True,16.6,81,40.6,156,100.0,0.999,4.9,49.3,50.0,DISPOSE,30.0,1,100.0,67.3,25.8,disposal_risk,52.2,모니터링,300,HEURISTIC 29% | ABC 14% | TURNOVER 14% | DISPOSAL_RISK 14% | SAFETY_STOCK 8% | EOQ 7% | DEMAND_FORECAST 7% | MATCH 5%,"['⏰ 유통기한 임박 (91%)', '❄️ 냉장·냉동 과잉 (80%)', '💸 배송비 상승 (100%)', '⚡ 복합 스트레스 (60%)']","{'재고위험': '24.9%', '판매가능성': '13.1%', '점포이동적합': '14.0%', '비용절감': '18.3%', '폐기회피이익': '13.7%', '실행가능성': '12.8%', '이력보정': '3.3%'}",True,True,False,True,False,True,66.8,32.7,56.5,50.1,72.0,76.8,54.1,57.6,0.0,94.1,최적,할인 판매,🏷️,22,HIGH,신뢰도 높음 ●,#2e7d32,,,94.1,최적,할인 판매,2,0,False,False,,50.0,27879.0,0.0,27879.0,29.31,0.0,29.31,59.0,0.0,374.0,28.0,할인,재고 이동,53.299,다름,53.299,51.843,26.084,17.001
아이스라떼060,동대문2점,역삼점,35.0,재배치 추천,28248.0,프로모션 순비용이 재배치 비용보다 높습니다.,4.334377447141739,14.224137931034484,18,0,36.6,후순위,28248.0,35.0,497,False,Greedy 선택 후보보다 우선순위가 낮음,0.66,3510,394,1,유제품,394,20.0,5.0,70200.0,A,0.19496939414720207,1,100.0,591.0,0.61,DEAD,0.0,True,76.0,HIGH,유통기한 임박 | 소진일수 591일 초과 | 신선/냉장 고위험 카테고리,0.6,2.6,0.0,SAFE,"재고 여유 — 현재고(394), 재주문점(3)",0.0,44.3,67.1,54401.0,100.0,OVER,과잉 발주 위험 — 현재(393개) > EOQ(44개). 발주 주기 67일 권장,100.0,4.8,0.69,0.96,0.41,STABLE,574.6,0.0,WMA,0.0,40.9,10.0,8.4,10.0,7.5,5.0,FAIR,보통 매칭 · 폐기위험 높음 · 핵심(A)상품,1.082,52.1,STABLE,35.0,LOW,76.6,HIGH,33.8,75.5,74.5,0.3,30.0,119172.0,100.0,0.385,0.385,88.5,True,16.3,82,44.2,34,100.0,0.999,4.9,42.2,50.0,DISPOSE,30.0,2,99.8,67.3,20.0,disposal_risk,43.5,모니터링,455,HEURISTIC 29% | ABC 14% | TURNOVER 14% | DISPOSAL_RISK 14% | SAFETY_STOCK 8% | EOQ 7% | DEMAND_FORECAST 7% | MATCH 5%,"['⏰ 유통기한 임박 (91%)', '❄️ 냉장·냉동 과잉 (80%)', '💸 배송비 상승 (100%)', '⚡ 복합 스트레스 (60%)']","{'재고위험': '24.9%', '판매가능성': '13.1%', '점포이동적합': '14.0%', '비용절감': '18.3%', '폐기회피이익': '13.7%', '실행가능성': '12.8%', '이력보정': '3.3%'}",True,True,False,True,False,True,52.7,33.3,56.5,50.1,72.0,74.8,53.9,54.0,0.0,60.0,검토,할인 판매,🏷️,205,HIGH,신뢰도 높음 ●,#2e7d32,,,60.0,검토,할인 판매,2,1,False,False,,50.0,28248.0,0.0,28248.0,29.72,0.0,29.72,59.0,0.0,394.0,35.0,재고 이동,할인,56.563,다름,53.61,56.563,27.456,15.248
아이스크림071,강남2점,왕십리점,40.0,재배치 추천,29868.0,프로모션 순비용이 재배치 비용보다 높습니다.,2.220046985121378,16.379310344827587,18,0,36.6,후순위,29868.0,40.0,498,False,Greedy 선택 후보보다 우선순위가 낮음,0.5,2866,348,2,디저트,347,15.0,4.0,42990.0,A,0.7334451862058423,1,100.0,696.0,0.52,DEAD,0.0,True,68.0,HIGH,유통기한 임박 | 소진일수 696일 초과,0.4,1.9,0.0,SAFE,"재고 여유 — 현재고(348), 재주문점(2)",0.0,50.5,101.0,36161.0,100.0,OVER,과잉 발주 위험 — 현재(348개) > EOQ(50개). 발주 주기 101일 권장,100.0,3.8,0.54,0.75,0.34,INCREASING,641.1,0.0,WMA,0.0,40.9,10.0,8.4,10.0,7.5,5.0,FAIR,보통 매칭 · 폐기위험 높음 · 핵심(A)상품,1.143,53.6,RISING,35.0,LOW,73.1,HIGH,33.0,44.7,91.4,0.3,30.0,107700.0,100.0,0.385,0.385,88.5,False,15.1,110,41.0,138,100.0,0.999,4.9,52.9,50.0,DISPOSE,30.0,2,99.8,67.3,22.4,disposal_risk,41.5,모니터링,473,HEURISTIC 29% | ABC 14% | TURNOVER 14% | DISPOSAL_RISK 14% | SAFETY_STOCK 8% | EOQ 7% | DEMAND_FORECAST 7% | MATCH 5%,"['⏰ 유통기한 임박 (91%)', '❄️ 냉장·냉동 과잉 (80%)', '💸 배송비 상승 (100%)', '⚡ 복합 스트레스 (60%)']","{'재고위험': '24.9%', '판매가능성': '13.1%', '점포이동적합': '14.0%', '비용절감': '18.3%', '폐기회피이익': '13.7%', '실행가능성': '12.8%', '이력보정': '3.3%'}",True,True,False,True,False,True,49.1,33.8,56.9,50.1,72.0,75.8,53.2,53.3,0.0,53.5,검토,할인 판매,🏷️,240,HIGH,신뢰도 높음 ●,#2e7d32,,,53.5,검토,할인 판매,3,0,False,False,,50.0,29868.0,0.0,29868.0,31.52,0.0,31.52,63.0,0.0,348.0,40.0,재고 이동,할인,55.118,다름,50.811,55.118,26.85,15.339
커피031,상암점,마포2점,36.0,재배치 추천,28608.0,프로모션 순비용이 재배치 비용보다 높습니다.,3.864526233359436,14.655172413793101,18,0,36.5,후순위,28608.0,36.0,499,False,Greedy 선택 후보보다 우선순위가 낮음,4.38,3172,334,3,음료,316,131.0,31.0,415532.0,A,0.44954488468191184,1,100.0,76.5,4.71,SLOW,57.5,True,61.2,HIGH,유통기한 임박 | 소진일수 76일 초과,3.8,16.9,0.0,SAFE,"재고 여유 — 현재고(334), 재주문점(17)",0.0,167.3,38.2,95540.0,97.4,OVER,과잉 발주 위험 — 현재(330개) > EOQ(167개). 발주 주기 38일 권장,97.4,30.9,4.41,6.22,2.61,STABLE,75.7,0.0,WMA,0.0,40.9,10.0,8.4,10.0,7.5,5.0,FAIR,보통 매칭 · 폐기위험 높음 · 핵심(A)상품,1.011,50.3,STABLE,14.8,LOW,69.6,MEDIUM,38.4,18.3,70.1,0.3,30.0,108422.0,100.0,0.385,0.385,88.5,False,14.2,157,33.2,295,100.0,0.999,4.9,38.7,50.0,DISPOSE,30.0,2,99.8,67.3,29.1,disposal_risk,48.9,모니터링,366,HEURISTIC 29% | ABC 14% | TURNOVER 14% | DISPOSAL_RISK 14% | SAFETY_STOCK 8% | EOQ 7% | DEMAND_FORECAST 7% | MATCH 5%,"['⏰ 유통기한 임박 (91%)', '❄️ 냉장·냉동 과잉 (80%)', '💸 배송비 상승 (100%)', '⚡ 복합 스트레스 (60%)']","{'재고위험': '24.9%', '판매가능성': '13.1%', '점포이동적합': '14.0%', '비용절감': '18.3%', '폐기회피이익': '13.7%', '실행가능성': '12.8%', '이력보정': '3.3%'}",True,True,False,True,False,True,61.3,32.8,53.9,49.7,72.0,52.8,52.7,52.8,0.0,49.5,검토,할인 판매,🏷️,261,HIGH,신뢰도 높음 ●,#2e7d32,,,49.5,검토,할인 판매,1,6,False,False,,50.0,28608.0,0.0,28608.0,30.12,0.0,30.12,60.0,0.0,334.0,36.0,재고 이동,재고 이동,52.169,일치,52.169,48.515,24.925,16.937
아이스크림071,선릉점,왕십리점,40.0,재배치 추천,30066.0,프로모션 순비용이 재배치 비용보다 높습니다.,1.961628817541112,16.379310344827587,18,0,36.3,후순위,30066.0,40.0,500,False,Greedy 선택 후보보다 우선순위가 낮음,4.91,2866,329,0,디저트,323,147.0,34.0,421302.0,A,0.7334451862058423,1,100.0,67.1,5.36,SLOW,62.7,True,58.6,MEDIUM,유통기한 임박 | 소진일수 67일 초과,4.2,18.9,0.0,SAFE,"재고 여유 — 현재고(329), 재주문점(19)",0.0,158.2,32.2,113317.0,100.0,OVER,과잉 발주 위험 — 현재(325개) > EOQ(158개). 발주 주기 32일 권장,100.0,34.1,4.87,6.9,2.85,STABLE,67.5,0.0,WMA,0.0,36.1,10.0,3.6,10.0,7.5,5.0,POOR,낮은 매칭 · 핵심(A)상품,0.989,49.7,STABLE,13.3,LOW,78.3,HIGH,33.0,44.7,91.4,0.3,30.0,107502.0,100.0,0.385,0.385,88.5,False,13.6,209,30.8,324,100.0,0.999,4.9,52.9,50.0,DISPOSE,30.0,1,100.0,67.3,28.5,disposal_risk,47.9,모니터링,396,HEURISTIC 29% | ABC 14% | TURNOVER 14% | DISPOSAL_RISK 14% | SAFETY_STOCK 8% | EOQ 7% | DEMAND_FORECAST 7% | MATCH 5%,"['⏰ 유통기한 임박 (91%)', '❄️ 냉장·냉동 과잉 (80%)', '💸 배송비 상승 (100%)', '⚡ 복합 스트레스 (60%)']","{'재고위험': '24.9%', '판매가능성': '13.1%', '점포이동적합': '14.0%', '비용절감': '18.3%', '폐기회피이익': '13.7%', '실행가능성': '12.8%', '이력보정': '3.3%'}",True,True,False,True,False,True,61.5,32.6,52.7,50.0,72.0,75.8,52.5,55.6,0.0,82.5,최적,보류,⏸️,84,HIGH,신뢰도 높음 ●,#2e7d32,,,82.5,최적,보류,3,0,False,False,,50.0,30066.0,0.0,30066.0,31.74,0.0,31.74,63.0,0.0,329.0,40.0,재고 이동,재고 이동,51.795,일치,51.795,48.257,24.942,17.115
